timestamp_sec,voltage
0.0,-0.11476106304676051
0.004,-0.10722106660808883
0.008,-0.10223201964687083
0.012,-0.10435837361070353
0.016,-0.11860407726162135
0.02,-0.1085985031326846
0.024,-0.10705493937470206
0.028,-0.11188648825376864
0.032,-0.11713800668325965
0.036,-0.12268161990747155
0.04,-0.10138575085183574
0.044,-0.11108857710240436
0.048,-0.12332583935983582
0.052,-0.11193565274636078
0.056,-0.10077174060401163
0.06,-0.11015355002087464
0.064,-0.09596557809188519
0.068,-0.10472076282428448
0.072,-0.11321592296921971
0.076,-0.12532409868200683
0.08,-0.119853832221542
0.084,-0.08560044415756114
0.088,-0.11776995565697365
0.092,-0.11440033058965422
0.096,-0.11268671414344711
0.1,-0.11830556077487399
0.104,-0.10308350774762105
0.108,-0.09865001516964292
0.112,-0.1154911554160848
0.116,-0.12027538532237841
0.12,-0.11338141233524848
0.124,-0.1015843584333063
0.128,-0.10441150652456478
0.132,-0.1056266014716887
0.136,-0.12063786825925134
0.14,-0.11430804076284472
0.144,-0.08545260770648411
0.148,-0.10937101900139112
0.152,-0.11295559448015918
0.156,-0.12100789212467013
0.16,-0.12059783124226847
0.164,-0.0744000520183909
0.168,-0.09981327546137661
0.172,-0.10521576787306551
0.176,-0.09686163947754863
0.18,-0.1013226344756414
0.184,-0.10064737151684533
0.188,-0.09444031870125341
0.192,-0.11513689038302735
0.196,-0.10691308956809804
0.2,-0.11646504294989551
0.204,-0.10288161073171195
0.208,-0.10028748086896287
0.212,-0.11231137020109241
0.216,-0.11478161342432444
0.22,-0.11335462399486983
0.224,-0.10505603481905468
0.228,-0.08996293263566671
0.232,-0.11407660972378494
0.236,-0.11854474046546824
0.24,-0.10838963762132658
0.244,-0.08925003445748812
0.248,-0.10581913210707769
0.252,-0.12422075643198122
0.256,-0.12202315918975015
0.26,-0.11206821025159037
0.264,-0.09779048274678939
0.268,-0.0881735575980661
0.272,-0.09877543669359529
0.276,-0.11570597009826228
0.28,-0.10458918419355318
0.284,-0.09393204624775635
0.288,-0.08916057665295647
0.292,-0.11281364615337237
0.296,-0.09813366154229511
0.3,-0.10696923882034381
0.304,-0.09806261224285405
0.308,-0.10605302555574367
0.312,-0.11765754697523202
0.316,-0.10780840040757243
0.32,-0.10374890894049264
0.324,-0.06947976982365772
0.328,-0.09892062826862293
0.332,-0.10899667389753749
0.336,-0.12749307082113348
0.34,-0.09512201809750775
0.344,-0.08349176690850757
0.348,-0.09470410544720778
0.352,-0.11662618991391491
0.356,-0.10116689755116616
0.36,-0.07957015777375176
0.364,-0.09291771473374154
0.368,-0.08563784272065961
0.372,-0.10276205086817532
0.376,-0.09254755431464079
0.38,-0.10131313313843883
0.384,-0.08338597882914242
0.388,-0.09262985944065953
0.392,-0.10125419300971245
0.396,-0.10481625054626721
0.4,-0.09809919562218818
0.404,-0.10190339996145405
0.408,-0.09860063700013444
0.412,-0.11717085928103108
0.416,-0.11668212191478362
0.42,-0.0902799779728495
0.424,-0.08409978762972324
0.428,-0.09451983007558468
0.432,-0.11341624040991756
0.436,-0.10362987593281543
0.44,-0.09149596487561189
0.444,-0.08798315013328385
0.448,-0.0928306162779013
0.452,-0.09826977897783835
0.456,-0.1106992033244183
0.46,-0.10654812411749545
0.464,-0.09568148674037724
0.468,-0.0960221090440992
0.472,-0.09464912881494858
0.476,-0.10061109691098753
0.48,-0.10982161152322076
0.484,-0.08299063276482899
0.488,-0.0892366373016989
0.492,-0.10220759630940009
0.496,-0.10923782104723925
0.5,-0.0942625720384149
0.504,-0.09621967176941096
0.508,-0.07896603056993474
0.512,-0.10306086877419755
0.516,-0.10370215279266781
0.52,-0.09252653594385189
0.524,-0.08377256048287213
0.528,-0.09847714131002976
0.532,-0.1091995613028884
0.536,-0.11048131179323639
0.54,-0.09838983161693957
0.544,-0.0942760649523316
0.548,-0.09646255304388986
0.552,-0.09994773581961991
0.556,-0.11245794367769191
0.56,-0.0824212468326908
0.564,-0.09906666327846163
0.568,-0.10380271223191326
0.572,-0.10239774929602366
0.576,-0.11065446738503781
0.58,-0.0969271478359986
0.584,-0.09206269331674047
0.588,-0.09248822309905984
0.592,-0.09154008589661979
0.596,-0.10702199549282491
0.6,-0.09161183179493103
0.604,-0.09374877847801749
0.608,-0.08873537178320559
0.612,-0.08859425575071227
0.616,-0.11968115847818281
0.62,-0.09791560930157707
0.624,-0.10248323465002387
0.628,-0.09695518582797227
0.632,-0.10741945729523122
0.636,-0.11108499533490865
0.64,-0.09953276322071405
0.644,-0.09653232413827528
0.648,-0.10096696789533134
0.652,-0.1118550285545537
0.656,-0.10688507783282482
0.66,-0.10362909202886353
0.664,-0.08344656989406234
0.668,-0.07902235202621062
0.672,-0.11265308102783886
0.676,-0.0911375226402466
0.68,-0.08803072976237301
0.684,-0.08584999502784582
0.688,-0.09836733222202805
0.692,-0.1116808622783615
0.696,-0.08945846398587193
0.7,-0.11612774516852697
0.704,-0.09606686950366868
0.708,-0.08599615114457038
0.712,-0.09350925704411393
0.716,-0.11441460586796362
0.72,-0.09335740458364658
0.724,-0.08267546489560992
0.728,-0.07976248947638598
0.732,-0.09660700412712785
0.736,-0.10209828974959283
0.74,-0.08732805989250488
0.744,-0.08528436722436783
0.748,-0.06677783155286897
0.752,-0.09877506817086394
0.756,-0.10482946330507992
0.76,-0.09792420029393911
0.764,-0.0707114358357156
0.768,-0.0943802993950694
0.772,-0.10640293120997664
0.776,-0.10709535548121563
0.78,-0.08601167521369074
0.784,-0.06241889537955475
0.788,-0.0917261928906879
0.792,-0.09528464468142689
0.796,-0.1007155384109125
0.8,-0.10427622512795721
0.804,-0.09104903026749454
0.808,-0.06938774228542335
0.812,-0.08045243392824426
0.816,-0.11104282073687463
0.82,-0.10365433794494072
0.824,-0.06575714593363247
0.828,-0.08152001711884777
0.832,-0.10437465365095393
0.836,-0.11215352719894095
0.84,-0.08787963773223349
0.844,-0.07518667360757789
0.848,-0.08866970934877995
0.852,-0.11349937594083132
0.856,-0.10381237995045547
0.86,-0.07521353055937091
0.864,-0.07781950540535132
0.868,-0.0960041651115007
0.872,-0.0956949533993042
0.876,-0.10420552708323161
0.88,-0.09379562298226021
0.884,-0.0814197099209922
0.888,-0.07827557719951139
0.892,-0.09501238602319297
0.896,-0.11383566698141694
0.9,-0.09346084180868502
0.904,-0.07589797283041737
0.908,-0.0892030290833339
0.912,-0.09229010020064693
0.916,-0.09443880124412164
0.92,-0.10699379542670925
0.924,-0.07849742615399631
0.928,-0.07981931104077497
0.932,-0.09637992763444259
0.936,-0.08303658348174744
0.94,-0.0917299416805256
0.944,-0.08375639242486241
0.948,-0.08200933836665039
0.952,-0.0953594191113678
0.956,-0.10173984768204124
0.96,-0.08916654709096848
0.964,-0.0858843868987531
0.968,-0.0854526393033551
0.972,-0.09209700807918295
0.976,-0.07889641000008875
0.98,-0.08475685863359281
0.984,-0.07094515944453775
0.988,-0.08361953187526795
0.992,-0.09903128271496733
0.996,-0.09982988068693446
1.0,-0.07607880445437351
1.004,-0.0576614539464779
1.008,-0.08546402779075404
1.012,-0.0973510070478901
1.016,-0.09884642053424
1.02,-0.090116493482323
1.024,-0.08371473373522291
1.028,-0.07991007512762628
1.032,-0.09471598421880599
1.036,-0.07848946540039094
1.04,-0.08067755087663228
1.044,-0.08344575799154799
1.048,-0.05977239596433083
1.052,-0.08772513842379986
1.056,-0.1026997633503392
1.06,-0.09622038295231206
1.064,-0.07926018042732447
1.068,-0.08002742189974654
1.072,-0.08388968210773633
1.076,-0.10509401494851371
1.08,-0.07301417809425433
1.084,-0.07591511551880971
1.088,-0.07836313731924935
1.092,-0.0882464586656143
1.096,-0.1101833110124051
1.1,-0.08012532725827026
1.104,-0.05779535539948527
1.108,-0.08532321751625921
1.112,-0.09421680024125541
1.116,-0.10344767173156319
1.12,-0.09289094217553989
1.124,-0.08249023510690609
1.128,-0.08306147391627629
1.132,-0.09903301925332428
1.136,-0.08200066350037077
1.14,-0.07624613945898276
1.144,-0.0780870345151061
1.148,-0.06536048942473041
1.152,-0.08614105523641577
1.156,-0.09324148679320349
1.16,-0.07831484459154632
1.164,-0.07399417124927013
1.168,-0.08425167303443121
1.172,-0.09810044789398376
1.176,-0.08875502241254654
1.18,-0.07989806079654954
1.184,-0.06681719515930537
1.188,-0.08706827079572099
1.192,-0.09804745846250701
1.196,-0.10061520978223638
1.2,-0.10186661372583397
1.204,-0.07175736247699412
1.208,-0.07174650734271068
1.212,-0.10051748489097985
1.216,-0.09865478572058753
1.22,-0.07525997724560834
1.224,-0.07433862170388514
1.228,-0.08010817980094705
1.232,-0.08493577125071983
1.236,-0.08844907035836863
1.24,-0.07405990986493838
1.244,-0.07917880454186113
1.248,-0.07817348926532694
1.252,-0.08312172740366981
1.256,-0.08915055761674077
1.26,-0.08433442897048385
1.264,-0.06043689109812605
1.268,-0.0800965575303944
1.272,-0.07271420427043128
1.276,-0.10033337996054134
1.28,-0.08685308778469086
1.284,-0.08327510481152352
1.288,-0.06250822161601334
1.292,-0.0946055465211977
1.296,-0.08078456113365731
1.3,-0.0778693739796516
1.304,-0.06654896991149163
1.308,-0.08261500231749706
1.312,-0.08746961082589227
1.316,-0.08436538911706816
1.32,-0.07911539927762797
1.324,-0.07772519844344854
1.328,-0.06480912352385733
1.332,-0.08712032169026188
1.336,-0.09946068887218619
1.34,-0.08577463110843499
1.344,-0.06914884215943416
1.348,-0.07163359128185037
1.352,-0.1044616581122553
1.356,-0.09037361290510222
1.36,-0.08244144191451903
1.364,-0.07132934581865062
1.368,-0.070711665610976
1.372,-0.07057787979533532
1.376,-0.09058567927883132
1.38,-0.07509498831978681
1.384,-0.06080056529932012
1.388,-0.05581081599508361
1.392,-0.06455981976151647
1.396,-0.08882722458134494
1.4,-0.0777119057166695
1.404,-0.06709015428235025
1.408,-0.06811536877684864
1.412,-0.08510592657120472
1.416,-0.07237826888729544
1.42,-0.07876380298935184
1.424,-0.05627712372536217
1.428,-0.06375522033154715
1.432,-0.0950708599374083
1.436,-0.08560183793620046
1.44,-0.06913603290331956
1.444,-0.06860992442635408
1.448,-0.07557836708711635
1.452,-0.07002495944766385
1.456,-0.07681570558531906
1.46,-0.06379238333107255
1.464,-0.07300884169049883
1.468,-0.06741670922771874
1.472,-0.06867547722577501
1.476,-0.08481732192475076
1.48,-0.09149179837585791
1.484,-0.062075837950558876
1.488,-0.054097403740935926
1.492,-0.0932413724649335
1.496,-0.08802241238316343
1.5,-0.07976566885468106
1.504,-0.06711841203933427
1.508,-0.050043833220133255
1.512,-0.06876454966210024
1.516,-0.09201020530344273
1.52,-0.07342959842488504
1.524,-0.05996339589856198
1.528,-0.054967139412939264
1.532,-0.08887995688954935
1.536,-0.085688761297746
1.54,-0.06358755037337895
1.544,-0.0625949817441408
1.548,-0.06445111686621414
1.552,-0.06747786016288335
1.556,-0.08960504308031829
1.56,-0.06991810667289897
1.564,-0.048176251961919936
1.568,-0.0610857838956393
1.572,-0.08501171176167778
1.576,-0.08252798685297807
1.58,-0.07823406939427727
1.584,-0.0676884892807606
1.588,-0.08538449252170437
1.592,-0.07708020313269193
1.596,-0.09713065986079597
1.6,-0.09366082209777508
1.604,-0.047997658893520756
1.608,-0.06530689329452397
1.612,-0.07626754291754234
1.616,-0.10823834293330781
1.62,-0.07147274419233203
1.624,-0.061160130873028636
1.628,-0.05920986677191843
1.632,-0.06182808569561138
1.636,-0.07876598434519536
1.64,-0.06567637034632526
1.644,-0.07026436504555696
1.648,-0.06527101563885589
1.652,-0.05763448278480676
1.656,-0.08202199747330556
1.66,-0.0772202909444936
1.664,-0.07333922792395163
1.668,-0.052821817926352536
1.672,-0.07127189361822883
1.676,-0.0847469379131565
1.68,-0.0750712700111452
1.684,-0.07043749338622422
1.688,-0.0676287855790179
1.692,-0.08275797135721706
1.696,-0.09474134148954547
1.7,-0.05832102957482786
1.704,-0.062263586150565084
1.708,-0.07286522520639122
1.712,-0.08586232895354347
1.716,-0.08079474618715654
1.72,-0.07862633000644774
1.724,-0.06672544589307955
1.728,-0.06800899779802032
1.732,-0.06751143015222667
1.736,-0.0813948792705906
1.74,-0.0562352933464748
1.744,-0.06805936447398234
1.748,-0.07361024440612172
1.752,-0.06364833902389824
1.756,-0.07214234884278452
1.76,-0.0836065373900887
1.764,-0.05352052695738995
1.768,-0.06604104624609644
1.772,-0.06943388300765584
1.776,-0.0761786918220401
1.78,-0.06808730988992716
1.784,-0.07406143342530203
1.788,-0.07926302057897365
1.792,-0.0675569505131216
1.796,-0.08375510637895611
1.8,-0.0833022837982553
1.804,-0.059317592429022195
1.808,-0.07126120230608309
1.812,-0.07459509434189238
1.816,-0.06351515119137503
1.82,-0.06226570222065589
1.824,-0.06160108543393487
1.828,-0.0661931565104657
1.832,-0.06733434512306337
1.836,-0.07898990358908511
1.84,-0.057929463988401035
1.844,-0.04360363521023153
1.848,-0.061731228500784247
1.852,-0.07731602083016034
1.856,-0.08178791571989986
1.86,-0.06215483099021396
1.864,-0.0664347664842634
1.868,-0.05165320691571644
1.872,-0.06039443701205285
1.876,-0.08120208380253274
1.88,-0.07037215679626417
1.884,-0.04010604553442808
1.888,-0.06413835824617566
1.892,-0.09548176945365339
1.896,-0.07213383375742387
1.9,-0.07431033726458085
1.904,-0.05338990014895795
1.908,-0.054783248675461235
1.912,-0.05647114760613087
1.916,-0.07233002217726102
1.92,-0.05395146300638411
1.924,-0.05984918322316379
1.928,-0.04946996173386759
1.932,-0.07921811738513242
1.936,-0.08812706320248584
1.94,-0.09186863027286174
1.944,-0.05460884823526007
1.948,-0.05748101725517842
1.952,-0.07510965736213665
1.956,-0.07683757073398992
1.96,-0.05464018144534673
1.964,-0.06544291011168463
1.968,-0.051663255949048456
1.972,-0.06982188562311897
1.976,-0.057516666272356194
1.98,-0.06379056864390227
1.984,-0.0618338169644896
1.988,-0.06312554192936633
1.992,-0.06599746187066056
1.996,-0.07067011185025132
2.0,-0.06766554490347519
2.004,-0.061751085467432826
2.008,-0.060399500734073595
2.012,-0.07955879338537536
2.016,-0.06788616997922166
2.02,-0.06812935332380403
2.024,-0.06089763813770134
2.028,-0.07587691780016566
2.032,-0.07104895868719865
2.036,-0.07266555148061533
2.04,-0.0903572041044619
2.044,-0.033851291422516507
2.048,-0.07389589813949718
2.052,-0.08466774519436769
2.056,-0.08749188166915724
2.06,-0.08133667229679725
2.064,-0.0334198114724536
2.068,-0.07429631714415284
2.072,-0.06770417221551435
2.076,-0.08180018864975164
2.08,-0.052499875093947664
2.084,-0.048683756890248744
2.088,-0.05409084587258642
2.092,-0.05456645502544566
2.096,-0.08012476047600028
2.1,-0.051736497998120363
2.104,-0.06846712794984543
2.108,-0.05993006216774073
2.112,-0.06909113595971393
2.116,-0.07882119132485452
2.12,-0.047570986061894194
2.124,-0.059019075208434274
2.128,-0.05019513534578267
2.132,-0.07373287391633054
2.136,-0.0738872174417936
2.14,-0.07475491823274177
2.144,-0.05318378778022868
2.148,-0.07104770640270232
2.152,-0.07191667027225689
2.156,-0.06761719669841083
2.16,-0.07225133837746259
2.164,-0.05847040335637295
2.168,-0.05951206634110793
2.172,-0.05710158657857849
2.176,-0.09072013892289768
2.18,-0.07090114160961376
2.184,-0.05841808569597979
2.188,-0.06834345866211626
2.192,-0.07527245501780393
2.196,-0.07372695648913141
2.2,-0.06753839928111699
2.204,-0.06488023805368051
2.208,-0.06421771323578533
2.212,-0.04979253398013661
2.216,-0.06803872601621963
2.22,-0.06741390145327589
2.224,-0.05270740170157216
2.228,-0.05745712597064769
2.232,-0.07139307435900917
2.236,-0.057697863352573736
2.24,-0.06742986513434178
2.244,-0.0638275612428114
2.248,-0.05806636324708406
2.252,-0.07223989147734385
2.256,-0.08014525847397856
2.26,-0.05782470284078168
2.264,-0.05407909896471379
2.268,-0.0648099234521685
2.272,-0.08361152368737375
2.276,-0.07738953868867542
2.28,-0.07108227957372389
2.284,-0.06631540054016688
2.288,-0.04846179400491712
2.292,-0.07319497450792102
2.296,-0.08433514392246451
2.3,-0.07667625492838269
2.304,-0.07444394653855049
2.308,-0.0619075447017163
2.312,-0.05351680287987288
2.316,-0.07636638550277611
2.32,-0.05448164335981922
2.324,-0.05055768915357445
2.328,-0.058043811579440045
2.332,-0.06694217308955738
2.336,-0.06847023647058946
2.34,-0.05759917024181625
2.344,-0.05226055070559539
2.348,-0.06799377313042375
2.352,-0.06943426494597454
2.356,-0.08052925261642267
2.36,-0.07400008736715485
2.364,-0.06849183275434648
2.368,-0.040725300515063054
2.372,-0.056696516294091476
2.376,-0.07008962198274189
2.38,-0.07063941322833017
2.384,-0.052976449743953644
2.388,-0.052482302250172766
2.392,-0.07356217716040754
2.396,-0.07348180911112667
2.4,-0.054533098269746866
2.404,-0.07133202739637588
2.408,-0.06046834051519846
2.412,-0.056271868829263064
2.416,-0.06618229924324397
2.42,-0.035702907827686134
2.424,-0.047687812635938354
2.428,-0.052447930494199574
2.432,-0.057262115390641785
2.436,-0.07048572708915249
2.44,-0.05913066820439497
2.444,-0.0525686293519985
2.448,-0.052614154345078955
2.452,-0.0714912645664537
2.456,-0.07453880333931147
2.46,-0.07193683431653526
2.464,-0.03701161697318492
2.468,-0.04107250243137581
2.472,-0.06010028513041495
2.476,-0.06825775552903192
2.48,-0.05840776938273697
2.484,-0.056766732683034275
2.488,-0.044730562210132885
2.492,-0.07329186216251461
2.496,-0.07033729162444119
2.5,-0.07454434312258902
2.504,-0.05608743193547007
2.508,-0.053330601206632765
2.512,-0.04649493508356314
2.516,-0.0727095321251286
2.52,-0.06746067364158743
2.524,-0.045916300969466195
2.528,-0.049332476138082226
2.532,-0.08337815509750654
2.536,-0.06755555147066265
2.54,-0.07401316774932774
2.544,-0.03615450326338604
2.548,-0.045026916277829364
2.552,-0.0540952067144097
2.556,-0.06322087222972406
2.56,-0.059960255075441074
2.564,-0.04872888267471823
2.568,-0.06505418223290936
2.572,-0.055865217600189414
2.576,-0.07000604186726002
2.58,-0.06521028429644934
2.584,-0.055239877164715734
2.588,-0.06459936605064437
2.592,-0.050004535591807245
2.596,-0.07337451365536525
2.6,-0.052248314320506195
2.604,-0.03502557816113705
2.608,-0.052026600133858014
2.612,-0.06701822125715566
2.616,-0.07492724252870138
2.62,-0.07519624188396926
2.624,-0.0629025390696714
2.628,-0.05795317858919653
2.632,-0.059486996376940125
2.636,-0.07601750943985401
2.64,-0.06918334175391044
2.644,-0.05626368557975606
2.648,-0.04962219057350242
2.652,-0.05839093764333966
2.656,-0.06445149099718292
2.66,-0.05482412649541598
2.664,-0.057900221471335264
2.668,-0.0520813793924367
2.672,-0.06078135073584966
2.676,-0.06459199784574438
2.68,-0.055541731233163534
2.684,-0.04864250573854633
2.688,-0.050164259486327994
2.692,-0.050363818675405604
2.696,-0.07247074502904674
2.7,-0.06364326709295964
2.704,-0.04585828459760713
2.708,-0.04474766233938985
2.712,-0.07119005261203681
2.716,-0.06600222708203872
2.72,-0.05846966184838615
2.724,-0.044191378256055625
2.728,-0.05567105264088484
2.732,-0.05726975563612796
2.736,-0.08524249955976329
2.74,-0.06794859861745813
2.744,-0.05537684746799441
2.748,-0.05752159443434434
2.752,-0.04724288785079375
2.756,-0.06234755964645285
2.76,-0.06255358596975621
2.764,-0.03825952075779269
2.768,-0.053373393367499515
2.772,-0.05075010730265836
2.776,-0.056496130800178915
2.78,-0.03548165578057755
2.784,-0.03967783109557145
2.788,-0.054022766278549
2.792,-0.06486569747987081
2.796,-0.06825472797498122
2.8,-0.05629001362311212
2.804,-0.045919809070885574
2.808,-0.04323609857541629
2.812,-0.05288134203520464
2.816,-0.06772584153197103
2.82,-0.04018745816156659
2.824,-0.03704568901992786
2.828,-0.05389891186441877
2.832,-0.06700912296594401
2.836,-0.07569213992560785
2.84,-0.0796332653795924
2.844,-0.04468848505421183
2.848,-0.04024112590917277
2.852,-0.041234092769763434
2.856,-0.05314051023130378
2.86,-0.0467672679283038
2.864,-0.0581854993667998
2.868,-0.056859529056649843
2.872,-0.06964656900264528
2.876,-0.06087600820571472
2.88,-0.04373366486967386
2.884,-0.025053241964945582
2.888,-0.054737029042051244
2.892,-0.08353796727202624
2.896,-0.060928365717964
2.9,-0.06157786914183115
2.904,-0.05856661752314294
2.908,-0.04749291770347763
2.912,-0.05323997777829514
2.916,-0.0727128489504405
2.92,-0.0443194509439741
2.924,-0.04851230993952535
2.928,-0.05411822184624657
2.932,-0.04137248394254521
2.936,-0.0569897556388474
2.94,-0.05587751199239921
2.944,-0.040609160758971606
2.948,-0.06864417104545324
2.952,-0.0579081888057115
2.956,-0.06907619343137567
2.96,-0.05732512539440091
2.964,-0.03993749935318231
2.968,-0.04998178300641065
2.972,-0.071847800986158
2.976,-0.03916482690856356
2.98,-0.05916727982123118
2.984,-0.038639475715808544
2.988,-0.03587119398917476
2.992,-0.04916209223485986
2.996,-0.056622020550191665
3.0,-0.04269040921669071
3.004,-0.0459341345035886
3.008,-0.04619293108112611
3.012,-0.07267999137082676
3.016,-0.05798680858061201
3.02,-0.04698008069787304
3.024,-0.0461342491456762
3.028,-0.05811928049247309
3.032,-0.062029348138140934
3.036,-0.08215570209097493
3.04,-0.043872263701031
3.044,-0.05201060108724425
3.048,-0.04684315895245282
3.052,-0.05116615212154344
3.056,-0.06236792906658326
3.06,-0.07636049037542247
3.064,-0.03260060050445568
3.068,-0.03714845819364641
3.072,-0.06450272307932033
3.076,-0.05659946536541136
3.08,-0.049807960241131426
3.084,-0.04209347198607552
3.088,-0.04372764314875057
3.092,-0.06016271945250787
3.096,-0.06662335457681072
3.1,-0.05922949066496201
3.104,-0.04191269929127609
3.108,-0.04525238709857099
3.112,-0.06027973793161836
3.116,-0.05867061887363299
3.12,-0.05081277283062973
3.124,-0.034381321897804434
3.128,-0.05621370306776434
3.132,-0.05411434343426973
3.136,-0.05089604309558508
3.14,-0.051697286625088434
3.144,-0.04538324042618372
3.148,-0.038480427703385875
3.152,-0.052398603246322895
3.156,-0.04843312921732241
3.16,-0.04731128654014774
3.164,-0.057803026033937985
3.168,-0.052008727636131576
3.172,-0.05749830006618939
3.176,-0.04846607399488991
3.18,-0.05439168615165181
3.184,-0.03726628890850271
3.188,-0.0515590275455948
3.192,-0.06926828177509033
3.196,-0.07087501637343778
3.2,-0.04123481513141273
3.204,-0.04175167339396481
3.208,-0.053745484318405805
3.212,-0.061654577134335545
3.216,-0.05984331021456863
3.22,-0.04103101857601435
3.224,-0.053231776033573486
3.228,-0.04053284627615728
3.232,-0.0665692121721527
3.236,-0.06408738087086233
3.24,-0.0670160089818986
3.244,-0.051807455934952173
3.248,-0.03603975540129358
3.252,-0.053352286383815804
3.256,-0.06419888085670347
3.26,-0.04959363694268392
3.264,-0.03736641958796218
3.268,-0.056929906696444585
3.272,-0.06373436749293235
3.276,-0.060278160789837255
3.28,-0.051315995184222946
3.284,-0.026862005531815857
3.288,-0.04712553373221178
3.292,-0.046031315951636384
3.296,-0.06358699990223003
3.3,-0.0589877920431676
3.304,-0.034551744750193306
3.308,-0.03592853832276998
3.312,-0.07415270287191211
3.316,-0.05976198644028439
3.32,-0.06761044279405276
3.324,-0.038281899671987044
3.328,-0.0470920577323814
3.332,-0.048591768579851355
3.336,-0.0662856438672977
3.34,-0.04976145009318929
3.344,-0.057286945596797006
3.348,-0.0429786240762908
3.352,-0.07906385703545271
3.356,-0.07752905863458721
3.36,-0.05811067776351458
3.364,-0.04492519558544836
3.368,-0.05363738894224609
3.372,-0.06460946440648567
3.376,-0.06198484238104398
3.38,-0.0370757718866053
3.384,-0.04673160046129313
3.388,-0.04892383773706971
3.392,-0.05533441431239317
3.396,-0.0659812310792816
3.4,-0.05353701908273538
3.404,-0.030827812865913882
3.408,-0.050930565161187165
3.412,-0.05730733559684112
3.416,-0.08456855620947182
3.42,-0.05767470128125116
3.424,-0.031117850218360908
3.428,-0.030958379591593834
3.432,-0.054002102244414985
3.436,-0.07352871933067251
3.44,-0.05321584050595905
3.444,-0.058894842260803985
3.448,-0.038755547830241245
3.452,-0.05470071376594431
3.456,-0.06313722685882106
3.46,-0.05480724181061173
3.464,-0.03968522616741624
3.468,-0.05181712356153566
3.472,-0.0663475320899474
3.476,-0.07625206428708337
3.48,-0.05070762559775529
3.484,-0.04437614784928288
3.488,-0.05653683219718913
3.492,-0.050632591891853186
3.496,-0.057402839291029864
3.5,-0.04894620224932123
3.504,-0.05131170058727534
3.508,-0.05160619281019317
3.512,-0.061698481926360356
3.516,-0.06088247615294742
3.52,-0.033035593125103
3.524,-0.03032691364940813
3.528,-0.03620009789546868
3.532,-0.06342339651431704
3.536,-0.06497366040548992
3.54,-0.0508781016139856
3.544,-0.025413122295527137
3.548,-0.042844532343356105
3.552,-0.04955779629748838
3.556,-0.04977162375621208
3.56,-0.060093191518514256
3.564,-0.04482451658179104
3.568,-0.0643099674268521
3.572,-0.056651920308535546
3.576,-0.060871153972406
3.58,-0.04333501037504175
3.584,-0.0284621396065464
3.588,-0.0347358826801049
3.592,-0.05257715869499572
3.596,-0.07554281344582435
3.6,-0.049081220683305664
3.604,-0.053820106099553455
3.608,-0.03606942417012636
3.612,-0.049767196093510005
3.616,-0.08232239749226863
3.62,-0.04463384688329865
3.624,-0.04892924164748277
3.628,-0.03892040633119949
3.632,-0.07222719964303667
3.636,-0.07446071426130206
3.64,-0.0312063891518085
3.644,-0.025705784544031645
3.648,-0.04926000804845411
3.652,-0.061675985295043256
3.656,-0.058033447832208804
3.66,-0.06586160519483364
3.664,-0.04952142676258914
3.668,-0.038575039860058134
3.672,-0.05274881365074691
3.676,-0.05398299357163272
3.68,-0.05860847055220002
3.684,-0.04157574971855358
3.688,-0.04911746587308537
3.692,-0.05722436425926828
3.696,-0.051058899626753224
3.7,-0.0594378519287009
3.704,-0.037334236283771256
3.708,-0.050093305267314814
3.712,-0.03833377105122857
3.716,-0.050916092510560874
3.72,-0.05972432367590054
3.724,-0.031974070711902225
3.728,-0.037713171394017385
3.732,-0.05267891108787257
3.736,-0.06729811266547936
3.74,-0.046710505133358185
3.744,-0.04424051843859299
3.748,-0.05277478016800609
3.752,-0.06691035057604382
3.756,-0.05865932202212471
3.76,-0.04497904747555995
3.764,-0.05625251797698842
3.768,-0.040476230907610225
3.772,-0.04864710661780419
3.776,-0.05864677196986869
3.78,-0.05999153862373957
3.784,-0.03549466965050019
3.788,-0.035294424896542845
3.792,-0.04600477247746546
3.796,-0.05797213507738626
3.8,-0.04924530415619175
3.804,-0.026004811087640523
3.808,-0.03559963930283381
3.812,-0.05761298780055776
3.816,-0.060874130299405575
3.82,-0.05549596330221301
3.824,-0.03331600003915175
3.828,-0.027705102394986747
3.832,-0.038598465793157885
3.836,-0.042034438536684454
3.84,-0.05818399064893794
3.844,-0.03479315340679766
3.848,-0.05023739685900827
3.852,-0.04652876881842974
3.856,-0.05711147586912041
3.86,-0.043024050234419686
3.864,-0.01814157449788246
3.868,-0.04662634685509808
3.872,-0.04895916582307529
3.876,-0.05303008165413848
3.88,-0.02847387529341665
3.884,-0.04042345183157151
3.888,-0.050703391713997605
3.892,-0.05955277225016895
3.896,-0.06335781951125084
3.9,-0.04731495906921656
3.904,-0.0431863778027634
3.908,-0.046055925323173576
3.912,-0.05755542863724228
3.916,-0.06630550563392577
3.92,-0.04781101548985379
3.924,-0.04601054387026576
3.928,-0.04222948346925012
3.932,-0.026969731254851012
3.936,-0.06917670020550078
3.94,-0.050611736214489805
3.944,-0.0359275476396073
3.948,-0.038355297999153035
3.952,-0.049798958541424986
3.956,-0.06202806033478795
3.96,-0.037596858183440905
3.964,-0.02922858652357447
3.968,-0.038864815479233636
3.972,-0.06522129941035226
3.976,-0.05203167754789426
3.98,-0.04575146987665197
3.984,-0.05458553242008579
3.988,-0.049930756117624105
3.992,-0.046280094329901315
3.996,-0.05673750013170106
4.0,-0.039850005972295655
4.004,-0.04525216984535483
4.008,-0.037568695944049144
4.012,-0.040829629948971866
4.016,-0.0493908197252143
4.02,-0.04325184785536963
4.024,-0.04178059756783318
4.028,-0.0503295673497833
4.032,-0.05255270190169015
4.036,-0.05639433050764584
4.04,-0.04404337707266524
4.044,-0.028483496324875304
4.048,-0.046323219578547306
4.052,-0.051127625229070356
4.056,-0.04937628253138166
4.06,-0.02056265040411619
4.064,-0.03507581838877188
4.068,-0.04153258740261833
4.072,-0.050917205098019065
4.076,-0.06583158840796188
4.08,-0.03078269689666283
4.084,-0.031182691503413087
4.088,-0.05178971508632371
4.092,-0.06242294266388273
4.096,-0.06851805492933682
4.1,-0.047523405722849264
4.104,-0.028958814498601732
4.108,-0.034034935383485725
4.112,-0.049097944242739416
4.116,-0.06304991214757591
4.12,-0.05341931527020112
4.124,-0.04976750869651804
4.128,-0.04704150680737934
4.132,-0.048424991231994875
4.136,-0.06917765430716914
4.14,-0.045971290800833065
4.144,-0.042235164551012755
4.148,-0.0503039156050331
4.152,-0.05647312600841807
4.156,-0.06248726478488758
4.16,-0.04763100846498272
4.164,-0.01996765963193589
4.168,-0.017917923475549657
4.172,-0.05407776782874638
4.176,-0.04082496410650046
4.18,-0.052037714351274286
4.184,-0.03166187673460489
4.188,-0.04052512468425815
4.192,-0.04890274085221209
4.196,-0.0539404775496506
4.2,-0.04832675181567299
4.204,-0.051212965754169906
4.208,-0.05453733569079619
4.212,-0.0552871715089945
4.216,-0.053848487799389194
4.22,-0.05784921370426828
4.224,-0.00984705588617366
4.228,-0.04047602452010584
4.232,-0.046737377451048216
4.236,-0.0463154850922508
4.24,-0.03601344653113067
4.244,-0.019431112070646073
4.248,-0.047052762834997174
4.252,-0.0644672961310336
4.256,-0.06683952705690205
4.26,-0.04348499603669557
4.264,-0.0331292538169671
4.268,-0.030714005462372213
4.272,-0.04474152443456162
4.276,-0.06134723508145069
4.28,-0.044422312306582085
4.284,-0.024948790113097048
4.288,-0.05464450263869663
4.292,-0.03681545507684961
4.296,-0.06050905749524412
4.3,-0.06050887336676177
4.304,-0.040919608932695126
4.308,-0.04143378798925429
4.312,-0.05502689560857035
4.316,-0.06709945561416636
4.32,-0.0396575912993952
4.324,-0.032449938085776474
4.328,-0.044884209548906956
4.332,-0.04688984531200213
4.336,-0.05411806032194993
4.34,-0.03879304829129025
4.344,-0.030457589419704292
4.348,-0.04388664697667892
4.352,-0.05209514135966128
4.356,-0.039628209386311446
4.36,-0.043568071150318424
4.364,-0.03581546596673394
4.368,-0.04204836044342024
4.372,-0.04055369037290212
4.376,-0.04768863678902758
4.38,-0.042120854929427
4.384,-0.042767801850072555
4.388,-0.05296119093272642
4.392,-0.062060217131974016
4.396,-0.06701845967028033
4.4,-0.03413987362453896
4.404,-0.03438918736411408
4.408,-0.042246813547225
4.412,-0.04456105279358358
4.416,-0.05476533415330806
4.42,-0.026172170281465894
4.424,-0.038977206045299424
4.428,-0.056959843746591125
4.432,-0.043580503221651155
4.436,-0.04132501543344251
4.44,-0.05987041801272282
4.444,-0.04031769801358301
4.448,-0.04432570673784902
4.452,-0.044380245303091634
4.456,-0.060449846877264804
4.46,-0.06188054028335685
4.464,-0.03455549645256302
4.468,-0.020254620518536187
4.472,-0.060130894895485
4.476,-0.05602973921446205
4.48,-0.053253869400714894
4.484,-0.03784289648691785
4.488,-0.014173472455374456
4.492,-0.05756265176610799
4.496,-0.06574825087921486
4.5,-0.06218301262337869
4.504,-0.034381149086262636
4.508,-0.05183602821534743
4.512,-0.07114512575012664
4.516,-0.04746328356990915
4.52,-0.05099676389458468
4.524,-0.029549541218301233
4.528,-0.039814084236739704
4.532,-0.05483182382048141
4.536,-0.058866291359900125
4.54,-0.03616368921924205
4.544,-0.03528161074233448
4.548,-0.039471963189689964
4.552,-0.04993243015787342
4.556,-0.05411039818172422
4.56,-0.052635317321324426
4.564,-0.04625426848074023
4.568,-0.046801687519992106
4.572,-0.04444106697988511
4.576,-0.052102243194641094
4.58,-0.030971419160528924
4.584,-0.046221940202694656
4.588,-0.034488560161645025
4.592,-0.044963836630665076
4.596,-0.0658150161847395
4.6,-0.034991773998171764
4.604,-0.04351755848962156
4.608,-0.03184080102392837
4.612,-0.04002895058504333
4.616,-0.05782733087770607
4.62,-0.055613091326471756
4.624,-0.033698386863089735
4.628,-0.03819111963501546
4.632,-0.058403739038348106
4.636,-0.044267599443451267
4.64,-0.04760893713742017
4.644,-0.03493194264964002
4.648,-0.04116665666530103
4.652,-0.05992287359551078
4.656,-0.06434104052984428
4.66,-0.04812434060449251
4.664,-0.03291781457363427
4.668,-0.04101687883951773
4.672,-0.04358488551828849
4.676,-0.05281924987643953
4.68,-0.03508120069462082
4.684,-0.027935020877314937
4.688,-0.04800052197124341
4.692,-0.032312103015220056
4.696,-0.04788260416102308
4.7,-0.04171847719103252
4.704,-0.03279482888919837
4.708,-0.02395225254755871
4.712,-0.03840640414099221
4.716,-0.05652885149643232
4.72,-0.04624555391727091
4.724,-0.03310971356994261
4.728,-0.03354529320870821
4.732,-0.04400962795568851
4.736,-0.04768329993008296
4.74,-0.04066590975948818
4.744,-0.028170410029966907
4.748,-0.034242182850361874
4.752,-0.05882750309971774
4.756,-0.059632247345723095
4.76,-0.04831425821296244
4.764,-0.04087018524791074
4.768,-0.03159020140011114
4.772,-0.05402368978015092
4.776,-0.07156623452528896
4.78,-0.0521060399371514
4.784,-0.027375394483900944
4.788,-0.026614319395540313
4.792,-0.057080346972355984
4.796,-0.06242735362832834
4.8,-0.046378714413452024
4.804,-0.030176910054273927
4.808,-0.05161405279210314
4.812,-0.04732780502277854
4.816,-0.04072106212407693
4.82,-0.025848231534963857
4.824,-0.04919107738567555
4.828,-0.04219805050084991
4.832,-0.04473633375015979
4.836,-0.05372906566103464
4.84,-0.03171169503593178
4.844,-0.03199265714006041
4.848,-0.046721896327487966
4.852,-0.04497433920431784
4.856,-0.0627929489272752
4.86,-0.061204953209520976
4.864,-0.05106737321833528
4.868,-0.05216075221577483
4.872,-0.060102296162310484
4.876,-0.03856833111100811
4.88,-0.0516199639860278
4.884,-0.0505999749839919
4.888,-0.04449808394864712
4.892,-0.056318224683743826
4.896,-0.0316872767877927
4.9,-0.05959161043318149
4.904,-0.039854717437596734
4.908,-0.048806740726315107
4.912,-0.0530624813861328
4.916,-0.043524844830581014
4.92,-0.03508945702740564
4.924,-0.046194867585733254
4.928,-0.04628015006383713
4.932,-0.05426017610388453
4.936,-0.05218246023754958
4.94,-0.05510063565180574
4.944,-0.03600659489760061
4.948,-0.04781575118638217
4.952,-0.04580852138234508
4.956,-0.05490189247975093
4.96,-0.052475316875089724
4.964,-0.02858907043579488
4.968,-0.042542848860600266
4.972,-0.043221975254144805
4.976,-0.050979676939660205
4.98,-0.05682680610285063
4.984,-0.03394374161902936
4.988,-0.03701960987500226
4.992,-0.03176396024298413
4.996,-0.04622425370418583
5.0,-0.0399185055078209
5.004,-0.019132621123081492
5.008,-0.042588443025456946
5.012,-0.055177804685860615
5.016,-0.05588706964416305
5.02,-0.02402729711787463
5.024,-0.02446492899230096
5.028,-0.04071526233750877
5.032,-0.06287348749686492
5.036,-0.06159159600980874
5.04,-0.04336236567607876
5.044,-0.036370271586076725
5.048,-0.028998874897757262
5.052,-0.05704780291659536
5.056,-0.06309283265166216
5.06,-0.038348686171857056
5.064,-0.03639991059831295
5.068,-0.03813917015733892
5.072,-0.04506506913435317
5.076,-0.054729865641297816
5.08,-0.03699084690869732
5.084,-0.03858511076650279
5.088,-0.04288158863189103
5.092,-0.060078823739845834
5.096,-0.04977727739696759
5.1,-0.04853782048106453
5.104,-0.027603861473187115
5.108,-0.03641706619193437
5.112,-0.04811898906566794
5.116,-0.058031834732561204
5.12,-0.04789933216993551
5.124,-0.03183224528511922
5.128,-0.053939037487007555
5.132,-0.06008830857552298
5.136,-0.05080170552932268
5.14,-0.03986877702065668
5.144,-0.038145254632027566
5.148,-0.036637468991651774
5.152,-0.049908151819889536
5.156,-0.061380062365116825
5.16,-0.04179571403954837
5.164,-0.028439898400392433
5.168,-0.017621567692907784
5.172,-0.047096938303129554
5.176,-0.04499959936019294
5.18,-0.039307726728610146
5.184,-0.028967857437067087
5.188,-0.043521755283284565
5.192,-0.05851696762729419
5.196,-0.06260056255702412
5.2,-0.05214881653361444
5.204,-0.030808793160615605
5.208,-0.03458040420300533
5.212,-0.0650121625568192
5.216,-0.05846630545658059
5.22,-0.050103254348058894
5.224,-0.026570545908485274
5.228,-0.029428308895425474
5.232,-0.052699683566990084
5.236,-0.06021100755272516
5.24,-0.04758387882526892
5.244,-0.04018149407870281
5.248,-0.038775134165458566
5.252,-0.03356031573683877
5.256,-0.06866680388016425
5.26,-0.05638951404575446
5.264,-0.042452167491950986
5.268,-0.030611863897774677
5.272,-0.059183236872212844
5.276,-0.055456713556271825
5.28,-0.04007105208773416
5.284,-0.040764219467864286
5.288,-0.04518146820190363
5.292,-0.04464837444521421
5.296,-0.04848315275899161
5.3,-0.0421979370261396
5.304,-0.038272905546357115
5.308,-0.039585527903314696
5.312,-0.044897723792627235
5.316,-0.06767009726999125
5.32,-0.04188899127110119
5.324,-0.054643409594510126
5.328,-0.03911541928597503
5.332,-0.05285624171606447
5.336,-0.05380951835834785
5.34,-0.038767436630256516
5.344,-0.03141147752609901
5.348,-0.02368930873190006
5.352,-0.05016116557573937
5.356,-0.055770991783621895
5.36,-0.03900591171838746
5.364,-0.03836029399717644
5.368,-0.02753148479288578
5.372,-0.0375077931548747
5.376,-0.05218971561154047
5.38,-0.04254976442732805
5.384,-0.03188992515529215
5.388,-0.03343153548117456
5.392,-0.04082797922101233
5.396,-0.04637332128749619
5.4,-0.044100462177654676
5.404,-0.03370935280583356
5.408,-0.03395714075314118
5.412,-0.053898147787041786
5.416,-0.0528639756581128
5.42,-0.04561776235714236
5.424,-0.03578001205127034
5.428,-0.05550745080932327
5.432,-0.03300031397065081
5.436,-0.06079519739222781
5.44,-0.052917993854722595
5.444,-0.035063488061139535
5.448,-0.02226269255711436
5.452,-0.043686575187392315
5.456,-0.05320881054264849
5.46,-0.04881615557673742
5.464,-0.03322545648053904
5.468,-0.03668067867649942
5.472,-0.03027663674465257
5.476,-0.06041812401226053
5.48,-0.03196490612623379
5.484,-0.023626183380665876
5.488,-0.05403206405823968
5.492,-0.05246808737197483
5.496,-0.06390529884793261
5.5,-0.055791229006879384
5.504,-0.024928872417041247
5.508,-0.03810686898153346
5.512,-0.07140728855774894
5.516,-0.057116885073141305
5.52,-0.029395488302036185
5.524,-0.03245142944712382
5.528,-0.027771889261337314
5.532,-0.059452200651294106
5.536,-0.05790417279957175
5.54,-0.03268006557139286
5.544,-0.03755773713257671
5.548,-0.045635738722828986
5.552,-0.047914522137918206
5.556,-0.050224223376501204
5.56,-0.042339551653720414
5.564,-0.008289032575167082
5.568,-0.03707050434359459
5.572,-0.04554460634276964
5.576,-0.05678946901319985
5.58,-0.03799181022535153
5.584,-0.01711762738251382
5.588,-0.0359061510018508
5.592,-0.0763464999768837
5.596,-0.05725777159163674
5.6,-0.03973320973821176
5.604,-0.035661577251501514
5.608,-0.03157802974093593
5.612,-0.0405741042376195
5.616,-0.054736999956976694
5.62,-0.03548236488847652
5.624,-0.03951861370545493
5.628,-0.047323556006822906
5.632,-0.05210730307403319
5.636,-0.05759423694383708
5.64,-0.049738481349990926
5.644,-0.04489167333312094
5.648,-0.026599212890205406
5.652,-0.04308637823499413
5.656,-0.05171279798037919
5.66,-0.03933483876928569
5.664,-0.041887393357562586
5.668,-0.019409931800763645
5.672,-0.04726611931265746
5.676,-0.07068247009286391
5.68,-0.03298812474515472
5.684,-0.03236564890886433
5.688,-0.024995925026625718
5.692,-0.06520215291995062
5.696,-0.05849553338517747
5.7,-0.039652611067160136
5.704,-0.036657026588931246
5.708,-0.05046783970823726
5.712,-0.044980810923912484
5.716,-0.030744741923978927
5.72,-0.04583676172844637
5.724,-0.03455210312582447
5.728,-0.02715912364828352
5.732,-0.05383929120362362
5.736,-0.05005425657617082
5.74,-0.026469273666909373
5.744,-0.014288977412034415
5.748,-0.030850771059497385
5.752,-0.048285211332509584
5.756,-0.04962190826477647
5.76,-0.054676475150304854
5.764,-0.03119107079606836
5.768,-0.03421032919217922
5.772,-0.05449942970835928
5.776,-0.05949775393894118
5.78,-0.04687888921182307
5.784,-0.045549005893349724
5.788,-0.042600481955686505
5.792,-0.052645161679647834
5.796,-0.05333541819039978
5.8,-0.045245877025171466
5.804,-0.039888619226087954
5.808,-0.04519281001750736
5.812,-0.03809451430037363
5.816,-0.05803725467884064
5.82,-0.04926363169423171
5.824,-0.03860962806273184
5.828,-0.03364838202628001
5.832,-0.036451327617649534
5.836,-0.054564967623356504
5.84,-0.05848519801533522
5.844,-0.0352966236952887
5.848,-0.03256439364605196
5.852,-0.03708406794761429
5.856,-0.06626936520287696
5.86,-0.04186424025731359
5.864,-0.03326169767077674
5.868,-0.03323204387821786
5.872,-0.06238334624270902
5.876,-0.0699104915755302
5.88,-0.04982178809760893
5.884,-0.035664977958401484
5.888,-0.04563978939618322
5.892,-0.045892823810957606
5.896,-0.0643604849635058
5.9,-0.045281696178115206
5.904,-0.05140773809905236
5.908,-0.02619723733332333
5.912,-0.046003041281477426
5.916,-0.04732740798077685
5.92,-0.04774353895615648
5.924,-0.0448435383978777
5.928,-0.026628629797394818
5.932,-0.04442485570208819
5.936,-0.04032453000141642
5.94,-0.059201575971698714
5.944,-0.03935449242774729
5.948,-0.028143149664944543
5.952,-0.05074326085599318
5.956,-0.04242414522830243
5.96,-0.023587858638112566
5.964,-0.04319484818029796
5.968,-0.057912850726474285
5.972,-0.04281083059901165
5.976,-0.06685927663182725
5.98,-0.05575356948412776
5.984,-0.03975006909264853
5.988,-0.05551244330556703
5.992,-0.05273554094113179
5.996,-0.0670576411546706
6.0,-0.02803704371686883
6.004,-0.04441608397670297
6.008,-0.038582090459045225
6.012,-0.06943039042356366
6.016,-0.03075671850131137
6.02,-0.04244464456503462
6.024,-0.04055566760619974
6.028,-0.03752701547990661
6.032,-0.06935482857928667
6.036,-0.051975641686441934
6.04,-0.053725277765264104
6.044,-0.041120685018902654
6.048,-0.026390850721351028
6.052,-0.054916340226100153
6.056,-0.05313450006503029
6.06,-0.06302518006240301
6.064,-0.03440804719553207
6.068,-0.051891631859888473
6.072,-0.06078801776945866
6.076,-0.06044294044390998
6.08,-0.04695209951982756
6.084,-0.036043199789714174
6.088,-0.041282168829870014
6.092,-0.057248605011536474
6.096,-0.046109627063212866
6.1,-0.03177033836458328
6.104,-0.03683771233121717
6.108,-0.04384758973898181
6.112,-0.0508003274280977
6.116,-0.053586475370035115
6.12,-0.03796380839014993
6.124,-0.026519495170151015
6.128,-0.02555204546978887
6.132,-0.05067836565398814
6.136,-0.05020797419355529
6.14,-0.04737309775681809
6.144,-0.03213159213671064
6.148,-0.03881117604892235
6.152,-0.040355004282254824
6.156,-0.03849393379167467
6.16,-0.05596547337415308
6.164,-0.05965704612348094
6.168,-0.04105107804156434
6.172,-0.05034978620714615
6.176,-0.05452409335591468
6.18,-0.03428001723101787
6.184,-0.015081924110699797
6.188,-0.03915185466748781
6.192,-0.05690058131501566
6.196,-0.05081947632230786
6.2,-0.04477643745246103
6.204,-0.031677951723185466
6.208,-0.04684603269143055
6.212,-0.042287269992950204
6.216,-0.07117479239081428
6.22,-0.03905994531437619
6.224,-0.029953660022276847
6.228,-0.04114371725011156
6.232,-0.057639795680006045
6.236,-0.060254692477187136
6.24,-0.030399361479815958
6.244,-0.015863551939838495
6.248,-0.04701173437827802
6.252,-0.06327037013713024
6.256,-0.05119795951097518
6.26,-0.044198239332877615
6.264,-0.028994186064367655
6.268,-0.03847560753514287
6.272,-0.03423050711553587
6.276,-0.0654970989421505
6.28,-0.05355937420271738
6.284,-0.040900663164502304
6.288,-0.04526055457028835
6.292,-0.06578627341531479
6.296,-0.04092630144589243
6.3,-0.04552683950855703
6.304,-0.030087688972850746
6.308,-0.033706346639177834
6.312,-0.06182565942306066
6.316,-0.06431984936014509
6.32,-0.05690230087696421
6.324,-0.04111222461600576
6.328,-0.04225155135807519
6.332,-0.05587285874457142
6.336,-0.062481710772586005
6.34,-0.026654297300593977
6.344,-0.040028637610647004
6.348,-0.026946524528983884
6.352,-0.042567691097725735
6.356,-0.05564708544340015
6.36,-0.0312372148851897
6.364,-0.040977065620975424
6.368,-0.04163665480752946
6.372,-0.06369357677333422
6.376,-0.05915312850391343
6.38,-0.038711234801395274
6.384,-0.02414618071797577
6.388,-0.022546682852276508
6.392,-0.055305105503818064
6.396,-0.06071125381810081
6.4,-0.05218691852676954
6.404,-0.04722465279319607
6.408,-0.02770368831664324
6.412,-0.0649563287156076
6.416,-0.06423114505458416
6.42,-0.04916183998457433
6.424,-0.025364594887342565
6.428,-0.03458298306139691
6.432,-0.06379047033531658
6.436,-0.0643764742662618
6.44,-0.03501732566822261
6.444,-0.05749193441439278
6.448,-0.04502546840896075
6.452,-0.05473905985763828
6.456,-0.04876296354664204
6.46,-0.036758762881502136
6.464,-0.05798400543655985
6.468,-0.041733583026253414
6.472,-0.0465267079112802
6.476,-0.06348204166014623
6.48,-0.04698808959042261
6.484,-0.040457304526759816
6.488,-0.04250635328293328
6.492,-0.05629604304844434
6.496,-0.046439006724184606
6.5,-0.03872464876728694
6.504,-0.03545539027178897
6.508,-0.042667571576473794
6.512,-0.05057526982492729
6.516,-0.05996082327339598
6.52,-0.046726286500966566
6.524,-0.05489382223555524
6.528,-0.05269676613115787
6.532,-0.042143184885274756
6.536,-0.054115020961134866
6.54,-0.03268955510481578
6.544,-0.031815894452510776
6.548,-0.04695104315532067
6.552,-0.05090418253875424
6.556,-0.04957226861841847
6.56,-0.044058767058474356
6.564,-0.047144996962810826
6.568,-0.0379912905298678
6.572,-0.050387764065445505
6.576,-0.06488334129901305
6.58,-0.0435673401923876
6.584,-0.040272353879176534
6.588,-0.030124081033366473
6.592,-0.05021709608211863
6.596,-0.05332021834295426
6.6,-0.03500518133069208
6.604,-0.0349422721255854
6.608,-0.054057885168595055
6.612,-0.0580654398429691
6.616,-0.06937523662240125
6.62,-0.047075614967783834
6.624,-0.03392004320273627
6.628,-0.04452294401356211
6.632,-0.05137445783231747
6.636,-0.05271158312574445
6.64,-0.03661746907500628
6.644,-0.03904173865686217
6.648,-0.055814120691143436
6.652,-0.028324337654356053
6.656,-0.05343416698381479
6.66,-0.04855127280148296
6.664,-0.029746454549439548
6.668,-0.050171783264596405
6.672,-0.05326214197399759
6.676,-0.0686092258512828
6.68,-0.047449456351514555
6.684,-0.0463415783352312
6.688,-0.024720631390849887
6.692,-0.04811843785257308
6.696,-0.04404114062445925
6.7,-0.05491186411496869
6.704,-0.029463853898763347
6.708,-0.04038558987273015
6.712,-0.04770789558841137
6.716,-0.05111190280766338
6.72,-0.04396477492603484
6.724,-0.022037697713089444
6.728,-0.0435910222760664
6.732,-0.05915338685171189
6.736,-0.05436586465992674
6.74,-0.03897588384730426
6.744,-0.032298955841705564
6.748,-0.037827729608401306
6.752,-0.06835018246768067
6.756,-0.05514630788529013
6.76,-0.04608702563504387
6.764,-0.04460620569114136
6.768,-0.056214343349117755
6.772,-0.054549677949102295
6.776,-0.05400048553931461
6.78,-0.03967934702370453
6.784,-0.03692685670647411
6.788,-0.0382577951902046
6.792,-0.050252675809588115
6.796,-0.06327651636234582
6.8,-0.048746240620891244
6.804,-0.05134719188730055
6.808,-0.03271943376504122
6.812,-0.054175844114690265
6.816,-0.054770752779887
6.82,-0.0565098083552987
6.824,-0.04063826536507154
6.828,-0.02325051618878636
6.832,-0.064089904981421
6.836,-0.07026359545535658
6.84,-0.052573869899942685
6.844,-0.04934831255515649
6.848,-0.04032285811599603
6.852,-0.07109827357709489
6.856,-0.04523906902572562
6.86,-0.039190923829981475
6.864,-0.040597411988259835
6.868,-0.04843983353816444
6.872,-0.04576229630073551
6.876,-0.06799432837690873
6.88,-0.05016017861089666
6.884,-0.04685852090823583
6.888,-0.028898779865973903
6.892,-0.05778884654777559
6.896,-0.04732033406840827
6.9,-0.039485484430905854
6.904,-0.03646050481178952
6.908,-0.045831778016280564
6.912,-0.0538137057017694
6.916,-0.0583734271557199
6.92,-0.03785515687064234
6.924,-0.030845228961742976
6.928,-0.047659995129852605
6.932,-0.04888670909032834
6.936,-0.05453342377244301
6.94,-0.05530616572095825
6.944,-0.03714953768767677
6.948,-0.04978983251026859
6.952,-0.0637331257066267
6.956,-0.06777363746921468
6.96,-0.06774524802536522
6.964,-0.054572728373425194
6.968,-0.02984520139223202
6.972,-0.05535868519107467
6.976,-0.0646500630917188
6.98,-0.04915399384316693
6.984,-0.03847501517918742
6.988,-0.053681401809319074
6.992,-0.04842451172118623
6.996,-0.04703760681484264
7.0,-0.05688991071912774
7.004,-0.025906616734592887
7.008,-0.04961858778374932
7.012,-0.04360902680875233
7.016,-0.05216626717874179
7.02,-0.051423292035955664
7.024,-0.03789454688480374
7.028,-0.04908510795050149
7.032,-0.049365853342622786
7.036,-0.04453908428970665
7.04,-0.05852203196159321
7.044,-0.04632197487698699
7.048,-0.03956349956795354
7.052,-0.0581420857378511
7.056,-0.061800733026602786
7.06,-0.03346621832071653
7.064,-0.04732155221254673
7.068,-0.04180396765329461
7.072,-0.03799490020149322
7.076,-0.05718071311430358
7.08,-0.052599677003672636
7.084,-0.030447250750347973
7.088,-0.036471129152582195
7.092,-0.04955471032751297
7.096,-0.06766029048345341
7.1,-0.05398589648651164
7.104,-0.03668574848177581
7.108,-0.04471802558990421
7.112,-0.040731624950660406
7.116,-0.05103529773988012
7.12,-0.039196312093862075
7.124,-0.04493091769918019
7.128,-0.02535190068038729
7.132,-0.057973605631166616
7.136,-0.06054106277991188
7.14,-0.04794036468571444
7.144,-0.03457252293749592
7.148,-0.03686287829906678
7.152,-0.04489028835963933
7.156,-0.06760923066448934
7.16,-0.03772843253896028
7.164,-0.027600979130660973
7.168,-0.03905039552594351
7.172,-0.05267314036248887
7.176,-0.06075687125305078
7.18,-0.056622970702516554
7.184,-0.034980863455180485
7.188,-0.04927547489519832
7.192,-0.054933525176284116
7.196,-0.059558609830416845
7.2,-0.0398024234014735
7.204,-0.031138373972527472
7.208,-0.04865295488123117
7.212,-0.07323227542669004
7.216,-0.054175424215591926
7.22,-0.06812705529858087
7.224,-0.024053146948874067
7.228,-0.045758210202443826
7.232,-0.05746224312007637
7.236,-0.06512543144291644
7.24,-0.03575968247133797
7.244,-0.0361389507476962
7.248,-0.0439174370924798
7.252,-0.04643013146001358
7.256,-0.06170651616918147
7.26,-0.04534579401048042
7.264,-0.029136767110090195
7.268,-0.04548329450039582
7.272,-0.053392477282319925
7.276,-0.05975472633383757
7.28,-0.05391869852649968
7.284,-0.043176272711681125
7.288,-0.04357262408835002
7.292,-0.052172931007435225
7.296,-0.051819736096452136
7.3,-0.04221073834952403
7.304,-0.034305767926222606
7.308,-0.033086701259566774
7.312,-0.05770968743469901
7.316,-0.048098529083354796
7.32,-0.051659734459474166
7.324,-0.027296359177955767
7.328,-0.038305841878324566
7.332,-0.04584767338770128
7.336,-0.05554267371442343
7.34,-0.047151513379737
7.344,-0.031876013093429585
7.348,-0.046111740712650985
7.352,-0.04980300619216442
7.356,-0.035774784937772086
7.36,-0.044221154921985154
7.364,-0.033463913711846656
7.368,-0.047670291393012466
7.372,-0.05327060838456833
7.376,-0.07005911302589186
7.38,-0.04995640615397372
7.384,-0.04254165183569444
7.388,-0.03756224691960974
7.392,-0.04478372788995899
7.396,-0.06796339237428978
7.4,-0.05068588390207563
7.404,-0.04110895933445114
7.408,-0.035724845154471246
7.412,-0.049823988373631695
7.416,-0.06574949009530814
7.42,-0.04253564007454554
7.424,-0.04215719682752301
7.428,-0.040007656071643534
7.432,-0.039255925454377553
7.436,-0.058834041562667194
7.44,-0.0697184377224639
7.444,-0.054461575562307185
7.448,-0.0468525091199057
7.452,-0.0649252496413465
7.456,-0.04016239001136388
7.46,-0.061619880901881335
7.464,-0.025436393507835876
7.468,-0.04694902577745594
7.472,-0.07084236911282996
7.476,-0.07067900482846383
7.48,-0.05303681779974841
7.484,-0.03805830305013148
7.488,-0.04698578931879372
7.492,-0.04323050707450107
7.496,-0.049905800526404684
7.5,-0.03854188561842911
7.504,-0.04356398433409469
7.508,-0.05391802273253078
7.512,-0.04858629208493047
7.516,-0.054801999987342885
7.52,-0.05066582056703793
7.524,-0.04076478236940088
7.528,-0.042087343117333385
7.532,-0.045498215804831155
7.536,-0.07417160005387277
7.54,-0.05301308049039531
7.544,-0.035885015984524954
7.548,-0.05113587359915563
7.552,-0.05993229863739026
7.556,-0.0743368551809305
7.56,-0.05956958209680134
7.564,-0.02566102435674339
7.568,-0.059143763455719256
7.572,-0.062096600163400725
7.576,-0.05433869450162407
7.58,-0.045099823348156216
7.584,-0.04475137231852698
7.588,-0.04860973786763349
7.592,-0.06472100347673672
7.596,-0.06772631807753683
7.6,-0.055907988541880914
7.604,-0.033218846398584724
7.608,-0.04833914903711356
7.612,-0.0516322102363087
7.616,-0.06037196566119278
7.62,-0.026039222362469864
7.624,-0.034245616458912595
7.628,-0.03593625958655874
7.632,-0.03581353711142723
7.636,-0.051975458901730394
7.64,-0.02444753259926423
7.644,-0.04006550311341302
7.648,-0.041073481753496344
7.652,-0.04907196532896062
7.656,-0.058916007182894865
7.66,-0.039264921669388844
7.664,-0.023322228687435182
7.668,-0.053895899870109745
7.672,-0.052961793458114026
7.676,-0.05178847927195063
7.68,-0.041619282704750765
7.684,-0.05076592382894865
7.688,-0.04719914264047855
7.692,-0.06247562562260418
7.696,-0.05248345855320716
7.7,-0.05201491742603747
7.704,-0.04553129042147309
7.708,-0.035289424311274784
7.712,-0.04545146038585249
7.716,-0.05876198618474915
7.72,-0.05903074143831066
7.724,-0.042747596995224686
7.728,-0.0553879419352376
7.732,-0.03570632024907232
7.736,-0.07446862937313883
7.74,-0.05575350593030079
7.744,-0.030839305089059625
7.748,-0.03868503780648793
7.752,-0.07005648558715917
7.756,-0.054650304711827274
7.76,-0.04636425267526044
7.764,-0.04442973502624627
7.768,-0.041809639005466026
7.772,-0.05216144496348099
7.776,-0.03389047894441891
7.78,-0.03171943429518382
7.784,-0.03375628771738934
7.788,-0.037263570226130485
7.792,-0.052938973065001636
7.796,-0.06847973932578436
7.8,-0.04773592330332738
7.804,-0.03460412518025616
7.808,-0.027080823915892956
7.812,-0.0652742729200773
7.816,-0.06678689039975193
7.82,-0.05710424661738102
7.824,-0.03603144845738804
7.828,-0.05394947452534769
7.832,-0.06830267649365915
7.836,-0.0538440859230113
7.84,-0.060133251696433666
7.844,-0.03360953309115909
7.848,-0.051594529434452294
7.852,-0.07177417106286868
7.856,-0.06037693633610497
7.86,-0.05146687400807139
7.864,-0.04814456317087017
7.868,-0.04357247319957629
7.872,-0.057784247394735797
7.876,-0.06441499096632099
7.88,-0.05094291028276895
7.884,-0.032702674584514084
7.888,-0.03389082706361331
7.892,-0.04668321753717209
7.896,-0.060880517506698005
7.9,-0.05853859308493774
7.904,-0.02947871385511254
7.908,-0.04810025350488846
7.912,-0.0599265170374319
7.916,-0.05358789077588962
7.92,-0.05104800097127342
7.924,-0.022503583983277384
7.928,-0.039329799970376056
7.932,-0.043317231564245925
7.936,-0.0606876418723562
7.94,-0.04955295894506047
7.944,-0.03625080813943069
7.948,-0.053823982231961595
7.952,-0.05393631592883558
7.956,-0.06847384568308718
7.96,-0.04081092785100432
7.964,-0.05364865093894654
7.968,-0.04275464434573337
7.972,-0.04802666456010038
7.976,-0.05398542753004224
7.98,-0.04784710257189608
7.984,-0.05486278547162106
7.988,-0.044158054532698506
7.992,-0.04894376362306893
7.996,-0.059972883644104115
8.0,-0.0546048700171181
8.004,-0.03811833045980697
8.008,-0.04065385205751609
8.012,-0.05403732942733441
8.016,-0.05858269030231263
8.02,-0.041340830583980845
8.024,-0.04364074931610077
8.028,-0.037089588935366145
8.032,-0.0798259966011639
8.036,-0.0541854216812459
8.04,-0.057905165993722196
8.044,-0.05088472281316473
8.048,-0.02845058242812756
8.052,-0.05147691184120323
8.056,-0.05821543682452215
8.06,-0.05877716186058829
8.064,-0.047618871856705665
8.068,-0.04159783730717152
8.072,-0.06055008838486905
8.076,-0.049099250139733416
8.08,-0.03842383471830185
8.084,-0.05427206641211868
8.088,-0.05117549126632983
8.092,-0.05370310965100404
8.096,-0.05113025765673762
8.1,-0.0633033443684928
8.104,-0.04321057518733912
8.108,-0.054313557554312955
8.112,-0.050146952254079696
8.116,-0.05877512680941063
8.12,-0.04029864455863751
8.124,-0.04450627391460382
8.128,-0.04682874429092057
8.132,-0.052852994950815406
8.136,-0.05950424175944749
8.14,-0.05595303327973316
8.144,-0.031228204213485274
8.148,-0.04741348282383419
8.152,-0.05644414643900764
8.156,-0.06165410872387216
8.16,-0.04541172480991256
8.164,-0.03598236158028074
8.168,-0.03917423207367778
8.172,-0.04889307616152643
8.176,-0.07214770297469107
8.18,-0.04643737983525581
8.184,-0.04191271629685232
8.188,-0.0370822178757042
8.192,-0.05314461084309992
8.196,-0.05599763874290413
8.2,-0.06381201246548288
8.204,-0.044384259047630256
8.208,-0.04742603963232924
8.212,-0.04706122724638088
8.216,-0.06262129569134708
8.22,-0.04974440362185173
8.224,-0.04218431389493215
8.228,-0.0447572159004712
8.232,-0.04583938610473557
8.236,-0.04218030569960536
8.24,-0.04413557567212971
8.244,-0.04205928777672227
8.248,-0.058282255395480785
8.252,-0.057441348813291895
8.256,-0.06880790808146874
8.26,-0.03780505496014225
8.264,-0.053990430607086914
8.268,-0.034489749997555684
8.272,-0.04539867184290889
8.276,-0.058209463551501577
8.28,-0.07156152876447164
8.284,-0.033738606595518736
8.288,-0.03932114568375116
8.292,-0.05435775770082658
8.296,-0.0480497769140269
8.3,-0.024559136273474245
8.304,-0.04003421734238353
8.308,-0.058830446939380526
8.312,-0.05811883991027765
8.316,-0.06304505033654156
8.32,-0.04789583608221362
8.324,-0.03631649923261218
8.328,-0.03466276656955041
8.332,-0.05705711733764791
8.336,-0.07189003590197372
8.34,-0.04970108447629054
8.344,-0.033163342031366796
8.348,-0.024752417995599938
8.352,-0.05496158368603729
8.356,-0.05834263649269331
8.36,-0.03990986427172559
8.364,-0.04127887691223192
8.368,-0.06037151282229228
8.372,-0.050239886654115024
8.376,-0.06163987807055401
8.38,-0.05014225986854059
8.384,-0.03915908149715526
8.388,-0.04194260123838851
8.392,-0.049808477201833845
8.396,-0.06779261875527176
8.4,-0.03325674555607844
8.404,-0.05285499926729903
8.408,-0.03955927230130711
8.412,-0.06741084608867555
8.416,-0.05298762745052556
8.42,-0.04188063332898029
8.424,-0.04243245186634528
8.428,-0.027980476920746743
8.432,-0.05619413625579736
8.436,-0.050624721802650194
8.44,-0.05782175323155196
8.444,-0.033157498418259525
8.448,-0.043388154380588836
8.452,-0.06039744702715553
8.456,-0.07839500293687254
8.46,-0.056729732081050574
8.464,-0.04600504312102723
8.468,-0.04063834413048844
8.472,-0.05942261902078091
8.476,-0.055179617893743524
8.48,-0.04620936435583761
8.484,-0.0499358478288337
8.488,-0.044352250129726156
8.492,-0.058210943982201675
8.496,-0.07185329198887837
8.5,-0.04968627248915141
8.504,-0.044102480305668657
8.508,-0.045920009529422434
8.512,-0.044476791007579196
8.516,-0.0688802225187675
8.52,-0.05218427167000381
8.524,-0.04733027412155374
8.528,-0.04721654118144986
8.532,-0.06587560753072952
8.536,-0.06950873827011127
8.54,-0.07138200439831102
8.544,-0.04534959786949225
8.548,-0.03547014218132561
8.552,-0.048854310874799856
8.556,-0.07814501679752095
8.56,-0.0414760722656376
8.564,-0.04247184580388875
8.568,-0.05828266893057825
8.572,-0.06031940398173239
8.576,-0.06603166352195929
8.58,-0.06765745785016264
8.584,-0.03111062804452048
8.588,-0.04970189560827463
8.592,-0.0429330461680596
8.596,-0.06600401011602891
8.6,-0.0610725251473151
8.604,-0.03565589764393514
8.608,-0.052159570582842305
8.612,-0.07022659948036047
8.616,-0.05829606676924195
8.62,-0.05104823305971964
8.624,-0.0441336796221485
8.628,-0.05135258311346153
8.632,-0.059306156964966855
8.636,-0.05569624957009341
8.64,-0.04661922522489573
8.644,-0.04278802240344492
8.648,-0.033224508995665175
8.652,-0.06311514527172445
8.656,-0.06184304752636776
8.66,-0.04126392449382552
8.664,-0.041177154526324644
8.668,-0.05229854006426492
8.672,-0.05020129172752587
8.676,-0.08115099773382167
8.68,-0.03557991707427155
8.684,-0.037423978948935704
8.688,-0.04462604180491733
8.692,-0.04517176029605462
8.696,-0.062017942317208245
8.7,-0.03984368785122432
8.704,-0.0521926275380586
8.708,-0.05316477227991792
8.712,-0.06082546612118666
8.716,-0.05426461515656761
8.72,-0.04895406821239887
8.724,-0.024950924204093877
8.728,-0.03171956598441131
8.732,-0.058472619290478395
8.736,-0.058254259942449635
8.74,-0.05944341234180457
8.744,-0.032349290323856535
8.748,-0.03614479726179914
8.752,-0.053314915557125676
8.756,-0.05897739610372545
8.76,-0.05181616380902411
8.764,-0.03643665021622319
8.768,-0.03479217979013615
8.772,-0.04268491285879365
8.776,-0.05952852256161831
8.78,-0.04550153762353096
8.784,-0.028991600891210202
8.788,-0.053641636656014596
8.792,-0.04577896088884388
8.796,-0.05654195276365864
8.8,-0.04339253305023943
8.804,-0.027516239216251244
8.808,-0.042273992046475826
8.812,-0.045999305435889176
8.816,-0.05029545976984563
8.82,-0.04141202262971942
8.824,-0.04715771416796106
8.828,-0.05086159626930516
8.832,-0.04999373280040138
8.836,-0.05563542872989945
8.84,-0.042875961310769706
8.844,-0.03965216067296733
8.848,-0.02646177722662993
8.852,-0.058541190373396806
8.856,-0.0590305595869472
8.86,-0.04576682341100022
8.864,-0.041314968161301
8.868,-0.05112208620131407
8.872,-0.05814764239840884
8.876,-0.0508919202589493
8.88,-0.0491758661473549
8.884,-0.02448731745124206
8.888,-0.03370552466523683
8.892,-0.052390355745478616
8.896,-0.05307010589334051
8.9,-0.06593777447729372
8.904,-0.03386762562650153
8.908,-0.04195391728297287
8.912,-0.04784925176445409
8.916,-0.06220886501106115
8.92,-0.03165805263538181
8.924,-0.04877329170239011
8.928,-0.043406105220099925
8.932,-0.053110292089526334
8.936,-0.05235478872709962
8.94,-0.04362622816611003
8.944,-0.04041017659219923
8.948,-0.02201769494776061
8.952,-0.0478142179655172
8.956,-0.05995242707308449
8.96,-0.04564563947373004
8.964,-0.03909311676869648
8.968,-0.05056228767666069
8.972,-0.052048294040459436
8.976,-0.056860487869963935
8.98,-0.050138467356746395
8.984,-0.035078597914028224
8.988,-0.04222186828307628
8.992,-0.05941687652385546
8.996,-0.04388057948083825
9.0,-0.051871984741775
9.004,-0.034909165965082437
9.008,-0.0488299003461676
9.012,-0.05878759292069468
9.016,-0.050431396096116965
9.02,-0.05347250673464864
9.024,-0.03795409562219805
9.028,-0.028057615225412856
9.032,-0.06631753499742259
9.036,-0.035399280930476965
9.04,-0.044986502480977214
9.044,-0.052769897643742035
9.048,-0.046962726554319704
9.052,-0.06170017982223616
9.056,-0.07180103218132039
9.06,-0.05777542937016558
9.064,-0.04527645467987244
9.068,-0.041210288793272036
9.072,-0.05420480918272459
9.076,-0.060747109491161355
9.08,-0.04222777443240815
9.084,-0.044699468703153264
9.088,-0.03854528658092275
9.092,-0.05951414587452014
9.096,-0.033696902876222026
9.1,-0.04087756652718883
9.104,-0.03679774683736724
9.108,-0.03097565673189756
9.112,-0.045467751373952404
9.116,-0.06004025433626029
9.12,-0.0470540232350041
9.124,-0.043563058709616256
9.128,-0.03715226502161448
9.132,-0.046341783674303694
9.136,-0.045943263216797384
9.14,-0.04504326670413484
9.144,-0.03693339934027669
9.148,-0.033877947208307065
9.152,-0.05775384705584441
9.156,-0.06406906846428426
9.16,-0.07200908885809654
9.164,-0.028787599025890967
9.168,-0.031936985674570824
9.172,-0.05108940131736539
9.176,-0.07745432632980749
9.18,-0.05044825941346984
9.184,-0.04265334993791908
9.188,-0.05371703336801544
9.192,-0.0616230818763219
9.196,-0.0509540949513417
9.2,-0.048812245298869746
9.204,-0.01890635769292994
9.208,-0.04286764272853647
9.212,-0.06572019479024181
9.216,-0.06168930508672085
9.22,-0.04485461688309788
9.224,-0.032167669811164985
9.228,-0.05410439459530843
9.232,-0.05382093775028038
9.236,-0.06484210613619641
9.24,-0.044788318023665195
9.244,-0.04833120307044186
9.248,-0.024634163718442563
9.252,-0.0348942938259801
9.256,-0.051527997914924156
9.26,-0.04506711140265836
9.264,-0.04469772391947041
9.268,-0.03520940725323235
9.272,-0.057829199490805054
9.276,-0.06168741280828298
9.28,-0.042930828760001725
9.284,-0.035252825424074916
9.288,-0.05328725913019258
9.292,-0.053087074126162356
9.296,-0.05728815128780109
9.3,-0.04465856549309351
9.304,-0.05315405369698869
9.308,-0.03079435790397598
9.312,-0.038888469726904094
9.316,-0.05156273261807249
9.32,-0.03847349862830761
9.324,-0.04794425349939835
9.328,-0.02353380943408275
9.332,-0.06274062560945404
9.336,-0.06293851090064218
9.34,-0.050213134484822064
9.344,-0.03755995345706503
9.348,-0.03691229360473171
9.352,-0.052875835213534075
9.356,-0.06139133703175325
9.36,-0.04284926446187033
9.364,-0.03632509526732836
9.368,-0.04082351491625192
9.372,-0.0388733050697131
9.376,-0.0538724548583997
9.38,-0.042910690049651735
9.384,-0.03805246664044559
9.388,-0.041666083327133216
9.392,-0.053576540241599906
9.396,-0.052405880597320494
9.4,-0.04643104937912986
9.404,-0.030639906926557818
9.408,-0.04602843256110853
9.412,-0.05624081851293846
9.416,-0.06200719214563963
9.42,-0.056307058261623424
9.424,-0.039195284949095244
9.428,-0.029077413439231658
9.432,-0.04659249537118299
9.436,-0.07314737489915518
9.44,-0.05384589079419187
9.444,-0.030369406404865733
9.448,-0.04816505160623571
9.452,-0.05506086282547573
9.456,-0.06818557713191714
9.46,-0.02910261216992002
9.464,-0.04842662074639105
9.468,-0.04306910927734614
9.472,-0.04570818557088724
9.476,-0.05002450338056262
9.48,-0.048820222832166395
9.484,-0.04900672410245723
9.488,-0.027636908611358202
9.492,-0.053344579166135865
9.496,-0.05841732161314951
9.5,-0.054834066123548304
9.504,-0.03509529216527707
9.508,-0.04381636362581665
9.512,-0.039979501552700254
9.516,-0.06563981664444939
9.52,-0.04888079452973649
9.524,-0.04719611370159998
9.528,-0.04290353987544494
9.532,-0.05178938782325336
9.536,-0.06770679544318933
9.54,-0.05793240631211423
9.544,-0.05546106920551363
9.548,-0.030791398874972956
9.552,-0.05343873088711891
9.556,-0.06321151207567632
9.56,-0.043544166336445075
9.564,-0.03957367666528495
9.568,-0.040062358747800994
9.572,-0.04341257599804198
9.576,-0.05123057784054281
9.58,-0.05535125115000294
9.584,-0.043706826442418495
9.588,-0.04346419141559212
9.592,-0.052956883846067525
9.596,-0.05086904742508535
9.6,-0.030115143810902984
9.604,-0.025530230515953316
9.608,-0.023949507765450403
9.612,-0.05693157166120641
9.616,-0.0666224587428609
9.62,-0.05634142567256951
9.624,-0.050295083507621165
9.628,-0.036724568278686254
9.632,-0.060580908735084926
9.636,-0.060948709462426524
9.64,-0.051626719608061665
9.644,-0.04062427959861088
9.648,-0.02850720088814696
9.652,-0.05586920807701519
9.656,-0.05979238079611241
9.66,-0.040747230350414
9.664,-0.0446349115798026
9.668,-0.04018515828347093
9.672,-0.06837368490528938
9.676,-0.05461479766506385
9.68,-0.04625478478123253
9.684,-0.04914933939141745
9.688,-0.023329899791867607
9.692,-0.0486052735422802
9.696,-0.053130754486508516
9.7,-0.04000142068765949
9.704,-0.026417949658176794
9.708,-0.03172883499230076
9.712,-0.05493146088728199
9.716,-0.0633875275464841
9.72,-0.05280772284828127
9.724,-0.04037046431029867
9.728,-0.05204716418771805
9.732,-0.05835504355385443
9.736,-0.048296722115310234
9.74,-0.036138440882198176
9.744,-0.06180773794024924
9.748,-0.0538829455087569
9.752,-0.042843060637403375
9.756,-0.06526059165241503
9.76,-0.05055601311943852
9.764,-0.0370860164949976
9.768,-0.046061607863630824
9.772,-0.04956501300761205
9.776,-0.04919663072445001
9.78,-0.058274663021682896
9.784,-0.04223388624796447
9.788,-0.05016170158296032
9.792,-0.04780979083910491
9.796,-0.068830988294934
9.8,-0.05424419111120982
9.804,-0.04114476557447004
9.808,-0.019996495150707953
9.812,-0.04678801354316631
9.816,-0.05266355610092032
9.82,-0.060295975553287307
9.824,-0.03300130980138605
9.828,-0.0408447258052711
9.832,-0.06366692344538788
9.836,-0.06233171739326019
9.84,-0.034168715006685946
9.844,-0.05372348753220603
9.848,-0.024522651801388733
9.852,-0.03761080695842463
9.856,-0.047901472525009245
9.86,-0.047135156956710084
9.864,-0.043867233843893065
9.868,-0.03766122378655632
9.872,-0.03995215649652552
9.876,-0.06681541305327861
9.88,-0.042503278575806484
9.884,-0.038799617489291255
9.888,-0.044573316576222155
9.892,-0.060387100006393295
9.896,-0.05792205005318303
9.9,-0.042866484391785024
9.904,-0.028638490254531645
9.908,-0.04107783940106655
9.912,-0.046058823568994156
9.916,-0.055598259183387594
9.92,-0.04642202014912887
9.924,-0.03939679377452511
9.928,-0.053873767369775956
9.932,-0.05158479945617558
9.936,-0.07037572081174068
9.94,-0.04759750439369328
9.944,-0.04123380022513895
9.948,-0.05059677827574708
9.952,-0.0681010635046676
9.956,-0.05142176024740133
9.96,-0.048214994002596386
9.964,-0.021968135438819914
9.968,-0.039166334135082234
9.972,-0.03601663832258775
9.976,-0.06872711176155057
9.98,-0.04567908532788906
9.984,-0.0313564741304313
9.988,-0.04055325954775795
9.992,-0.04934521031592378
9.996,-0.0718815362521101
10.0,-0.04671099663374492
10.004,-0.05267897111956552
10.008,-0.05007857730517745
10.012,-0.04042842645843789
10.016,-0.07128191930493545
10.02,-0.031187138260785105
10.024,-0.035918725035201354
10.028,-0.0324972685328503
10.032,-0.052764651351513696
10.036,-0.07399140448445582
10.04,-0.04210224170428595
10.044,-0.02048386564004459
10.048,-0.040988187936560096
10.052,-0.05058426622630429
10.056,-0.06576762111042068
10.06,-0.05652673369550687
10.064,-0.04043473416552289
10.068,-0.04476568923129296
10.072,-0.054054513766395175
10.076,-0.06875193099308406
10.08,-0.026557347876962085
10.084,-0.04301935120772302
10.088,-0.02810874449076347
10.092,-0.044338904838383375
10.096,-0.07049648488340687
10.1,-0.04227781213095983
10.104,-0.03794976082152108
10.108,-0.040965005429639975
10.112,-0.06050042071926484
10.116,-0.05096068226578516
10.12,-0.03797869336918074
10.124,-0.04393040039823688
10.128,-0.029345638997874266
10.132,-0.05997942976795105
10.136,-0.05132741656595881
10.14,-0.03789370516862685
10.144,-0.02584970914232322
10.148,-0.043594067729636185
10.152,-0.044386753599113385
10.156,-0.05986215295580844
10.16,-0.056320707104488395
10.164,-0.03691434517081875
10.168,-0.035299644561302315
10.172,-0.05906704518055555
10.176,-0.05607359312507849
10.18,-0.0392383236962012
10.184,-0.028461145205011928
10.188,-0.03650712908308762
10.192,-0.054673781492314104
10.196,-0.03516745403231151
10.2,-0.05018468926631214
10.204,-0.035496061313353255
10.208,-0.03023418115726876
10.212,-0.059613935715112205
10.216,-0.04787766549277939
10.22,-0.04603078145044123
10.224,-0.033031253164567384
10.228,-0.03443384037628193
10.232,-0.0477241368795044
10.236,-0.0463677448471539
10.24,-0.053671186026096177
10.244,-0.02525956747409154
10.248,-0.048218859433038795
10.252,-0.05043258571092646
10.256,-0.04127972100538523
10.26,-0.04177740066970418
10.264,-0.0453994717597019
10.268,-0.04905514090272328
10.272,-0.037765758162739034
10.276,-0.045265662290937855
10.28,-0.04623645089030298
10.284,-0.025569439950319788
10.288,-0.052881153205587644
10.292,-0.04679847249266267
10.296,-0.06543683698450989
10.3,-0.03535133465946769
10.304,-0.03393912453182826
10.308,-0.03213969149047939
10.312,-0.0585713636271253
10.316,-0.062242556071048775
10.32,-0.05753848127733585
10.324,-0.035533100421349745
10.328,-0.04051209455930533
10.332,-0.04472844249330198
10.336,-0.044893508245174074
10.34,-0.055671675468958196
10.344,-0.039599622320508336
10.348,-0.04532660525804598
10.352,-0.038927971000884694
10.356,-0.061914123290648757
10.36,-0.03420779553299152
10.364,-0.03727878310918342
10.368,-0.03271644920429346
10.372,-0.052134380693381346
10.376,-0.06181390009869318
10.38,-0.05137552447286903
10.384,-0.03516710415586254
10.388,-0.038379578777895426
10.392,-0.06657602462504282
10.396,-0.05140426930201533
10.4,-0.045207161914843585
10.404,-0.035280411855985946
10.408,-0.038045217343689916
10.412,-0.03235520400220767
10.416,-0.04756362167764669
10.42,-0.04362248720609819
10.424,-0.04921206363796041
10.428,-0.02845684152476812
10.432,-0.04974384119598078
10.436,-0.06114070300734524
10.44,-0.032957119622942926
10.444,-0.03765264558124923
10.448,-0.02907015991940436
10.452,-0.05302604296784574
10.456,-0.057421972746735925
10.46,-0.03957399629661489
10.464,-0.02295557572394949
10.468,-0.04567890690251468
10.472,-0.04475337906904301
10.476,-0.06011778343368976
10.48,-0.028806148055068318
10.484,-0.04005533351678403
10.488,-0.0414944339122853
10.492,-0.03177505884807047
10.496,-0.056043927405960835
10.5,-0.036223780961766774
10.504,-0.03595674042134984
10.508,-0.04821362354206091
10.512,-0.03467140473045325
10.516,-0.054738685268141886
10.52,-0.039349263273121875
10.524,-0.02514945283121236
10.528,-0.03536030214882378
10.532,-0.061848543439181225
10.536,-0.05325455969600525
10.54,-0.04353739755512827
10.544,-0.0439991450779825
10.548,-0.04939951243973176
10.552,-0.059207020515366464
10.556,-0.06303119740389332
10.56,-0.034468294262397475
10.564,-0.0412103260142668
10.568,-0.038475253041049096
10.572,-0.041141608305856364
10.576,-0.047442882696024966
10.58,-0.05914725022928076
10.584,-0.033498189572346015
10.588,-0.038408892923672645
10.592,-0.03591175027739359
10.596,-0.0439534692288406
10.6,-0.05559758756055906
10.604,-0.030305798891185086
10.608,-0.033196586290386014
10.612,-0.043706616497178094
10.616,-0.05721197456487001
10.62,-0.03554508642151202
10.624,-0.028029538929246745
10.628,-0.046448695119274845
10.632,-0.03750887408006896
10.636,-0.06094383304479351
10.64,-0.0414352543735043
10.644,-0.031988530976875436
10.648,-0.03244256710561967
10.652,-0.060196026879610176
10.656,-0.04888005602733654
10.66,-0.040619778363373764
10.664,-0.025765236159751924
10.668,-0.04359867292233263
10.672,-0.05255692811225812
10.676,-0.05955716862680453
10.68,-0.038988191061965424
10.684,-0.02888836413345385
10.688,-0.041383248817301356
10.692,-0.05197435809861158
10.696,-0.05274880314380754
10.7,-0.030494548939632916
10.704,-0.041056111484317516
10.708,-0.02794355199719277
10.712,-0.043726035490432996
10.716,-0.050252895714709624
10.72,-0.04032238869581631
10.724,-0.025022934737998145
10.728,-0.03411005803292291
10.732,-0.05431842325475906
10.736,-0.05888460741018938
10.74,-0.04603835088914737
10.744,-0.023903507733341878
10.748,-0.03333819862296243
10.752,-0.05527929552907008
10.756,-0.06249286176107611
10.76,-0.04296265611008337
10.764,-0.04329284959051032
10.768,-0.03799015037739607
10.772,-0.035310292570618185
10.776,-0.057303137164043796
10.78,-0.04013215545750648
10.784,-0.03472630730395496
10.788,-0.03652916113129482
10.792,-0.04194755697296268
10.796,-0.055666007007252646
10.8,-0.04907907982664399
10.804,-0.0332634057170408
10.808,-0.04057561443312052
10.812,-0.0520419076070385
10.816,-0.06222910084257175
10.82,-0.04086356432128137
10.824,-0.03694985996748745
10.828,-0.026869006515776957
10.832,-0.057502067942274686
10.836,-0.044757073708367096
10.84,-0.04623578254140757
10.844,-0.025208767606329348
10.848,-0.03803260703834595
10.852,-0.04972852959279616
10.856,-0.056874662232037576
10.86,-0.05087028590082726
10.864,-0.034296882175050954
10.868,-0.04451560064734162
10.872,-0.02694608393900938
10.876,-0.05181062632622449
10.88,-0.04054298628107054
10.884,-0.04427837283253012
10.888,-0.02999427379136805
10.892,-0.038856266334621616
10.896,-0.058071932881156474
10.9,-0.05604594622261302
10.904,-0.027200269142182466
10.908,-0.021046920762885765
10.912,-0.056971074610406194
10.916,-0.06480529463157533
10.92,-0.03849664804086681
10.924,-0.044711071071443745
10.928,-0.042296600172561157
10.932,-0.03896910630595989
10.936,-0.02464239530039814
10.94,-0.036355174184979966
10.944,-0.032573228011321245
10.948,-0.049320590908672385
10.952,-0.055242873425288885
10.956,-0.03567027262006578
10.96,-0.02663903679712375
10.964,-0.03805546286076351
10.968,-0.018081785746735062
10.972,-0.04200659458374576
10.976,-0.05226912739129444
10.98,-0.04887179370824414
10.984,-0.03719017636501943
10.988,-0.032411579022059676
10.992,-0.029042445878262005
10.996,-0.051487985943650394
11.0,-0.03953770602274942
11.004,-0.02995965649592208
11.008,-0.015634711507906553
11.012,-0.0465317301877169
11.016,-0.054787398570373146
11.02,-0.03998738128452625
11.024,-0.03550964766485302
11.028,-0.024825068228964853
11.032,-0.04956612801528987
11.036,-0.04678861932680384
11.04,-0.031031146042658005
11.044,-0.04296843142785914
11.048,-0.035348312845386164
11.052,-0.04024651914184715
11.056,-0.040284508067081594
11.06,-0.03787858738099245
11.064,-0.042936801028845645
11.068,-0.044404900102859746
11.072,-0.030147288223990362
11.076,-0.042198780829521616
11.08,-0.0348776974624675
11.084,-0.035676397816938474
11.088,-0.021521207032638694
11.092,-0.04778599691080545
11.096,-0.04679539850336267
11.1,-0.028660059602139597
11.104,-0.015844428491569904
11.108,-0.03349307015445785
11.112,-0.05897194492350595
11.116,-0.04761436744951423
11.12,-0.030414652972436174
11.124,-0.03250919353917958
11.128,-0.030039738308636987
11.132,-0.05187502752890356
11.136,-0.05248719973994908
11.14,-0.05191494353915145
11.144,-0.009078010935750624
11.148,-0.0214308205379814
11.152,-0.048383864009187864
11.156,-0.07031710979111855
11.16,-0.04168307058799083
11.164,-0.02833809172970513
11.168,-0.03164977763676231
11.172,-0.0453858777968551
11.176,-0.05383235357371614
11.18,-0.039293495242881935
11.184,-0.01672150937658025
11.188,-0.04018858815866787
11.192,-0.046828858884221565
11.196,-0.04935589700424731
11.2,-0.0310092365637119
11.204,-0.019387652158554685
11.208,-0.011004033976658074
11.212,-0.06826459218710497
11.216,-0.052960691493588216
11.22,-0.028849459137451863
11.224,-0.03016503945933429
11.228,-0.030343679151262945
11.232,-0.04931416518347784
11.236,-0.0453233517281049
11.24,-0.041482707041365745
11.244,-0.025434616827036054
11.248,-0.02912124507806943
11.252,-0.028293120489638023
11.256,-0.05038039752488481
11.26,-0.025424712326095757
11.264,-0.032325123313560064
11.268,-0.03308915099677846
11.272,-0.0554120355943293
11.276,-0.04939859495184428
11.28,-0.02925742108090921
11.284,-0.04518500322596541
11.288,-0.0320954730046527
11.292,-0.04924368296792818
11.296,-0.02840163867716258
11.3,-0.0323009582036999
11.304,-0.027476596262332877
11.308,-0.036048389386767035
11.312,-0.046123653243234905
11.316,-0.059560798273405796
11.32,-0.038806378421085704
11.324,-0.018566342224458875
11.328,-0.03255199170561607
11.332,-0.05368705376181755
11.336,-0.034076592085626425
11.34,-0.03544834036271524
11.344,-0.020024012585186116
11.348,-0.03202510298441044
11.352,-0.035893883344490944
11.356,-0.023875687758191256
11.36,-0.0548848662636842
11.364,-0.027484726745192083
11.368,-0.021636048546114187
11.372,-0.03582667925167257
11.376,-0.052479593708481535
11.38,-0.02816119937436947
11.384,-0.02560874743026266
11.388,-0.02102402469425497
11.392,-0.03471810064114705
11.396,-0.04632835375271284
11.4,-0.04582957454260074
11.404,-0.03097511804893137
11.408,-0.03585871561693477
11.412,-0.05638622077020948
11.416,-0.05297909062362758
11.42,-0.054884072173608175
11.424,-0.017213907570008794
11.428,-0.03338222399657144
11.432,-0.03848939357208342
11.436,-0.04543098325448812
11.44,-0.016937099593739183
11.444,-0.028545679955015706
11.448,-0.03194767888442118
11.452,-0.030060810732869175
11.456,-0.032071605418880954
11.46,-0.034829533581034855
11.464,-0.0205885435796723
11.468,-0.044902701752518905
11.472,-0.031002665679483198
11.476,-0.04175352695879998
11.48,-0.03954041508354096
11.484,-0.04664126005496165
11.488,-0.023038163027822432
11.492,-0.04767720259101798
11.496,-0.05133966903421775
11.5,-0.02497607575886005
11.504,-0.013772814504448188
11.508,-0.060996190300808543
11.512,-0.05096752888321937
11.516,-0.05170305617835041
11.52,-0.035565949232785436
11.524,-0.037362529792063344
11.528,-0.03370349001138146
11.532,-0.04877590224971575
11.536,-0.030912051828507925
11.54,-0.021859022319383335
11.544,-0.029145355131923595
11.548,-0.029492859503566
11.552,-0.039241341116058495
11.556,-0.03177706388108985
11.56,-0.041010010433072494
11.564,-0.009438152841792603
11.568,-0.03405406553349
11.572,-0.047085366572175553
11.576,-0.050872931270413174
11.58,-0.018717021042113844
11.584,-0.03617282760597566
11.588,-0.026507246442093294
11.592,-0.05861246213485016
11.596,-0.036284236323528604
11.6,-0.03689222167319373
11.604,-0.02317663459050328
11.608,-0.04626699072386923
11.612,-0.0327433386746462
11.616,-0.03716522328129706
11.62,-0.03480903145716178
11.624,-0.019882459458302484
11.628,-0.025548986822323688
11.632,-0.03266226396808813
11.636,-0.04033125853285799
11.64,-0.041745384407312854
11.644,-0.04645004351396028
11.648,-0.019484272571300185
11.652,-0.03979663816815802
11.656,-0.04244658079649921
11.66,-0.035290324496153706
11.664,-0.03337405567240288
11.668,-0.03739073257165735
11.672,-0.024974681328904694
11.676,-0.050877833104919855
11.68,-0.023716755818885694
11.684,-0.02703249295429224
11.688,-0.02789757723512197
11.692,-0.04336641414437216
11.696,-0.022699539458297883
11.7,-0.03877918475660564
11.704,-0.01769729671025995
11.708,-0.04283573761059122
11.712,-0.0182309969419614
11.716,-0.03768966523086908
11.72,-0.041245364875279036
11.724,-0.03175943884626214
11.728,-0.025449451288384623
11.732,-0.06663014938548534
11.736,-0.05372380255004169
11.74,-0.026831757220047422
11.744,-0.03637574441615471
11.748,-0.020789914922692675
11.752,-0.05740257029223833
11.756,-0.034338437339682566
11.76,-0.03712623968227622
11.764,-0.03143510180762727
11.768,-0.03208739316572408
11.772,-0.04751924778276001
11.776,-0.06162230321501812
11.78,-0.03121226208392809
11.784,-0.036639042084733606
11.788,-0.03808851182828141
11.792,-0.04006368999051962
11.796,-0.04200641755265098
11.8,-0.060248117698036084
11.804,-0.033122643347525564
11.808,-0.02854188048497738
11.812,-0.026249906583812457
11.816,-0.047026212987608354
11.82,-0.024125672345213595
11.824,-0.039989210833636865
11.828,-0.03219304462878489
11.832,-0.05878592515959115
11.836,-0.029763584607343477
11.84,-0.04268814581798729
11.844,-0.019655477534388646
11.848,-0.02829055365981896
11.852,-0.0201786133449205
11.856,-0.0507988028696234
11.86,-0.01758757536441536
11.864,-0.008489114392564917
11.868,-0.05040814615980289
11.872,-0.03347639117018427
11.876,-0.05539836006180399
11.88,-0.04064013602388448
11.884,-0.015193026633159357
11.888,-0.033666086234721136
11.892,-0.04460144698434029
11.896,-0.04454408109936455
11.9,-0.03732228753507476
11.904,-0.025173132279374982
11.908,-0.029360353891818965
11.912,-0.027025753873125884
11.916,-0.03993907989940727
11.92,-0.018421900599426534
11.924,-0.028861421953728567
11.928,-0.021519658660387603
11.932,-0.04463995051759656
11.936,-0.033379923558441445
11.94,-0.026828476885310516
11.944,-0.026298506280234054
11.948,-0.019383983316546605
11.952,-0.033175983864335415
11.956,-0.034441952444945044
11.96,-0.03708296581430153
11.964,-0.027362130424654577
11.968,-0.025102969085699825
11.972,-0.03591514490984081
11.976,-0.03445043397951309
11.98,-0.03284048351926612
11.984,-0.012695859084064665
11.988,-0.02776627895370796
11.992,-0.03718733559333902
11.996,-0.04812164458766621
12.0,-0.009020109256648902
12.004,-0.056325034642193225
12.008,-0.01073926545376955
12.012,-0.024794970983025827
12.016,-0.044901325994904755
12.02,-0.029377113997672094
12.024,-0.02106727430592409
12.028,-0.017484963273054842
12.032,-0.03862522087111895
12.036,-0.04857186929820894
12.04,-0.04041975601191906
12.044,-0.02108665536167499
12.048,-0.028529952895132455
12.052,-0.04416488584761156
12.056,-0.034828352973101724
12.06,-0.01994088100139131
12.064,-0.03356618311786343
12.068,-0.022279764214683362
12.072,-0.0454708433688488
12.076,-0.05913766738089685
12.08,-0.036969075773319336
12.084,-0.021065558925503707
12.088,-0.03549379078936786
12.092,-0.03701985723702789
12.096,-0.05196548233987646
12.1,-0.023570731687619192
12.104,-0.01106002779523367
12.108,-0.018217797131843898
12.112,-0.03866467963004726
12.116,-0.04324395937035959
12.12,-0.03529824809959024
12.124,-0.03514741535975817
12.128,-0.03540407519994298
12.132,-0.03982176552460146
12.136,-0.0495774769703602
12.14,-0.02264821448427165
12.144,-0.029543236521287236
12.148,-0.013924680966017412
12.152,-0.044425092330312374
12.156,-0.038995297599074344
12.16,-0.020666185561131287
12.164,-0.03847092059097938
12.168,-0.03226382594755669
12.172,-0.04410296552330792
12.176,-0.04336521159382096
12.18,-0.029476565538326747
12.184,-0.02052473498117248
12.188,-0.019121393263643757
12.192,-0.04497536970946703
12.196,-0.03007228890197538
12.2,-0.039898135807022964
12.204,-0.01926880887346873
12.208,-0.02588977152630035
12.212,-0.02967339673615592
12.216,-0.040016938484625564
12.22,-0.04330846170779401
12.224,-0.01780636216566509
12.228,-0.029855837947716103
12.232,-0.02976457132152941
12.236,-0.038021715511799635
12.24,-0.018156485441198224
12.244,-0.018300361417372173
12.248,-0.02713783602733192
12.252,-0.03388897315627677
12.256,-0.04283027187667567
12.26,-0.016289038347710103
12.264,-0.017361615543941642
12.268,-0.04114881056998723
12.272,-0.03429953045437141
12.276,-0.05317761132915024
12.28,-0.036810871697543567
12.284,-0.017434563821836113
12.288,-0.023212943218650525
12.292,-0.020506882169425013
12.296,-0.029694222953854127
12.3,-0.045695538584423503
12.304,-0.026949950880884983
12.308,-0.016694507649774024
12.312,-0.039973730864439116
12.316,-0.025599863238279036
12.32,-0.026496173915464303
12.324,-0.016611631693341455
12.328,-0.03400302568704948
12.332,-0.03920013140682874
12.336,-0.036346876935598835
12.34,-0.028568563004769225
12.344,-0.010021469557719119
12.348,-0.020876636142511475
12.352,-0.03962518983620334
12.356,-0.02485455742697127
12.36,-0.03263266216375126
12.364,-0.03449781472157651
12.368,-0.007967242737767256
12.372,-0.043712903869315464
12.376,-0.03412367062162448
12.38,-0.014413093323221297
12.384,-0.026015157097990304
12.388,-0.02593481223129687
12.392,-0.026803730823902368
12.396,-0.036653770275613756
12.4,-0.04711939094412789
12.404,-0.018693236491686575
12.408,-0.017251390802902482
12.412,-0.03297832431447454
12.416,-0.037970252777387886
12.42,-0.03280234880246574
12.424,0.00912952394302419
12.428,-0.018602252454323405
12.432,-0.03400221610526379
12.436,-0.02932128682183874
12.44,-0.025654972516674524
12.444,-0.022173392284906848
12.448,-0.009146774297536811
12.452,-0.036927454044393064
12.456,-0.03277130606309075
12.46,-0.025583399456685866
12.464,-0.025853165356773976
12.468,-0.030713478196518346
12.472,-0.04363542781937884
12.476,-0.03512324891242656
12.48,-0.02656849144321793
12.484,-0.014065351815822124
12.488,-0.017366785607197514
12.492,-0.04476387554662503
12.496,-0.03649684008687703
12.5,-0.028169867616803977
12.504,-0.002862682365915784
12.508,-0.02500055517855499
12.512,-0.03979975465269673
12.516,-0.04674427179079232
12.52,-0.03306030061118582
12.524,-0.016008217802910583
12.528,-0.014508495209101517
12.532,-0.03191643473316763
12.536,-0.024104610857380575
12.54,-0.0247062040029564
12.544,-0.014189733660378307
12.548,-0.014491953045062395
12.552,-0.049123985680304835
12.556,-0.028045770859169712
12.56,-0.02277484216804203
12.564,-0.017458546631244434
12.568,-0.020363804201493998
12.572,-0.03471694859700013
12.576,-0.029511461694912422
12.58,-0.040335794617668355
12.584,-0.014694757521429522
12.588,-0.005819769907158967
12.592,-0.039679963518871895
12.596,-0.04044019582246475
12.6,-0.027356367059315892
12.604,-0.025076666895272357
12.608,-0.02730324409599371
12.612,-0.037124391264942984
12.616,-0.05199287362366968
12.62,-0.020462992496928248
12.624,-0.027220231491180913
12.628,-0.03699964862812717
12.632,-0.028656877479239284
12.636,-0.037123259035061654
12.64,-0.0315857473662441
12.644,-0.02279091356993347
12.648,-0.030955547539786372
12.652,-0.03452881685264988
12.656,-0.02582740274891183
12.66,-0.019981907526941366
12.664,-0.02588118758123134
12.668,-0.030870909612845214
12.672,-0.043094921602471734
12.676,-0.04513650235284458
12.68,-0.021034292172228294
12.684,-0.021637221826220306
12.688,-0.0134012642025159
12.692,-0.04109477411529185
12.696,-0.03608660751394381
12.7,-0.029856828991682245
12.704,-0.01547036352261225
12.708,-0.02122072120857396
12.712,-0.03287964871251974
12.716,-0.03570021706992077
12.72,-0.019101563826157145
12.724,-0.011547028915735336
12.728,-0.015957519052139376
12.732,-0.03844903537675246
12.736,-0.039885836042204754
12.74,-0.015756796177824575
12.744,-0.0002758676954426227
12.748,-0.01613550762959373
12.752,-0.026483248140106146
12.756,-0.03358613946213559
12.76,-0.03207251702846912
12.764,-0.01003383591788191
12.768,-0.02082288997555911
12.772,-0.02992006387811957
12.776,-0.028373428213636614
12.78,-0.03522259289925754
12.784,-0.022886538815852443
12.788,-0.029561277810512814
12.792,-0.02194014684093648
12.796,-0.03259134222047558
12.8,-0.01378226163288578
12.804,-0.02566700768152668
12.808,-0.015056087799177841
12.812,-0.032411975126329054
12.816,-0.042198866895057786
12.82,-0.04109812959499458
12.824,-0.02792002113988846
12.828,-0.028657673739142145
12.832,-0.029298075077115786
12.836,-0.04125267170373352
12.84,-0.026231372543564703
12.844,-0.011230836456569589
12.848,-0.00784349622770867
12.852,-0.018243521340762174
12.856,-0.04136939412886409
12.86,-0.024698952850907563
12.864,-0.02345627106763306
12.868,-0.03623611535173808
12.872,-0.024544662957427042
12.876,-0.04639506740224625
12.88,-0.01867182551377976
12.884,-0.008295233407968016
12.888,-0.018316919908791543
12.892,-0.02709530645467323
12.896,-0.019343840906836163
12.9,-0.011230626665937219
12.904,-0.014998347222249644
12.908,-0.014984481275585156
12.912,-0.02491763303046501
12.916,-0.014846000216882507
12.92,-0.016059670052248263
12.924,-0.014910111781494173
12.928,-0.013995705107579574
12.932,-0.04201893980181769
12.936,-0.013190552636285217
12.94,-0.025793570874320423
12.944,-0.014714917941671086
12.948,-0.020305202956353383
12.952,-0.020598525067343276
12.956,-0.031126076279113915
12.96,-0.01585637587901754
12.964,0.0014565678312592825
12.968,-0.01148945081682812
12.972,-0.03427253462319932
12.976,-0.03340697839354264
12.98,-0.04181484463656843
12.984,-0.009872989142971748
12.988,-0.018224618226569858
12.992,-0.023734368683337646
12.996,-0.025720259500822695
13.0,-0.030623472288557125
13.004,-0.006588442248878827
13.008,-0.005604274117825627
13.012,-0.02304322603925937
13.016,-0.055471519982052006
13.02,-0.010043769793607632
13.024,-0.0321490986242581
13.028,-0.019922203023203782
13.032,-0.018542685433416497
13.036,-0.02092495012277107
13.04,-0.011406641947551718
13.044,-0.020229806403724813
13.048,-0.03469779626176067
13.052,-0.03672079134931447
13.056,-0.03367322441781218
13.06,-0.030276490960528202
13.064,-0.014767315746022944
13.068,-0.016594078426877264
13.072,-0.019060388141406436
13.076,-0.03322362472129095
13.08,-0.0060786816273839285
13.084,-0.007189783057601877
13.088,-0.024151375063858803
13.092,-0.025783718034769434
13.096,-0.032823457994800104
13.1,-0.024876624137337794
13.104,-0.034514802682017905
13.108,-0.01541048989347457
13.112,-0.00980248017341626
13.116,-0.03658487409637809
13.12,-0.03053763342472376
13.124,-0.009315964952574158
13.128,-0.027286181623766836
13.132,-0.02070132394710312
13.136,-0.04882937216573849
13.14,-0.035310852479942346
13.144,-0.003539406569704714
13.148,-0.03053340394893011
13.152,-0.02826422705530624
13.156,-0.03767557822643718
13.16,-0.0077789880129171245
13.164,0.006205523474820519
13.168,-0.005481870714712671
13.172,-0.02640162982625006
13.176,-0.03749075434594974
13.18,-0.029236167027653807
13.184,-0.010711933612341983
13.188,-0.02600603864693375
13.192,-0.022707450197748953
13.196,-0.04037793432677144
13.2,-0.015495080982985934
13.204,-0.013754539744694257
13.208,-0.01973393679552535
13.212,-0.007508031367191921
13.216,-0.0334556167817808
13.22,-0.02428872963915686
13.224,-0.02391272886893258
13.228,-0.02052639727595106
13.232,-0.020049733751545465
13.236,-0.02778041385425151
13.24,-0.02549579787370489
13.244,-0.003901244861997017
13.248,-0.019571820958672177
13.252,-0.024612173615486167
13.256,-0.06835470698671059
13.26,-0.015433121119298045
13.264,0.0034928001869092996
13.268,-0.012810905549989508
13.272,-0.02709418187955078
13.276,-0.004054616850205507
13.28,-0.025583688522559433
13.284,-0.021297761050162838
13.288,-0.005547872290412028
13.292,-0.024428462917158028
13.296,-0.04385738212769711
13.3,-0.02863787536186638
13.304,0.0035882803992937744
13.308,-0.00658342348029378
13.312,-0.029494741467229524
13.316,-0.03297081679429835
13.32,-0.009176709973535898
13.324,-0.013257832719143223
13.328,-0.005326879951406299
13.332,-0.015962269199967696
13.336,-0.03246336689863045
13.34,-0.035340182525493744
13.344,0.002051180739008245
13.348,-0.003912606877756228
13.352,-0.03489214149325255
13.356,-0.01390452430683089
13.36,-0.030453760511150833
13.364,-0.01555629737026323
13.368,-0.011195393246006432
13.372,-0.039668078205603106
13.376,-0.0352339724995349
13.38,-0.016441601332057864
13.384,-0.013024713446037468
13.388,-0.009071253267332555
13.392,-0.022269586948013856
13.396,-0.03619148279535224
13.4,-0.021236759706216697
13.404,-0.01887165773129938
13.408,-0.024062038168466922
13.412,-0.014568080854947499
13.416,-0.04602462859052803
13.42,-0.024642554826104692
13.424,-0.029407841845821233
13.428,-0.024595860609703202
13.432,-0.031201550365618332
13.436,-0.01981755755229607
13.44,-0.004236995124222475
13.444,-0.020729644811406097
13.448,0.0031129084985627928
13.452,-0.009740850679876885
13.456,-0.03063294647621196
13.46,-0.025579606531223018
13.464,-0.013135646646382731
13.468,-0.020910964828977644
13.472,-0.04412270500882128
13.476,-0.029777282811489437
13.48,-0.02421671568892707
13.484,-0.023286261569465755
13.488,-0.02079082767399739
13.492,-0.0028587488472214435
13.496,-0.0356903759408219
13.5,-0.029248986561110295
13.504,-0.006291894144660917
13.508,-0.018200975517739342
13.512,-0.01866124078406177
13.516,-0.024648716748045953
13.52,-0.01766623348066482
13.524,-0.011201726224032033
13.528,-0.014220100306136975
13.532,-0.03140159041900031
13.536,-0.02421909471175974
13.54,-0.00957660709501282
13.544,-0.008868471852046013
13.548,-0.004090205502813823
13.552,-0.009931464806076505
13.556,-0.0283816626732445
13.56,0.0024120939576883806
13.564,-6.469341923290468e-05
13.568,-0.01936027936302223
13.572,-0.02677201490509501
13.576,-0.029212074945366144
13.58,-0.016157503330673534
13.584,-0.026923576525335002
13.588,-0.0209950721965836
13.592,-0.036626412203261544
13.596,-0.0376732009963955
13.6,-0.02248178087219709
13.604,0.0018265576060542046
13.608,-0.0005421624000124994
13.612,-0.028023097235232563
13.616,-0.03362624887602171
13.62,-0.030177141119007156
13.624,-0.024095027510973203
13.628,-0.012877465319421189
13.632,-0.03639345462520347
13.636,-0.048076059270011004
13.64,-0.002773922956038788
13.644,-0.004661245231352809
13.648,-0.011600515931828311
13.652,-0.03181931689477411
13.656,-0.03058151684799846
13.66,-0.006387457827299025
13.664,0.0009387157021962418
13.668,-0.02015495424492337
13.672,-0.03850352033603872
13.676,-0.026669957832761035
13.68,-0.009564576710368927
13.684,-0.014128133265480453
13.688,-0.010962341114430629
13.692,-0.02842950678190459
13.696,-0.020943472076394194
13.7,-0.0290522040110251
13.704,-0.024934699131369906
13.708,-0.007638379055731001
13.712,-0.023034179545479927
13.716,-0.014594356129193258
13.72,-0.012845773823978928
13.724,-0.014093276790698672
13.728,0.003472236275930728
13.732,-0.020539378182762812
13.736,-0.020527513190594166
13.74,-0.016955825845332666
13.744,0.0018248253464484953
13.748,-0.016463401717229452
13.752,-0.029953438200126737
13.756,-0.031745700523824485
13.76,-0.00570019739870657
13.764,-0.01571009734139269
13.768,-0.009650810931861202
13.772,-0.0187190807163065
13.776,-0.024379305903803928
13.78,-0.01709952860592353
13.784,-0.00627578902246091
13.788,-0.009109927260886209
13.792,-0.027227038466215735
13.796,-0.006919783169218548
13.8,-0.03305020266431703
13.804,-0.002750054804536767
13.808,-0.017719683765279146
13.812,-0.02382325763238047
13.816,-0.03525172735183919
13.82,-0.02108485094786297
13.824,-0.019011854411906774
13.828,-0.008553308743026738
13.832,-0.014058984432680655
13.836,-0.017642451326514298
13.84,-0.01401131483305984
13.844,-0.010977201954473565
13.848,-0.005199975400671845
13.852,-0.018624329820061614
13.856,-0.03355437469757229
13.86,-0.004250727127945627
13.864,-0.004253198086530012
13.868,-0.0034596751003833533
13.872,-0.032274038402820476
13.876,-0.02110582367092896
13.88,-0.026177781403788042
13.884,-0.007636793385147815
13.888,-0.0198897542172893
13.892,-0.02035191510415141
13.896,-0.02996578585649243
13.9,-0.038684917903861846
13.904,-0.012277482296770599
13.908,-0.00014734563076160452
13.912,-0.02328800424071479
13.916,-0.0399955552648324
13.92,-0.04012711796160529
13.924,-0.00519147355693233
13.928,-0.0021838097243336158
13.932,-0.015651306136418266
13.936,-0.032200456750641655
13.94,-0.021359483814917795
13.944,-0.031156250246643674
13.948,-0.011808159049655107
13.952,-0.03421273323994825
13.956,-0.0445760926820865
13.96,-0.010763722754306863
13.964,-0.021140185217466488
13.968,-0.020082668433275483
13.972,-0.039517463933957137
13.976,-0.029054377151062304
13.98,6.654781180189667e-05
13.984,0.000255108237598038
13.988,-0.010487050905610643
13.992,-0.011422000578659199
13.996,-0.03616144964190779
14.0,-0.009539636409821908
14.004,-0.023908650832917544
14.008,-0.014060587058082543
14.012,-0.03399563844388612
14.016,-0.010187120174844208
14.02,-0.017250983185360745
14.024,-0.016994245442796346
14.028,0.006199892172759947
14.032,-0.03550794566050759
14.036,-0.02334442618644058
14.04,-0.012838289480504111
14.044,-0.005584797102181334
14.048,0.01213611037721358
14.052,-0.017990721228950603
14.056,-0.03966279949375966
14.06,-0.0025504596561574285
14.064,-0.01403041508996317
14.068,-0.013281753756811754
14.072,-0.026925962647627266
14.076,-0.024988597078527925
14.08,-0.01638697720392807
14.084,-0.013462807961094725
14.088,-0.012064851714155523
14.092,-0.014915188511341895
14.096,-0.03399013270644856
14.1,-0.02393177948670378
14.104,-0.006539986370720712
14.108,-0.003479655261324788
14.112,-0.014195369232322619
14.116,-0.015849649753670522
14.12,-0.008316276063111201
14.124,-0.004391663231134843
14.128,-0.01337025333608742
14.132,-0.015562507773465033
14.136,-0.02520748456310968
14.14,-0.018304962468655782
14.144,-0.01712607237789655
14.148,-0.021626215073035276
14.152,-0.005577721323311269
14.156,-0.029583756544518912
14.16,-0.025108220330773992
14.164,-0.005304355156353767
14.168,0.007267975768686109
14.172,-0.0030670051432846457
14.176,-0.015632272333148234
14.18,-0.0015252696511943529
14.184,-0.005224393662090343
14.188,0.0002797995373348683
14.192,-0.02892797839644598
14.196,-0.02304702508253811
14.2,-0.02873530381899885
14.204,-0.005183001750019655
14.208,-0.019351212013608118
14.212,-0.014943652090439338
14.216,-0.02137169716436342
14.22,0.0008282402764331846
14.224,-0.00563368623674361
14.228,-0.009485792886995366
14.232,-0.02522989918069644
14.236,-0.02206740660153899
14.24,0.00828700212646222
14.244,-0.011144225351840082
14.248,-0.017889650847889998
14.252,-0.02336628678362762
14.256,-0.01975464755888851
14.26,-0.003002510586755533
14.264,0.013983737480509507
14.268,-0.008631360173239924
14.272,-0.029523537505076327
14.276,-0.03355208512288932
14.28,-0.01470043317637149
14.284,-0.005077394533199083
14.288,0.004618337705398689
14.292,-0.010944640894397126
14.296,-0.02744692348290239
14.3,-0.023742110604048666
14.304,-0.008349005944725214
14.308,-0.017408775789436885
14.312,-0.002596957934688296
14.316,-0.017786148547784337
14.32,-0.01319308303867834
14.324,-0.011678906191467163
14.328,-0.015697319304680015
14.332,-0.025927547288838393
14.336,-0.018644580240882724
14.34,-0.015262361402742518
14.344,0.004927852064080723
14.348,-0.00753981753234606
14.352,-0.029377270856963636
14.356,-0.019828680968362038
14.36,-0.015876166747464386
14.364,-0.011155899865288796
14.368,-0.020710307748924555
14.372,-0.019929303491220768
14.376,-0.027799086750800957
14.38,-0.02055938881687057
14.384,-0.009929945920589834
14.388,-0.0012709791597597803
14.392,-0.019397365291928554
14.396,-0.02963324085748616
14.4,-0.019384493002757134
14.404,-0.015429058255982992
14.408,-0.0028054953065485243
14.412,-0.017193868942409086
14.416,-0.024856630915802647
14.42,-0.01761778276887897
14.424,-0.00939666720192963
14.428,-0.017160950026221845
14.432,-0.024191022178862723
14.436,-0.014701299727416997
14.44,-0.004995422058424696
14.444,-0.01440845550390755
14.448,-0.019222034039322457
14.452,-0.022982734941153195
14.456,-0.03013398049539002
14.46,-0.022092257813306454
14.464,-0.0006548195172484234
14.468,-0.007192771631036999
14.472,-0.008883824782365358
14.476,-0.01746237970679982
14.48,-0.02348954389738915
14.484,-0.001938461329249868
14.488,-0.005397099928737123
14.492,-0.006785294359097856
14.496,-0.012919881976250176
14.5,-0.016503123975571455
14.504,-0.001296886708367277
14.508,-0.0025257082318865757
14.512,-0.022563256037924743
14.516,-0.017925467048257808
14.52,-0.02564497844463326
14.524,0.002572032945566808
14.528,0.0008264376177825042
14.532,-0.0022588173052660206
14.536,-0.03716095848197166
14.54,-0.014992989806648212
14.544,0.009190915336284983
14.548,-0.021412389136109836
14.552,0.003258653474218335
14.556,-0.026611462504390435
14.56,-0.012130747183169576
14.564,-0.009316884494604926
14.568,-0.005454892106246353
14.572,-0.016304627704211348
14.576,-0.01580267989336811
14.58,-0.019714207901817604
14.584,0.0029816416193425826
14.588,-0.01710062698867719
14.592,-0.018377458310016224
14.596,-0.017112418496209515
14.6,-0.011250164227275898
14.604,-0.018057315766629445
14.608,-0.01980353912999379
14.612,-0.0026278284836437765
14.616,-0.018824664497364092
14.62,-0.013209634473287483
14.624,6.912562194036614e-05
14.628,-0.009873152321774844
14.632,-0.014185792472623424
14.636,-0.02081276748242836
14.64,-0.020050226908817442
14.644,0.0014390035822141327
14.648,-0.007103132870289412
14.652,-0.010173916394083214
14.656,-0.026633137465158163
14.66,-0.025253570167373063
14.664,-0.011529005550904121
14.668,-0.011601104586186229
14.672,-0.030549785145136392
14.676,-0.010122499095156333
14.68,-0.004324272245140314
14.684,-0.032344959954934624
14.688,0.008081570109338796
14.692,-0.023336652232618514
14.696,-0.024862489737602838
14.7,-1.717073349435938e-06
14.704,0.006183782394671071
14.708,-0.00694100678641171
14.712,-0.01989667022510406
14.716,-0.01706673380579605
14.72,-0.015611982766489112
14.724,-0.005753773213353367
14.728,-0.0018279663094494074
14.732,-0.016479505096771496
14.736,-0.038297066121801684
14.74,0.0030485010158352154
14.744,0.017906104476226356
14.748,-0.02419426204958186
14.752,-0.0193501828833038
14.756,-0.027367420498677738
14.76,-0.023116450112210925
14.764,-0.005334012291055953
14.768,-0.0076512774650915605
14.772,-0.03178726560802843
14.776,-0.016800029748248374
14.78,0.007035382451193631
14.784,-0.010339029635700277
14.788,-0.009904175647818553
14.792,-0.002047101689535577
14.796,-0.005898975917646461
14.8,-0.025795149864776046
14.804,-0.015333798501100022
14.808,-0.010236029625362776
14.812,-0.026602737075176627
14.816,-0.0358457482728583
14.82,-0.0076100193306753786
14.824,-0.014805274424282297
14.828,-0.014969604637957788
14.832,-0.018781456542862864
14.836,-0.00558207183152179
14.84,0.0017379022010272239
14.844,0.0008965707999641147
14.848,-0.01801942441391378
14.852,-0.02017469508049434
14.856,-0.008162100071355543
14.86,-0.013954534435379614
14.864,-0.0046658161015075235
14.868,0.001963670956518433
14.872,-0.03182504694715063
14.876,-0.016071966332349138
14.88,0.00028388001827539533
14.884,0.0048744845257421955
14.888,-0.00016521955194378785
14.892,-0.011067488389340064
14.896,-0.010561789757638487
14.9,-0.02401366627667487
14.904,0.0013147120996817741
14.908,-0.004911462592250027
14.912,-0.021751813918446352
14.916,-0.01801187154562469
14.92,-0.0010316083956842352
14.924,0.020235565211916752
14.928,-0.012104526005952045
14.932,-0.02521493114004021
14.936,-0.02206776949800825
14.94,-0.008153249468089888
14.944,-0.0026181388482695665
14.948,-0.016398596279665834
14.952,-0.022678202516542005
14.956,-0.00634309638573795
14.96,-0.034320486324915606
14.964,0.005568654877970915
14.968,-0.0005542554105219125
14.972,-0.011473296807039951
14.976,-0.019664085005005064
14.98,-0.008226819067676255
14.984,-0.011388831102981828
14.988,0.01804798487122157
14.992,-0.023161804768004623
14.996,-0.022131748853576015
15.0,-0.029264889405317608
15.004,0.009133977902148248
15.008,0.0034572361862682845
15.012,-0.01715321043621803
15.016,-0.016611220946442656
15.02,-0.0016072803483852365
15.024,0.003342751985464687
15.028,-0.011064332991929314
15.032,-0.011979373926770582
15.036,-0.02645495330472505
15.04,-0.006546954353946864
15.044,-0.0017850092549385375
15.048,0.0003314240524069567
15.052,-0.013075291140911393
15.056,-0.02964612873530447
15.06,-0.002641750228417441
15.064,0.0051954392826027386
15.068,-0.004558203306552347
15.072,-0.026498705051268036
15.076,-0.023094385731927042
15.08,-0.003836141401945439
15.084,-0.0038168532331148437
15.088,0.009259580494359099
15.092,-0.02160382848245064
15.096,-0.011725948997783626
15.1,-0.01646413800750987
15.104,0.003907726261479463
15.108,0.008512477642600384
15.112,0.0021769101689847574
15.116,-0.016203620418053993
15.12,-0.021730312784533093
15.124,-0.013421660713881118
15.128,-0.004253951395371108
15.132,-0.012937739872210793
15.136,-0.024495771304271056
15.14,-0.021196020450802593
15.144,-0.010555204507496491
15.148,-0.022791386914809756
15.152,-0.006484212334465004
15.156,-0.017813465016303584
15.16,0.00043549428214599735
15.164,0.0016795509114955237
15.168,0.011078971568885116
15.172,-0.016981508719391247
15.176,-0.04524622777798491
15.18,-0.0018365674813052915
15.184,-0.009808797914119828
15.188,0.0058095053790097285
15.192,-0.018588285703702592
15.196,-0.024954704635442422
15.2,0.007999222081920668
15.204,-0.006549865885768282
15.208,0.005239109398977758
15.212,-0.03218944369555582
15.216,-0.018511278450318417
15.22,0.0017450881581189993
15.224,0.001879959081016313
15.228,-0.012414688406605447
15.232,-0.023339497113245462
15.236,-0.03737692866177848
15.24,0.0007474506579255111
15.244,-0.00016833920173171796
15.248,-0.0037959169454514375
15.252,-0.01961527643843517
15.256,-0.017378558262472636
15.26,-0.014204190719804131
15.264,-0.010369844411015294
15.268,0.0035762740378254424
15.272,-0.00224353307063223
15.276,-0.019594251214448206
15.28,0.0013065769248837168
15.284,-0.0027945597488155454
15.288,0.006187232990426023
15.292,-0.023600043561056945
15.296,-0.013293653807300873
15.3,-0.007853674587019818
15.304,0.004676619389044815
15.308,-0.016084384234992612
15.312,-0.017290014611379256
15.316,-0.027320038232552763
15.32,-0.015751857931847045
15.324,-0.0026526827891888067
15.328,-0.010099477488665128
15.332,-0.015101245838534621
15.336,-0.0028409218491030237
15.34,0.00025207067228323783
15.344,0.015951571346963095
15.348,0.006481000696112661
15.352,-0.025055394087643984
15.356,-0.014134437999823177
15.36,-0.016820842662559284
15.364,0.005447985081885787
15.368,-0.0027043768715581534
15.372,-0.012064805418084683
15.376,-0.017697956654594227
15.38,-0.018156682263198623
15.384,0.017819010164997925
15.388,0.01520827710849976
15.392,-0.02797572455829716
15.396,-0.024146560384906927
15.4,-0.023603825430121635
15.404,-0.005446721298106466
15.408,0.012059793204313524
15.412,-0.02596551508380569
15.416,-0.022244044774980577
15.42,-0.0394330688296012
15.424,-0.009621024875038615
15.428,-0.019599514529633693
15.432,-0.03492619985893647
15.436,-0.01146689981105465
15.44,0.022525495919972736
15.444,0.01827999749270864
15.448,-0.014526353357732492
15.452,-0.03578690784103261
15.456,-0.028674209371999458
15.46,-0.03161797519305385
15.464,-0.021714287478764437
15.468,0.03395611431942423
15.472,-0.020378293094580443
15.476,-0.01435526140236559
15.48,-0.004558355174307075
15.484,0.017213453143322732
15.488,-0.013064412462734012
15.492,-0.021338924671561323
15.496,-0.02180988377735599
15.5,-0.026973990988669906
15.504,-0.003787808754187027
15.508,-0.012563778648660597
15.512,-0.011859006761145199
15.516,-0.0037170377342493864
15.52,-0.011081300655041487
15.524,-0.01026993350000572
15.528,0.012864308822906697
15.532,-0.007426517909295489
15.536,-0.007775440052479538
15.54,0.0019809800866891335
15.544,0.014359818261283443
15.548,-0.008145724256304585
15.552,-0.01827681365009214
15.556,-0.03361190899224419
15.56,-0.006106533789367027
15.564,-0.011313428624315953
15.568,-0.005949354933561222
15.572,-0.01251391699786504
15.576,-0.016554313089812162
15.58,0.0012512666097757238
15.584,-0.005029128855124307
15.588,-0.005409311218048898
15.592,-0.014668017122419944
15.596,-0.021557349017629148
15.6,-0.010127093481633783
15.604,0.006860051715488726
15.608,-0.002348390666617646
15.612,-0.0035301967812232365
15.616,-0.013110132595509558
15.62,-0.0008722442635290626
15.624,0.0012305547077651878
15.628,-0.007254537514474453
15.632,-0.009908371363243617
15.636,-0.024485048952440934
15.64,-0.01659408545536095
15.644,0.0014244360473245257
15.648,0.004568812640294442
15.652,-0.032185450856530545
15.656,0.0013101758730243197
15.66,-0.009643011517122362
15.664,0.007717633432938
15.668,-0.018294293839516553
15.672,-0.00898201524553778
15.676,-0.023889167283391802
15.68,-0.02561300940655573
15.684,0.006506605079364454
15.688,0.014417507914772844
15.692,-0.023717216312688652
15.696,-0.028590688578140025
15.7,0.004278926670168633
15.704,-0.007625686236574286
15.708,-0.0041498559350758345
15.712,-0.009229603372931168
15.716,-0.01562923693171456
15.72,-0.0013958480661479707
15.724,-0.007686905480454817
15.728,-0.008941314440990781
15.732,-0.007768634948606688
15.736,-0.02999041768788568
15.74,-0.0061770013904195314
15.744,-0.004861599896685121
15.748,-0.0041530947684085655
15.752,-0.023745149904433972
15.756,-0.015049081865672427
15.76,-0.0102765205869969
15.764,-0.015596090171152065
15.768,0.0011921499027908221
15.772,-0.00991732395147205
15.776,-0.02574774016190237
15.78,-0.005258509505416006
15.784,0.004509498441156808
15.788,0.0037086305722201776
15.792,-0.004998239616448975
15.796,-0.01688322502023059
15.8,-0.013204317287155341
15.804,-0.011042125345794553
15.808,-0.010706264205986004
15.812,-0.01992403760003551
15.816,-0.015748665681328558
15.82,-0.004993689857946794
15.824,0.008316786117707257
15.828,-0.0032753035238840536
15.832,0.0040530877385508216
15.836,-0.02886673836273363
15.84,-0.005343289353526489
15.844,-0.0020299463507437387
15.848,0.0055266953821194505
15.852,-0.01696945818694914
15.856,-0.021197668307112078
15.86,-0.00026330200495808427
15.864,0.012530211602810674
15.868,-0.005672069688073602
15.872,-0.00951529779056993
15.876,-0.024984263649567257
15.88,-0.019416973310573647
15.884,-0.023385592567240047
15.888,-0.004229135587364388
15.892,-0.018613060993045133
15.896,-0.0038622800062573497
15.9,0.0010695963500830085
15.904,-0.01659601372405594
15.908,-0.0026716904688703844
15.912,-0.009113244179266816
15.916,-0.020177434586217673
15.92,-0.0027442006451980847
15.924,0.006148863583696586
15.928,-0.005380491604247481
15.932,-0.03317383913699895
15.936,-0.02549494033242699
15.94,-0.005202691677185631
15.944,0.005748031986552912
15.948,-0.0017461919063634901
15.952,-0.04049655885622006
15.956,-0.004691148740197363
15.96,-0.005438671816778919
15.964,-0.017126536339851055
15.968,0.009762380358991449
15.972,-0.019753229988920228
15.976,-0.011452401915718984
15.98,-0.01919988604386438
15.984,-0.013152208176021246
15.988,9.317340427281162e-05
15.992,-0.012877163295295781
15.996,-0.019319659505737465
16.0,0.005046563623371136
16.004,0.012969395860361397
16.008,-0.008541532460297879
16.012,-0.014284728072286612
16.016,-0.012056510153696999
16.02,-0.0032738392928848316
16.024,0.009963885279248337
16.028,-0.013982153082574094
16.032,-0.014187595748787144
16.036,-0.013678967359233834
16.04,-0.005941205751903384
16.044,-0.011579822257677199
16.048,-0.007853936396934224
16.052,-0.008604842761850359
16.056,-0.01654536908817485
16.06,-0.0232870708193576
16.064,0.00932733332389982
16.068,0.005928666721675606
16.072,-0.021877759165315366
16.076,-0.021405950531397277
16.08,-0.006433429203631407
16.084,-0.015773585226159466
16.088,-0.007961889250539382
16.092,-0.024486127221242417
16.096,-0.024448733970738754
16.1,-0.0008084619584914216
16.104,0.023857104874871488
16.108,0.0018987333584631599
16.112,-0.002580870925815267
16.116,-0.022377793707483187
16.12,-0.013886783721998431
16.124,0.0108795005213276
16.128,-0.006721257994834719
16.132,-0.018088035467683363
16.136,-0.011712593611200355
16.14,0.0070618923618867985
16.144,0.009158461614108146
16.148,-0.0052490195233905424
16.152,-0.0004042909541603218
16.156,-0.00974866885159131
16.16,0.014034949295216398
16.164,0.022634874222084198
16.168,-0.01839186437244272
16.172,-0.01405621080208776
16.176,0.0004621916116234123
16.18,-0.023413207684423315
16.184,0.00988936754972081
16.188,0.00039424829228732784
16.192,-0.005043989402664541
16.196,-0.02711812195816948
16.2,-0.011520554737622663
16.204,0.012490986660325071
16.208,-0.0007891092394918023
16.212,-0.010448577004097794
16.216,-0.0031390681683327246
16.22,-0.017120297312288826
16.224,-0.012518381107288343
16.228,-0.007049955749035268
16.232,-0.024309966140514908
16.236,-0.02410322797597922
16.24,-0.01325744684914477
16.244,0.007671491248975802
16.248,-0.0008365151212914286
16.252,-0.020438640002541822
16.256,-0.010914662247318211
16.26,-0.009759673863899063
16.264,-0.020405645699460136
16.268,-0.009390463475883865
16.272,-0.003771084170711196
16.276,-0.019206922345795293
16.28,0.0029746048124957448
16.284,0.0019357605734290346
16.288,-0.01751099096505413
16.292,-0.016332584610110876
16.296,-0.0014821932670805726
16.3,-0.01853074642454988
16.304,0.004091567409808074
16.308,0.0022423913707874934
16.312,0.0028839355489768473
16.316,-0.01744513644399266
16.32,-0.01080474498661259
16.324,-0.002858813694710566
16.328,-0.0034311924404747027
16.332,-0.007270209148684401
16.336,-0.011982836352562688
16.34,-0.017347823120557333
16.344,-0.011171467269936659
16.348,-0.00547267441864875
16.352,-0.018314727818788165
16.356,-0.024762603343915335
16.36,-0.019081238405196353
16.364,-0.008616485751997256
16.368,-0.01925506570073294
16.372,-0.02043310064204334
16.376,-0.026924087019548425
16.38,-0.017098003410198178
16.384,0.0036668736936991014
16.388,-0.0055365910781131214
16.392,-0.012509883557598534
16.396,-0.01886210232632289
16.4,-0.0021756428631176895
16.404,-0.009955020011449107
16.408,-0.01363156662222851
16.412,-0.01581542850259029
16.416,-0.030708887806810976
16.42,-0.013656605600040898
16.424,-0.015497786268447375
16.428,0.001494353984508593
16.432,-0.02201023792024206
16.436,-0.021236248831742396
16.44,-0.014459231557183188
16.444,0.004248790727633819
16.448,-0.0075111667414921104
16.452,-0.008063333889259873
16.456,-0.019846250474694765
16.46,-0.002548835268181007
16.464,-0.009783968891632185
16.468,-0.004288614544164038
16.472,-0.018399713841705412
16.476,-0.02714754406910921
16.48,-0.0018973990159599175
16.484,0.018624523289324884
16.488,0.0024576601373355192
16.492,-0.004454286577976151
16.496,-0.008268831173806765
16.5,-0.00724883857963384
16.504,-0.0037205467552218307
16.508,-0.009063942937150989
16.512,-0.010322314740532483
16.516,-0.02815484350841585
16.52,-0.004625886438966857
16.524,0.006597017720895206
16.528,0.004374593436666132
16.532,-0.00593761529373083
16.536,-0.0045950024629722724
16.54,-0.014490181605083328
16.544,-0.007847747384279763
16.548,-0.007589169853953377
16.552,-0.022387224330971577
16.556,-0.012071358009406459
16.56,-0.0035309005639161594
16.564,-0.0052090525737444986
16.568,-0.011057853212707313
16.572,-0.02621071202997105
16.576,-0.017686695446117846
16.58,-0.004271787735246293
16.584,-0.0036682566362483343
16.588,0.0012280838446200376
16.592,-0.012565230766342281
16.596,-0.029456790914739538
16.6,-0.0038735077003952513
16.604,0.0014962203150582463
16.608,0.0011522231439011809
16.612,-0.01051770703928247
16.616,-0.017676198395380927
16.62,-0.00728425254601626
16.624,0.0033238957291606853
16.628,0.015512855785196584
16.632,-0.014858326908442876
16.636,-0.008859571207333177
16.64,-0.02485321929236483
16.644,-0.008128963004122771
16.648,0.015547731944945235
16.652,-0.006274426248556815
16.656,-0.01831186859955652
16.66,-0.012264921616227557
16.664,0.007173626870474858
16.668,-7.01854785962264e-05
16.672,0.006904130149864816
16.676,-0.016069759348835616
16.68,-0.014027709837786022
16.684,-0.004550923539926171
16.688,0.0010131421709088182
16.692,-0.015095196804081914
16.696,-0.012146022395196599
16.7,0.008914551627999423
16.704,-0.019340237475320585
16.708,0.0005193183335969733
16.712,-0.005934382029533574
16.716,-0.04369151230158236
16.72,-0.013243083392359018
16.724,-0.005651930389207431
16.728,0.005600603515706226
16.732,-0.03200757958024823
16.736,-0.023455785485636156
16.74,-0.005283700660003559
16.744,-0.012042678504929143
16.748,0.0010676341478426292
16.752,-0.027439960011054164
16.756,-0.026213818941072504
16.76,-0.00045659488213496344
16.764,0.0053552537590094386
16.768,0.019313073113185503
16.772,-0.01380779304150304
16.776,-0.03290981653882753
16.78,-0.010844888696519981
16.784,0.01431304147463669
16.788,0.011139410920509518
16.792,-0.00631351758113821
16.796,-0.020166710222411573
16.8,-0.010432196061288817
16.804,-0.0009790792463134483
16.808,0.010630512237015628
16.812,-0.013320694258801715
16.816,-0.02230038825591465
16.82,-0.010724658964500535
16.824,-0.0017502311647752363
16.828,-0.0003368534362403622
16.832,-0.010246669569791533
16.836,-0.016643662018790563
16.84,-0.017228240093374182
16.844,-0.01965829185785161
16.848,-0.0020253611016711093
16.852,-0.01728910222082918
16.856,-0.008352224237703968
16.86,-0.0031874798049120936
16.864,-0.005140173297136536
16.868,0.0029505662661111548
16.872,-0.026618811611556145
16.876,-0.009982238614950772
16.88,-0.00027452330062736896
16.884,-0.0030149048644494674
16.888,-0.02534629246253527
16.892,-0.003381472866265934
16.896,-0.029516003118119465
16.9,-0.01030760846434239
16.904,-0.013126102420436186
16.908,-0.002071294062170061
16.912,-0.014065209709306381
16.916,-0.025222399560829622
16.92,-0.005599267151048369
16.924,-0.009811205619905644
16.928,-0.005421582393560032
16.932,-0.020433248641726454
16.936,-0.01783260239646385
16.94,-0.005313106636651822
16.944,0.004210199631688406
16.948,-0.010138738999963594
16.952,-0.015409203264132908
16.956,-0.02212257251821225
16.96,-0.020326587540849428
16.964,-0.007623603943697857
16.968,-0.010724795264224457
16.972,-0.02717069854280251
16.976,-0.020117081168193947
16.98,-0.02178903214921042
16.984,0.006816370740416133
16.988,0.003038464427969615
16.992,-0.030661777643463145
16.996,-0.019665722768779214
17.0,-0.007794144710423117
17.004,-0.0032318082848482484
17.008,-0.02458907260596212
17.012,-0.009167883749533475
17.016,-0.024071205832879077
17.02,-0.008208026574922393
17.024,0.0030795803321452377
17.028,-0.004402533590234923
17.032,-0.015091767024826445
17.036,-0.012081953680110837
17.04,0.006807304338776934
17.044,0.002573960563196983
17.048,-0.009940399970976375
17.052,-0.03646948845221851
17.056,-0.012427544113908059
17.06,-0.021324430712303378
17.064,0.013229913877868744
17.068,-0.003634935441364616
17.072,-0.015982865752443294
17.076,-0.01297434061905008
17.08,-0.00877697006559831
17.084,-0.0009647846571542728
17.088,-0.018285575888830223
17.092,-0.023398004863393645
17.096,-0.030125042972252408
17.1,-0.017462495536593757
17.104,-0.0027481580340021497
17.108,-0.009848189996138894
17.112,-0.008955190149985132
17.116,-0.01653938768882414
17.12,-0.01511608436312135
17.124,0.003429982730639919
17.128,-0.017257864901254544
17.132,-0.012191084353945775
17.136,-0.022686103142545266
17.14,-0.005686338284601037
17.144,-0.01011310962827167
17.148,-0.009721078032339563
17.152,4.033645859079227e-05
17.156,-0.0067944545448679495
17.16,-0.015539665509786447
17.164,0.0009391067937730216
17.168,0.006446162027436543
17.172,-0.015468934577197856
17.176,-0.011675766634821649
17.18,-0.02550029345078233
17.184,-0.011554457954573842
17.188,-0.001513040199091249
17.192,-0.01443944575432936
17.196,-0.01763282162643371
17.2,-0.014983571438119049
17.204,-0.020277158748923226
17.208,-0.014682791779408073
17.212,-0.025089597858858663
17.216,-0.01370782522030453
17.22,-0.016421094475966
17.224,-0.012630402743874
17.228,-0.004719501670759875
17.232,-0.032525697862776086
17.236,-0.0038877121030998357
17.24,-0.002450045388525274
17.244,0.0019876025785335993
17.248,-0.012193756826053899
17.252,-0.021821752582331065
17.256,-0.015639199253233736
17.26,-0.009108389862965272
17.264,-0.014645083444818411
17.268,-0.011981512619763313
17.272,-0.02808354212298736
17.276,-0.028970994048340075
17.28,-0.02177341912681432
17.284,0.007002057187072679
17.288,-0.005082503923280688
17.292,-0.014432111534079403
17.296,-0.028204843793027273
17.3,-0.012120171551773603
17.304,0.00728549404927094
17.308,-0.0003987538497124618
17.312,-0.027618757455663903
17.316,-0.026374149812119677
17.32,-0.00811489496814525
17.324,-0.003416993910773684
17.328,0.0039462809044359575
17.332,-0.0016161079298297118
17.336,-0.02319802796914042
17.34,-0.012716191385583206
17.344,0.008791666955998966
17.348,-0.01126252695853417
17.352,-0.027086374453332996
17.356,-0.021902513832554323
17.36,-0.007714457959287374
17.364,-0.013379752421718023
17.368,0.0027226884655989136
17.372,-0.0064029791900630986
17.376,-0.018182336040272563
17.38,-0.0122297017873811
17.384,-0.006361093696555582
17.388,-0.0005423322035277133
17.392,-0.023188766340576678
17.396,-0.00352827489647339
17.4,0.008476880541898523
17.404,-0.00039481076759245075
17.408,-0.02141703786313621
17.412,-0.012972578309025325
17.416,-0.03247787150261115
17.42,-0.004016528091330065
17.424,-0.009305607780882939
17.428,-0.005216976438173993
17.432,-0.019701858909748387
17.436,-0.012842072925323201
17.44,-0.01016299307432697
17.444,-0.0021960188270933245
17.448,0.001533416401266514
17.452,-0.01707103961914186
17.456,-0.01623316348700977
17.46,-0.011671484514012287
17.464,-0.007434998108848142
17.468,-0.0005911258471272569
17.472,-0.01713827021411892
17.476,-0.006624915928304102
17.48,-0.01134764714934304
17.484,-0.00816263838670086
17.488,-0.014078582517686171
17.492,-0.020923411253094555
17.496,-0.02498957425760382
17.5,-0.015030360463937329
17.504,-0.011221932542129867
17.508,-0.01723257862227571
17.512,-0.005673363970202443
17.516,-0.0029201805151212214
17.52,-0.009636750485290065
17.524,0.004289334362217265
17.528,-0.016799749714225033
17.532,-0.02447036598819878
17.536,-0.02314404435858284
17.54,-0.014780420749873645
17.544,-0.0035796011585603653
17.548,-0.016426939372857136
17.552,-0.02935062160490301
17.556,-0.04086171158269534
17.56,-0.02233258024592421
17.564,-0.006200568899829199
17.568,-0.0028020877043183285
17.572,-0.0202780235220071
17.576,-0.023765579995117688
17.58,-0.02362851026319373
17.584,-0.01664651348980637
17.588,-0.009403569664965786
17.592,-0.00806119752520886
17.596,-0.020356093429581636
17.6,-0.029180809775452156
17.604,-0.003635801898372785
17.608,0.0005418607509204473
17.612,-0.0024510598290535812
17.616,-0.03129242371166105
17.62,-0.021104860423792723
17.624,-0.0031010974150054785
17.628,-0.012831234076713952
17.632,-0.02308789812208241
17.636,-0.019967653594722537
17.64,-0.011471132541942465
17.644,-0.006042447361555225
17.648,-0.013502514546856598
17.652,-0.01598872671846488
17.656,-0.020757911025426023
17.66,-0.014171542100217044
17.664,-0.0032384975811665406
17.668,-0.03187652554915618
17.672,-0.017261581577947552
17.676,-0.030400853992434963
17.68,-0.010555651967129516
17.684,-0.0060060770800875705
17.688,-0.018314435081262105
17.692,-0.02315043479015409
17.696,-0.03151577437069013
17.7,-0.015475332423616872
17.704,0.010916415143054699
17.708,-0.005935961728311375
17.712,-0.03886512125439574
17.716,-0.0061842056342314294
17.72,-0.026236272200832512
17.724,-0.00547365155447611
17.728,-0.0013884555173010477
17.732,-0.004222023071725228
17.736,-0.0169821236987914
17.74,-0.03596033100465628
17.744,-0.004930140042175371
17.748,-0.008350527469548112
17.752,-0.028864547012834665
17.756,-0.031983104656798024
17.76,-0.01627297186600674
17.764,0.021072136348663402
17.768,-0.001043291045192199
17.772,-0.018099112335989678
17.776,-0.014379886631466714
17.78,-0.009373213423261147
17.784,-0.00882375800169712
17.788,-0.009250633827491164
17.792,-0.011302472604899166
17.796,-0.03728210788216367
17.8,-0.01400251555375673
17.804,0.010302822481707856
17.808,-0.010652012840023092
17.812,-0.01566388357018471
17.816,-0.013115573762382614
17.82,-0.02439249783607474
17.824,-0.005215276038871736
17.828,-0.010774715175358525
17.832,-0.014402650206256536
17.836,-0.013918420906995587
17.84,-0.01411160641633052
17.844,-0.0064997117039437115
17.848,-0.012610330075145117
17.852,-0.015259212475621769
17.856,-0.019118335394823195
17.86,-0.023524384670106667
17.864,-0.03125281295451621
17.868,-0.019108495493428135
17.872,-0.019462418241721856
17.876,-0.020214006591049636
17.88,-0.025492828430082548
17.884,-0.008481392114905823
17.888,-0.006943814405915101
17.892,-0.023599658893893906
17.896,-0.0389072634433882
17.9,-0.028506233640380303
17.904,-0.020376757277657094
17.908,-0.031007098055017397
17.912,-0.009642161557578272
17.916,-0.024761271582463044
17.92,-0.006515638645148578
17.924,-8.608497706270347e-05
17.928,-0.01023435339296558
17.932,-0.02062609766798406
17.936,-0.029618026359050267
17.94,-0.03494138893432114
17.944,-0.011215424966794297
17.948,-0.018953562923850982
17.952,-0.012960136962434391
17.956,-0.027664263944511235
17.96,-0.009030750385934153
17.964,-0.002300848672368111
17.968,-0.0027950758054083227
17.972,-0.02648540589835109
17.976,-0.026265741772659182
17.98,-0.007445762670121082
17.984,-0.012771790758856798
17.988,-0.017459173252271094
17.992,-0.012554178097464855
17.996,-0.030210137161304385
18.0,-0.020585241037232773
18.004,-0.011201163882365922
18.008,-0.009222062314078126
18.012,-0.028554691218585865
18.016,-0.030291425258867435
18.02,-0.022363546220978303
18.024,-0.014705806616141993
18.028,-0.007513345454040322
18.032,-0.026276159845233234
18.036,-0.027131207646783596
18.04,-0.02197489522112269
18.044,-0.004526098327232614
18.048,-0.005659844367605986
18.052,-0.03450940476694478
18.056,-0.03013452200750862
18.06,-0.02212076829078311
18.064,-0.01386604097049341
18.068,0.004050143067574705
18.072,-0.017550095349140045
18.076,-0.02661809419295159
18.08,-0.021594081618907253
18.084,-0.009841823978228262
18.088,-0.010586548988477142
18.092,-0.005932454285750777
18.096,-0.019189809888195387
18.1,-0.033223185920981724
18.104,-0.005410769975432809
18.108,-0.020723840704440766
18.112,-0.02117261029094011
18.116,-0.03706388296525112
18.12,-0.01223471346379557
18.124,-0.002854214952796914
18.128,-0.01297315973466817
18.132,-0.03493532673264262
18.136,-0.020057353256330023
18.14,-0.025166297262477388
18.144,0.0077615659228363245
18.148,-0.012469668092201732
18.152,-0.026236635770780864
18.156,-0.019386962932269852
18.16,-0.026432705095170386
18.164,-0.008517613483527692
18.168,-0.025026995314889784
18.172,-0.02905838515756858
18.176,-0.04249308140733774
18.18,-0.004761384233230777
18.184,-0.0043849943031313635
18.188,-0.010300379973449741
18.192,-0.024381801019791087
18.196,-0.039567349649681366
18.2,-0.018744682694809216
18.204,-0.007617109626871663
18.208,-0.03263600647211887
18.212,-0.03101976575522145
18.216,-0.03686187028110003
18.22,-0.012983844696918025
18.224,-0.01450719401906789
18.228,-0.0033092939283458148
18.232,-0.016103143625033105
18.236,-0.022888549958445133
18.24,-0.006930975630173343
18.244,-0.0023617316492855426
18.248,-0.03617229042604458
18.252,-0.03851315389645048
18.256,-0.029279077562243714
18.26,-0.012583059676295465
18.264,-0.003073134525734207
18.268,-0.011945200499575457
18.272,-0.01488349568417708
18.276,-0.03486655216928631
18.28,-0.023817101698204914
18.284,-0.0038832595105584723
18.288,0.0013912361244016146
18.292,-0.012277850581217657
18.296,-0.04492289901291349
18.3,-0.01597801136032317
18.304,-0.011289699472287883
18.308,-0.016491386363138176
18.312,-0.01982920112685654
18.316,-0.018772197253515102
18.32,-0.022979718608438015
18.324,-0.003050548847986654
18.328,-0.011006231173654759
18.332,-0.018994494914578705
18.336,-0.047468822351022795
18.34,-0.020797599312806763
18.344,-0.005595538755873062
18.348,0.0005666695981073142
18.352,-0.018255191268720657
18.356,-0.029634669371925146
18.36,-0.010019421503328718
18.364,-0.011121242170689077
18.368,-0.012966306085609055
18.372,-0.042740718150845465
18.376,-0.030076217016558156
18.38,-0.030534726426776165
18.384,-0.020273340075349068
18.388,-0.002517964606766527
18.392,-0.04838960165696654
18.396,-0.04809996296903331
18.4,-0.01805460462867254
18.404,0.010735803226690373
18.408,-0.013608389986039653
18.412,-0.016849765003526293
18.416,-0.018263271959662285
18.42,-0.011879081885725498
18.424,-0.006979225357520281
18.428,-0.012149718185523671
18.432,-0.04115129429095941
18.436,-0.02405857853614643
18.44,-0.021152139119051505
18.444,-0.022275937855221122
18.448,-0.01052057159847996
18.452,-0.024285957821991305
18.456,-0.03872549353900137
18.46,-0.03160542227372044
18.464,-0.007239926030083868
18.468,0.0012040230618854501
18.472,-0.019400476808149256
18.476,-0.031184866646216156
18.48,-0.009951529092141835
18.484,-0.018626842704899192
18.488,-0.023636872802125605
18.492,-0.042936853305528155
18.496,-0.027372518090426838
18.5,-0.013189103567395624
18.504,0.002464897007441626
18.508,-0.0037875749964771076
18.512,-0.035105160355641415
18.516,-0.02607134824359173
18.52,-0.029433582732228195
18.524,-0.0013887602494379297
18.528,-0.014208704508010664
18.532,-0.028347460002902527
18.536,-0.03671401875324053
18.54,-0.03555357223934569
18.544,-0.02327905741553054
18.548,-0.0139089626126568
18.552,-0.03801317072642624
18.556,-0.026590270669772702
18.56,-0.025717981613502555
18.564,-0.014335471990422642
18.568,-0.020711458891710516
18.572,-0.026655302389556775
18.576,-0.03793530769802426
18.58,-0.008379377630809126
18.584,-0.017553190804026824
18.588,-0.013469721945856659
18.592,-0.024309900193590916
18.596,-0.017651521588685846
18.6,-0.011514656723666139
18.604,-0.009582037776623909
18.608,-0.018135431079500438
18.612,-0.04126553218383848
18.616,-0.03768425540219092
18.62,-0.017205319818295428
18.624,-0.008883626241824602
18.628,-0.014834241295263655
18.632,-0.026427248420497075
18.636,-0.016526263596508536
18.64,-0.023187997220305227
18.644,-0.019941072873882883
18.648,-0.014113452677865608
18.652,-0.03528280380947452
18.656,-0.030799590281198858
18.66,-0.035045578986466694
18.664,0.005878459300214215
18.668,-0.018790269195323762
18.672,-0.035696963602846424
18.676,-0.036823467772220835
18.68,-0.016946023790143087
18.684,0.0010697025755235581
18.688,-0.007390235504572632
18.692,-0.05326533191051342
18.696,-0.02547380723821046
18.7,-0.028781531314363586
18.704,-0.004257138181547382
18.708,-0.008623780259235405
18.712,-0.018662152869849003
18.716,-0.027147617988387246
18.72,-0.027054119084473117
18.724,-0.002329835923425781
18.728,-0.002068775439567204
18.732,-0.028237128518525195
18.736,-0.04263368543511947
18.74,-0.04446337176579444
18.744,-0.014130358682394309
18.748,-0.026395063694789347
18.752,-0.024731909922797328
18.756,-0.018834588855933157
18.76,-0.03055840017603937
18.764,-0.02138126409924512
18.768,0.006936144921205398
18.772,-0.036324212376249956
18.776,-0.04366851298719507
18.78,-0.012521994919961447
18.784,-0.015686335560402293
18.788,-0.009257908684888743
18.792,-0.03536971926149404
18.796,-0.034356058194467805
18.8,-0.01510495633232211
18.804,-0.01428996383263355
18.808,-0.0214306851682124
18.812,-0.03211083250261477
18.816,-0.03473753563844061
18.82,-0.013228296114610575
18.824,-0.025818391444819577
18.828,-0.005305489200603973
18.832,-0.02671635046588968
18.836,-0.022834491043625844
18.84,-0.019792221234715485
18.844,-0.009012658231483617
18.848,-0.018284892214668322
18.852,-0.04817590366179059
18.856,-0.034626274202609414
18.86,-0.012897168577371903
18.864,-0.0022951922494422548
18.868,-0.009715540963574604
18.872,-0.040764165089259397
18.876,-0.029346873816277874
18.88,-0.028215856444965815
18.884,-0.02455227789006831
18.888,-0.00638239221751913
18.892,-0.03039540872502392
18.896,-0.02841293959459476
18.9,-0.029410555873861974
18.904,-0.005956233873264684
18.908,-0.012087224792643562
18.912,-0.02638994762839457
18.916,-0.029385532724695938
18.92,-0.013471164539207629
18.924,-0.015391451446697227
18.928,-0.017834602780487666
18.932,-0.02724100006037251
18.936,-0.03451085265676837
18.94,-0.03176360160942986
18.944,-0.009869753684109802
18.948,-0.027887015246131748
18.952,-0.035328678782405504
18.956,-0.036724208301336644
18.96,-0.017300428524727497
18.964,-0.011922040772040727
18.968,-0.01673465359372175
18.972,-0.044340518835013
18.976,-0.026074146395678906
18.98,-0.019925683423132435
18.984,-0.01681123874282243
18.988,-0.01755027572029272
18.992,-0.017594665026528938
18.996,-0.04332389738248783
19.0,-0.021222014684914817
19.004,-0.022375067573046983
19.008,-0.020783480447333948
19.012,-0.037691995986163414
19.016,-0.02328350385118967
19.02,-0.030561134703847345
19.024,-0.0141088325898927
19.028,-0.013279355917719966
19.032,-0.030231714926491137
19.036,-0.03165256430448428
19.04,-0.034199550454162383
19.044,-0.015094975706043557
19.048,-0.01745739880135234
19.052,-0.02829490776250999
19.056,-0.028939890804131143
19.06,-0.0325089913318896
19.064,-0.010256455364519565
19.068,-0.031270835195105685
19.072,-0.018443386538604077
19.076,-0.029259161770243954
19.08,-0.02987459571821972
19.084,-0.0026751212582954396
19.088,-0.023979744659347265
19.092,-0.02664910342607398
19.096,-0.03430601531452585
19.1,-0.015590742045063437
19.104,-0.011368448189268705
19.108,-0.020468915068850714
19.112,-0.0375488885580761
19.116,-0.03808432573542292
19.12,-0.008980461873182723
19.124,-0.011198700523227207
19.128,-0.003881431841071226
19.132,-0.03318296075533828
19.136,-0.02287130829721276
19.14,-0.015112218064216889
19.144,-0.015254977676865176
19.148,-0.024093982304333943
19.152,-0.03404409176815995
19.156,-0.047198992139343074
19.16,-0.023283327998496004
19.164,-0.007766755388511071
19.168,-0.02345162893407373
19.172,-0.03410796132023482
19.176,-0.04081067521206136
19.18,-0.022306228530119147
19.184,-0.022364073373827793
19.188,-0.00587434647201493
19.192,-0.03773401451420586
19.196,-0.04411023493206505
19.2,-0.016649871359440294
19.204,-0.01992763380989098
19.208,-0.021245396967052733
19.212,-0.009432211599531847
19.216,-0.04196504601746378
19.22,-0.029109324569909077
19.224,-0.01881843004101308
19.228,-0.02961836870383537
19.232,-0.028293327077019367
19.236,-0.037132877678940204
19.24,-0.030644088636932396
19.244,-0.02645374493113706
19.248,-0.015670883565653684
19.252,-0.044805744907836786
19.256,-0.03831608772984511
19.26,-0.009343086545490955
19.264,-0.009237167076930404
19.268,-0.019034241271318555
19.272,-0.024330239700072823
19.276,-0.04276142737521898
19.28,-0.02961774934367867
19.284,-0.029643120968878646
19.288,-0.017428821526366725
19.292,-0.023098641667266794
19.296,-0.05351025197634804
19.3,-0.04156518445215941
19.304,-0.017561165155762476
19.308,-0.016007352950529952
19.312,-0.034025199596275583
19.316,-0.032596167584785736
19.32,-0.019229344293641207
19.324,-0.02297096989417371
19.328,-0.035067273040510834
19.332,-0.04351947185720034
19.336,-0.03909355596751025
19.34,-0.017005265635195853
19.344,-0.030505755383555072
19.348,-0.02569167394540264
19.352,-0.03947448955931625
19.356,-0.03177809650273622
19.36,-0.014963682968870054
19.364,-0.02771993554795308
19.368,-0.008840436831664331
19.372,-0.03314171630463599
19.376,-0.027684095465037716
19.38,-0.029727612194064768
19.384,-0.03140393121630597
19.388,0.004421439317752608
19.392,-0.03594960964347414
19.396,-0.0303669227366472
19.4,-0.015080965271980768
19.404,-0.03216020228053008
19.408,-0.03125186502988628
19.412,-0.035812687181029965
19.416,-0.035488315156110624
19.42,-0.040122642344289666
19.424,-0.006755088339956592
19.428,-0.017151909395239345
19.432,-0.03879671164840977
19.436,-0.04955110064150714
19.44,-0.029257020990383943
19.444,-0.013237340159851847
19.448,-0.030127481674949965
19.452,-0.021805043620218387
19.456,-0.03414872815215642
19.46,-0.02778626241943962
19.464,-0.00014518761641837616
19.468,-0.00985215363449494
19.472,-0.02496193657052166
19.476,-0.03469054785163067
19.48,-0.027109378709498422
19.484,-0.01334997673824283
19.488,-0.03079453221587223
19.492,-0.019242105821128966
19.496,-0.03413829611934405
19.5,-0.020602403852302383
19.504,-0.01904228541797031
19.508,-0.0207085259784337
19.512,-0.032088107546073615
19.516,-0.04275460255192046
19.52,-0.0239739107130917
19.524,-0.02685725709867118
19.528,-0.024792156462252184
19.532,-0.03513253645111424
19.536,-0.044997133991203045
19.54,-0.02747991975322902
19.544,-0.005830806621281498
19.548,-0.029002192210812797
19.552,-0.03682327408333924
19.556,-0.05806918133258779
19.56,-0.03035609094391868
19.564,-0.013289715112748568
19.568,-0.02897689594326821
19.572,-0.03148325888421352
19.576,-0.03895361312813724
19.58,-0.01820960604968546
19.584,-0.0345965086821364
19.588,-0.02732982326409985
19.592,-0.03628025176752231
19.596,-0.0417983100546489
19.6,-0.028928251101217314
19.604,-0.008700690951470772
19.608,-0.01835137274334189
19.612,-0.04106652576568786
19.616,-0.04336739667579796
19.62,-0.035460793283183745
19.624,-0.020337573666336702
19.628,-0.025146308965221888
19.632,-0.03723600334541396
19.636,-0.03922474992133171
19.64,-0.020918639098228296
19.644,-0.014792830000601845
19.648,-0.025441609129350697
19.652,-0.019713583803037327
19.656,-0.02864471953038289
19.66,-0.03267896376604618
19.664,-0.030464929692736432
19.668,-0.02351252433609614
19.672,-0.04363009277923448
19.676,-0.030379897914671702
19.68,-0.0330477951116424
19.684,-0.02390041731409939
19.688,-0.01024433307473579
19.692,-0.03181707025525777
19.696,-0.014707092326275668
19.7,-0.041677715526191636
19.704,-0.026302498028568776
19.708,-0.011914940786578947
19.712,-0.02752704112740666
19.716,-0.03191575226700949
19.72,-0.03345393614015689
19.724,-0.014766643338548114
19.728,-0.006286911788028055
19.732,-0.016943924500587897
19.736,-0.02175695219407716
19.74,-0.02612943923191022
19.744,-0.0034640748206820234
19.748,-0.01730099035595669
19.752,-0.03986511472663015
19.756,-0.029000908555833475
19.76,-0.03427737518277135
19.764,-0.0055711995179587685
19.768,-0.007815881113350267
19.772,-0.03668052205378611
19.776,-0.041732402694218546
19.78,-0.03747563338590434
19.784,-0.02429214052491081
19.788,-0.033587282240469925
19.792,-0.04674352009776958
19.796,-0.04223053442202401
19.8,-0.016852330295803457
19.804,-0.01805465078389038
19.808,-0.022707134398344524
19.812,-0.034549354009263296
19.816,-0.057865264868027476
19.82,-0.022733438801612903
19.824,-0.03659153474079556
19.828,-0.013551456800074775
19.832,-0.025517892015232534
19.836,-0.0354266393478949
19.84,-0.027408209007601037
19.844,-0.004887114000350976
19.848,-0.025619826728534082
19.852,-0.02316082097617781
19.856,-0.05474431943801463
19.86,-0.02801849060547129
19.864,-0.017820089219528792
19.868,-0.0017528051267786844
19.872,-0.0478228648650527
19.876,-0.046959921101909025
19.88,-0.028937811559724063
19.884,-0.009509359449614797
19.888,-0.03405413489213607
19.892,-0.028213725697664817
19.896,-0.03810132187538598
19.9,-0.026840368544979138
19.904,-0.02285441003552841
19.908,-0.01215829627718079
19.912,-0.04285977173802184
19.916,-0.050282454173100795
19.92,-0.027020978894706355
19.924,-0.021811733126877064
19.928,-0.02972476791455143
19.932,-0.044125911373715514
19.936,-0.025513365137102142
19.94,-0.03382760503248654
19.944,-0.013208738325778398
19.948,-0.029626178091629558
19.952,-0.03296225482683211
19.956,-0.04954673538753
19.96,-0.038887248633959474
19.964,-0.019526480644140188
19.968,-0.025130906367833095
19.972,-0.02683363498239969
19.976,-0.03171329141337429
19.98,-0.02661274481307213
19.984,0.011859906839289308
19.988,-0.020493599801470905
19.992,-0.02797536550745266
19.996,-0.038690431548469364
20.0,-0.03328286292775849
20.004,-0.017758890561170335
20.008,-0.04855282486579512
20.012,-0.03406702769021059
20.016,-0.046452873541035285
20.02,-0.019197847052363333
20.024,-0.027456522676307972
20.028,-0.03783074944273948
20.032,-0.03790395420631505
20.036,-0.040273884753072274
20.04,-0.01925998664871738
20.044,-0.034812093244301553
20.048,-0.01798494778006238
20.052,-0.04443174600956863
20.056,-0.03452105912410142
20.06,-0.021012299573181972
20.064,-0.022402073947531624
20.068,-0.010280171153463568
20.072,-0.04225670844749583
20.076,-0.039441298969683014
20.08,-0.04003024450731521
20.084,-0.03290651665634237
20.088,-0.01905117605358587
20.092,-0.04652864555323903
20.096,-0.04641756511373258
20.1,-0.03852912438150098
20.104,-0.02206130214171269
20.108,-0.02205539645688954
20.112,-0.03551369118900452
20.116,-0.009370914907299348
20.12,-0.0259981270547261
20.124,-0.04005994198338079
20.128,-0.018475744677447
20.132,-0.037703293169185505
20.136,-0.0431388518304011
20.14,-0.006938685698507925
20.144,-0.035262352914485796
20.148,-0.028742808141014167
20.152,-0.03668609018963303
20.156,-0.04054431274473051
20.16,-0.043818852274560775
20.164,-0.013479575766782844
20.168,-0.013585292269269966
20.172,-0.03593446397237278
20.176,-0.038365373292994324
20.18,-0.04003732863493044
20.184,-0.01578123692537211
20.188,-0.02461620278596982
20.192,-0.0500383282387374
20.196,-0.040243410829623974
20.2,-0.032252811251690675
20.204,-0.02070007332981009
20.208,-0.016898346941672616
20.212,-0.02704346350773988
20.216,-0.06046723676826961
20.22,-0.038489024926137906
20.224,-0.02833113222499333
20.228,-0.022099776328980823
20.232,-0.025286445364428332
20.236,-0.03791323109050802
20.24,-0.046829959757941006
20.244,-0.015048207921675716
20.248,-0.023829147598638224
20.252,-0.04060232623316265
20.256,-0.03838467343149303
20.26,-0.03745092330447015
20.264,-0.03966952151365707
20.268,-0.019438903683363654
20.272,-0.04373877321659038
20.276,-0.05915420963344082
20.28,-0.016141032806199527
20.284,-0.011962331172727157
20.288,-0.033617222395914415
20.292,-0.042541800278951755
20.296,-0.06101076207392978
20.3,-0.03293588349711107
20.304,-0.018651344179439925
20.308,-0.02744950392308752
20.312,-0.040388665433676973
20.316,-0.043106498964658777
20.32,-0.035409604998044616
20.324,-0.023908491870076022
20.328,-0.010848685417918518
20.332,-0.037091744215283655
20.336,-0.036168178419649054
20.34,-0.04023042962897799
20.344,-0.022603741105995077
20.348,-0.016583558283433764
20.352,-0.036796360804166775
20.356,-0.06144216150892408
20.36,-0.025569477343268938
20.364,-0.016992681704749716
20.368,-0.025922760440880183
20.372,-0.06887583238481652
20.376,-0.06006571923601784
20.38,-0.03397304224027876
20.384,-0.024210651580823802
20.388,-0.038061636274937576
20.392,-0.04604300435466334
20.396,-0.04521174218940723
20.4,-0.03509651245811395
20.404,-0.027197567580262295
20.408,-0.021019958907399616
20.412,-0.0515680493031658
20.416,-0.01337795623229724
20.42,-0.028131592315675358
20.424,-0.0334195856675086
20.428,-0.045433997359502834
20.432,-0.019979824257478147
20.436,-0.029369604891160334
20.44,-0.04888188148478133
20.444,-0.02229508828242466
20.448,-0.02817910333201843
20.452,-0.0320174365912923
20.456,-0.037506618084090615
20.46,-0.043074500110359765
20.464,-0.026281781216241057
20.468,-0.022689458892823887
20.472,-0.04226089467118717
20.476,-0.03815454724622995
20.48,-0.037290706421266834
20.484,-0.028003610679966845
20.488,-0.03615922337766898
20.492,-0.02614603385170592
20.496,-0.03520150559606297
20.5,-0.030823469543027157
20.504,-0.03584118058690014
20.508,-0.021099465278003902
20.512,-0.028490876963755917
20.516,-0.060508196087729005
20.52,-0.028400238036025725
20.524,-0.028149354788426173
20.528,-0.01762912125860599
20.532,-0.040138704198479945
20.536,-0.03693060596989844
20.54,-0.037448067027003144
20.544,-0.030884529262901153
20.548,-0.03090198777664781
20.552,-0.04650289111944293
20.556,-0.05099292434412948
20.56,-0.02666702456741983
20.564,-0.007110154324984713
20.568,-0.024956669759111927
20.572,-0.04346407342335993
20.576,-0.04373062106584453
20.58,-0.02420900639727907
20.584,-0.021038464850697502
20.588,-0.02289577730766736
20.592,-0.041955663906277856
20.596,-0.041049624561889576
20.6,-0.031425021106219087
20.604,-0.03275739481107939
20.608,-0.02696887333152061
20.612,-0.04222139199806106
20.616,-0.03707813438587385
20.62,-0.052720598622673066
20.624,-0.017250442383919623
20.628,-0.025090976471733775
20.632,-0.0552477977304638
20.636,-0.04110459085285039
20.64,-0.03155293493050765
20.644,-0.029177304169977724
20.648,-0.016743058196648397
20.652,-0.04424544345091756
20.656,-0.04078667590037902
20.66,-0.03000012938573504
20.664,-0.025148288057423685
20.668,-0.03700385536904374
20.672,-0.044213945672252675
20.676,-0.05660124990421775
20.68,-0.037412651734898786
20.684,-0.033492721321672095
20.688,-0.01842180028009795
20.692,-0.02495593341774789
20.696,-0.0517555548678722
20.7,-0.029626781596628404
20.704,-0.03373733845246306
20.708,-0.029570314872438903
20.712,-0.05098141931201121
20.716,-0.04910030814895359
20.72,-0.03304103173390167
20.724,0.0010148134238857458
20.728,-0.025636083390593964
20.732,-0.034874965968877174
20.736,-0.029311346261629165
20.74,-0.04817267625072949
20.744,-0.017519983540682862
20.748,-0.018363346490763127
20.752,-0.055300800165135874
20.756,-0.0339341003536625
20.76,-0.04220479517788848
20.764,-0.03141729538374954
20.768,-0.03410395711956788
20.772,-0.027942650465132265
20.776,-0.042953502305268135
20.78,-0.03842203222214423
20.784,-0.027118974990000756
20.788,-0.038014855453513116
20.792,-0.0432901496116791
20.796,-0.0418230064438761
20.8,-0.03996232186108222
20.804,-0.02941170615065037
20.808,-0.02278715075752609
20.812,-0.04124759119808117
20.816,-0.0457945781197835
20.82,-0.021096896812059153
20.824,-0.03234735248949484
20.828,-0.04341630926877421
20.832,-0.042329356784141146
20.836,-0.03528063876903098
20.84,-0.029940772702083417
20.844,-0.03629744354536331
20.848,-0.04610437057562806
20.852,-0.049511885211332124
20.856,-0.04682446182763157
20.86,-0.01308093364576076
20.864,-0.022294814685276842
20.868,-0.037659737847776605
20.872,-0.036132120769585975
20.876,-0.034051748394474016
20.88,-0.04169683905724234
20.884,-0.025028813508311938
20.888,-0.044471531072220565
20.892,-0.03595918268851154
20.896,-0.0454026546640591
20.9,-0.03760800152732302
20.904,-0.014833524197269294
20.908,-0.018602483306607256
20.912,-0.036597849716677906
20.916,-0.042957519872047045
20.92,-0.04579971875927889
20.924,-0.010688150437471566
20.928,-0.023749475033409205
20.932,-0.03014714871094093
20.936,-0.03618788528852554
20.94,-0.033162739003660124
20.944,-0.03015355855101943
20.948,-0.020930343835130934
20.952,-0.024549237888285863
20.956,-0.044207861534059714
20.96,-0.03474098197914027
20.964,-0.018573167167157213
20.968,-0.03457694545354998
20.972,-0.04552006961485365
20.976,-0.038415202649063035
20.98,-0.017022994645313417
20.984,-0.02680066700153672
20.988,-0.028840641501932444
20.992,-0.03658071196881442
20.996,-0.03969845524288765
21.0,-0.04819244128800736
21.004,-0.037032796774042316
21.008,-0.019952902098034762
21.012,-0.040640360723101544
21.016,-0.053261895883117354
21.02,-0.03226674104322849
21.024,-0.015417602424790237
21.028,-0.0412924815328573
21.032,-0.03438269999337679
21.036,-0.04749601587251382
21.04,-0.04523097121895426
21.044,-0.03303297309903172
21.048,-0.024766589681466975
21.052,-0.044058324230606564
21.056,-0.044506545214738055
21.06,-0.03541051175768118
21.064,-0.011546325665046426
21.068,-0.036970497261433005
21.072,-0.042687419438928856
21.076,-0.03981148105327875
21.08,-0.04291318998802629
21.084,-0.018658881544777364
21.088,-0.03669815416094633
21.092,-0.04476527326058304
21.096,-0.03914214822842192
21.1,-0.03785555639450166
21.104,-0.025850518180823172
21.108,-0.024608990080724383
21.112,-0.05303248335122975
21.116,-0.04079654237523172
21.12,-0.03838423604411199
21.124,-0.0235760339186241
21.128,-0.02513000290584968
21.132,-0.025819912409017952
21.136,-0.055533268125181424
21.14,-0.037370674176326966
21.144,-0.017701848569264236
21.148,-0.03656052650920482
21.152,-0.03783633261409415
21.156,-0.05901231000569698
21.16,-0.022819056087918434
21.164,-0.04492985087174785
21.168,-0.025312757662841728
21.172,-0.06138972824622175
21.176,-0.04043832073856271
21.18,-0.027001487750819356
21.184,-0.015174492134034247
21.188,-0.04416807173192967
21.192,-0.030499886571599025
21.196,-0.032059976056561634
21.2,-0.028322812900089145
21.204,-0.019993158910630818
21.208,-0.017459300318097552
21.212,-0.03492693872465216
21.216,-0.050391877308552845
21.22,-0.02764282597719544
21.224,-0.03083528873180249
21.228,-0.010962377421382327
21.232,-0.03747397692222189
21.236,-0.03998443520983611
21.24,-0.02422785142271801
21.244,-0.014966073680123143
21.248,-0.023519484596271595
21.252,-0.04107338000319445
21.256,-0.04244546035967581
21.26,-0.026923794711718456
21.264,-0.03697428219817882
21.268,-0.029659524107947432
21.272,-0.03685021338664296
21.276,-0.052739509412837816
21.28,-0.04046370601441122
21.284,-0.03552039097309798
21.288,-0.02518270127002816
21.292,-0.04791251200404759
21.296,-0.03956684760053916
21.3,-0.014590598119034803
21.304,-0.030828658153478013
21.308,-0.033039327273541974
21.312,-0.05241993509733683
21.316,-0.04150295020740603
21.32,-0.03213221672991669
21.324,-0.028800273642297834
21.328,-0.03241016501625487
21.332,-0.023204808501309983
21.336,-0.044581688974297644
21.34,-0.031219236089807565
21.344,-0.03443892478249479
21.348,-0.03167148497099857
21.352,-0.03819501173852184
21.356,-0.034856881436402185
21.36,-0.04107233739310679
21.364,-0.013046976884879167
21.368,-0.015932459926780822
21.372,-0.03471815206151915
21.376,-0.05565866743388502
21.38,-0.04657802403805678
21.384,-0.01687049199762277
21.388,-0.027211225053754128
21.392,-0.03890416010215904
21.396,-0.030502131536560437
21.4,-0.04766569274939176
21.404,-0.02132586799382843
21.408,-0.013154213191663863
21.412,-0.041114291891850396
21.416,-0.03495484455654019
21.42,-0.03583559354191671
21.424,-0.031680288104096226
21.428,-0.03969310661281601
21.432,-0.029488681787245903
21.436,-0.03876929624100378
21.44,-0.03860819385927916
21.444,-0.014543404222177723
21.448,-0.04434711955207578
21.452,-0.03512059177504172
21.456,-0.04741107940547718
21.46,-0.05364778184190462
21.464,-0.018277701104273833
21.468,-0.03276293337526215
21.472,-0.04195172085145441
21.476,-0.03590090714507281
21.48,-0.032498478264703166
21.484,-0.03244763287056798
21.488,-0.02556880057834093
21.492,-0.03361056350516618
21.496,-0.05410844432709183
21.5,-0.054176979867190445
21.504,-0.01631986541621977
21.508,-0.02911966622820454
21.512,-0.03242833706369188
21.516,-0.04048389763075422
21.52,-0.03707260938317648
21.524,-0.022298173789408453
21.528,-0.03670552287067926
21.532,-0.04282065546127279
21.536,-0.055220706354959244
21.54,-0.035343889526615525
21.544,-0.029579740279078132
21.548,-0.038559955658247005
21.552,-0.03635680237405531
21.556,-0.05511117325579336
21.56,-0.040525040445976476
21.564,-0.035976136225486226
21.568,-0.028048264929925806
21.572,-0.02650569431617235
21.576,-0.04165407607135422
21.58,-0.03234838956621217
21.584,-0.0216269307258125
21.588,-0.02550306325532243
21.592,-0.0397059463050839
21.596,-0.04894269311130562
21.6,-0.0333973534928271
21.604,-0.01810932690576126
21.608,-0.012949130582526697
21.612,-0.02999815800877009
21.616,-0.05325366480623672
21.62,-0.037230734695740376
21.624,-0.024993194381570324
21.628,-0.026760847151687
21.632,-0.028450344000914042
21.636,-0.052267935030679
21.64,-0.04126498148820879
21.644,-0.03394923143343576
21.648,-0.030924743897465273
21.652,-0.04785208807105164
21.656,-0.01989904871267363
21.66,-0.03655735964834722
21.664,-0.02346092068335099
21.668,-0.02754984391361976
21.672,-0.05051368960670129
21.676,-0.045182608715972475
21.68,-0.0485599327410719
21.684,-0.0379291555848798
21.688,-0.022830287989252365
21.692,-0.03893074872858129
21.696,-0.05383805035816977
21.7,-0.03959579579972359
21.704,-0.03223515264588582
21.708,-0.03348027184734539
21.712,-0.04208843736410591
21.716,-0.038828463973134955
21.72,-0.043346587703847105
21.724,-0.014355893591802489
21.728,-0.029088061882876718
21.732,-0.040418579418790956
21.736,-0.05813914652773916
21.74,-0.03624626810559402
21.744,-0.03471673456056691
21.748,-0.02928824419070437
21.752,-0.034599999068688984
21.756,-0.04299142811820907
21.76,-0.03461090253667252
21.764,-0.027169334885319873
21.768,-0.029205982750737224
21.772,-0.02440717098174438
21.776,-0.04433429277047633
21.78,-0.04979595285371819
21.784,-0.025165758559578342
21.788,-0.049466006094728066
21.792,-0.04541904332500118
21.796,-0.0368864860570816
21.8,-0.044469357533260506
21.804,-0.021825256773784718
21.808,-0.019678898870876992
21.812,-0.03396323017279111
21.816,-0.04496889926341892
21.82,-0.025411874403625648
21.824,-0.02055823154699356
21.828,-0.02359850978497067
21.832,-0.037449075160404716
21.836,-0.044440987321401754
21.84,-0.03894356233510174
21.844,-0.025727231081295147
21.848,-0.0234652893100068
21.852,-0.037050791546662125
21.856,-0.042991764571794294
21.86,-0.04066354648147912
21.864,-0.03374607794342322
21.868,-0.03184562434395051
21.872,-0.045691292735620795
21.876,-0.05761450205872273
21.88,-0.0478587051758152
21.884,-0.04197024261365703
21.888,-0.033966090874063805
21.892,-0.042910544536568215
21.896,-0.04965487011310651
21.9,-0.03966552353735957
21.904,-0.03722997647515381
21.908,-0.03901854929560665
21.912,-0.042327713337592374
21.916,-0.04919220800693735
21.92,-0.030589055839900643
21.924,-0.017656593215085458
21.928,-0.03302030895190281
21.932,-0.04258594966693049
21.936,-0.04652792636444721
21.94,-0.0312504081704072
21.944,-0.02480065141568601
21.948,-0.04345552170678018
21.952,-0.017356896249567245
21.956,-0.04723647554083974
21.96,-0.03308681270474604
21.964,-0.019079551467593946
21.968,-0.035990292377394026
21.972,-0.04463094509316017
21.976,-0.053056010181899996
21.98,-0.041456404998224325
21.984,-0.009937046604959893
21.988,-0.026119891760749688
21.992,-0.06260825343161305
21.996,-0.05815325043854375
22.0,-0.03396508427457235
22.004,-0.022027185413175072
22.008,-0.01222300805651055
22.012,-0.05947056213997212
22.016,-0.037563318746111705
22.02,-0.04293308367879142
22.024,-0.03639564970002602
22.028,-0.018987732614158648
22.032,-0.03359613981486638
22.036,-0.03799963785687958
22.04,-0.020626637876465306
22.044,-0.0263109237046501
22.048,-0.02048530618490506
22.052,-0.03302403428718811
22.056,-0.036504169540944355
22.06,-0.03847382789320799
22.064,-0.030056982250828472
22.068,-0.01649717874787933
22.072,-0.06029350823876102
22.076,-0.03930467071711461
22.08,-0.03368082192184558
22.084,-0.01936060794919651
22.088,-0.02937245522260512
22.092,-0.04719987953470997
22.096,-0.03273370457074101
22.1,-0.028247007394151813
22.104,-0.03138703873295432
22.108,-0.025702045267280694
22.112,-0.045797182661224276
22.116,-0.02780840534572119
22.12,-0.021551528093483048
22.124,-0.03031959583726048
22.128,-0.029530735709891856
22.132,-0.03855793698488012
22.136,-0.04901543225936425
22.14,-0.04879459768232296
22.144,-0.026651915395751583
22.148,-0.03036479149202946
22.152,-0.03538706305654232
22.156,-0.06356294423876821
22.16,-0.04308839622956202
22.164,-0.035614478530521326
22.168,-0.03483805116294737
22.172,-0.03928574921305478
22.176,-0.04603941656685177
22.18,-0.029938643717273693
22.184,-0.01849494833112909
22.188,-0.02602471552493664
22.192,-0.04887141396345833
22.196,-0.04092758628689225
22.2,-0.03224152349665271
22.204,-0.015872882622371194
22.208,-0.022749021213505995
22.212,-0.034691727276919083
22.216,-0.055019466983352625
22.22,-0.02871592409427346
22.224,-0.02157751025250285
22.228,-0.028144920579163735
22.232,-0.04526791962335709
22.236,-0.04636832254074085
22.24,-0.03428819905567679
22.244,-0.038729906689671134
22.248,-0.027576756791521093
22.252,-0.04024760856953024
22.256,-0.04236544098344232
22.26,-0.02471490559020869
22.264,-0.0303629899712903
22.268,-0.016114005680946064
22.272,-0.045152191250671735
22.276,-0.03522923946881224
22.28,-0.04189378696474446
22.284,-0.01721620659328703
22.288,-0.022085623295999057
22.292,-0.042960998983114305
22.296,-0.03386521609015539
22.3,-0.030347758582365186
22.304,-0.031320551129229844
22.308,-0.04689051065272948
22.312,-0.022098717042316054
22.316,-0.03406199847846308
22.32,-0.033191185265912956
22.324,-0.029322120071080888
22.328,-0.028185689983636703
22.332,-0.035063019329701094
22.336,-0.04986418720351264
22.34,-0.027956269863768715
22.344,-0.03689254783472951
22.348,-0.03356535708141782
22.352,-0.02573151869756526
22.356,-0.031066004011433092
22.36,-0.042738653064915796
22.364,-0.023857993806269837
22.368,-0.02380130412093867
22.372,-0.051523867622928
22.376,-0.045700400689931524
22.38,-0.03195060774720337
22.384,-0.017423861505523892
22.388,-0.02367616010781161
22.392,-0.036024650980312774
22.396,-0.0395739186985635
22.4,-0.04286120562146386
22.404,-0.033213924202996535
22.408,-0.03026618407654315
22.412,-0.04207220012071298
22.416,-0.050837317392257685
22.42,-0.030212495060516563
22.424,-0.011402953424072042
22.428,-0.0223387285861892
22.432,-0.03755750090943996
22.436,-0.0457680884778741
22.44,-0.03474746725925537
22.444,-0.017719095204754304
22.448,-0.011943317838861447
22.452,-0.05132292018635256
22.456,-0.052485833932069154
22.46,-0.028301748123340624
22.464,-0.030615241025674478
22.468,-0.05648671904236763
22.472,-0.012765218924292585
22.476,-0.04297516343006267
22.48,-0.02711896617045821
22.484,-0.04022809565397358
22.488,-0.031136554013949998
22.492,-0.045765110425013675
22.496,-0.05330853942257267
22.5,-0.03841623933700754
22.504,-0.03640212790296486
22.508,-0.03339898622333478
22.512,-0.019003953019370846
22.516,-0.04358305910994004
22.52,-0.03128173059370066
22.524,-0.030534102268501336
22.528,-0.044976826209623025
22.532,-0.045489133231535216
22.536,-0.04072065276911635
22.54,-0.03481817829747818
22.544,-0.013571897986996807
22.548,-0.03152579494330448
22.552,-0.05009824566043137
22.556,-0.03638354519747724
22.56,-0.025254337433780395
22.564,-0.03728956943180068
22.568,-0.025239528066428193
22.572,-0.03541985033465196
22.576,-0.030031327873317554
22.58,-0.05652766493684461
22.584,0.0012968649464518353
22.588,-0.025726943697764515
22.592,-0.05358943316102997
22.596,-0.051647164378609035
22.6,-0.028789544298366353
22.604,-0.015760041003717903
22.608,-0.03171785762282012
22.612,-0.03438900689289075
22.616,-0.04883288305595996
22.62,-0.045603638144826944
22.624,-0.031964813384412184
22.628,-0.03611248715535172
22.632,-0.06058703126547001
22.636,-0.052821899634634746
22.64,-0.02060436250431806
22.644,-0.02135442570720557
22.648,-0.015203792228755354
22.652,-0.05640758292971294
22.656,-0.06253029972113702
22.66,-0.042129254750879766
22.664,-0.023936012412567452
22.668,-0.01733998638124494
22.672,-0.040765823338861515
22.676,-0.05165042960081232
22.68,-0.040070397449741176
22.684,-0.03214565681998868
22.688,-0.02137294759499104
22.692,-0.04491014452245803
22.696,-0.05457971651447345
22.7,-0.03224150763781046
22.704,-0.030796770053855112
22.708,-0.040965002605776984
22.712,-0.04136121399112164
22.716,-0.031259885809105124
22.72,-0.021885108570930678
22.724,-0.02916098837181322
22.728,-0.03002830902397484
22.732,-0.057629981622448326
22.736,-0.04876710165172967
22.74,-0.037876309044312016
22.744,-0.023198958026308517
22.748,-0.0391728509074393
22.752,-0.03701714938483534
22.756,-0.06170919952744691
22.76,-0.04217748620937868
22.764,-0.010346884437222538
22.768,-0.013313576152174652
22.772,-0.043607922588400495
22.776,-0.05989929233102215
22.78,-0.025539090284473334
22.784,-0.0132142875189837
22.788,-0.04737948450125341
22.792,-0.0404849885332033
22.796,-0.0435610048094306
22.8,-0.03855381851514987
22.804,-0.024590506624033278
22.808,-0.03650533337727675
22.812,-0.04227723294370584
22.816,-0.033330030527458414
22.82,-0.017918587562294353
22.824,-0.02472618255589616
22.828,-0.021481921865348516
22.832,-0.03957816591791244
22.836,-0.05798314072168287
22.84,-0.041632135319760684
22.844,-0.0209506082607044
22.848,-0.020558926651826015
22.852,-0.04385596521422436
22.856,-0.048789509130391574
22.86,-0.022111181738216645
22.864,-0.027043855446484192
22.868,-0.013518648008723941
22.872,-0.04421815907437957
22.876,-0.06586365573517651
22.88,-0.0450624520464676
22.884,-0.03265010662153552
22.888,-0.017754757622993562
22.892,-0.03481683906582552
22.896,-0.047808192165895824
22.9,-0.03239593548054314
22.904,-0.03309341152451454
22.908,-0.024643726977812263
22.912,-0.031016560232469403
22.916,-0.03717380185919563
22.92,-0.05481574714119679
22.924,-0.03022038249874541
22.928,-0.029790236162830486
22.932,-0.04187421572145861
22.936,-0.0491510952937769
22.94,-0.03137921736595568
22.944,-0.043880190366877
22.948,-0.03760735456914363
22.952,-0.0423076883157042
22.956,-0.043623573074027665
22.96,-0.02105177190588193
22.964,-0.02982612990743964
22.968,-0.026196403722631573
22.972,-0.03940972261845691
22.976,-0.031153122029952546
22.98,-0.023427532763967626
22.984,-0.006780398835688872
22.988,-0.01919168187720096
22.992,-0.039076664484164386
22.996,-0.033127425340396165
23.0,-0.03069272194073903
23.004,-0.015762531639797916
23.008,-0.03005881530408315
23.012,-0.03806066240640759
23.016,-0.040850952465983734
23.02,-0.04395888959292482
23.024,-0.021429389745717904
23.028,-0.020298521994723675
23.032,-0.049867294261459194
23.036,-0.04683643805664181
23.04,-0.03714994160787103
23.044,-0.018917058627492565
23.048,-0.03980850262999378
23.052,-0.03353692490490186
23.056,-0.04665076005558295
23.06,-0.037954032457586225
23.064,-0.02991883875849751
23.068,-0.0286157712796483
23.072,-0.04006900355297248
23.076,-0.027880578661717923
23.08,-0.03932834907944752
23.084,-0.02598395555753949
23.088,-0.01857136409442634
23.092,-0.054948892524076365
23.096,-0.042844114114034326
23.1,-0.028895407436513636
23.104,-0.023408678795889603
23.108,-0.02912645095148182
23.112,-0.03840455993468361
23.116,-0.048840690503107194
23.12,-0.03354510944353098
23.124,-0.020653159258181734
23.128,-0.03854664512247721
23.132,-0.05086567602718145
23.136,-0.04924006284524945
23.14,-0.03430436581557987
23.144,-0.033670603708575934
23.148,-0.02969039016012161
23.152,-0.03961197244600171
23.156,-0.03544817941386564
23.16,-0.0428441748836091
23.164,-0.017710282235875764
23.168,-0.029303687797998336
23.172,-0.014145167424442013
23.176,-0.05580309452028541
23.18,-0.04159673906518261
23.184,-0.010959846697763292
23.188,-0.026916216240935258
23.192,-0.031537994266149325
23.196,-0.048202861654049516
23.2,-0.026611070012008582
23.204,-0.012442761033760411
23.208,-0.010034355233105596
23.212,-0.044973579435607626
23.216,-0.04904615713852799
23.22,-0.03193553232822919
23.224,-0.020647339003492617
23.228,-0.0380086214865802
23.232,-0.056155784838945254
23.236,-0.04352416611115896
23.24,-0.015606509765766344
23.244,-0.03321088642363285
23.248,-0.03359953742102488
23.252,-0.032178641231995306
23.256,-0.05793794526517691
23.26,-0.028230960372751985
23.264,-0.03071951001128196
23.268,-0.016868155010179908
23.272,-0.04240720934463698
23.276,-0.05130859076458661
23.28,-0.029207004425448928
23.284,-0.027026516854111754
23.288,-0.03490797334532861
23.292,-0.04165842467000893
23.296,-0.05910554030513373
23.3,-0.029603260212860354
23.304,-0.024819971888088193
23.308,-0.028929051712609483
23.312,-0.04314638491969793
23.316,-0.04401688174007933
23.32,-0.018513238663641886
23.324,-0.028061365720506885
23.328,-0.017325949745206126
23.332,-0.027983856443002983
23.336,-0.030767153134531815
23.34,-0.032936919251809894
23.344,-0.016882146427420138
23.348,-0.0328522001586244
23.352,-0.027642578049351885
23.356,-0.03435303556878397
23.36,-0.03422948357876498
23.364,-0.020108341056590255
23.368,-0.026844697391645283
23.372,-0.03544387286703695
23.376,-0.05098952167580614
23.38,-0.025099826595751478
23.384,-0.021365819403816863
23.388,-0.03118676035523451
23.392,-0.045413446042281674
23.396,-0.038430965376468076
23.4,-0.031039912480884627
23.404,-0.023109815870717598
23.408,-0.03494538928106544
23.412,-0.035120242599427504
23.416,-0.037399933141341
23.42,-0.026201869017893224
23.424,-0.024233696385721145
23.428,-0.03762380578128527
23.432,-0.051621248084743374
23.436,-0.06183432552910481
23.44,-0.04550767430058705
23.444,-0.022020075683006807
23.448,-0.020830837411311125
23.452,-0.029481322922660324
23.456,-0.0395287882925202
23.46,-0.03148253008191185
23.464,-0.02965077211332532
23.468,-0.02952427434859267
23.472,-0.03749825809215073
23.476,-0.05144529054730243
23.48,-0.02168071749092972
23.484,-0.022561726496245688
23.488,-0.02654785404354318
23.492,-0.04079476056953769
23.496,-0.041939351194399316
23.5,-0.03810661212515844
23.504,-0.0018844984007602393
23.508,-0.01604526317281551
23.512,-0.030719486451153924
23.516,-0.043519804693968774
23.52,-0.043491191330111964
23.524,-0.013101665743559596
23.528,-0.01962868486601871
23.532,-0.05427646720697753
23.536,-0.05436389303180525
23.54,-0.033420232308290054
23.544,-0.02752938487091539
23.548,-0.01750588571470368
23.552,-0.019851245258604946
23.556,-0.03525950482438989
23.56,-0.039952803077155756
23.564,-0.024699646968657035
23.568,-0.029888831999037392
23.572,-0.04568609605975956
23.576,-0.025932482078400584
23.58,-0.021945602099689217
23.584,-0.011427678330378839
23.588,-0.03909912232376616
23.592,-0.03424551014120194
23.596,-0.029249686224036467
23.6,-0.022193720068603623
23.604,-0.004887858825802543
23.608,-0.02798284991432312
23.612,-0.03837991605096876
23.616,-0.041645237737360015
23.62,-0.01418442025972735
23.624,-0.014180574818443923
23.628,-0.03633840368601639
23.632,-0.03839411379857774
23.636,-0.03004640942067484
23.64,-0.021766375968313347
23.644,-0.03016614445576403
23.648,-0.02653653292118434
23.652,-0.03083458211226698
23.656,-0.04409581747792234
23.66,-0.02098450012697998
23.664,-0.029374075225138616
23.668,-0.02146875709224522
23.672,-0.02946673657938051
23.676,-0.04814135811132491
23.68,-0.02138610070747682
23.684,-0.023120175517318875
23.688,-0.020861152249703536
23.692,-0.02401323846345605
23.696,-0.05394897968629213
23.7,-0.024051778556651235
23.704,-0.007387233039687281
23.708,-0.031344879432172845
23.712,-0.039931009626661226
23.716,-0.034688417978998076
23.72,-0.03271029395669761
23.724,-0.016918619923245098
23.728,-0.007599186403487581
23.732,-0.024756294645943
23.736,-0.036403763947570666
23.74,-0.01882592972323994
23.744,-0.02513826665291493
23.748,-0.03261024057248369
23.752,-0.03794236602601328
23.756,-0.028856267080978076
23.76,-0.035975678963853
23.764,-0.01550311782036932
23.768,-0.028094481612766967
23.772,-0.03525559764538233
23.776,-0.040233304227924815
23.78,-0.020377978303389863
23.784,-0.02700315621724059
23.788,-0.02263414223268359
23.792,-0.04597993794200523
23.796,-0.03145899016246269
23.8,-0.04740481126302258
23.804,-0.018420411058731965
23.808,-0.016073750070067425
23.812,-0.040132812726898746
23.816,-0.02530905001672596
23.82,-0.03696104531086549
23.824,-0.027698271752159644
23.828,-0.010926242446510952
23.832,-0.032066951549321716
23.836,-0.03838053207024145
23.84,-0.033659128972486164
23.844,-0.012692718625621956
23.848,-0.0013664290064401702
23.852,-0.04644581918441451
23.856,-0.03711834758573502
23.86,-0.035628717241210445
23.864,-0.0289240972313344
23.868,-0.030654807618686004
23.872,-0.022421869854862147
23.876,-0.046916513299368856
23.88,-0.021816168084862655
23.884,0.0009437092196837131
23.888,-0.02833801419018195
23.892,-0.03542710135433758
23.896,-0.0439699475854647
23.9,-0.028254875469554318
23.904,-0.011148401770251766
23.908,-0.027852325803101076
23.912,-0.03496494927079829
23.916,-0.04867994024087652
23.92,-0.027336601386142554
23.924,-0.026088422697093366
23.928,-0.024549768253715885
23.932,-0.028316678523509595
23.936,-0.02611804705174218
23.94,-0.0409729513854855
23.944,-0.015668974911801112
23.948,-0.016715343513990583
23.952,-0.027791116358631778
23.956,-0.04023666458556918
23.96,-0.037197956004386905
23.964,-0.02875236958088289
23.968,-0.01860287791176817
23.972,-0.03220839996286814
23.976,-0.04156762571345482
23.98,-0.03017263748394834
23.984,-0.027078888704748835
23.988,-0.0236784632756858
23.992,-0.020312467339336823
23.996,-0.059214805289005315
24.0,-0.01486647200318193
24.004,-0.010657479407217528
24.008,-0.029725384547598335
24.012,-0.030305851280148413
24.016,-0.03393032196775164
24.02,-0.019217138872297188
24.024,-0.020590104851733713
24.028,-0.030111012838435994
24.032,-0.040110657445332286
24.036,-0.026071146501824974
24.04,-0.013479654853994324
24.044,-0.02057714706493341
24.048,-0.030591302932722417
24.052,-0.02349091671163455
24.056,-0.03474808699512305
24.06,-0.02138286926063491
24.064,-0.014319143961355214
24.068,-0.029150593785354294
24.072,-0.04329748535551281
24.076,-0.036878075628537725
24.08,-0.03672202116377529
24.084,-0.006006676085436719
24.088,-0.009672905647853468
24.092,-0.029364568306766755
24.096,-0.028100595532727896
24.1,-0.034633548958011955
24.104,-0.01310397950792079
24.108,-0.01661512461450202
24.112,-0.034075921987967175
24.116,-0.033854342447915915
24.12,-0.022288043655645764
24.124,-0.0024266258274010157
24.128,-0.02422134011820822
24.132,-0.03779256975024896
24.136,-0.0318312984348505
24.14,-0.033105900307588546
24.144,-0.013602265525296687
24.148,-0.025629920745366616
24.152,-0.052133400243557615
24.156,-0.03816072591274696
24.16,-0.028302094693673664
24.164,-0.009754396002209103
24.168,-0.019353766163913395
24.172,-0.025444101177196966
24.176,-0.035049267012381
24.18,-0.03176644161314533
24.184,-0.006221449372439382
24.188,-0.03281107331986704
24.192,-0.03680935576298012
24.196,-0.029048629320032923
24.2,-0.036650793186351775
24.204,-0.021579719579348733
24.208,-0.010515051337330206
24.212,-0.03769838370755363
24.216,-0.03257533422370541
24.22,-0.022947933233606235
24.224,-0.023086116724946166
24.228,-0.01239149607417734
24.232,-0.023345885078523844
24.236,-0.04128970612627398
24.24,-0.018873105065903596
24.244,-0.013386983717149546
24.248,-0.01630632940188731
24.252,-0.023750875490409988
24.256,-0.0243817059991315
24.26,-0.028487917022843454
24.264,-0.01861347146955573
24.268,-0.040199748444209066
24.272,-0.03688987529455822
24.276,-0.03275351275287473
24.28,-0.053033841986941006
24.284,-0.027701057567391316
24.288,-0.010995133215896503
24.292,-0.0457979207175419
24.296,-0.03821745606006177
24.3,-0.021131599994462777
24.304,-0.006184433292706987
24.308,-0.003996143778593895
24.312,-0.025393168366697014
24.316,-0.03771516884774832
24.32,-0.034051103200944566
24.324,-0.016676394653713653
24.328,-0.011062791679838285
24.332,-0.030695574576918332
24.336,-0.036929400157318194
24.34,-0.045152076939361026
24.344,-0.011806881987795797
24.348,-0.03299657402504946
24.352,-0.042583607670111996
24.356,-0.03710147124141829
24.36,-0.021588568485356972
24.364,-0.023422351979828823
24.368,-0.015115944585224847
24.372,-0.03636951556520528
24.376,-0.027502159889017292
24.38,-0.028696535604042915
24.384,-0.012455690677704048
24.388,-0.02560711891258327
24.392,-0.029527640892437496
24.396,-0.031061547698546826
24.4,-0.03386129944646088
24.404,-0.006283700249631742
24.408,-0.029260889765870195
24.412,-0.034462693520418516
24.416,-0.044834980970203345
24.42,-0.015331664876037144
24.424,-0.018816799652707578
24.428,-0.023428969431609825
24.432,-0.023980518116752402
24.436,-0.014533679293991623
24.44,-0.02430826454422332
24.444,-0.022024803386976564
24.448,-0.02704348439540664
24.452,-0.02935200251439784
24.456,-0.03248471720394099
24.46,-0.0201617135148933
24.464,-0.007952682861713443
24.468,-0.023429991198992445
24.472,-0.02465443549835129
24.476,-0.024755005130140104
24.48,-0.02683789669371137
24.484,-0.012827606905920733
24.488,-0.006896430164074808
24.492,-0.04795962946037734
24.496,-0.029987160508256915
24.5,-0.024630023152468594
24.504,-0.004675723972441103
24.508,-0.012363641211586113
24.512,-0.03815208524959473
24.516,-0.03523762696861459
24.52,-0.031497414554375
24.524,-0.013644860898841161
24.528,-0.02689657089966169
24.532,-0.017362270155506985
24.536,-0.024695089335164983
24.54,-0.023212859695730653
24.544,0.003893040600938492
24.548,-0.02940282812999298
24.552,-0.03991424472538684
24.556,-0.040943751624983996
24.56,-0.026865702695356684
24.564,-0.021390159882414033
24.568,-0.01185721773260301
24.572,-0.019799045278647547
24.576,-0.03869543432349567
24.58,-0.02195356896144566
24.584,-0.03379128619192001
24.588,-0.033545447832722064
24.592,-0.01652901394600135
24.596,-0.03566302570840647
24.6,-0.03904998131115348
24.604,-0.007467312334065425
24.608,-0.020761599546692083
24.612,-0.031243531313627462
24.616,-0.02842015548524172
24.62,-0.020477774824709905
24.624,-0.004661504052196784
24.628,-0.010612039228910457
24.632,-0.028889727075354605
24.636,-0.031145270096577547
24.64,-0.028008841444075325
24.644,-0.009494687968624602
24.648,-0.023808044840925
24.652,-0.04214276167821292
24.656,-0.032527260801376294
24.66,-0.014186689033908684
24.664,-0.018124844035060803
24.668,-0.015527806232528703
24.672,-0.01901691996252633
24.676,-0.036069149854495636
24.68,-0.017827149251481655
24.684,-0.010709670030544193
24.688,-0.010659670091053683
24.692,-0.03233274542828748
24.696,-0.050252264981082845
24.7,-0.032450419789438065
24.704,-0.014402675295026708
24.708,-0.00881515203356144
24.712,-0.02344688969213373
24.716,-0.03491511047129069
24.72,-0.029048321678742064
24.724,-0.0141353101791404
24.728,-0.014489416224660833
24.732,-0.02494585121528963
24.736,-0.026200368810425437
24.74,-0.031161213377144014
24.744,-0.003182297498416373
24.748,-0.01099501783190285
24.752,-0.03580367415007909
24.756,-0.042176239642386947
24.76,-0.024567688302947158
24.764,-0.010998696269987836
24.768,-0.02779547655496791
24.772,-0.027603579651934274
24.776,-0.025768612739127547
24.78,-0.028159499903175286
24.784,-0.01301983535712235
24.788,-0.01085968141033793
24.792,-0.024778722015126667
24.796,-0.04034822354707737
24.8,-0.019466761301427857
24.804,-0.01332979966979066
24.808,-0.020248957311821858
24.812,-0.0229627700928573
24.816,-0.035128829148100615
24.82,-0.029097396274451053
24.824,-0.009166742246225788
24.828,-0.012941596687975888
24.832,-0.03676283214054349
24.836,-0.035464073104146523
24.84,-0.026865769593753572
24.844,-0.013908253743939985
24.848,-0.012243815024100482
24.852,-0.038512527781196605
24.856,-0.0323281499469734
24.86,-0.02322302333922753
24.864,-0.0012394625095881184
24.868,-0.01877165241665678
24.872,-0.03775262177799288
24.876,-0.03126417679304501
24.88,-0.014173996874314955
24.884,-0.01196480868013979
24.888,-0.019779320205438985
24.892,-0.0233833732571276
24.896,-0.0352500625195356
24.9,-0.019781356829791468
24.904,-0.019813128095976885
24.908,-0.013722905331721531
24.912,-0.018800836692385074
24.916,-0.043307428212488064
24.92,-0.013084009334804511
24.924,-0.0025960852799940086
24.928,-0.012385965742970361
24.932,-0.023045247466228422
24.936,-0.034237413543492294
24.94,-0.028273614152509265
24.944,-0.012579509146170878
24.948,-0.015314015729925731
24.952,-0.047029573515786585
24.956,-0.05269655334945729
24.96,-0.02128252046451617
24.964,-0.00729525756151893
24.968,-0.011420310197314903
24.972,-0.024936234324484267
24.976,-0.028705964154318163
24.98,-0.023486658399722228
24.984,-0.010029231545838438
24.988,-0.03382304879544784
24.992,-0.03602359103272866
24.996,-0.03744675468524348
25.0,-0.006415776217565438
25.004,0.0025857030667510023
25.008,-0.016309930631399332
25.012,-0.03158110487041411
25.016,-0.030486597548005274
25.02,-0.03827166284615603
25.024,-0.037131529214169325
25.028,-0.00765573580482842
25.032,-0.018514135038848
25.036,-0.03177821649158238
25.04,-0.030070552988915977
25.044,-0.016669826572858752
25.048,-0.013520033587836251
25.052,-0.01946223614711519
25.056,-0.02749960836331475
25.06,-0.028016281490396686
25.064,0.01130191261966802
25.068,-0.0284321483635421
25.072,-0.028727048734030678
25.076,-0.02830778043587101
25.08,-0.017222235948796093
25.084,-0.020474521192682556
25.088,-0.004707618743526258
25.092,-0.023372973276921553
25.096,-0.022040474721146293
25.1,-0.02364772345684377
25.104,-0.007601789820797966
25.108,-0.010489360151258332
25.112,-0.01989913628068453
25.116,-0.03372008825185921
25.12,-0.015591477465572462
25.124,0.0024354821251929056
25.128,-0.0074639957829943
25.132,-0.011338830696094733
25.136,-0.019477557415508228
25.14,-0.02457951374966569
25.144,-0.003960834075815486
25.148,-0.019328888492591928
25.152,-0.028565160355186386
25.156,-0.03507274029537073
25.16,-0.04019730301110663
25.164,0.0014584848097940837
25.168,-0.012974270948440083
25.172,-0.018336301133397546
25.176,-0.03083484971950356
25.18,-0.016624708029248925
25.184,0.006147025672580634
25.188,-0.015421051136851785
25.192,-0.021461103209120404
25.196,-0.024677099476671415
25.2,-0.012748328016623366
25.204,-0.006796613094518934
25.208,-0.02352263540424488
25.212,-0.023163244187699238
25.216,-0.03280032165485567
25.22,-0.028884086364269368
25.224,-0.021900260332084354
25.228,-0.0028491283897036142
25.232,-0.03378813756898139
25.236,-0.02424060720051218
25.24,-0.039971885282288816
25.244,-0.016015416307173815
25.248,5.149897691764278e-05
25.252,-0.024728406374230447
25.256,-0.02859371576498929
25.26,-0.005893576048142593
25.264,0.005697700815280702
25.268,-0.011712578877450515
25.272,-0.019423074476432663
25.276,-0.020204422214372342
25.28,-0.01831374590665814
25.284,-0.009873526141223398
25.288,-0.022750095238369107
25.292,-0.022431842397397324
25.296,-0.031034818108461548
25.3,-0.022578722528964132
25.304,-0.014124861716636645
25.308,-0.007744950990757843
25.312,-0.02964321894421171
25.316,-0.04196554712976371
25.32,-0.006761680245923515
25.324,0.006462571202790004
25.328,-0.0020059537995139494
25.332,-0.03122841288422997
25.336,-0.031177529355273754
25.34,-0.01916744593033397
25.344,-0.010151894028339326
25.348,-0.011476621584633723
25.352,-0.02015718360992785
25.356,-0.027839112096379442
25.36,-0.016542337837912067
25.364,-0.014700676221390634
25.368,-0.031547177165606774
25.372,0.0006197350680164776
25.376,-0.029427447797903364
25.38,-0.020405615221094974
25.384,-0.009957043360509173
25.388,-0.006622450901247055
25.392,-0.019547804763284028
25.396,-0.031244745283673773
25.4,-0.016003208944471728
25.404,-0.011527940101048358
25.408,-0.010249311729891138
25.412,-0.02556056692935757
25.416,-0.02819342729790241
25.42,-0.012077212803271793
25.424,-0.0010386536621748215
25.428,-0.0010570318265988796
25.432,-0.01663131517524633
25.436,-0.022829282863374645
25.44,-0.025702055119560224
25.444,-0.0049121170009321325
25.448,-0.01736240667744899
25.452,-0.010683302261323637
25.456,-0.0341764995071127
25.46,-0.015723490264928322
25.464,-0.002963414437323962
25.468,-0.02116518812835228
25.472,-0.014051336113486242
25.476,-0.01758580027497439
25.48,-0.016831899519410765
25.484,-0.003626746941886295
25.488,0.0014731680694665752
25.492,-0.02133342909826689
25.496,-0.025604711864933048
25.5,-0.021819343958950698
25.504,-0.01811081678073942
25.508,-0.01631824651372067
25.512,-0.014285355787416803
25.516,-0.03934513385710373
25.52,-0.010872330827164347
25.524,0.0041378221345053905
25.528,-0.02394265896089985
25.532,-0.026065283636361722
25.536,-0.03435134374441631
25.54,-0.01827456220464741
25.544,-0.008759098441010974
25.548,-0.007474790574484438
25.552,-0.03518508957106931
25.556,-0.009385440957095394
25.56,-0.013517945744251726
25.564,-0.009460728780316393
25.568,-0.012244230022047374
25.572,-0.03790091912950716
25.576,-0.03073684967493989
25.58,-0.00585232937922572
25.584,-0.004169344662495361
25.588,-0.0014070893673210332
25.592,-0.0246929328147494
25.596,-0.03302376559937767
25.6,-0.029756957996932468
25.604,0.009354159005265665
25.608,0.003989903169130936
25.612,-0.03918179795653227
25.616,-0.02290195689502321
25.62,-0.015324580087758444
25.624,-0.004732026278788768
25.628,-0.01423404371920917
25.632,-0.0234782249130444
25.636,-0.026641040361697184
25.64,-0.009092191917150882
25.644,0.0033384096937897866
25.648,-0.02437616824655916
25.652,-0.02623922063254869
25.656,-0.027164657487301375
25.66,-0.02105536738826503
25.664,-0.008616207603006305
25.668,-0.007809305730224391
25.672,-0.021920711059846318
25.676,-0.033530712207393856
25.68,0.0025521065771161935
25.684,-0.006675797093553269
25.688,-0.013736548364389766
25.692,-0.004833321412830785
25.696,-0.016003492014503382
25.7,0.0020352630667755164
25.704,-0.00980705682318195
25.708,-0.004401415041916612
25.712,-0.018257746965917736
25.716,-0.024767309288130722
25.72,-0.016427340879510085
25.724,-0.025602091643365195
25.728,-0.005058220562115966
25.732,-0.019765151611905476
25.736,-0.030256720529322337
25.74,-0.020926720703687132
25.744,-0.0025320984232139305
25.748,-0.006526254747070375
25.752,-0.03897149692636786
25.756,-0.019154425020314093
25.76,-0.02406135441222157
25.764,0.006614945070457115
25.768,-0.011028883026053983
25.772,-0.02022862983054875
25.776,-0.03171548220656088
25.78,-0.02884407960004458
25.784,-0.004778649099256386
25.788,-0.0030966424378626976
25.792,-0.02400167361980405
25.796,-0.028450555277734383
25.8,-0.01696259137113114
25.804,0.00902804809276296
25.808,-0.010323038215970155
25.812,-0.024455046944460483
25.816,-0.014525298051272917
25.82,-0.0309449599171073
25.824,-0.005958629618641386
25.828,-0.010502631099970045
25.832,-0.011979196174716853
25.836,-0.040844999576588804
25.84,-0.007788416536457218
25.844,-0.007245237717238197
25.848,-0.007481632553341105
25.852,-0.017211984229197612
25.856,-0.03634114812481279
25.86,-0.012948236001310376
25.864,-0.004713102486677228
25.868,-0.016733917844146087
25.872,-0.023706879155206445
25.876,-0.024191600339881034
25.88,-0.005843722090584006
25.884,0.006681546971607348
25.888,-0.003634471286059599
25.892,-0.01103502450941602
25.896,-0.029441143181205907
25.9,-0.015482599425092815
25.904,0.013605484120324305
25.908,0.017449187840200827
25.912,-0.011040249862653317
25.916,-0.018528826344381723
25.92,-0.014324176639328464
25.924,-0.00799700050772931
25.928,-0.008630111733911223
25.932,-0.012921075062063647
25.936,-0.025974648953426983
25.94,-0.02026138088752708
25.944,-0.008675410421227919
25.948,-0.002576747176530455
25.952,-0.027383926548058744
25.956,-0.017996027476687874
25.96,-0.016669605024371648
25.964,-0.00898933437328056
25.968,-0.017469837649777383
25.972,-0.02087644084354368
25.976,-0.014704433585228495
25.98,-0.018042650343340773
25.984,-0.0037012699553758306
25.988,-0.0011165761816483294
25.992,-0.02221159735171196
25.996,-0.01019695667271419
26.0,-0.001745831004347758
26.004,0.0016421351255044075
26.008,0.002762355074348687
26.012,-0.01078042998248599
26.016,-0.012804492667027986
26.02,-0.008046136204736496
26.024,0.005571434876151785
26.028,0.0010285416059171533
26.032,-0.017068534283790453
26.036,-0.027345513499625895
26.04,-0.008641107899369642
26.044,-0.007230423183091783
26.048,-0.010464261298416527
26.052,-0.019556513612567553
26.056,-0.0168028910729174
26.06,-0.017670526389095893
26.064,0.0035863302115643056
26.068,0.0034726335863920566
26.072,-0.024046624093400262
26.076,-0.03764717253385817
26.08,-0.011321932789306786
26.084,-0.01551899246558693
26.088,0.004229921667749487
26.092,-0.019456917182235606
26.096,-0.019195423553965155
26.1,0.00017561832560402703
26.104,-0.0020807026601525145
26.108,-0.008167133434523733
26.112,-0.01544340333654326
26.116,-0.02591845826612362
26.12,-0.007083870957096393
26.124,0.00116162908739173
26.128,-0.020557543283221128
26.132,-0.023317691846416654
26.136,-0.01028236200850221
26.14,-0.009433126216328547
26.144,0.002871362298889791
26.148,-0.0028013162320670794
26.152,-0.029711414297201914
26.156,-0.022661584774835618
26.16,-0.009558601385909835
26.164,-0.00874138184426524
26.168,0.004133255636515098
26.172,-0.024732993623662193
26.176,-0.02774306388002233
26.18,-0.0277848899814365
26.184,0.0016325935975632817
26.188,-0.009831050558364344
26.192,-0.008619023027009532
26.196,-0.03305512326334346
26.2,-0.014644465888209474
26.204,-3.807360208188783e-05
26.208,-0.0071433241716431055
26.212,-0.013914068283837188
26.216,-0.028068963265038365
26.22,0.00013108498581590987
26.224,-0.015562455069743875
26.228,-0.0065222619171554416
26.232,-0.01780404441087403
26.236,-0.022311973309404026
26.24,-0.011652462082312206
26.244,-0.0052904738861311185
26.248,-0.01142291439620383
26.252,-0.03302015206336038
26.256,-0.02046783218445262
26.26,-0.016639866408787056
26.264,-0.012890176015513623
26.268,-0.00824510655436973
26.272,-0.018469424784258077
26.276,-0.025277225646254845
26.28,-0.03570123112525562
26.284,0.001770545653626947
26.288,-0.0076449492787402425
26.292,-0.025003687495002314
26.296,-0.014810504933043544
26.3,-0.02654125488654786
26.304,-0.013202699356527186
26.308,0.005889958730502696
26.312,-0.0186315755350914
26.316,-0.004748020504584224
26.32,0.0008139579117090422
26.324,-0.001128347997703791
26.328,0.005391508273253094
26.332,-0.01681345828050889
26.336,-0.027471988275596125
26.34,-0.004809204660066032
26.344,-0.0004733039518549252
26.348,-0.012021324289908097
26.352,-0.027046512486133156
26.356,-0.019990309494700507
26.36,-0.015740500594431016
26.364,-0.013012331103160087
26.368,0.013907656954948788
26.372,-0.012866675352233996
26.376,-0.01722956294163313
26.38,-0.019770447550348784
26.384,0.0053547624050770065
26.388,0.006997584735736399
26.392,-0.020472553867730343
26.396,-0.001880642475815028
26.4,-0.020997124853475976
26.404,-0.0038395049068747087
26.408,0.0003594494490500866
26.412,-0.02759601289143401
26.416,-0.01960978198453695
26.42,0.005240956897893017
26.424,-0.008752899919052336
26.428,-0.003840313966369919
26.432,-0.01706953747585428
26.436,-0.012000736209345827
26.44,-0.024620659678972208
26.444,-0.001674050854000355
26.448,0.0030350540380083765
26.452,0.0002941533766795991
26.456,-0.01144838734227086
26.46,-0.021191206793797452
26.464,0.0031756161482897737
26.468,-0.004156301083284212
26.472,-0.016589443413975648
26.476,-0.007935587559103265
26.48,0.004502984620882765
26.484,-0.005601329855330611
26.488,-0.004835815980871584
26.492,0.0006043231296875805
26.496,-0.023223808965956334
26.5,-0.010136026950160887
26.504,-0.002730145348155121
26.508,-0.003380231871382134
26.512,-0.004002792339504126
26.516,-0.02799710236210952
26.52,0.004226757485962887
26.524,0.007819761606001898
26.528,0.0018467874986930902
26.532,-0.0007021660269212471
26.536,-0.010559383002505258
26.54,-0.0047555065326064525
26.544,-0.002854233428188273
26.548,0.008803773113448085
26.552,-0.009396453444103657
26.556,-0.027716590900728286
26.56,-0.02146455480314293
26.564,-0.009650178166444676
26.568,-0.012987739533215258
26.572,-0.02718040774639767
26.576,-0.020110990562333883
26.58,-0.0025840186019552543
26.584,0.0001770226106682215
26.588,0.01350558729991782
26.592,-0.03183650739670498
26.596,-0.021983895302415766
26.6,-0.009222312320966581
26.604,-0.008563183096448428
26.608,-0.0057023437117936
26.612,-0.025902503343178326
26.616,-0.004250892392649074
26.62,-0.02763228627102786
26.624,0.002264963688732182
26.628,-0.011832278446902766
26.632,-0.0045458866592061435
26.636,-0.030000121627428787
26.64,-0.012568130296220874
26.644,0.0051607813539414574
26.648,-0.016351486160185096
26.652,-0.011968600726285038
26.656,-0.03600446313512475
26.66,-0.0169853476615075
26.664,0.008146741799391113
26.668,-0.011028113058981548
26.672,-0.00858098849470275
26.676,-0.0280782696805349
26.68,-0.017174863165925258
26.684,0.0029534727542367798
26.688,0.009708931880145717
26.692,-0.019626965884668154
26.696,-0.02225503433075727
26.7,-0.011090403918193234
26.704,-0.006788410541349359
26.708,-0.01062853858687408
26.712,-0.011591066168971903
26.716,-0.015516941973767864
26.72,-0.004825951725823999
26.724,-0.00022681378442121914
26.728,-0.01260648921402666
26.732,-0.014578273251711673
26.736,-0.012998402653276874
26.74,-0.017064581430708554
26.744,0.011211167935384108
26.748,-0.011331686258826473
26.752,-0.007840795180046522
26.756,-0.008891748063478758
26.76,-0.016561777880378246
26.764,-0.003677589288618512
26.768,0.011322854420299025
26.772,-0.018244179942059388
26.776,-0.007603223093523875
26.78,-0.0005518446198084521
26.784,-0.0036125634520074194
26.788,-0.00106585547397641
26.792,-0.0148427662120098
26.796,-0.03619580945148456
26.8,-0.005832566389178501
26.804,0.008472473252933611
26.808,-0.019823850838868083
26.812,0.0007670430838962808
26.816,-0.025150608301462974
26.82,0.00021552208206694276
26.824,0.01707143183845092
26.828,-0.0038920337742159826
26.832,-0.01900745820123834
26.836,-0.016637645192350732
26.84,-0.015426124838066803
26.844,-0.005582619855927514
26.848,-0.0013001726798611418
26.852,-0.01876928405524919
26.856,-0.0043141270076941535
26.86,-0.012561570462948889
26.864,0.007514119779093673
26.868,-0.00042951133463792635
26.872,-0.014210214242281471
26.876,-0.0069125696789451106
26.88,-0.01170040531288458
26.884,0.004421880859538792
26.888,0.0008919866819046994
26.892,-0.0058379068957856335
26.896,-0.015637196265184197
26.9,-0.0006178069534905272
26.904,-0.00966085388883988
26.908,0.0025472874800949565
26.912,-0.014204347668722021
26.916,-0.028180989747842007
26.92,-0.01580928262384672
26.924,-0.003421442778638124
26.928,-0.0006770860990786287
26.932,-0.026153538113947588
26.936,-0.014068416918801336
26.94,-0.001037775578460398
26.944,-0.009161154166891446
26.948,-0.003404963605392305
26.952,-0.012573494559004354
26.956,-0.01354714611222069
26.96,-0.010112520951380535
26.964,0.01266377285946629
26.968,0.008947591968329626
26.972,-0.014358400814418798
26.976,-0.021674350629756284
26.98,0.00021314967460660944
26.984,0.011418976492072016
26.988,0.0026560383907181344
26.992,-0.016473230834088335
26.996,-0.024597324869514436
27.0,-0.016044057957772043
27.004,-0.015339061246255841
27.008,0.006936337720151901
27.012,-0.01704706713193639
27.016,-0.017458868379230393
27.02,-0.004289852367490523
27.024,-0.005761488051381071
27.028,0.0013355069554639477
27.032,0.005009100497279446
27.036,-0.02740944712706861
27.04,-0.004761617024513743
27.044,-0.002845947699161259
27.048,0.004807018792447866
27.052,-0.020543598982621
27.056,-0.01343714232303459
27.06,-0.01042916516158162
27.064,-0.0016470025263017407
27.068,0.022192154652824335
27.072,-0.01365911213595452
27.076,-0.01691887910141682
27.08,-0.03424378419031679
27.084,-0.0009632541036812209
27.088,0.006992617737819525
27.092,-0.002594310782712144
27.096,-0.019582678320715613
27.1,-0.011759522344409978
27.104,-0.0023748850017521377
27.108,-0.0114389456847893
27.112,-0.01077904186368555
27.116,-0.011555897081212296
27.12,-0.013790501428884763
27.124,-0.0054728215514502025
27.128,-0.005253864832645121
27.132,-0.011286310669314438
27.136,-0.015644674791101855
27.14,-0.013670437693649947
27.144,0.011832641074654284
27.148,0.007468098470495347
27.152,-0.011628046027366036
27.156,-0.009915941486180265
27.16,-0.01803880872759232
27.164,0.008192073163036457
27.168,-0.012160450501983576
27.172,0.00018974298433234275
27.176,-0.009816033284160568
27.18,-0.015164381060000964
27.184,0.005076203220846967
27.188,0.000752577462817469
27.192,-0.030601556268019407
27.196,-0.013995431723260707
27.2,-0.0010969032175236273
27.204,0.012979183617182418
27.208,0.0006640172747690682
27.212,-0.010262900178751307
27.216,-0.0031876316439542317
27.22,-0.004724149681407211
27.224,-0.009393885067707004
27.228,-0.008237094295356667
27.232,-0.008698197498410333
27.236,-0.036461381122531694
27.24,-0.011082064376955643
27.244,-0.005950580755273872
27.248,0.011274236045661544
27.252,-0.015119212506790422
27.256,-0.009020086246859002
27.26,0.0022817616323174694
27.264,-0.0001275433311694412
27.268,0.016230209882582215
27.272,-0.035973857778310574
27.276,-0.012538519366530623
27.28,-0.01384097744571084
27.284,0.003717622404393496
27.288,0.001149115782245701
27.292,-0.013181532837844569
27.296,-0.0007134052599326486
27.3,-0.01721309558231938
27.304,0.002155204122896974
27.308,0.002000519624568372
27.312,-0.003846463533054331
27.316,0.002724176720234433
27.32,-0.0052095521206075475
27.324,0.0036392583831113576
27.328,-0.008215364674716667
27.332,-0.014899116625532203
27.336,-0.02363776019521026
27.34,-0.009624640526269717
27.344,0.0017627239846854355
27.348,0.004878750022488659
27.352,-0.002556381563999382
27.356,-0.03143411447511691
27.36,0.006501058198852943
27.364,-0.006477353213648777
27.368,-0.01898548580368876
27.372,-0.02181089923370735
27.376,-0.010029796076739251
27.38,-0.00026824384177188704
27.384,0.013971841884569843
27.388,0.000879006082662147
27.392,0.0004569549732808733
27.396,-0.005540664421465327
27.4,-0.010435905666532996
27.404,0.005719394451770395
27.408,-0.014549195400400098
27.412,-0.014875819391259523
27.416,-0.018989799322734886
27.42,0.005528542129830402
27.424,0.012810296958914677
27.428,0.0002733596681939017
27.432,0.007227262500113983
27.436,-0.030839299517383123
27.44,0.004872851338296039
27.444,0.0006765162298130712
27.448,-0.006495192626761262
27.452,-0.016304708978665892
27.456,-0.019626814870136067
27.46,0.0027998199423008288
27.464,0.009898139478715366
27.468,0.011446718960211683
27.472,-0.000794140936481549
27.476,-0.018168034459040236
27.48,0.009056517190350017
27.484,0.029663565598676757
27.488,0.011996202660446521
27.492,-0.00342195657266128
27.496,-0.017811272748137978
27.5,-0.014362152911632599
27.504,0.007142561732469759
27.508,0.001704540400732863
27.512,0.009842454648086045
27.516,-0.011165260754694657
27.52,-0.008866162854525853
27.524,-0.002538475437659563
27.528,0.0007229271707089476
27.532,-0.008977963107348429
27.536,-0.012596463704461512
27.54,-0.0027987443474930835
27.544,-0.00819069851745624
27.548,-0.009000055531042897
27.552,-0.02820615762501455
27.556,-0.01811641440750549
27.56,-0.017546121645067716
27.564,-0.027625715675121024
27.568,-0.007809309198059969
27.572,0.001664642185300793
27.576,-0.003907381418781285
27.58,0.013604795218437736
27.584,0.008983933822357647
27.588,0.0021952902662237643
27.592,-0.01541304238479176
27.596,-0.007815270873151856
27.6,0.001432035830172775
27.604,-0.0058511193457251014
27.608,0.0070862287805754515
27.612,-0.014332634735308804
27.616,-0.022220881863794437
27.62,-0.015414397915389611
27.624,0.015105194348736922
27.628,0.0061511934141625325
27.632,-0.012876213899157362
27.636,-0.006875580853870026
27.64,-0.011892865599460544
27.644,0.008052889364587668
27.648,-0.004618746601447268
27.652,0.003130752121429733
27.656,-0.015997792100269404
27.66,-0.018556684209495727
27.664,0.00769902134182618
27.668,-0.010227138595750066
27.672,-0.008848563844245469
27.676,-0.015116293673336752
27.68,-0.00039790741219552193
27.684,0.014637368469350726
27.688,-0.0021938792231981715
27.692,-0.010936054066973776
27.696,-0.02016744182443251
27.7,-0.013994310191064292
27.704,0.0034258036984685324
27.708,-0.010763388167061308
27.712,-0.007646954731409389
27.716,-0.014418465379290148
27.72,0.00431687579117216
27.724,0.01890668191347463
27.728,-0.002278128438853032
27.732,-0.01396681823062188
27.736,-0.018330267203563504
27.74,-0.008806638289723343
27.744,0.006942758549407723
27.748,0.0030676312389734343
27.752,-0.023429337177190326
27.756,-0.022901713973248035
27.76,0.0008529000675885912
27.764,0.012747485185353574
27.768,0.013644687305552964
27.772,-0.0073707169747412255
27.776,-0.0014665752481771537
27.78,0.005060208772568021
27.784,0.0020853671079559405
27.788,-0.007085133269668637
27.792,-0.0016371482332999399
27.796,-0.01557947808874607
27.8,-0.007437016643005604
27.804,-0.008512316399519647
27.808,-0.005092450004653851
27.812,0.008838840229580995
27.816,-0.008690017511949338
27.82,-0.009610249108993905
27.824,-0.004744814894743028
27.828,0.00357706463587383
27.832,-0.009260351581322601
27.836,-0.02667855569665599
27.84,-0.0073035698467313285
27.844,0.02268977691836395
27.848,0.007291378713491784
27.852,-0.005691273184374004
27.856,-0.018879864674630098
27.86,-0.010804484241764372
27.864,-0.0006929800921278793
27.868,0.009621301873125631
27.872,-0.013531091272439448
27.876,-0.0013429829678066278
27.88,-0.004844532387794805
27.884,0.024088930357072873
27.888,0.00466407863762819
27.892,-0.01272636737522773
27.896,-0.006794212208291848
27.9,-0.011054235480904978
27.904,-0.005600581454797967
27.908,-3.6676316939238335e-05
27.912,-0.019378004184313728
27.916,-0.021260083447105886
27.92,-0.0076692855297028975
27.924,0.007872237850195427
27.928,0.0009607669353329873
27.932,-0.013256632360446934
27.936,-0.009166880625586182
27.94,0.006226036587376108
27.944,0.0048497521618862125
27.948,0.0006058051639639072
27.952,-0.033050034878246086
27.956,-0.013936912296959694
27.96,0.003699142736142711
27.964,0.011051361313806976
27.968,0.005277352423520383
27.972,-0.023759609673353208
27.976,-0.03164556735720881
27.98,0.00434279494443096
27.984,-0.0017990943345915162
27.988,-0.010748372396597532
27.992,-0.010103521615922364
27.996,-0.0159372719336479
28.0,-0.006209089823322498
28.004,-0.006404577710087142
28.008,0.017927623636422634
28.012,-0.020483497386184112
28.016,-0.008738550277535211
28.02,-0.00044962492785931545
28.024,0.012890020838877672
28.028,0.01687322442396455
28.032,-0.012042748382932764
28.036,-0.014551109776329247
28.04,-0.004985727989111309
28.044,0.0005152389753863987
28.048,0.0093149433447499
28.052,-2.3674181897507043e-05
28.056,-0.010400819115929359
28.06,-0.0061911654634726875
28.064,0.016400052128179167
28.068,0.002637191210065727
28.072,-0.008116213938736497
28.076,-0.01078598853631314
28.08,-0.008434098838679956
28.084,0.014117593559417933
28.088,0.002137981903257591
28.092,-0.014258617203106038
28.096,-0.007474007918228628
28.1,-0.003250655247554078
28.104,0.005107797069260832
28.108,0.004377632251426119
28.112,-0.005455135011661062
28.116,-0.019514227325806984
28.12,0.0027043625957840385
28.124,-0.0075228471200183104
28.128,-0.010057429777009456
28.132,-0.011072802459580264
28.136,-0.015174980182733935
28.14,-0.002465724439277896
28.144,0.013397730175697887
28.148,-1.9598436381084274e-06
28.152,-0.011455840319333279
28.156,0.003148746366501004
28.16,-0.014281690931251907
28.164,-0.004311655045148646
28.168,-0.007429629366042841
28.172,-0.004006825041046603
28.176,-0.006368124964877181
28.18,-0.008805259619791523
28.184,-0.005403436836798498
28.188,-0.00354040548920183
28.192,-0.007860778867681908
28.196,-0.019794058390886212
28.2,-0.012872994409657708
28.204,-0.006112382294282867
28.208,-0.01114515879070931
28.212,-0.01043500249307074
28.216,-0.010474835623016727
28.22,-0.003138004638671658
28.224,0.003901127458173393
28.228,-0.004127343625723143
28.232,-0.009855942416059625
28.236,4.479923665698382e-05
28.24,-0.006169496104548381
28.244,0.015659273704174442
28.248,0.019605204992470017
28.252,-0.02372896947265015
28.256,-0.022847136451980526
28.26,0.0028896756954000366
28.264,0.00712427180837657
28.268,-0.0018520540188830762
28.272,-0.01277784783423078
28.276,-0.017208257378376474
28.28,-0.010641016366462346
28.284,-0.005548383685935649
28.288,-0.01449326545603587
28.292,-0.0033957604486298393
28.296,-0.0012593997741395038
28.3,-0.0047185927174169355
28.304,0.009709513932458277
28.308,-0.0015655114077282595
28.312,-0.012027494730687115
28.316,-0.006266270712295982
28.32,-0.004883521489634718
28.324,0.0018605923218316086
28.328,0.009168408643075695
28.332,-0.013078840744943148
28.336,-0.020738558327632595
28.34,-0.015163707987758276
28.344,-0.006503192772609962
28.348,0.003187306100199177
28.352,-0.012337569043099902
28.356,-0.000998813207290939
28.36,-0.0029050716356051904
28.364,0.009085367892851227
28.368,0.0075527307607102506
28.372,-0.012579119315293114
28.376,-0.021880593350789394
28.38,-0.013022131631071313
28.384,-0.0016199120298399858
28.388,0.0020023234479404333
28.392,-0.006456155530097118
28.396,-0.02150122913760997
28.4,0.0007429049914561064
28.404,0.004536109008462349
28.408,0.00437492972421267
28.412,-0.005890932472076686
28.416,-0.015756086726165606
28.42,-0.011029054617648542
28.424,0.006882282405530453
28.428,-0.0017351186336700447
28.432,-0.0003082292495984202
28.436,0.0034591958985259515
28.44,-0.03151723225933399
28.444,-0.0054651197280632495
28.448,0.014073370828653477
28.452,-0.002163724426322325
28.456,-0.0005663840673603045
28.46,-0.004950328634171323
28.464,0.003643912250088157
28.468,-0.006677783993032117
28.472,0.0014218715092617577
28.476,-0.013940855642468159
28.48,-0.006616822359290201
28.484,0.010958886674267726
28.488,0.007641238449199711
28.492,-0.002430932870306055
28.496,-0.019774996247757443
28.5,0.015995107403171956
28.504,-0.0014663307124364467
28.508,-0.007184148575563938
28.512,-0.003755082810509929
28.516,-0.0007555041144680832
28.52,-0.025462145880347953
28.524,-0.012020211611102527
28.528,0.0024144546479162076
28.532,-0.0038946145507495434
28.536,-0.009546795412596731
28.54,-0.004064369615219497
28.544,0.010248252221214782
28.548,0.00898036126050879
28.552,0.0019123375445789185
28.556,-0.003283216359813195
28.56,-0.008523963458167125
28.564,0.006192305097337702
28.568,-0.00912273477807394
28.572,-0.0037435773809025193
28.576,-0.004725637715275725
28.58,0.0037645371960484293
28.584,0.013201003271247442
28.588,0.0012173238564652915
28.592,-0.010840819004183041
28.596,-0.02128789482084176
28.6,-0.006721997486435047
28.604,0.008099141280184963
28.608,0.0014516422773689789
28.612,-0.005207694712410548
28.616,-0.006670968201073059
28.62,-0.013228592981876761
28.624,0.009104126505964113
28.628,-0.01031977435030388
28.632,-0.01485010212116659
28.636,-0.01091039021325118
28.64,0.012662933480076572
28.644,-0.0015440467299849894
28.648,-0.006198411249787537
28.652,-0.0006561535219878154
28.656,-0.014800206025296936
28.66,-0.0043853536520605165
28.664,0.009610671875249912
28.668,-0.015551220971755403
28.672,-0.009726793835719868
28.676,0.0009405416981542649
28.68,-0.013906669752257449
28.684,-0.0045889619536416525
28.688,0.015120376079158514
28.692,-0.02568042775799774
28.696,-0.01128646626588516
28.7,-0.0014200582695383882
28.704,0.008259740220571774
28.708,0.005768517198165032
28.712,-0.01403663824569235
28.716,-0.014734089137146326
28.72,0.0025117463764581013
28.724,0.008283384821915811
28.728,0.0021343137124900623
28.732,-0.01132576289176971
28.736,-0.022045114771951795
28.74,-0.010592664761125282
28.744,-0.004230357214904374
28.748,0.004243157650937138
28.752,0.0034194159179968785
28.756,-0.02022631654875777
28.76,0.0005261846374855468
28.764,-0.016011769749437653
28.768,1.8090194209576926e-05
28.772,-0.007645533491232729
28.776,-0.015042939479592423
28.78,-0.00486831272292087
28.784,0.00829793464663938
28.788,0.01051745413710788
28.792,-0.016088657766786064
28.796,-0.0011570155284314626
28.8,0.0025364941176658244
28.804,0.001114262452431907
28.808,-0.020034390732382095
28.812,-0.002167440456680894
28.816,-0.00791023749511232
28.82,0.000179579571228208
28.824,-0.002244901084203165
28.828,-0.008540099448478302
28.832,-0.013361078760497006
28.836,-0.0019604522743935475
28.84,-0.003658010297321065
28.844,0.011864588775926636
28.848,0.0073283144672129305
28.852,-0.004679683478928651
28.856,-0.022446005422573093
28.86,-0.004735815695505762
28.864,0.0062058400290922935
28.868,0.008136315789330283
28.872,-0.014934234266635718
28.876,-0.010659221788202528
28.88,-0.020452735472671842
28.884,-0.007875086938951382
28.888,-0.003806656410983421
28.892,-0.007939583915756793
28.896,-0.025063545248386658
28.9,-0.023837154282680958
28.904,-0.005332423786433317
28.908,-0.0033820023397135085
28.912,-0.002263305220685987
28.916,-0.004952894820937899
28.92,-0.006735881917080732
28.924,-0.008638125229062505
28.928,0.020270772800580678
28.932,-0.0022038556737713315
28.936,-6.458448633139477e-05
28.94,-0.0005509481995700869
28.944,0.0022786952124830297
28.948,-0.003960541779881654
28.952,-0.012474793704723066
28.956,-0.01904210056185648
28.96,-0.008213299999932075
28.964,0.0025464161026933704
28.968,0.011071893041169656
28.972,-0.012303287337494277
28.976,-0.004632756392943109
28.98,-0.007133402736953785
28.984,0.01410724028562692
28.988,-0.0002222988937915396
28.992,-0.01001884941390526
28.996,0.0008239180839994496
29.0,-0.011913767567210434
29.004,0.00144629731783049
29.008,-0.007688738564722724
29.012,-0.017544654035002775
29.016,-0.009321149953949575
29.02,0.0006865190208590194
29.024,-0.004680585305883616
29.028,0.0020989655599506865
29.032,-0.016821511954504265
29.036,-0.038167077573795706
29.04,-0.01039514007054715
29.044,-0.003893684071928135
29.048,0.006152987199648368
29.052,-0.01923797483579705
29.056,-0.010087267920357815
29.06,-0.011558379681368233
29.064,-0.003270030321666899
29.068,-0.014201445554739792
29.072,-0.0258520898203565
29.076,-0.023785129390611434
29.08,-0.0037893763326864475
29.084,0.008273381619577793
29.088,-0.016632644843605066
29.092,-0.018040303808424963
29.096,-0.0060759690633552885
29.1,-0.015055835453108976
29.104,0.0023354194916147203
29.108,-0.01346764646431563
29.112,-0.014057960386404278
29.116,-0.023188734776740074
29.12,-0.00455720473126054
29.124,0.00479117971457264
29.128,-0.01874337033899809
29.132,-0.022837304222915092
29.136,-0.009372720458756098
29.14,-0.011097505703965173
29.144,0.0012133050720051892
29.148,-0.010133667146346517
29.152,-0.010100530990398007
29.156,-0.027971842601608083
29.16,-0.018921116959670477
29.164,0.009104514995606942
29.168,-0.006636500584078178
29.172,-0.02944334983699895
29.176,-0.0061660727574235335
29.18,-0.01221884974383259
29.184,-0.002326520365429169
29.188,-0.023346246313968963
29.192,-0.014042295601675258
29.196,-0.012853397926424398
29.2,-0.015676351801658654
29.204,0.00827341388235002
29.208,-0.005229839777779977
29.212,-0.018985996144210076
29.216,-0.02520109443499205
29.22,-0.005291365376069331
29.224,-0.00614648381377257
29.228,-0.01073487765203684
29.232,-0.0078029391800023985
29.236,-0.02667656967189492
29.24,-0.011662933445590867
29.244,0.009251253392431096
29.248,-0.008400060062962688
29.252,-0.011070658672485982
29.256,-0.0021301932791705676
29.26,0.004538877022074009
29.264,-0.002493567032941125
29.268,-0.0005562223673789522
29.272,-0.00953626976417216
29.276,-0.019357839932568573
29.28,-0.0029763658279197873
29.284,0.0017156714433510653
29.288,-0.021063356964719837
29.292,-0.01123867366652018
29.296,-0.010259754749512618
29.3,-0.01620399701920778
29.304,-0.002789364955362015
29.308,-0.0007298152076900017
29.312,-0.014685651477627022
29.316,-0.02665024773941431
29.32,-0.0006748692245482921
29.324,-0.0005305453174684303
29.328,-0.0065994141003864115
29.332,-0.01581642976485055
29.336,-0.0067017613894151725
29.34,-0.01261090454752126
29.344,0.018375378210278286
29.348,-0.009358462217380976
29.352,-0.0052548681912679435
29.356,-0.015675157910364005
29.36,-0.022266236238398202
29.364,0.0018646551956962702
29.368,0.001139106049085483
29.372,-0.014164302408547788
29.376,-0.005850156827914567
29.38,-0.015916990454303136
29.384,-0.001430517008866697
29.388,0.0050703696622548715
29.392,-0.0030082004187648656
29.396,-0.024147617774025916
29.4,-0.007321769044724304
29.404,0.0007163058976411865
29.408,-0.0012967575759326906
29.412,-0.018890370677321328
29.416,-0.02167729297872222
29.42,-0.012624164664403758
29.424,0.0048166909561134195
29.428,-0.006522311789205872
29.432,-0.007152988187583295
29.436,-0.0130377923853949
29.44,-0.019370392910112763
29.444,-0.0015248177526218073
29.448,0.0005277675243440753
29.452,-0.004421081438903593
29.456,-0.009977408641931789
29.46,-0.005072922124724466
29.464,0.014010368118604398
29.468,0.004033253996738129
29.472,-0.011390681507258285
29.476,-0.010453608322321267
29.48,-0.00866296726266779
29.484,-0.004098736462027269
29.488,0.0015336467193033986
29.492,-0.0014265339281509925
29.496,-0.013492112349427501
29.5,-0.02418714367090887
29.504,0.015422489134710414
29.508,-0.002832429789055088
29.512,-0.019157645809606896
29.516,-0.026995699323200853
29.52,-0.009818132578201686
29.524,-0.0013911682875473752
29.528,-0.00441995485705256
29.532,-0.004563152986703296
29.536,-0.01856570578039328
29.54,-0.021031343001573766
29.544,0.0060492995393705605
29.548,0.006688673973569748
29.552,-0.01343969673273512
29.556,-0.01702346872233949
29.56,-0.006696814792943617
29.564,-0.0004539938016799624
29.568,-0.012279987030835219
29.572,-0.01452746834405175
29.576,-0.009526608127069291
29.58,-0.00764268065164626
29.584,0.006678821882754231
29.588,-0.004486541754841245
29.592,-0.017638304794778126
29.596,-0.034981155687046225
29.6,-0.005257503960536582
29.604,0.0076489449218265365
29.608,-0.006734270888561067
29.612,-0.010717812594978865
29.616,-0.01337398534153457
29.62,0.003215423896744493
29.624,-0.010905868267296273
29.628,-0.0011691662981905852
29.632,-0.028299053417738997
29.636,-0.021180659523572752
29.64,-0.011117454247219261
29.644,0.003708098303473094
29.648,-0.0064465408391073935
29.652,-0.01542256652254319
29.656,-0.02245669032400981
29.66,-0.016919068376691288
29.664,-0.011537147544101057
29.668,-0.012244180882749412
29.672,-0.017509029264995105
29.676,-0.013487030322370763
29.68,-0.019430504794214112
29.684,-0.016477236025237995
29.688,-0.003294891979049902
29.692,-0.01774310561972869
29.696,-0.023637271671458588
29.7,-0.01462165508432985
29.704,-0.01526144311778284
29.708,-0.011180447026085632
29.712,-0.008363583336001519
29.716,-0.024575875515443348
29.72,-0.0034875631950259034
29.724,0.004429691942217699
29.728,-0.0148785921171707
29.732,-0.015179159839969881
29.736,-0.004870467166567895
29.74,-0.005382413009242407
29.744,0.0032891726223296266
29.748,0.0015167520889142506
29.752,-0.02768457631903496
29.756,-0.021900663686754383
29.76,-0.00644252753132519
29.764,-0.006072679107079761
29.768,-0.007513749757931858
29.772,-0.025937411342552598
29.776,-0.024826345462140915
29.78,-0.015424931892533288
29.784,-0.00020993004689332298
29.788,-0.024994611905078276
29.792,-0.01526295704655086
29.796,-0.010839375770298422
29.8,0.009092761561871148
29.804,-0.0036069181491351758
29.808,-0.005253602156543412
29.812,-0.014551183216835977
29.816,-0.010115098225643914
29.82,0.008958480057145175
29.824,-0.0027200719387823393
29.828,-0.01182340701315646
29.832,-0.013085899555568065
29.836,-0.01582306266102135
29.84,-0.02061815460295518
29.844,-0.0032585550317174826
29.848,-0.004391379851108462
29.852,-0.012887646172118492
29.856,-0.027445943325053845
29.86,-0.010928212609772912
29.864,-0.011655427399669452
29.868,-0.01721817525411206
29.872,-0.032689166102046904
29.876,-0.012217351386131874
29.88,-0.01635415462893853
29.884,0.00044975235263804104
29.888,-0.0056170518598120615
29.892,-0.011651081837863472
29.896,-0.009396943708763194
29.9,-0.018180794574209874
29.904,-0.0024090811759465126
29.908,-0.005658192303893391
29.912,-0.00926944859172192
29.916,-0.024937453797658084
29.92,-0.015967001917876197
29.924,-0.005166353130378465
29.928,-0.013221070902280965
29.932,0.0007073628497741707
29.936,-0.023517411424738385
29.94,-0.020572592873278086
29.944,-0.009477600065189348
29.948,-0.011268819346478512
29.952,-0.011845285679443495
29.956,-0.02610364814738394
29.96,-0.014231399044708257
29.964,-0.006571931975829332
29.968,-0.017291790284769994
29.972,-0.021858238593701847
29.976,-0.03151846510327422
29.98,-0.004487165599777573
29.984,0.005788933228625422
29.988,-0.01867550055556931
29.992,-0.019265461675686994
29.996,-0.03041444245745733
