timestamp_sec,voltage
0.0,0.041598659747879886
0.004,0.0358578413528368
0.008,0.03882020800314906
0.012,0.03139330910541987
0.016,0.029842295229778753
0.02,0.038743269875806195
0.024,0.04967009043364759
0.028,0.053124649625223126
0.032,0.024860630464207223
0.036,0.02145089484319923
0.04,0.03965674651646822
0.044,0.055376567302043773
0.048,0.03907818802441697
0.052,0.023909987809377767
0.056,0.04187343238986036
0.06,0.027226476765599236
0.064,0.05187227749744138
0.068,0.06021592048261497
0.072,0.036277071171347326
0.076,0.040326138454069814
0.08,0.03053144532269946
0.084,0.060738434659148854
0.088,0.042050661614439266
0.092,0.05302006865681726
0.096,0.018236678432517653
0.1,-0.011892085775409268
0.104,0.016038965014030834
0.108,-0.010167654881223984
0.112,-0.017602247387474478
0.116,-0.00030479926185089136
0.12,-0.0010764894075340008
0.124,0.01803527302427743
0.128,0.0017232631292556314
0.132,-0.004899366380029777
0.136,0.0006630037088906898
0.14,0.0022230264424488895
0.144,0.01281088735758324
0.148,0.014541743485643277
0.152,-0.009845526949897581
0.156,-0.01120533524081427
0.16,-0.00499717443798048
0.164,0.00532895457445419
0.168,0.011531596015222176
0.172,-0.006535318102738665
0.176,-0.004358491400430615
0.18,0.00011580256938119315
0.184,0.015209068817983014
0.188,0.010072112840713474
0.192,-0.0035794823320140804
0.196,-0.012069522004695278
0.2,-0.004702022111958878
0.204,0.007542602525958256
0.208,0.009633824379612795
0.212,-0.004589806312460059
0.216,-0.02138992175138365
0.22,0.0013469718274150377
0.224,0.009875650477717133
0.228,0.008536069057609286
0.232,-0.00048586008929936246
0.236,-0.002726041166583505
0.24,0.0006506441818670015
0.244,0.008900840685871636
0.248,0.000121431295406438
0.252,-0.012163053718131464
0.256,-0.011196020834667551
0.26,0.01594028757664061
0.264,0.02052195763871772
0.268,0.006422058924786193
0.272,-0.008977302862544457
0.276,-0.013890184559203413
0.28,0.017045275142515293
0.284,0.02205231226586206
0.288,0.01038245804080702
0.292,-0.00508415524228825
0.296,-0.01579140789092192
0.3,0.0016570849745237547
0.304,0.022768373468620318
0.308,-0.00026186344172222497
0.312,-0.001267644905278374
0.316,-0.006326549224874466
0.32,0.010536988856214078
0.324,0.021520057496445026
0.328,0.008622827771949977
0.332,-0.004977082152591412
0.336,-0.010325289595424184
0.34,0.010746499498151211
0.344,0.02089553015094891
0.348,-0.001032987348081632
0.352,-0.0026580635693083093
0.356,-0.002429897320792581
0.36,-0.004622735522931122
0.364,0.0036648493597038253
0.368,0.009666453354718527
0.372,0.006036376593730457
0.376,-0.021968851574045788
0.38,-0.011006226452806082
0.384,0.01084624761377839
0.388,0.001458928118937091
0.392,-0.0007208693883659053
0.396,-0.0013483220123302175
0.4,0.007301776330355454
0.404,0.014393641040995504
0.408,-0.012440407945305619
0.412,-0.008386473499704684
0.416,-0.010348224564620001
0.42,0.010497152973499865
0.424,0.013193020224785886
0.428,0.008765985152894618
0.432,-0.010135074646954137
0.436,-0.008270740838441702
0.44,0.011133453152778425
0.444,0.009588779702367914
0.448,0.0031251073829751475
0.452,-0.0030470402671482206
0.456,-0.008759010426159985
0.46,-0.0009150589526065638
0.464,0.0058709150673041865
0.468,0.01682566283843989
0.472,-0.00303329237111153
0.476,-0.0078008598117830395
0.48,-0.0015241850722816724
0.484,0.006062254092898615
0.488,0.01493788385570881
0.492,-0.0028986996557800113
0.496,-0.013516697587879004
0.5,-0.015213040646273152
0.504,0.019275645544762597
0.508,-0.0043593063475129475
0.512,0.0009313571561975122
0.516,-0.0005905926740633113
0.52,-0.012297418832341271
0.524,0.004996519564311569
0.528,0.01598011908019262
0.532,-0.010215552449395735
0.536,-0.02015920689294923
0.54,0.004616090316455478
0.544,0.012471107135253939
0.548,0.017987673020713864
0.552,-0.0075357395123318875
0.556,0.0009271477400659093
0.56,-0.0033366683743169946
0.564,0.006500576962849444
0.568,0.005277522742403705
0.572,-0.001524802653307495
0.576,-0.013611326138947829
0.58,0.013350476119858809
0.584,0.017782069050334685
0.588,0.02524411766530844
0.592,0.00030340160838444787
0.596,-0.01721084768301329
0.6,0.004323952974669293
0.604,0.016275659029546523
0.608,0.016337359007249787
0.612,-0.010293754676087206
0.616,-0.007403739492999123
0.62,-0.0025882104263254763
0.624,0.013601993636398035
0.628,0.011069445087333145
0.632,-0.011673327025109127
0.636,-0.010121413952042559
0.64,-0.00980411221495295
0.644,0.018773385685779256
0.648,0.0049646450233024175
0.652,-0.013439984394235676
0.656,-0.014114026352083222
0.66,-0.00021403480277195014
0.664,0.012893319787667626
0.668,0.014950552979271812
0.672,0.009849050725649658
0.676,-0.0024239752758438314
0.68,0.0005751591628934787
0.684,0.020007134911071305
0.688,0.015521620497862302
0.692,-0.003468171772086737
0.696,0.0030252606968745087
0.7,0.01591382439240814
0.704,0.01731327002560023
0.708,0.004672126371402151
0.712,-0.013098865317810798
0.716,0.005076775462872498
0.72,-0.0027554748898685594
0.724,0.014999174472301438
0.728,-0.0026438964423788815
0.732,0.004479835047567103
0.736,-0.0019257008887312308
0.74,0.002208420529543632
0.744,0.021658275177244717
0.748,-0.001018442991130939
0.752,-0.004818592703289722
0.756,0.00643025389657158
0.76,0.006079862712796608
0.764,0.02172095995765853
0.768,0.01406113713310628
0.772,-0.008709466241982074
0.776,-0.009222172456797274
0.78,0.016058107414740418
0.784,0.017572498786384585
0.788,0.01787212728886304
0.792,-0.002969745668581668
0.796,-0.0034284071501121537
0.8,-0.008638520798380936
0.804,0.005215661290133555
0.808,0.0064567657326410136
0.812,0.004527968827663786
0.816,-0.010350315629659207
0.82,0.002667319600023123
0.824,0.013388188677636036
0.828,0.021813958815572267
0.832,-0.002606490608669929
0.836,0.004948802603262867
0.84,-0.014363400178014615
0.844,0.0018451806002997475
0.848,0.03014115653748605
0.852,0.010265652130360925
0.856,-0.0019062548899283988
0.86,0.002057659299934663
0.864,0.024515805594949314
0.868,0.01212639005007597
0.872,0.0007268113844406147
0.876,-0.005317095835660062
0.88,-0.005077649454177001
0.884,0.021644560805625445
0.888,0.004783295423292864
0.892,0.012569631128958779
0.896,0.008037720158372438
0.9,0.0117909677422866
0.904,0.026476156188604973
0.908,0.01554920946145862
0.912,-0.0026978714223683618
0.916,-0.0036079309858689378
0.92,0.006286744374685347
0.924,0.014964482066209362
0.928,0.015867560197357407
0.932,-0.010611358228547398
0.936,-0.0012853233715210402
0.94,-0.00015420512459869175
0.944,0.01137486850176207
0.948,0.0076069732537654335
0.952,-0.00026266389747873304
0.956,-0.014584934191803182
0.96,-0.0034706494399425877
0.964,0.016532655856017917
0.968,-0.000907424608157863
0.972,-0.007509821973604038
0.976,-0.004393955184929729
0.98,0.0033975509592367313
0.984,0.008628362726227402
0.988,0.0033636999543320365
0.992,0.016549931256937718
0.996,-0.005002710547720144
1.0,-0.01025428785996425
1.004,0.021690850271942893
1.008,-0.010622919459879466
1.012,0.006390436267863007
1.016,-0.012681282892260726
1.02,0.002715440830677707
1.024,0.011890697352042897
1.028,0.001899224310505038
1.032,4.7494758345257605e-05
1.036,0.005759672584153773
1.04,-0.003277294246916046
1.044,0.01892826308896542
1.048,0.01089551252396658
1.052,0.003752844439687302
1.056,-0.0005491756173789664
1.06,-0.0011992060218665524
1.064,0.02843098855080601
1.068,0.02350444391401011
1.072,0.0016728331737991212
1.076,-0.021784317310559177
1.08,9.043556166268146e-05
1.084,0.004003286729931183
1.088,0.0010030880281162932
1.092,0.0007363347900663096
1.096,-0.012691771974330163
1.1,0.005521508997950075
1.104,0.00938632381052883
1.108,0.013237795380979425
1.112,-0.0022916580510772334
1.116,-0.013542955794289381
1.12,0.002952404442475258
1.124,0.0007267747751991214
1.128,0.017572687378290874
1.132,0.003144552166207835
1.136,0.008303015280770428
1.14,0.015348049568051013
1.144,0.021500675324021067
1.148,0.010678737699316985
1.152,0.013854740083827602
1.156,-0.0049208001467483916
1.16,0.0037844046030304055
1.164,0.010198930587058145
1.168,0.00939479400769043
1.172,0.0045961581332223155
1.176,-0.008185873342402094
1.18,0.01371154448191478
1.184,0.015769855232656494
1.188,-0.005903474456439892
1.192,-0.001561754008586092
1.196,-0.0018795805342158856
1.2,0.005828666656522966
1.204,0.02333751262027506
1.208,0.010372523987125196
1.212,-0.008903529630684488
1.216,0.011957754187652188
1.22,-0.009715215203385284
1.224,0.010543391578264361
1.228,0.017571313982320386
1.232,0.004469691554658952
1.236,0.004025342541237984
1.24,0.0003660488703070685
1.244,0.023273772062383603
1.248,0.01787015431346073
1.252,0.002826243269301731
1.256,0.001643936828412183
1.26,0.007562556282033726
1.264,0.002254372736254397
1.268,0.002214228145210677
1.272,-0.0027452630405122424
1.276,-0.013092559665342517
1.28,0.005234980274374584
1.284,0.007196994502066628
1.288,0.016150682970391274
1.292,-0.013646523009192665
1.296,-0.015723388641862526
1.3,0.014455230899344551
1.304,0.004809459603556998
1.308,0.010597860664180295
1.312,-0.00577301872298819
1.316,-0.006293060240061057
1.32,0.007202869675891434
1.324,0.017834515845365384
1.328,0.006833639968370145
1.332,0.005391441918869357
1.336,-0.017660382142413417
1.34,0.003364701152554459
1.344,0.011242566333841287
1.348,0.016916321451660537
1.352,-0.004722219119240645
1.356,0.002388049569590521
1.36,0.01759607259641128
1.364,0.007844741304784963
1.368,0.012470830159560888
1.372,-0.011501039384751246
1.376,-0.013027007771367314
1.38,0.01607977127506807
1.384,0.025762406119586446
1.388,0.0031086992595150322
1.392,0.0024628240560293614
1.396,0.004164168279553676
1.4,-0.0076393983600388845
1.404,0.010056485071357289
1.408,0.006329315538807507
1.412,-0.0022778065465367415
1.416,-0.00292758589690836
1.42,-0.009095185300326294
1.424,0.03588131833204365
1.428,0.01652884115060444
1.432,-0.0026030045426433624
1.436,-0.003215367561051972
1.44,-0.0034191852860149426
1.444,0.025078818458406447
1.448,0.008286959049145653
1.452,0.00400053648828058
1.456,-0.0034318416883648973
1.46,0.0029939366995489773
1.464,0.011194357446980111
1.468,0.0052568063680165445
1.472,0.005860958215929111
1.476,0.004030299131787917
1.48,0.020841746111020628
1.484,0.026227413357193273
1.488,0.018107053042552494
1.492,0.009224470646723326
1.496,-0.000413837918075238
1.5,0.013737737824592033
1.504,0.02562412505889726
1.508,0.017919557508093154
1.512,0.004361738238146036
1.516,0.00019919372347021545
1.52,0.007798762587591198
1.524,0.010671613630186542
1.528,0.010779333363650768
1.532,-0.010240747167941782
1.536,4.696089182128476e-05
1.54,0.002978996032614631
1.544,0.006935002200890947
1.548,0.018816924306654582
1.552,0.013239811435397705
1.556,-0.01991997599954179
1.56,0.005610920265159326
1.564,0.014277966538950379
1.568,-0.003948283840733813
1.572,-0.012312691712150858
1.576,-0.008871833478756152
1.58,0.012151569492783305
1.584,0.011733636844574062
1.588,0.02519606993762013
1.592,-0.010049637294615471
1.596,0.0017120632923275725
1.6,0.0013208064048754594
1.604,0.01787242918171778
1.608,0.020597249079896202
1.612,-0.00556487418787828
1.616,0.007537952504604621
1.62,0.011278190897819007
1.624,-0.0008275905610240324
1.628,0.014657034255299121
1.632,-0.001025479326193904
1.636,-0.026633149452130536
1.64,0.0004450139622525001
1.644,0.013412732951106432
1.648,0.005424556736581546
1.652,0.0013553340637624488
1.656,0.010236514219140793
1.66,-0.015485810190687425
1.664,0.01772540234196219
1.668,0.016818707485982104
1.672,0.0035390106946152126
1.676,-0.004133088424376478
1.68,-0.00679495092378746
1.684,0.005006994142599372
1.688,0.019890054940477547
1.692,0.005828307786740595
1.696,0.007005580683703038
1.7,-0.002179082573157458
1.704,0.019710988912508408
1.708,0.006939404995035364
1.712,-0.008161290616319171
1.716,-0.019623382189549322
1.72,-0.0006835146972286824
1.724,0.014220432540969278
1.728,0.014254634869800251
1.732,-0.0007881178422974057
1.736,0.007691278994704105
1.74,0.003557292643290572
1.744,0.01622522413088306
1.748,0.038030159921006564
1.752,-9.964141758994551e-05
1.756,-0.007693326543741528
1.76,0.015071245080908274
1.764,0.030887334777509892
1.768,0.006369904788440621
1.772,-0.00588750576352321
1.776,-0.016564075131771938
1.78,0.021534127073499967
1.784,0.030758319435957228
1.788,0.006510880988582945
1.792,-0.007203078541469212
1.796,0.0026536321261660346
1.8,0.01253903543173474
1.804,0.015641414790623205
1.808,0.01656112836988738
1.812,0.0019106052613410752
1.816,-0.0038032284245927304
1.82,0.009625864865748433
1.824,0.01654492610044141
1.828,0.0066310953227534
1.832,0.0003539057456424839
1.836,-0.003478641873436578
1.84,0.006276095085663798
1.844,0.017408143053095147
1.848,0.02369903933769401
1.852,0.0026161130333410033
1.856,-0.0021766759647760072
1.86,0.004733155329621531
1.864,0.012275225318323455
1.868,0.016243943233849947
1.872,-0.0015329598560919274
1.876,0.0005920157159451309
1.88,0.00266888307874881
1.884,0.015181154268821703
1.888,0.014638535776561554
1.892,0.010067711943422347
1.896,-0.01143826792089887
1.9,0.01265793030389685
1.904,0.034603802985920584
1.908,0.012973203899044043
1.912,-0.005658060769696367
1.916,-0.005190867876783938
1.92,0.0020112219614113087
1.924,0.019200787333587405
1.928,0.006280984095499604
1.932,0.010297509052971637
1.936,0.0027597496724792205
1.94,0.005645003162467772
1.944,0.014320257674304454
1.948,0.004315061481526298
1.952,-0.009589038882830192
1.956,-0.010932358558777997
1.96,0.0059174071747831805
1.964,0.02161278547406295
1.968,0.0038388018214636933
1.972,-0.002675240029950907
1.976,0.015999855077425882
1.98,0.00430794474477963
1.984,0.008811801522194147
1.988,0.016822758349708058
1.992,0.01313342278799826
1.996,0.006055596719849325
2.0,0.0038327059481196904
2.004,0.03319171590817106
2.008,0.00982823818759214
2.012,-0.0026506274762720765
2.016,-0.0015964702976978358
2.02,0.032544535042504465
2.024,0.01305747861623124
2.028,0.006428577819157131
2.032,0.0030950616205657547
2.036,0.019542265139500865
2.04,-0.0036914712866543712
2.044,0.0071142749612395275
2.048,0.014397794786268047
2.052,0.0061984836264184434
2.056,0.007120836804997734
2.06,0.01751909195530152
2.064,0.03394727382139671
2.068,0.008712541889948017
2.072,0.00020936601325295028
2.076,-0.00463244218867883
2.08,0.01685127242678965
2.084,0.03540617738934163
2.088,0.002355770309826633
2.092,-0.016370632987385548
2.096,-0.008147079022529854
2.1,0.008086018541448994
2.104,0.0032011574529711827
2.108,0.018839118015459143
2.112,0.0028230318737425594
2.116,-0.007424973777106893
2.12,0.013812859065578399
2.124,0.022215186485720056
2.128,0.004983283796337801
2.132,0.005825713000531613
2.136,0.004363670419837228
2.14,0.009220221760232692
2.144,0.006882315917740113
2.148,0.022788561351947716
2.152,0.00711488377163627
2.156,-0.014904538767583414
2.16,0.010961926052253239
2.164,0.020979807573284263
2.168,0.006681035708565872
2.172,-0.00211140305841154
2.176,-0.0007462426613328311
2.18,0.012878129016728827
2.184,0.015553485728001706
2.188,0.015947936351772222
2.192,-0.002630479068945155
2.196,0.00039416170983953163
2.2,-0.0020663463963866025
2.204,0.020146486985318318
2.208,0.010119690600642592
2.212,0.007914798518053715
2.216,0.006712725802279013
2.22,-0.01264188806311914
2.224,0.030373491016605074
2.228,-0.002143391341710439
2.232,0.0018565048363406386
2.236,0.00284768000895819
2.24,-0.0010363830246614327
2.244,0.019027519079887645
2.248,0.01448307580277913
2.252,0.007375041312868162
2.256,-0.005394126794539557
2.26,0.0016869951040117924
2.264,0.008498742767268105
2.268,0.008859303903184306
2.272,0.006642561002526593
2.276,0.008183824619049346
2.28,0.005049743546127968
2.284,0.027056714836856552
2.288,0.016631019255698588
2.292,-0.011312354693217244
2.296,0.005836736320598033
2.3,0.008134127937085274
2.304,0.019616491588337708
2.308,0.03312676695463175
2.312,-0.004007673239630527
2.316,0.009557808839315658
2.32,0.01869749051018272
2.324,0.017404409512433928
2.328,0.03333685552250658
2.332,-0.0028329651228109747
2.336,0.0032137590530722437
2.34,0.009760064058787408
2.344,0.027349835014933686
2.348,0.010553744237112188
2.352,0.008920958210167817
2.356,0.005134271944595746
2.36,0.03362549767669862
2.364,0.021489549935642612
2.368,0.01252212356760874
2.372,0.013551363781327957
2.376,0.0002956053714614445
2.38,0.020329496157073662
2.384,0.021378672828285674
2.388,0.024228248802979288
2.392,0.004991378823528863
2.396,0.025962786254283776
2.4,-0.006456351189071591
2.404,0.023955674309833527
2.408,0.020983873062908415
2.412,-0.006096983714859951
2.416,0.003684393803094893
2.42,-0.006015012902697658
2.424,0.019325362485892717
2.428,0.0018082685149014444
2.432,0.0031064349804048328
2.436,0.006151048947445677
2.44,0.01277384975049058
2.444,0.020327765881184442
2.448,0.0011308167998801862
2.452,0.013263487468106608
2.456,-0.0062644410429963425
2.46,0.005919957288893143
2.464,0.02883192342036752
2.468,0.019066785696035794
2.472,-0.015856048803526687
2.476,-0.005865917031659452
2.48,0.015836432392216215
2.484,0.02330546470784035
2.488,0.005754915535313312
2.492,-0.000415005928168591
2.496,-0.004664209206135741
2.5,-0.0005922572508484918
2.504,0.010864366122041938
2.508,0.009512745126403415
2.512,-0.0016820689608217356
2.516,-0.0061365395271254265
2.52,0.0072557606703725335
2.524,0.01377959086092536
2.528,0.02186186693311196
2.532,0.009649768501333316
2.536,0.018106306018502827
2.54,-0.0011011887661190496
2.544,0.019444924618048098
2.548,0.01881109176866027
2.552,-0.002778720618041338
2.556,-0.007346412460038291
2.56,0.006180656803474911
2.564,0.020804006118853947
2.568,0.018277783426921896
2.572,0.013961741856604253
2.576,-0.0016252672489945265
2.58,0.0033537925545781243
2.584,0.021754493379736364
2.588,2.344536516466454e-05
2.592,0.00931768104153764
2.596,0.020054269141348342
2.6,0.008569874761077317
2.604,0.016882103171796795
2.608,0.019194904610831304
2.612,-0.004044455946837255
2.616,0.0017909248537585224
2.62,0.0014386660576683249
2.624,0.027056614279020775
2.628,0.001071875208911468
2.632,0.01018895946442431
2.636,-0.00406740951102301
2.64,0.012508939791855623
2.644,0.011971805088075476
2.648,0.022107827957284033
2.652,0.0067781015287525625
2.656,-0.011227997140639132
2.66,0.013295508919272675
2.664,0.016799369988006446
2.668,0.015058225626188268
2.672,-0.008404561927230412
2.676,-0.0022368328724366913
2.68,0.0077062176059133555
2.684,0.007979144334233126
2.688,0.01499770025914398
2.692,0.0016093562586243413
2.696,0.005649441814549722
2.7,0.0068600835007797765
2.704,0.026874548934276286
2.708,0.0003950931516619443
2.712,0.008891645779513138
2.716,0.004327279642035456
2.72,0.02336036790071774
2.724,0.017831468455741867
2.728,0.02209862457541181
2.732,0.009630234743235457
2.736,-0.0014115783068107887
2.74,0.018244634313102207
2.744,0.010179284128222867
2.748,0.011419950201771846
2.752,0.02407670122762877
2.756,-0.0005489175177784877
2.76,0.0061252213333182004
2.764,0.019261421460589036
2.768,0.013620619010724148
2.772,-0.003612340252821488
2.776,0.005500819924842043
2.78,0.013828019521792113
2.784,0.00949002334331163
2.788,0.009743694039285287
2.792,-0.009326602867271612
2.796,0.0001626716294061345
2.8,-0.01055768112251895
2.804,0.030702025225554437
2.808,0.017240966489353304
2.812,-0.005344751383035213
2.816,0.0014874698377312031
2.82,0.023922933000608777
2.824,0.01837384654016567
2.828,-0.0011056418524729092
2.832,0.004892789549821056
2.836,0.007451374414339349
2.84,0.0110670493713198
2.844,0.01728346697813973
2.848,0.02202285779432258
2.852,0.006909979571098907
2.856,-0.002305073831249141
2.86,0.014839609012211642
2.864,0.028547195374305404
2.868,0.012943626203916547
2.872,0.0014670054645269078
2.876,0.009208829407677286
2.88,0.005122178682141467
2.884,0.02193172468214668
2.888,0.014334026324265543
2.892,0.005297758599982646
2.896,0.008814877754728542
2.9,-0.002894140617029568
2.904,0.03184479716243887
2.908,0.019552165536162763
2.912,-0.0038485159998759757
2.916,0.004978448807720397
2.92,0.01976826754365892
2.924,0.012811175954771927
2.928,0.002271532372891436
2.932,-0.0016470124300694894
2.936,0.0044788602620578506
2.94,0.00668813869441819
2.944,0.030775674367957022
2.948,0.016602674380999674
2.952,0.0030582375012084945
2.956,0.00391375911057163
2.96,0.010809822462667363
2.964,0.014039669144696253
2.968,0.01475316265511063
2.972,0.0056115075570137875
2.976,0.0005805660954614066
2.98,0.009201459424896743
2.984,0.01896073643501282
2.988,0.010041137825437054
2.992,0.009151685111299029
2.996,-0.0005675920673060587
3.0,0.022020515869904778
3.004,0.01994333906013474
3.008,0.005049105666028822
3.012,0.01538245283768179
3.016,-0.00239784193336234
3.02,0.0047641529599997965
3.024,0.01867713035392267
3.028,-0.0004943677803109468
3.032,0.008988160839754455
3.036,0.015549488242147386
3.04,-0.0012050776129196826
3.044,0.014726530115279815
3.048,0.004960327335739215
3.052,0.014785464094714346
3.056,-0.012572955857906076
3.06,0.005503588438303221
3.064,0.019952357123184297
3.068,0.013090941849924636
3.072,-0.003993241495115001
3.076,0.0024051310212497966
3.08,0.022335355306393884
3.084,0.015767070647767667
3.088,0.009754270448371804
3.092,-0.004455607841355705
3.096,0.011766018426633086
3.1,0.003476046779521338
3.104,0.015748630210745674
3.108,0.011651784803915393
3.112,0.010876093728049782
3.116,-0.008198049243520172
3.12,0.002300717501825384
3.124,0.03093348273289527
3.128,0.009693652525326224
3.132,0.005184589286596387
3.136,0.0027353721234181084
3.14,0.014147215909840893
3.144,0.018318249922660783
3.148,0.012766008888175334
3.152,0.011833007459062402
3.156,-0.0015037275709261495
3.16,0.024815080881833318
3.164,0.024208945146384254
3.168,0.017983452156887885
3.172,0.012041401524778205
3.176,0.004933701953200854
3.18,-0.00013383689228969702
3.184,0.018749714942785597
3.188,0.005209908604977323
3.192,0.008171502074663944
3.196,0.012237915170620697
3.2,0.0094953807247244
3.204,0.024705602002589803
3.208,0.017785187076232993
3.212,0.010783455214538232
3.216,-0.0032251719745397776
3.22,0.009579514985114952
3.224,0.01937466593957125
3.228,0.016445449674651703
3.232,0.013744243718461458
3.236,0.0019419061022510412
3.24,0.00905739242179801
3.244,0.02340796156804132
3.248,0.01329392066110257
3.252,-0.003977092773064339
3.256,0.015812062825526208
3.26,0.01701401408767621
3.264,0.01754242932218176
3.268,0.025550828211736723
3.272,0.0038012338957797245
3.276,0.008463895038651532
3.28,0.015445400630293777
3.284,0.022951080749435082
3.288,0.014035480080605948
3.292,-0.0011994417989649028
3.296,0.025685812771014
3.3,0.012093466979973202
3.304,0.011315896229016928
3.308,0.028897680367644486
3.312,0.0040163148089604715
3.316,-0.008232049471469542
3.32,0.014910224656092937
3.324,0.03384900597890669
3.328,0.025422903467588957
3.332,-0.004546787777492895
3.336,0.004423999554756489
3.34,0.006661477934746542
3.344,0.02909691968700391
3.348,0.022958662903800883
3.352,0.010038461313962856
3.356,0.011813482228650628
3.36,0.011828373773359841
3.364,0.021581701486414338
3.368,0.021438167183928002
3.372,-0.000351478905663981
3.376,0.0021871110890587225
3.38,0.022924568613311415
3.384,0.03051723481067712
3.388,0.00992161062996801
3.392,-0.00809045608808351
3.396,0.007438598788625915
3.4,0.001415783995489292
3.404,0.02426757552993337
3.408,0.017792781231025626
3.412,0.006419938810994134
3.416,0.005058413098880736
3.42,0.0021990880672601246
3.424,0.029283214141929956
3.428,0.019354623921464635
3.432,0.01660569625843955
3.436,0.002016207349321538
3.44,0.010406987126755531
3.444,0.024204926174246234
3.448,0.021861616337829872
3.452,0.013944517329423376
3.456,-0.005904937912371386
3.46,0.00924359670296366
3.464,0.011801034808953033
3.468,0.011752516902196907
3.472,0.016198807285676988
3.476,-0.015122189016184891
3.48,0.03157131389066331
3.484,0.0299760446187421
3.488,0.015620035247543013
3.492,0.01983348010995488
3.496,0.017736198756895208
3.5,0.01205471934193389
3.504,0.02067200495151941
3.508,0.014833795318976358
3.512,0.002692903656956765
3.516,-0.001702562800657969
3.52,0.010197917729566758
3.524,0.019174905228433497
3.528,0.004035981640919223
3.532,0.0070787321986637225
3.536,-0.007267130918607012
3.54,0.014899675166550285
3.544,0.008456592426591178
3.548,0.024333911964484336
3.552,0.006179687500078565
3.556,0.002539504172925017
3.56,0.006913864463168324
3.564,0.02755699081160049
3.568,0.01839309733368707
3.572,0.001967924973113046
3.576,-0.00037030599747464935
3.58,0.013969512540554249
3.584,0.01821069625985702
3.588,0.019635817585467674
3.592,0.0164078770729708
3.596,0.015935664325829595
3.6,0.024894542241293505
3.604,0.014442092732041431
3.608,0.01117201041378031
3.612,-0.00016490048432270515
3.616,0.008890213198666948
3.62,0.029542964803013036
3.624,0.0206304052582694
3.628,0.022000929640523217
3.632,0.002616493680328547
3.636,-0.003147697151377987
3.64,-0.00021355050132389197
3.644,0.02626852320023928
3.648,0.027587981315309915
3.652,0.013924963481374165
3.656,-0.023081075490699203
3.66,0.016568059451409503
3.664,0.0316913516637817
3.668,0.010650281539406406
3.672,0.0023702948993298374
3.676,0.0055998385096896214
3.68,0.0192524340088726
3.684,0.023481335505772017
3.688,0.02157096248213921
3.692,0.004585266378500441
3.696,-0.009000501072774942
3.7,-8.948637602040378e-05
3.704,0.020133367602110198
3.708,0.015418370844754323
3.712,0.0060933110395291566
3.716,0.006803941173036102
3.72,0.00655621630064808
3.724,0.031344042034461145
3.728,0.02809316870610552
3.732,0.004664557736788787
3.736,0.0030020126669868244
3.74,0.019635337895280127
3.744,0.00961378122002644
3.748,0.013020245616788596
3.752,-0.003171145259370417
3.756,0.003305652969589848
3.76,0.009771323937391968
3.764,0.023331328580008866
3.768,0.012067992070550346
3.772,0.02209105652990187
3.776,-0.006240754132795777
3.78,0.023691440568447276
3.784,0.019929488755591265
3.788,0.005547475905579746
3.792,0.011668714815933536
3.796,-0.005292463913793229
3.8,0.006820420591541311
3.804,0.018515766963148474
3.808,0.01968936947327687
3.812,0.007479404996858072
3.816,0.008017129528702219
3.82,0.014660650989475398
3.824,0.026767755847250982
3.828,0.02713395206033448
3.832,0.014593487093884496
3.836,0.0005538775219755617
3.84,0.013632833210531579
3.844,0.025985016555051962
3.848,0.033787991378556904
3.852,-0.0004450299883869812
3.856,0.002093925991760317
3.86,0.01549078581000084
3.864,0.01900280553134382
3.868,0.02083318236425899
3.872,0.004155164603182783
3.876,0.0127980411537395
3.88,0.006030713548889639
3.884,0.0049592741163409886
3.888,0.024260703114840704
3.892,-0.0002256956906646554
3.896,-0.00758886756703476
3.9,0.006902606327918106
3.904,0.013814571706302072
3.908,0.023366680096210686
3.912,0.0006056163662745417
3.916,-0.006158320178822818
3.92,0.010936737930855589
3.924,0.01619521491509788
3.928,0.023449773755014506
3.932,0.0007238166721123566
3.936,0.005142374248956087
3.94,0.01491778341458236
3.944,0.014445097685404938
3.948,0.0191748788433362
3.952,0.010129230259894685
3.956,0.0003279720484975039
3.96,0.010657222343577931
3.964,0.01707668997511135
3.968,0.026752293698257854
3.972,0.006646964631737497
3.976,0.00603336054797668
3.98,0.009725004912443162
3.984,0.017528724804194172
3.988,0.017740004497034865
3.992,0.013764120945847894
3.996,-0.005418570162820418
4.0,0.012385141467134143
4.004,0.028069389738894827
4.008,0.009282504878336071
4.012,0.014189941802096517
4.016,0.005602314834273211
4.02,0.013491462789987009
4.024,0.03647470854949251
4.028,0.02392116190096277
4.032,0.020243805201002538
4.036,0.0007097797036240425
4.04,0.02284160788960201
4.044,0.03012655807242645
4.048,0.014968888464512636
4.052,0.016603303372022104
4.056,-0.0035831865369556903
4.06,0.014920029920880389
4.064,0.021297637225022998
4.068,0.02011300139063055
4.072,0.007764829942001614
4.076,0.002447476008995328
4.08,0.0019119523946803958
4.084,0.008696644597358328
4.088,0.017028868000039877
4.092,0.029352842604601474
4.096,0.000749634033990928
4.1,0.00627177748587316
4.104,0.025877969528507808
4.108,0.012053955608009138
4.112,0.005574689605433973
4.116,0.00015244154925760176
4.12,0.011741796168176548
4.124,0.026917741903407982
4.128,0.029498000918129933
4.132,0.00771699201763211
4.136,0.0002759981726391629
4.14,0.019728084401332967
4.144,0.02601599948949204
4.148,0.00821862960253164
4.152,0.010215959316274453
4.156,-0.001356285915318084
4.16,0.009789781339779981
4.164,0.025642347992790814
4.168,0.025612975435729133
4.172,0.007459290557209157
4.176,0.015767620347354808
4.18,0.013136604491425322
4.184,0.026800971947324746
4.188,0.03973222181271384
4.192,0.018145309872144362
4.196,0.02248264343448069
4.2,0.0041715156086055
4.204,0.029165740079360535
4.208,0.03330487565395126
4.212,0.004055198971260634
4.216,-0.0005438553714030752
4.22,0.020455711408468764
4.224,0.02625840229502965
4.228,0.02595925176159678
4.232,0.004567569394843891
4.236,8.941291510699244e-05
4.24,0.0035961108333147293
4.244,0.021225571689827118
4.248,0.03311636738381779
4.252,0.00895911495520505
4.256,0.014647445129953158
4.26,-0.007741920918062967
4.264,0.018811214612635144
4.268,0.019841061545853342
4.272,0.02204004269413512
4.276,-0.0018461744543559182
4.28,0.022107405744306446
4.284,0.022613496735133687
4.288,0.009257102913148475
4.292,0.02104249918009063
4.296,0.0143948587042558
4.3,0.025622943105580026
4.304,0.02405074448440761
4.308,0.028189204487571454
4.312,0.02113649874134306
4.316,0.015679396401344466
4.32,0.009634132505029112
4.324,0.027792403342235636
4.328,0.018752509522538447
4.332,0.006591772864325487
4.336,0.015293699589819942
4.34,0.01987029940628248
4.344,0.02939120379841633
4.348,0.020639833054440157
4.352,0.0013299549449764907
4.356,0.01052943761204779
4.36,-0.013976292293099327
4.364,0.04573270452322993
4.368,0.008238147836380503
4.372,0.006645393360028891
4.376,0.021902541489784717
4.38,0.02139448621260637
4.384,0.017973859381729473
4.388,0.034320839426930004
4.392,0.013704972979419104
4.396,0.005538906984701135
4.4,0.025753954809046378
4.404,0.016239833395029005
4.408,0.025322987388110875
4.412,0.006165547536089563
4.416,-0.00021642444075747457
4.42,0.00692700528625661
4.424,0.029862475358629632
4.428,0.015213142862449451
4.432,0.008740326971837945
4.436,0.009976761327837164
4.44,0.01376216389512128
4.444,0.030615836369355852
4.448,0.011080240225673436
4.452,0.01999635099672853
4.456,0.003856927891806004
4.46,0.0061760166480283995
4.464,0.03463603030755529
4.468,0.01788715533597763
4.472,0.014445418033308108
4.476,0.017740731849334297
4.48,0.015980429946428162
4.484,0.01181727865420105
4.488,0.0172462465227713
4.492,0.011571582225344636
4.496,0.014907629785489533
4.5,0.01650833944136194
4.504,0.01788501245815375
4.508,0.02237728837598023
4.512,0.00618868986733841
4.516,0.004254511951853002
4.52,0.025335228253646744
4.524,0.021860163408265666
4.528,0.011135336263800037
4.532,0.0034464726335761958
4.536,0.0005869931556169109
4.54,0.009246174640488825
4.544,0.01567254448154986
4.548,0.018312577595871554
4.552,-0.008517973691192829
4.556,0.006613233204074809
4.56,0.002825514169763647
4.564,0.02239367465503964
4.568,0.023400375475661723
4.572,0.017791079327975183
4.576,0.018735064863745748
4.58,0.007329318868464463
4.584,0.018488618982552964
4.588,0.013821318377503763
4.592,0.0021372075149533355
4.596,0.014683853022664284
4.6,0.015465508630260888
4.604,0.026113035181997247
4.608,0.019925734491129762
4.612,0.01502927964989649
4.616,0.007469626474988329
4.62,0.010101699153130212
4.624,0.027800742701137235
4.628,0.019562678809874803
4.632,0.003016147667121347
4.636,0.01118129430635889
4.64,0.01239003196938953
4.644,0.01807144051208573
4.648,0.027072356510032133
4.652,0.013890719934634217
4.656,0.010248877158676667
4.66,0.017248397042214883
4.664,0.022730275473105
4.668,0.017713055429618128
4.672,0.028914186358723098
4.676,0.0008900936875338378
4.68,0.012182242676983712
4.684,0.03731478886765854
4.688,0.027830567668094577
4.692,0.014659270899374481
4.696,0.012853426638744465
4.7,0.06444553031046507
4.704,0.055070299618893676
4.708,0.05511172301845131
4.712,0.02846711255247953
4.716,0.05625244537484721
4.72,0.05329827874324751
4.724,0.07254311698031754
4.728,0.06510981957151313
4.732,0.04745689297514379
4.736,0.060168465499260484
4.74,0.058657802414491755
4.744,0.05639193484735892
4.748,0.053994759699772
4.752,0.052790616611783844
4.756,0.049955236219692195
4.76,0.061980149654532156
4.764,0.06377793396181419
4.768,0.058899869712671936
4.772,0.04540390222003898
4.776,0.05442292706654181
4.78,0.05752399087523793
4.784,0.07105936219877482
4.788,0.0611417620679082
4.792,0.037618439477937624
4.796,0.047142970541780946
4.8,0.004399607423200455
4.804,0.023901585226825783
4.808,0.014665815434033417
4.812,0.009251676981920153
4.816,0.018668104238124174
4.82,0.01684346764066605
4.824,0.025891896309117906
4.828,0.022752890155399472
4.832,0.018463038369253917
4.836,-0.0023747794289024904
4.84,0.0009698392931514303
4.844,0.01397638198886264
4.848,0.005441517884185707
4.852,0.007682100305663431
4.856,0.009609475661163306
4.86,0.027821117081698408
4.864,0.012442798485923699
4.868,0.02687725985259718
4.872,0.0030489367500794572
4.876,0.009617329537863761
4.88,0.02923931084862222
4.884,0.020046117212532993
4.888,0.025856424964932855
4.892,0.007039276901205146
4.896,0.01205611421696299
4.9,0.017799884634919026
4.904,0.033877150205760605
4.908,0.014664849477703452
4.912,0.008553720855896767
4.916,0.0032108338131822175
4.92,0.017971647425799302
4.924,0.0329102949885909
4.928,0.024689524631582114
4.932,0.01579171572690491
4.936,0.013725697727349006
4.94,0.02024521342780619
4.944,0.04504789435814892
4.948,0.013019283071849384
4.952,0.011686764310506133
4.956,-0.0011194237665424975
4.96,0.03070853061456074
4.964,0.02181934655213645
4.968,0.013389024986512732
4.972,0.020000619795590084
4.976,-0.0006968354317166848
4.98,0.020998824267000827
4.984,0.027905815644437507
4.988,0.030336217262326194
4.992,0.008710913717373233
4.996,0.010069864699897683
5.0,0.01876180020985863
5.004,0.031142395287308843
5.008,0.03163144869904103
5.012,0.022462365386812823
5.016,0.008841206030972396
5.02,0.012289929786795216
5.024,0.02079324125798178
5.028,0.02580412846323235
5.032,0.00933896430040006
5.036,0.0020468104576040107
5.04,0.016452228629192975
5.044,0.031300944287100424
5.048,0.02287393687540072
5.052,0.012156578830675124
5.056,0.008273711360277122
5.06,0.015510623549365811
5.064,0.038539277494566655
5.068,0.026544077004463793
5.072,0.004105012149981227
5.076,0.00881441291440099
5.08,0.0148103289973412
5.084,0.012326519532470794
5.088,0.007205750598515293
5.092,0.015898917073842493
5.096,0.030564017669573364
5.1,0.0156566842289647
5.104,0.015819209595802776
5.108,0.0390778080576081
5.112,-0.002361494190975217
5.116,0.008574371951217869
5.12,0.00013760077443427873
5.124,0.02936784255181772
5.128,0.01340650017347999
5.132,-0.003620415608341993
5.136,0.011272873730409475
5.14,0.015749687160555595
5.144,0.037129981636204866
5.148,0.017930924773422438
5.152,0.024949558352023355
5.156,0.00386165545781806
5.16,0.02047574859100869
5.164,0.0232905163013427
5.168,0.03535757200861957
5.172,0.009360639969229142
5.176,-0.0004931668208955457
5.18,0.017680475830043514
5.184,0.02347828118712024
5.188,0.026653240765812918
5.192,0.03028856659790558
5.196,0.016154502963871747
5.2,0.01783118714599005
5.204,0.03157414437426521
5.208,0.039932610788555006
5.212,0.0212301326133556
5.216,0.003945821511387612
5.22,0.013813476104347215
5.224,0.033791185552488466
5.228,0.03392253673366287
5.232,0.024061069768282626
5.236,6.889202491119385e-05
5.24,0.008808152305739843
5.244,0.029909529406880405
5.248,0.015424278220929814
5.252,0.00611235958418806
5.256,0.004808155986439271
5.26,0.020939728938217324
5.264,0.014336195887146063
5.268,0.04522593375307948
5.272,-0.0032460601363758328
5.276,0.007725842952920981
5.28,0.02966091365536966
5.284,0.031919286706743
5.288,0.03198540148377735
5.292,0.005293577408630516
5.296,0.0031952558324873943
5.3,0.0053801396382142895
5.304,0.0130664941155184
5.308,0.03139449174703426
5.312,0.015210587764215435
5.316,0.021947712516541193
5.32,0.02037424016241316
5.324,0.030061064847167477
5.328,0.03279339778120964
5.332,0.0022770295402335383
5.336,0.009763671818774924
5.34,0.029721092386884855
5.344,0.031311908463385
5.348,0.019046371237557303
5.352,0.008471843431208874
5.356,-0.013076663472812085
5.36,0.03260997258834408
5.364,0.023500056559895715
5.368,0.02675064058157693
5.372,0.01884337662915098
5.376,0.0047334379529236905
5.38,0.0137141034791626
5.384,0.025747711816037057
5.388,0.02836864782042433
5.392,0.022449488734074905
5.396,0.003135501836817333
5.4,0.022031706870775956
5.404,0.01767390473702459
5.408,0.02681222436111441
5.412,0.011293201504372442
5.416,0.01873298414179813
5.42,0.016801166511859783
5.424,0.030443376820752405
5.428,0.01773239214229841
5.432,0.023536232265924786
5.436,0.028658785934284288
5.44,0.027111210698038145
5.444,0.017187211886818096
5.448,0.02916332447300439
5.452,0.00770237603364425
5.456,0.022407779945256168
5.46,0.021508205769858235
5.464,0.03276948729559061
5.468,0.02550859874359048
5.472,0.0192370336109331
5.476,0.005807788392336873
5.48,0.02413867597367682
5.484,0.033490216888834724
5.488,0.008647109909563768
5.492,0.012671962180950935
5.496,0.007391872103746287
5.5,0.011351298091170026
5.504,0.028762288644827508
5.508,0.01323927115768917
5.512,0.018839787927412494
5.516,0.02930284455346082
5.52,0.034276570907952456
5.524,0.03378604324168599
5.528,0.027713862138974178
5.532,0.011494836897098723
5.536,0.015654751432177358
5.54,0.02577581120495701
5.544,0.0133297247009204
5.548,0.04027989598038393
5.552,0.00649497415910885
5.556,0.011142443166201969
5.56,0.024364675226188154
5.564,0.03562102968590132
5.568,0.010869304824793157
5.572,0.017458202019408772
5.576,0.007769429597437869
5.58,0.014965090471072093
5.584,0.013824898361687953
5.588,0.03180698555014962
5.592,0.0075410792113080535
5.596,0.025032994107564308
5.6,0.016565874874522747
5.604,0.01823547349832568
5.608,0.020339351337764114
5.612,0.021318154685932598
5.616,0.007861492671055754
5.62,0.016201858865883316
5.624,0.032159717935636545
5.628,0.024873852548614562
5.632,0.01023910253419601
5.636,0.0002737070141525886
5.64,0.019647510656183524
5.644,0.03421453068927748
5.648,-0.0036221377404680004
5.652,0.02677777485411073
5.656,0.019927739084422517
5.66,0.019001427655225847
5.664,0.016559582986557728
5.668,0.03184201183098747
5.672,0.011744322838753742
5.676,0.02211006086078951
5.68,0.027363967578777577
5.684,0.0239177402002951
5.688,0.023701179893697525
5.692,0.007126018781538709
5.696,0.010420043784352122
5.7,0.012330556596173329
5.704,0.0245896466065086
5.708,0.028297626130889503
5.712,0.004564347262202962
5.716,0.011367175925507076
5.72,0.011740459955352925
5.724,0.027083856112458598
5.728,0.021094520185167026
5.732,0.017278199152169715
5.736,0.009570080899280752
5.74,0.019315083267074828
5.744,0.013817778536461664
5.748,0.016612225832628436
5.752,0.015312956821058045
5.756,0.017653326818861344
5.76,0.012670748817431764
5.764,0.015597823007826585
5.768,0.030863050394160693
5.772,0.013499575582847905
5.776,0.021806212140232845
5.78,0.025577104661148094
5.784,0.022594314668065604
5.788,0.025452288355471288
5.792,0.007471814102146581
5.796,0.02596145421605569
5.8,0.026124697426172634
5.804,0.022882375133570748
5.808,0.009984965045239148
5.812,0.015062926580192244
5.816,0.011224084866001953
5.82,0.008353844881023828
5.824,0.02201922731744029
5.828,0.0031061057860213084
5.832,0.030334196645285257
5.836,0.010197444883910296
5.84,0.018761344882105204
5.844,0.031149854170217484
5.848,0.038798462142602214
5.852,0.019435102457631373
5.856,0.015642157061276717
5.86,0.015573402997307874
5.864,0.03323206763127121
5.868,0.03174716985223614
5.872,0.0014829307560421424
5.876,0.01799873984738037
5.88,0.011115493053160728
5.884,0.035598155197015126
5.888,0.019821147899405853
5.892,0.010829515939833226
5.896,0.012071546169216076
5.9,0.02547154618997907
5.904,0.03383070585536063
5.908,0.03189233556409175
5.912,0.01714358073043799
5.916,0.0015736557439750762
5.92,0.018231751969196887
5.924,0.032537402915903166
5.928,0.024659092328862254
5.932,0.00963825294300502
5.936,0.005122793072038371
5.94,0.018756980277300925
5.944,0.03889355118296646
5.948,0.025994563704405876
5.952,0.02175649134837858
5.956,0.003924649661374029
5.96,0.012508383871182875
5.964,0.03692485161817239
5.968,0.03254836964601942
5.972,0.024687193109318578
5.976,0.00721806490150533
5.98,0.022385847840526687
5.984,0.04122441749539429
5.988,0.029634836996312464
5.992,0.01843929300283635
5.996,0.012031732449496603
6.0,0.025702616980712252
6.004,0.030127468140924426
6.008,0.027398122273580985
6.012,0.00696991988609367
6.016,0.0103002358736653
6.02,0.0293607968251708
6.024,0.0327234981784913
6.028,0.025057799959010717
6.032,0.01311778988466778
6.036,0.01732546288946784
6.04,0.020369227206658694
6.044,0.0391068659602453
6.048,0.030882611900095388
6.052,0.01909317305028001
6.056,0.0062903298988098025
6.06,0.03090907740208683
6.064,0.03535019393383406
6.068,0.037741562251990345
6.072,0.018868755238626803
6.076,0.014453506152259543
6.08,0.01764005262410415
6.084,0.02215002792811939
6.088,0.01788017967156611
6.092,0.005897704038384565
6.096,0.008571959644019753
6.1,0.026772784410243573
6.104,0.019614089898736906
6.108,0.014702567634708782
6.112,0.009110047890835735
6.116,0.011057936821974744
6.12,0.02095694568321281
6.124,0.026445203839708265
6.128,0.017806214869968556
6.132,0.010300894918692415
6.136,0.00747482623477344
6.14,0.01618218733563995
6.144,0.035002163301479455
6.148,0.013301304037539229
6.152,0.013792646466727862
6.156,0.01437878656677407
6.16,0.012583570976469604
6.164,0.020977457433259003
6.168,0.025557034619867365
6.172,0.006610351722439966
6.176,0.005341940709513592
6.18,0.023097021002063046
6.184,0.02646996498714357
6.188,0.01920192250271956
6.192,0.028913928441418192
6.196,0.02312047856848176
6.2,0.010534973026120192
6.204,0.026046440275947547
6.208,0.03475124334352665
6.212,0.014550603244738758
6.216,0.010399671324427647
6.22,0.035442354252912645
6.224,0.04201024344392075
6.228,0.0278292198102284
6.232,0.00684401644073401
6.236,0.028322680915172857
6.24,0.01738058232997962
6.244,0.038634826286257265
6.248,0.020679108761722652
6.252,0.022734973853450795
6.256,0.009324315196233536
6.26,0.03187989079337898
6.264,0.033596028792819276
6.268,0.01587832465344588
6.272,0.002921330772463166
6.276,0.0029379196669197805
6.28,0.016309693392539897
6.284,0.04083728041745911
6.288,0.045104960690669466
6.292,-0.003037836600322995
6.296,0.013564617322034562
6.3,0.018102624359320044
6.304,0.028129035564253432
6.308,0.03411130816919038
6.312,0.02076518606546696
6.316,-0.002593632639828045
6.32,0.02486585903321876
6.324,0.035199124509142164
6.328,0.041133560294099356
6.332,0.012376611067331891
6.336,0.00013122710705712123
6.34,0.01703753823942313
6.344,0.03381278044824142
6.348,0.033640086839866114
6.352,0.015453520664474188
6.356,0.009762816390576304
6.36,0.012761185489958042
6.364,0.026097757620629575
6.368,0.01990187331726058
6.372,2.5849379726841648e-05
6.376,0.015006058325233688
6.38,0.02054590813220998
6.384,0.042307729656046705
6.388,0.014766451021799933
6.392,0.017687323571557383
6.396,0.01605659241475752
6.4,0.026323797278106624
6.404,0.021199880390175098
6.408,0.032817621921711504
6.412,0.019794996500133902
6.416,0.01448218735228566
6.42,0.024188397381203805
6.424,0.01878399654524329
6.428,0.011247656200639666
6.432,0.020341044043278304
6.436,0.021476674021311058
6.44,0.0015932322658116366
6.444,0.03130731381696172
6.448,0.025938005778593395
6.452,0.00675494714912145
6.456,0.0049668683728072305
6.46,0.02856748748540993
6.464,0.03258135329737157
6.468,0.028697614601896883
6.472,0.009263119445866282
6.476,0.007612583455371241
6.48,0.03045198359185542
6.484,0.019841593298731815
6.488,0.021411558313271323
6.492,0.010532953936388267
6.496,0.004243656302508551
6.5,0.02737722283700136
6.504,0.027233991484937208
6.508,0.01882078439212615
6.512,0.006025437514717914
6.516,0.006190422712889153
6.52,0.028617067670531973
6.524,0.013729216532655915
6.528,0.043176688916165
6.532,0.0080086759013301
6.536,0.0071218666799454005
6.54,0.016555929593948155
6.544,0.0257010236470194
6.548,0.01974989242848486
6.552,0.007557583566619522
6.556,0.02297796540408148
6.56,0.005579769485313791
6.564,0.026970047678127402
6.568,0.025909788263453488
6.572,0.01714476514357293
6.576,-0.00046646466506859025
6.58,0.009572339988209225
6.584,0.031362587845104886
6.588,0.026453652431295663
6.592,0.020294088866305758
6.596,0.007979013909096768
6.6,0.016132930767211572
6.604,0.03279838528044848
6.608,0.027799548701691455
6.612,0.007038435141467412
6.616,0.01083244743894031
6.62,0.005748444274760563
6.624,0.03659033316189328
6.628,0.013233089644118314
6.632,0.009351751309461424
6.636,0.01589359355218764
6.64,0.016227218600789763
6.644,0.03226890935891154
6.648,0.02151310576279515
6.652,0.007654748881914104
6.656,0.008860517851192308
6.66,0.019667885273249322
6.664,0.025546099524787667
6.668,0.03416573520686009
6.672,0.020648630682870376
6.676,0.011387735147364372
6.68,0.03336254924379217
6.684,0.026576678614834454
6.688,0.042792649251884786
6.692,0.018083945125941893
6.696,0.015999381659317018
6.7,0.029762217224037553
6.704,0.027638395678801116
6.708,0.03181712346170471
6.712,0.02737421429055173
6.716,0.0219677738603199
6.72,0.026079576007583073
6.724,0.015418323904954678
6.728,0.029000359157690295
6.732,0.01950480554373563
6.736,0.0053522711111078465
6.74,0.02203793332419027
6.744,0.029653939443347824
6.748,0.020379887358051386
6.752,0.0257582567305938
6.756,0.026140541023689387
6.76,0.025928985497066556
6.764,0.044842673438481306
6.768,0.028579881398538908
6.772,0.016690617680468055
6.776,0.022813555808032012
6.78,0.022099447890821255
6.784,0.04505344430610685
6.788,0.043828364313855575
6.792,0.017583632503437623
6.796,-0.005872881432861491
6.8,0.026740795617125935
6.804,0.031472630077347165
6.808,0.03039369119328756
6.812,0.01961610858736148
6.816,0.024355274121297028
6.82,0.015482443558989294
6.824,0.022083103989413808
6.828,0.04274794299069478
6.832,0.014213687989306223
6.836,0.017960628379375676
6.84,0.035890182453964456
6.844,0.032097060327904534
6.848,0.026940270000028077
6.852,0.012992424711687912
6.856,0.011398540658112041
6.86,0.018605497729527992
6.864,0.020188084699940337
6.868,0.033868260495783294
6.872,0.018660591831396674
6.876,0.004739850410613061
6.88,0.020456944775469197
6.884,0.04271229935889165
6.888,0.02952336381565128
6.892,0.013179534372168008
6.896,0.01243736343374656
6.9,0.032217553276696426
6.904,0.025741548313177813
6.908,0.03382588896382386
6.912,0.015287976078055975
6.916,-0.017010366346906343
6.92,0.03005596808336011
6.924,0.0345957199301123
6.928,0.01549546892835326
6.932,0.02356435474566248
6.936,0.007637325171735566
6.94,0.014231942123726903
6.944,0.03200704466220488
6.948,0.025052845634314265
6.952,0.005512023905477803
6.956,0.022152839372014482
6.96,0.03480565551174514
6.964,0.04203044811529157
6.968,0.02625694080314147
6.972,0.015812692330651707
6.976,0.0183764700324746
6.98,0.024800898588999403
6.984,0.04256761034794278
6.988,0.01914595678820786
6.992,0.009216367037842512
6.996,0.017620073476734298
7.0,0.01739640775342788
7.004,0.0483521966123444
7.008,0.029378148158979392
7.012,0.009018395990229524
7.016,0.014451036584887694
7.02,0.02738703903222596
7.024,0.02681026302707392
7.028,0.02994517026659502
7.032,0.016743014319743264
7.036,0.02156082223249573
7.04,0.03159126566614193
7.044,0.04065653833473369
7.048,0.03090247728731171
7.052,0.024342872928939007
7.056,0.016938554723018508
7.06,0.027666276601752606
7.064,0.03420654715198589
7.068,0.028667177364992004
7.072,0.03004409772263674
7.076,0.00600100444108044
7.08,0.017182427412138716
7.084,0.017230220491767402
7.088,0.024091584440653464
7.092,0.020751815341356974
7.096,0.017999779409514003
7.1,0.031745694860576726
7.104,0.03539184348425062
7.108,0.005269248417497305
7.112,0.007975425176156821
7.116,0.007994232762520133
7.12,0.029989699477918304
7.124,0.03928425014667031
7.128,0.043915730145414195
7.132,0.013267763296747663
7.136,0.02568948995815095
7.14,0.022485625562778336
7.144,0.02726726509789297
7.148,0.017590653702688013
7.152,0.017298971404465787
7.156,0.0033734684668044555
7.16,0.021481781244514705
7.164,0.02896021998694248
7.168,0.01966983418987186
7.172,0.010935489411822069
7.176,0.024551456529102685
7.18,0.030734142984753528
7.184,0.022464694528896535
7.188,0.031703303016601375
7.192,0.020043289120292355
7.196,0.009396140111086103
7.2,0.016088713374981196
7.204,0.03439927851750906
7.208,0.01642866323030242
7.212,0.027160248441460207
7.216,0.019541903109733395
7.22,0.03352395809947044
7.224,0.02912139027015564
7.228,0.026011965959416017
7.232,0.019334470836461396
7.236,0.012178503799625222
7.24,0.025152380409577672
7.244,0.0354963055620967
7.248,0.02945663504410427
7.252,0.025386902769206278
7.256,0.021483599149287828
7.26,0.01740221600499893
7.264,0.030925039652445523
7.268,0.028052522302401076
7.272,0.01855844610937112
7.276,0.021220200848822004
7.28,0.021197657031268493
7.284,0.04202762650226153
7.288,0.0370705253729238
7.292,0.013613160715611833
7.296,0.02951820443937175
7.3,0.03658208386205618
7.304,0.032052598525538156
7.308,0.027146822522594594
7.312,0.02255278911518125
7.316,0.016552580834317147
7.32,0.027862007586583918
7.324,0.03940769488233849
7.328,0.027588004088058237
7.332,0.0021023425421088544
7.336,0.023448546687048724
7.34,0.030297824411041084
7.344,0.03532319120740841
7.348,0.04225891365835387
7.352,0.0338896983153021
7.356,0.009092411359829394
7.36,0.019244808278276647
7.364,0.03226731351136019
7.368,0.029303439479638163
7.372,0.015942185735074974
7.376,0.0013832032481124207
7.38,0.023435597690914384
7.384,0.02845126970415112
7.388,0.02361804732807618
7.392,0.019369859925505984
7.396,0.009639675651881006
7.4,0.017277254126893883
7.404,0.03228667352842632
7.408,0.02192365273006095
7.412,0.0109064441787418
7.416,0.025499901721816425
7.42,0.016123345754284354
7.424,0.025607896021073835
7.428,0.03476298250630032
7.432,0.027342882835375282
7.436,0.003939318935468648
7.44,0.021916173763686264
7.444,0.0508691146321505
7.448,0.03189732255859084
7.452,0.030933049737085005
7.456,0.004939469247316905
7.46,0.03973632670451535
7.464,0.03553208829652251
7.468,0.03339217506510936
7.472,0.012627408926673344
7.476,0.032142304206577085
7.48,0.02305952588075021
7.484,0.05263739514315352
7.488,0.0282454409263061
7.492,0.012534835383199432
7.496,0.00768648357825552
7.5,0.01845770020774734
7.504,0.03818568187006073
7.508,0.044110512023898894
7.512,0.0197718080759231
7.516,0.026650586028862465
7.52,0.02527973811679124
7.524,0.02745170368724953
7.528,0.028411536091427637
7.532,0.01980707906243811
7.536,0.01512491578057873
7.54,0.021966591608619596
7.544,0.029668724512414008
7.548,0.022498869594660267
7.552,0.020796407673441528
7.556,0.017720453763573903
7.56,0.020754455757196172
7.564,0.034170629714351135
7.568,0.04133726856859508
7.572,0.02078839310165003
7.576,0.019577446786819254
7.58,0.017103080957193817
7.584,0.04153389440738293
7.588,0.035542353120382564
7.592,0.009456897771006958
7.596,0.018592969876542024
7.6,0.02583571962535508
7.604,0.027080389747248832
7.608,0.036278190191200044
7.612,0.016411557561354283
7.616,0.025057520518932654
7.62,0.022904834448721913
7.624,0.0410369982120635
7.628,0.02363014410217459
7.632,-0.0039672604628356485
7.636,0.00686587830442309
7.64,0.022223879420184334
7.644,0.04035872354767417
7.648,0.025992860481994815
7.652,0.017498169497821712
7.656,0.03185393340488227
7.66,0.024597188667117274
7.664,0.026492380295434707
7.668,0.032197979512502514
7.672,0.03209665235923429
7.676,0.016020933819710252
7.68,0.02964453166912901
7.684,0.032625235312368536
7.688,0.028239582032930362
7.692,0.028517096151436896
7.696,0.016069070357752114
7.7,0.027870960719840257
7.704,0.0217599173738407
7.708,0.015884514927648637
7.712,0.015772936203536144
7.716,0.013641013724082399
7.72,0.020652984069549685
7.724,0.026248053544317855
7.728,0.02542907733846999
7.732,0.02448324185862141
7.736,0.018674408370567632
7.74,0.029866943391788574
7.744,0.04999694529567232
7.748,0.038536669968999876
7.752,0.012718081512851297
7.756,0.012198341185594298
7.76,0.021836219797451137
7.764,0.03184871444070036
7.768,0.02133002831783436
7.772,0.021423564284789337
7.776,0.029288911781519926
7.78,0.013454693384360889
7.784,0.028083258650471083
7.788,0.04252672583680859
7.792,0.0056774456723928755
7.796,0.009944531783415391
7.8,0.0337667228512475
7.804,0.03911254819153655
7.808,0.025079952056318567
7.812,0.018087215120513686
7.816,0.007248056310240109
7.82,0.018181150095794418
7.824,0.028158953139869644
7.828,0.027894053062610804
7.832,0.022188551052123796
7.836,0.023499270992155784
7.84,0.027138404377822625
7.844,0.04311655443122113
7.848,0.018891776421053042
7.852,0.014094895711274404
7.856,0.012131457175944462
7.86,0.018093096287852047
7.864,0.04756909175596047
7.868,0.023805075374834346
7.872,0.026883403511692185
7.876,0.010867522956388733
7.88,0.024573950264807517
7.884,0.04256409420829387
7.888,0.027252401339213823
7.892,0.019105528183082112
7.896,0.015563211122474318
7.9,0.02600788743810381
7.904,0.036830590023683454
7.908,0.03645224011568157
7.912,0.0019661024554475173
7.916,0.014161200855934152
7.92,0.012634321987067884
7.924,0.03555888627260594
7.928,0.02249872428919569
7.932,0.03074671560543557
7.936,0.019389196699590796
7.94,0.02404433240192755
7.944,0.032492130276807064
7.948,0.037456058709773365
7.952,0.030338036648646448
7.956,0.01890284725372614
7.96,0.02290285741168828
7.964,0.02199130296428658
7.968,0.040255754867527485
7.972,0.031090497292039988
7.976,0.018263052149425446
7.98,0.026135967227217147
7.984,0.027439604532908855
7.988,0.04309557257853752
7.992,0.010643662873530193
7.996,0.03244212928489837
8.0,0.04177102747067153
8.004,0.028212672876012052
8.008,0.036632163794211886
8.012,0.03488155578697146
8.016,0.021867085731231865
8.02,0.023049197877150904
8.024,0.04901856751031755
8.028,0.030135784500479892
8.032,0.020909788846034578
8.036,0.01910510306210466
8.04,0.02664786001358693
8.044,0.04542387749995167
8.048,0.028888655338190287
8.052,0.020664290262223592
8.056,0.01920089991965511
8.06,0.026622655839068372
8.064,0.03349193045676455
8.068,0.030216533907373683
8.072,-0.005137868163369523
8.076,0.01120503558197512
8.08,0.027943790775356837
8.084,0.04179011744663706
8.088,0.03933357567137314
8.092,0.025792434080165134
8.096,0.01898499626226255
8.1,0.02401755212065186
8.104,0.04539883046518758
8.108,0.022790610361937264
8.112,0.01827447397061082
8.116,0.015427038402172558
8.12,0.033008222696053025
8.124,0.03760859674203925
8.128,0.03451086814974876
8.132,0.017573552688704308
8.136,0.012878757701995215
8.14,0.04260847597311661
8.144,0.03939575451212451
8.148,0.03365590015447992
8.152,0.008910845178978978
8.156,0.013511240957347025
8.16,0.024738557361215305
8.164,0.03762178747158835
8.168,0.022733252717941126
8.172,0.010946342022930272
8.176,0.008412173340095308
8.18,0.004640439456499768
8.184,0.03419362652972261
8.188,0.03103766149955125
8.192,0.029142971410137067
8.196,-0.0025316258778290968
8.2,0.028840354110024558
8.204,0.047658108542305434
8.208,0.0502003108746197
8.212,0.014746652453134185
8.216,0.024077554256206987
8.22,0.024538661564047975
8.224,0.0314908289584742
8.228,0.018192979244814923
8.232,0.016752368653675846
8.236,0.01692768036183514
8.24,0.02468956455975617
8.244,0.03191859875384061
8.248,0.031409484321557296
8.252,-0.00022142507083417612
8.256,0.012228364490520099
8.26,0.021619632201359953
8.264,0.012387340634637187
8.268,0.03709694294261276
8.272,0.025069753137518365
8.276,0.023552561377990198
8.28,0.014486226397544277
8.284,0.03077200547445834
8.288,0.058015997677986667
8.292,0.03344304977857482
8.296,0.010272499036783778
8.3,0.01940097907464924
8.304,0.02344953432217698
8.308,0.030192046555584127
8.312,0.030844928687143586
8.316,0.0154041492187749
8.32,0.022888854805168484
8.324,0.027540070372784293
8.328,0.0518122453814674
8.332,0.01104924252900109
8.336,0.016959716001053598
8.34,0.017803414699671817
8.344,0.030698495267281876
8.348,0.03341029874256551
8.352,0.017648130407740423
8.356,0.010197469749182203
8.36,0.04039513543392248
8.364,0.035556654591437885
8.368,0.02795889046115148
8.372,0.028540942384302277
8.376,0.01768332450199085
8.38,0.028307895619542455
8.384,0.03736117752871032
8.388,0.03216181659331832
8.392,0.0237624878115201
8.396,0.01604499020483399
8.4,0.023886157889841365
8.404,0.0396059998346686
8.408,0.02707597027363037
8.412,0.022013810832228514
8.416,0.016898675915552778
8.42,0.023611893280876713
8.424,0.04494143627609602
8.428,0.03337855291656341
8.432,0.013505057118106133
8.436,0.017804670053538467
8.44,0.02703355904339069
8.444,0.03867330258665271
8.448,0.03477970539938078
8.452,0.007891620979673785
8.456,0.019594728233927106
8.46,0.015050203848596526
8.464,0.019253530887657067
8.468,0.029760158250811873
8.472,0.02071900374433726
8.476,0.007409414426548673
8.48,0.027348538434707633
8.484,0.036168234178021966
8.488,0.03277571099614663
8.492,0.023871260770036474
8.496,0.021584421182824942
8.5,0.04420001140706928
8.504,0.033443569012840096
8.508,0.03575596698629041
8.512,0.011420193576573237
8.516,0.02072174073833469
8.52,0.04186685795778849
8.524,0.03989602398780494
8.528,0.04249629302609189
8.532,0.02160446888463157
8.536,0.029881042568344465
8.54,0.033388407730605425
8.544,0.02955843885345505
8.548,0.03806058081865288
8.552,0.012656853570076256
8.556,0.014021878664186178
8.56,0.02171506366469187
8.564,0.039741258910602664
8.568,0.02919087016736534
8.572,0.020901698713325628
8.576,0.0167142408745152
8.58,0.01568380687714379
8.584,0.025658601285834977
8.588,0.02225806493296657
8.592,0.020974839101398957
8.596,0.015624923798559436
8.6,0.018613601696538064
8.604,0.03760119065557384
8.608,0.025808334147211245
8.612,0.012739873014617
8.616,0.030870503420971564
8.62,0.029247012927951628
8.624,0.03588565045805744
8.628,0.032300159524715544
8.632,0.02878453520790359
8.636,0.027614535780203675
8.64,0.04418922197391199
8.644,0.03388088874541809
8.648,0.0302480680325164
8.652,0.023419458273873366
8.656,0.025657952720190166
8.66,0.02564687170951092
8.664,0.030561959107243488
8.668,0.037056273331324656
8.672,0.02787282293712357
8.676,0.016387902938271384
8.68,0.036835427036911186
8.684,0.03596760262097254
8.688,0.04425760085151509
8.692,0.014070428741630623
8.696,0.009847964216284616
8.7,0.026324262336700818
8.704,0.03429859494122947
8.708,0.027917211533434134
8.712,0.01580853723772297
8.716,0.03137030541688314
8.72,0.026477909839554836
8.724,0.05144814440957493
8.728,0.03254135567668487
8.732,0.019728652955178713
8.736,0.01026618847776277
8.74,0.00983031915194375
8.744,0.03292422116376994
8.748,0.02644878924242018
8.752,0.018222025491594393
8.756,0.015213883782843064
8.76,0.0335167321482535
8.764,0.04786023398021707
8.768,0.01975140116477052
8.772,0.031003147375353354
8.776,0.02908943480748811
8.78,0.02385162377559049
8.784,0.03796185799494011
8.788,0.02996196017762055
8.792,0.03727089125660969
8.796,0.00846556978472954
8.8,0.014653530550034889
8.804,0.027157214525483232
8.808,0.03751355403973836
8.812,0.014639642326710974
8.816,0.01659053701652798
8.82,0.0252596083984183
8.824,0.04773479666841382
8.828,0.03547169288188088
8.832,0.02821598990483687
8.836,0.02130947615781619
8.84,0.010974115213048662
8.844,0.02951040101181839
8.848,0.024376978408435994
8.852,0.018691186322412488
8.856,0.023552087991365357
8.86,0.01767064344327529
8.864,0.03180618579723382
8.868,0.022632915313009854
8.872,0.009591289636312755
8.876,0.017449649373197852
8.88,0.024349383668609025
8.884,0.028467795060450392
8.888,0.047270141165123174
8.892,0.02282780153906882
8.896,0.01660930468638171
8.9,0.02919289434180295
8.904,0.05037080939507181
8.908,0.026987868482998008
8.912,0.02471650762991566
8.916,0.002739283676726153
8.92,0.018825352796589326
8.924,0.03722175084778181
8.928,0.011239033914638069
8.932,0.01276377297861692
8.936,0.015950054782297066
8.94,0.024126194088639537
8.944,0.04802929587682052
8.948,0.041622853934196624
8.952,0.028059341958833785
8.956,0.008263509247484466
8.96,0.035964568108638316
8.964,0.03759897252693324
8.968,0.024612014381870342
8.972,0.03504450570246873
8.976,0.03464472678405929
8.98,0.027453230147914058
8.984,0.02702514858781324
8.988,0.04505236439276177
8.992,0.029385893497587696
8.996,0.012585236746808125
9.0,0.03471224161433027
9.004,0.034632920353302565
9.008,0.049444259677274324
9.012,0.018163267002336277
9.016,0.022682023866434586
9.02,0.02725578743379952
9.024,0.03695761729924329
9.028,0.031775672068782464
9.032,0.03760136241603045
9.036,0.02104039051209989
9.04,0.02736629754447028
9.044,0.03488356153810851
9.048,0.030003590314332213
9.052,0.03232054219995698
9.056,0.008418127867889171
9.06,0.017597856122773967
9.064,0.04373391511743598
9.068,0.0456275840390323
9.072,0.01817366963084659
9.076,0.024997320418451482
9.08,0.01998343583341751
9.084,0.03817779837390386
9.088,0.03543788116359655
9.092,0.013011857508437637
9.096,0.012043778919204391
9.1,0.0363229908377698
9.104,0.0395049086148462
9.108,0.046185755560506345
9.112,0.023841048005453752
9.116,0.023422641721146834
9.12,0.019360835824155327
9.124,0.039810768092017126
9.128,0.04886583869378043
9.132,0.03190679881872502
9.136,0.0242799130240508
9.14,0.023658215924310153
9.144,0.036715353699433885
9.148,0.02240041887036173
9.152,0.0077821123958111155
9.156,0.027712858454940283
9.16,0.040154077535041424
9.164,0.040955555763258
9.168,0.01577153606410103
9.172,0.029429001055708108
9.176,0.01351669277962084
9.18,0.039053964601457596
9.184,0.036693322211013346
9.188,0.0332193895364399
9.192,0.014664488881449061
9.196,0.016605171263262036
9.2,0.02083060607935201
9.204,0.014658541334242822
9.208,0.03680080364724896
9.212,0.016720999523461025
9.216,0.02272617025597204
9.22,0.028038954167016315
9.224,0.05247598463269211
9.228,0.03300916282676738
9.232,0.03881308456219654
9.236,0.013301665313606569
9.24,0.030474378720491455
9.244,0.026505880541490716
9.248,0.027893321954557904
9.252,0.014665762794145061
9.256,0.015415955174325115
9.26,0.016438291964393018
9.264,0.03109001786933477
9.268,0.037046228091266495
9.272,0.028633599901934377
9.276,0.028638739683079693
9.28,0.03131031743769197
9.284,0.03755852538785587
9.288,0.032881479141283254
9.292,0.018802587376772376
9.296,0.011790750697074467
9.3,0.026139712095997917
9.304,0.035387936134503264
9.308,0.015228891366397417
9.312,0.013169323006125375
9.316,0.015947615841560688
9.32,0.019274313602549446
9.324,0.03675236141203924
9.328,0.03581426376857009
9.332,0.03938840700815141
9.336,0.015449482442612565
9.34,0.03410416288446477
9.344,0.03436996232068107
9.348,0.03879328085038617
9.352,0.018879324789898084
9.356,0.005654644935386817
9.36,0.022046154089422135
9.364,0.05440442683479039
9.368,0.03798631280548929
9.372,0.03534982385323604
9.376,0.018511423950859574
9.38,0.025367178113305036
9.384,0.053692729293205246
9.388,0.028930079865324674
9.392,0.021616063901183695
9.396,0.023904159107795742
9.4,0.0664566401428837
9.404,0.06535929623194507
9.408,0.07992815290326655
9.412,0.05943854852159869
9.416,0.07192999361353711
9.42,0.05552373769626698
9.424,0.06936869934255512
9.428,0.0694862267149418
9.432,0.06138263443894135
9.436,0.0564097343534285
9.44,0.07587674391751045
9.444,0.07735997255122981
9.448,0.06379054704184031
9.452,0.058098881254365436
9.456,0.06000242566115539
9.46,0.057002873804095154
9.464,0.07750414954249232
9.468,0.08297468632795664
9.472,0.0601778672055404
9.476,0.0709642754802147
9.48,0.0713072104718117
9.484,0.06708902429714132
9.488,0.07637343634693754
9.492,0.05884611244693778
9.496,0.06630170653532608
9.5,0.03625253967162662
9.504,0.05268298175702263
9.508,0.029134190812015934
9.512,0.017419846461597895
9.516,0.009827903618166812
9.52,0.020064378823643737
9.524,0.03220262054012866
9.528,0.040637870426663475
9.532,0.022931379996865873
9.536,0.014981807577366002
9.54,0.027500334228590245
9.544,0.04575950365981363
9.548,0.045211595159760774
9.552,0.012046566266132463
9.556,0.013344797422560634
9.56,0.033973326320685025
9.564,0.033040516138950704
9.568,0.02774784631950293
9.572,0.0251385245341948
9.576,0.012166032249375125
9.58,0.02653686582007741
9.584,0.029077001699218247
9.588,0.039517317067520395
9.592,0.02072199430068386
9.596,0.007256736160972116
9.6,0.030331900363632147
9.604,0.02651184103882073
9.608,0.034789295005743716
9.612,0.006064872937119194
9.616,0.018605129681225047
9.62,0.02064662001959581
9.624,0.03167651634726812
9.628,0.03925119147609896
9.632,0.009007558432757612
9.636,0.011174761927297328
9.64,0.012509294054041305
9.644,0.04143603490957015
9.648,0.02932392725935141
9.652,0.020272427194921384
9.656,0.013974118489971812
9.66,0.02756211760954712
9.664,0.04015045768926592
9.668,0.021947992447835615
9.672,0.026934260058545448
9.676,0.009867738270756236
9.68,0.02444642999830501
9.684,0.0385572796438564
9.688,0.040241282453003895
9.692,0.016828336939737253
9.696,0.02678176200207192
9.7,0.02500988676164275
9.704,0.028537678178822773
9.708,0.032758840372018726
9.712,0.029517840194422686
9.716,0.03156298992237603
9.72,0.02712996438643716
9.724,0.030875459817725312
9.728,0.036215161789810726
9.732,0.02307008255400271
9.736,0.019712435225425394
9.74,0.030838924522807665
9.744,0.023343823771000874
9.748,0.03991987491236111
9.752,0.025838485231677
9.756,0.021969101574666534
9.76,0.02661486729881301
9.764,0.04838022802359879
9.768,0.020146649952530814
9.772,0.028693850886098684
9.776,0.0035317101836739705
9.78,0.03468414298908688
9.784,0.0374704948755014
9.788,0.033878544308564934
9.792,0.012281202014046396
9.796,0.00028831482337228834
9.8,0.03378746230659468
9.804,0.03658715499810053
9.808,0.03492402891705699
9.812,0.01933700984418263
9.816,0.030635934248874473
9.82,0.031726902009975404
9.824,0.04730943580277692
9.828,0.037827405433300064
9.832,0.02464109881151294
9.836,0.0208498738670514
9.84,0.03402267790533122
9.844,0.04585274775760431
9.848,0.03681264373178721
9.852,0.023431791358505368
9.856,0.018645455550141944
9.86,0.03175092458371205
9.864,0.03051781043158204
9.868,0.0523948263143208
9.872,0.01801119097790232
9.876,0.02140215900422647
9.88,0.033657318192831985
9.884,0.03784738334921794
9.888,0.03787116895231586
9.892,0.03332563078770471
9.896,0.018457813534604253
9.9,0.026475200419664245
9.904,0.024771680775720162
9.908,0.025447570938375894
9.912,0.01262761335300016
9.916,0.026696806546960144
9.92,0.029420633335545298
9.924,0.049741765291788136
9.928,0.03193478081051934
9.932,0.017874126662425188
9.936,0.026546187591627406
9.94,0.022933481047565873
9.944,0.05091893894918119
9.948,0.03661566664780889
9.952,0.014067484530012471
9.956,0.014839500927355817
9.96,0.01877109212293978
9.964,0.03538342608607116
9.968,0.02894724852477974
9.972,0.007575880619432316
9.976,0.0370799175170555
9.98,0.03616294241974394
9.984,0.04500146895086389
9.988,0.02510739895967063
9.992,0.014357300877006516
9.996,0.01299489769178316
10.0,0.021749100681008812
10.004,0.043873445569701235
10.008,0.04022934629563142
10.012,0.016065763434267875
10.016,0.026868058091012233
10.02,0.02377740512568778
10.024,0.03229854764504749
10.028,0.035604756266479284
10.032,0.026931890815949378
10.036,0.020855455884356076
10.04,0.02798848337088627
10.044,0.04319795844153054
10.048,0.037634084740993716
10.052,0.019146720311794117
10.056,0.03133387021699164
10.06,0.02087619154811158
10.064,0.0409984072197087
10.068,0.04273838738006709
10.072,0.039235847735534665
10.076,0.022105170835669225
10.08,0.040702655534522014
10.084,0.03254283279898648
10.088,0.032390903996679064
10.092,0.008671993534114202
10.096,0.026383922750837993
10.1,0.023436495421305915
10.104,0.04589949367319146
10.108,0.04266127226789104
10.112,0.017231313957174598
10.116,0.01624250227983675
10.12,0.018659424373810306
10.124,0.04832052466557113
10.128,0.028052884643345034
10.132,0.010999571619382847
10.136,0.019233172208769057
10.14,0.022460033124837044
10.144,0.04023732181223124
10.148,0.027175163700883076
10.152,0.03217326939029232
10.156,0.01915554238420858
10.16,0.026236659727253277
10.164,0.033675602840582845
10.168,0.035627486258335235
10.172,0.012340268035501077
10.176,0.015288165021221167
10.18,0.020971904569298823
10.184,0.038151094732801816
10.188,0.036463891361868006
10.192,0.01094811362637229
10.196,0.026280285189121122
10.2,0.027138025251946262
10.204,0.04188888230278661
10.208,0.020573618567322798
10.212,0.03908056183715673
10.216,0.021422143557280383
10.22,0.021168528318432602
10.224,0.03901379411434559
10.228,0.02982302856726426
10.232,0.02341871204727406
10.236,0.017167662730715315
10.24,0.028030092883272774
10.244,0.03568963003587316
10.248,0.04689296681926179
10.252,0.0196564056519701
10.256,0.010750391988565205
10.26,0.018362477398006036
10.264,0.05356504477881243
10.268,0.04554519549546493
10.272,0.02895226308190299
10.276,0.00904116993049946
10.28,0.015652604399763962
10.284,0.041892803143039045
10.288,0.02338825453874773
10.292,0.022112202175864886
10.296,0.020789747815617474
10.3,0.03999808446640624
10.304,0.033470158987718907
10.308,0.04026197177755749
10.312,0.026121338474383082
10.316,0.013306952893561642
10.32,0.022612184582318923
10.324,0.044866705424141534
10.328,0.035617485751711316
10.332,0.01837803234793977
10.336,0.006297310979301075
10.34,0.025847867853595403
10.344,0.03577936482114527
10.348,0.0430585197186823
10.352,0.027595248906030753
10.356,0.019710036628129243
10.36,0.02710562061073419
10.364,0.036597297436770974
10.368,0.033539220235807965
10.372,0.018193985753090263
10.376,0.009156279392426168
10.38,0.02938467114842621
10.384,0.05508948634772934
10.388,0.03180082509488244
10.392,0.02121931783773348
10.396,0.019059137324442775
10.4,0.015781482968577024
10.404,0.03768735321603616
10.408,0.027178943536716457
10.412,0.01864861774179954
10.416,0.010124806310273786
10.42,0.0324555570525501
10.424,0.032269154180162386
10.428,0.03534362393444591
10.432,0.045654089121076435
10.436,0.016629486800257293
10.44,0.037455163653984366
10.444,0.029192247208299223
10.448,0.036214649368704055
10.452,0.03593314921410923
10.456,0.016210274225934046
10.46,0.030272246035955075
10.464,0.051154844708519234
10.468,0.025955184856508946
10.472,0.013256132530690507
10.476,0.01611811782037119
10.48,0.03083090403647126
10.484,0.04038596978580786
10.488,0.03585939907149869
10.492,0.01064407489387856
10.496,0.0034442458391720013
10.5,0.021615640520246657
10.504,0.04123137614137011
10.508,0.022765197757269033
10.512,0.021598758311898537
10.516,0.026367773980467465
10.52,0.027078404697415296
10.524,0.02271834968777476
10.528,0.023817772153611506
10.532,0.021493666565769395
10.536,0.02315934618375448
10.54,0.014503259720474464
10.544,0.0424288434843797
10.548,0.038605855499254126
10.552,0.01923611838415996
10.556,0.02374815762723778
10.56,0.02889694886670008
10.564,0.03638279783643753
10.568,0.02613052065150505
10.572,0.027282535583142475
10.576,0.003794593100142612
10.58,0.01825810702468618
10.584,0.036345558735859734
10.588,0.042127234749974055
10.592,0.020360328395443352
10.596,0.01863542419236456
10.6,0.030312266555760133
10.604,0.030036861247895303
10.608,0.04477004218448187
10.612,0.015855182529348835
10.616,0.017139302274452952
10.62,0.025677659030607113
10.624,0.04209861317125636
10.628,0.03587983272670149
10.632,0.02492105063519718
10.636,0.02678429533249935
10.64,0.027676029030024002
10.644,0.028924415370301028
10.648,0.02307001281050404
10.652,0.012298252744374663
10.656,0.03110376226167766
10.66,0.025479315924037845
10.664,0.024180015067866975
10.668,0.037887179923471535
10.672,0.005561533543540068
10.676,0.0047677133789920285
10.68,0.030845546641988797
10.684,0.025398634247277455
10.688,0.03578664262066697
10.692,0.02061543728577305
10.696,0.009002785110036701
10.7,0.03256015418972748
10.704,0.04454392541694194
10.708,0.02856829311840695
10.712,0.018261879598140213
10.716,0.031173172480365198
10.72,0.02570364802840696
10.724,0.041123202107520906
10.728,0.02246376967689242
10.732,0.019224636206669053
10.736,0.008172512143311387
10.74,0.026449249301372255
10.744,0.03541121903325619
10.748,0.028215231804022085
10.752,0.028710483038055762
10.756,0.014036109613684209
10.76,0.046022139406524304
10.764,0.03536027356493024
10.768,0.024962799221188672
10.772,0.016503971583963925
10.776,0.025075414656136136
10.78,0.02753158989453573
10.784,0.028027300041100663
10.788,0.05323939473053754
10.792,0.021300293615865506
10.796,0.04101034510956615
10.8,0.02118235215819276
10.804,0.04797792902767609
10.808,0.04670692612457275
10.812,0.0199722841705382
10.816,0.01668730832208407
10.82,0.022953596249512466
10.824,0.02627791355939687
10.828,0.04089289411157962
10.832,0.020500410119563918
10.836,0.0206696362409938
10.84,0.02171238733782961
10.844,0.030390219510483214
10.848,0.03440770927618451
10.852,0.03175022358123174
10.856,0.028268545040921383
10.86,0.031145778912313554
10.864,0.0469915386589205
10.868,0.014800655383704158
10.872,0.017791377143642192
10.876,0.029453655046827405
10.88,0.039635298780478806
10.884,0.047269955517889525
10.888,0.03663830291099591
10.892,0.032033336412066835
10.896,0.008773082160003328
10.9,0.03217917769569048
10.904,0.04031429851051561
10.908,0.031222248795726187
10.912,0.03606537978879705
10.916,0.020072646985370292
10.92,0.03520507891055247
10.924,0.03184039344992155
10.928,0.03364151011578872
10.932,0.002510459796902908
10.936,0.022857154056723263
10.94,0.023784737115350448
10.944,0.02839158164541885
10.948,0.023678323578474575
10.952,0.03506943465472952
10.956,0.021201671048517542
10.96,0.022814615021364882
10.964,0.04340485830074021
10.968,0.038610005651285736
10.972,0.023892577116701157
10.976,0.011508620648092492
10.98,0.018620909644580366
10.984,0.04699711006883914
10.988,0.04147912964245112
10.992,0.016878233618435434
10.996,0.018852652385243956
11.0,0.021334221301947363
11.004,0.040154583262073384
11.008,0.03184450483429487
11.012,0.025472587330359973
11.016,0.03251545820026408
11.02,0.018990391248018986
11.024,0.033732332289556924
11.028,0.03695622840336284
11.032,0.03156505282018863
11.036,0.012243908488660523
11.04,0.01599336017192727
11.044,0.05384448440334227
11.048,0.03619401016314535
11.052,0.023990661670981635
11.056,0.014486107051736807
11.06,0.03435006697534623
11.064,0.024144732355786562
11.068,0.036348948829481795
11.072,0.023132031592201226
11.076,0.016615418534067408
11.08,0.02338088325401763
11.084,0.026176252618852845
11.088,0.020084851804200818
11.092,0.019804808099563663
11.096,0.01658902670706582
11.1,0.038860815267000984
11.104,0.03300449524365145
11.108,0.025614263074247873
11.112,0.03887300204846854
11.116,0.025249361689157625
11.12,0.02665745151122735
11.124,0.038765567580641605
11.128,0.042662692500755106
11.132,0.019435700696889224
11.136,0.014582496196315568
11.14,0.02591614673768551
11.144,0.031758152478073426
11.148,0.03407558496587166
11.152,0.017148034166271225
11.156,0.020938424232321718
11.16,0.0160123068516835
11.164,0.0317007315280701
11.168,0.031741292084257855
11.172,0.0220715265713691
11.176,0.013774092171005465
11.18,0.03161185471130928
11.184,0.046470098992286296
11.188,0.047574969828555025
11.192,0.01985709677440798
11.196,0.00025988425007415425
11.2,0.014805425282598159
11.204,0.03225293941293711
11.208,0.03580561272910214
11.212,0.030445568959970783
11.216,0.041306516122712605
11.22,0.023634965064392787
11.224,0.03472855246899467
11.228,0.025218661416444958
11.232,0.03856567174234093
11.236,0.007281898713908708
11.24,0.020310974692469282
11.244,0.04295648124961696
11.248,0.027529959201074088
11.252,0.03631008234503792
11.256,0.0018525016489546083
11.26,0.029303634249291943
11.264,0.04593230116224902
11.268,0.05221085539597306
11.272,0.035877034677465905
11.276,0.008928763950622922
11.28,0.01760426626588167
11.284,0.052849519931013375
11.288,0.03597827780740999
11.292,0.026148518734526133
11.296,0.01782480807920302
11.3,0.0315053087414505
11.304,0.050944165634867415
11.308,0.029197495380167884
11.312,0.03089108537868087
11.316,0.023681737036365003
11.32,0.028978135825679565
11.324,0.044025909543151956
11.328,0.03730904718626316
11.332,0.01261451006614642
11.336,0.027752990733277687
11.34,0.025190083579287828
11.344,0.029263735867695942
11.348,0.03551463449814345
11.352,0.022595477743228048
11.356,0.013403193231398169
11.36,0.029096862610140082
11.364,0.042694719200978226
11.368,0.028579584828307834
11.372,0.0365686254634934
11.376,0.016423869651485866
11.38,0.028617008874319495
11.384,0.05372393327803214
11.388,0.03465982766336673
11.392,0.01672238680426695
11.396,0.028444936674362
11.4,0.016002449251653367
11.404,0.04604180185538297
11.408,0.042360945946535174
11.412,0.02743762983691981
11.416,0.021470283562914406
11.42,0.04028235653489551
11.424,0.03597636832117238
11.428,0.02915391933917353
11.432,0.028784941694991323
11.436,0.023867473053156462
11.44,0.01629999988487059
11.444,0.039852439532077524
11.448,0.04562742843699878
11.452,0.03336597544851792
11.456,0.012001702766365122
11.46,0.03822047960586044
11.464,0.04655147756799667
11.468,0.04290282639355162
11.472,0.02671844006313312
11.476,0.026432637741958653
11.48,0.022271120500278352
11.484,0.04022147584859021
11.488,0.03911169337616272
11.492,0.015204919324160949
11.496,0.01990184735432899
11.5,0.026469711159239084
11.504,0.040147386797042973
11.508,0.032406885955711326
11.512,0.018285713112582515
11.516,0.013464929923145276
11.52,0.024816064459712583
11.524,0.04515173348590026
11.528,0.03231380050580395
11.532,0.017525287343669538
11.536,0.027624846949764262
11.54,0.022625908283600085
11.544,0.026796031137049856
11.548,0.03206576645073917
11.552,0.03172290436565857
11.556,0.016092313274963035
11.56,0.03128633305838556
11.564,0.0504645817360586
11.568,0.03752627983096367
11.572,0.029118474049259952
11.576,0.01876117449197243
11.58,0.03005087109989245
11.584,0.036136300267137746
11.588,0.04266129870352527
11.592,0.014868665035010468
11.596,0.019046378322561043
11.6,0.02087473984704305
11.604,0.031412186143012846
11.608,0.04009440337219758
11.612,0.028568845111765186
11.616,0.01536630182059512
11.62,0.028642397479051958
11.624,0.035495460319250424
11.628,0.042304474797805844
11.632,0.03247959996313947
11.636,0.021608981192341805
11.64,0.03085559816287005
11.644,0.03372169923129203
11.648,0.035552331267906724
11.652,0.023032282510061026
11.656,0.026570391215418473
11.66,0.03139508853280211
11.664,0.03068809452896046
11.668,0.038199378380716714
11.672,0.026426931308988322
11.676,0.02240869197705394
11.68,0.016205027725638824
11.684,0.035628024516981126
11.688,0.03551510993564773
11.692,0.03025700548588341
11.696,0.02383766357663244
11.7,0.02114795709902891
11.704,0.04764865847858866
11.708,0.03042865546062154
11.712,0.018241313301757253
11.716,0.019368624951544375
11.72,0.038495507679442285
11.724,0.04101339307370368
11.728,0.03233880668774348
11.732,0.02287884362538118
11.736,0.019318653725820076
11.74,0.046524693780599355
11.744,0.024259113841661413
11.748,0.03886756164072653
11.752,0.019753708112265355
11.756,0.01517380752187419
11.76,0.021757232822691475
11.764,0.058553072035363286
11.768,0.0414827066296339
11.772,0.016809890806037894
11.776,0.02716175134972932
11.78,0.019522051633159135
11.784,0.045344954916782435
11.788,0.04524642173889042
11.792,0.011761197811525837
11.796,0.021358385943126626
11.8,0.0407538320544555
11.804,0.03268612273352014
11.808,0.027117291599218517
11.812,0.015226552254990497
11.816,0.015549529539423033
11.82,0.03748235253601786
11.824,0.04602465847214009
11.828,0.01890588598420748
11.832,0.02016077426381184
11.836,0.030928340459125136
11.84,0.03204380430449517
11.844,0.03998204415977604
11.848,0.036118469010618444
11.852,0.024919836825700578
11.856,0.02375382279239565
11.86,0.033644158491276215
11.864,0.0394047864812063
11.868,0.04321674837598401
11.872,0.03885493888017049
11.876,0.02158763558526416
11.88,0.03122861172393978
11.884,0.019381470964184643
11.888,0.0384990903216215
11.892,0.028847986711528426
11.896,0.02624853232485184
11.9,0.023519767153070487
11.904,0.024929725759879166
11.908,0.03202904828357486
11.912,0.02199612176688075
11.916,0.030673611376120243
11.92,0.03619383725106844
11.924,0.03560001206370573
11.928,0.04054650005575323
11.932,0.013759202799486728
11.936,0.016106292783192297
11.94,0.03321324747900602
11.944,0.028546715741483625
11.948,0.0490009010788828
11.952,0.026879884828039664
11.956,0.01947308148039113
11.96,0.014882930270794664
11.964,0.0334215927163257
11.968,0.03583969434292329
11.972,0.028226458121015725
11.976,0.022214578471753656
11.98,0.03232689257682453
11.984,0.040647035978143814
11.988,0.03384621388645622
11.992,0.018609118179698972
11.996,0.016083114147566118
12.0,0.030399923120134117
12.004,0.03538370075199234
12.008,0.0346960758171272
12.012,0.02476624515110708
12.016,0.029560194300655027
12.02,0.02810007679128714
12.024,0.035821332639408426
12.028,0.03882286072095422
12.032,0.01551917996971721
12.036,0.020274452671871647
12.04,0.03205871044926278
12.044,0.04194290145117003
12.048,0.030796781541234733
12.052,0.02680320770058845
12.056,0.027970079734272103
12.06,0.04082325911421322
12.064,0.038692424397349635
12.068,0.022889027679018806
12.072,0.02099004645307067
12.076,0.010961393938425467
12.08,0.021497145321776438
12.084,0.04477627087761905
12.088,0.0429233633711815
12.092,0.02201258848711881
12.096,0.028005367468713557
12.1,0.04284817810096117
12.104,0.04372679536657864
12.108,0.027727403073729107
12.112,0.008092752171163307
12.116,0.015203818887308637
12.12,0.01938719224808934
12.124,0.04592481446205809
12.128,0.0486359411045235
12.132,0.013224848276518495
12.136,0.020109497152490163
12.14,0.03461630443654613
12.144,0.044754649939263855
12.148,0.02813874838698919
12.152,0.02047545430104424
12.156,0.026746621298332416
12.16,0.03971301904327381
12.164,0.043467981467376675
12.168,0.031085723090921592
12.172,0.019378565362634787
12.176,0.01572579730729476
12.18,0.022416259051458193
12.184,0.04456162679821062
12.188,0.04453851548714059
12.192,0.027589447820686213
12.196,0.020880812401199947
12.2,0.030550179912212275
12.204,0.04111459914705509
12.208,0.040624095228534586
12.212,0.028838782139944008
12.216,0.024127440830978522
12.22,0.035690824871106655
12.224,0.04013715889354687
12.228,0.02493068367117636
12.232,0.027324554183702388
12.236,0.015611770871003156
12.24,0.02064459470719203
12.244,0.043712007739704295
12.248,0.043527509819479386
12.252,0.022466261356258076
12.256,0.017358408715545146
12.26,0.03338633696359761
12.264,0.032770097667163496
12.268,0.047708421479248475
12.272,0.04011358676119149
12.276,0.024050695856635232
12.28,0.03471152820979442
12.284,0.04362267568758479
12.288,0.0461757147884153
12.292,0.018948854128567116
12.296,0.013261226655842975
12.3,0.02916768706203826
12.304,0.04622142205515291
12.308,0.03814545740838014
12.312,0.031909363691247125
12.316,0.027969676701220195
12.32,0.03636316777184173
12.324,0.04302165372208449
12.328,0.049658063573346636
12.332,0.01549626125131537
12.336,0.019101669551621736
12.34,0.028980608443942665
12.344,0.04573364969040027
12.348,0.0218768990091123
12.352,0.030171989429705236
12.356,0.03170999738519101
12.36,0.02688461856017811
12.364,0.024876821761848245
12.368,0.03465297686956051
12.372,0.05231305564542106
12.376,0.026016047958276375
12.38,0.015947106463681707
12.384,0.03622784204087837
12.388,0.029209773836631214
12.392,0.02152869677720683
12.396,0.026404261872155034
12.4,0.028801184134333555
12.404,0.035035105425273924
12.408,0.046566633443741956
12.412,0.029634680871845086
12.416,0.02270147806928759
12.42,0.038359583924131774
12.424,0.03308782136396309
12.428,0.04329199984636936
12.432,0.03444985582719094
12.436,0.016874427035214343
12.44,0.02150786458817134
12.444,0.019698952250941235
12.448,0.029968342338663013
12.452,0.018519417654446084
12.456,0.035748307113725085
12.46,0.0195238389300587
12.464,0.04163682014682511
12.468,0.03692951835680559
12.472,0.02459150282476877
12.476,0.03147596475048998
12.48,0.025400129481178695
12.484,0.02717500428433696
12.488,0.027144649353692124
12.492,0.04075908868957816
12.496,0.01785476571389061
12.5,0.02960342440778552
12.504,0.028533540422954806
12.508,0.04472985585608461
12.512,0.024545638573394982
12.516,0.03191108663225106
12.52,0.03208263101112619
12.524,0.04636082277206362
12.528,0.029968408084432713
12.532,0.010946777004407384
12.536,0.03192192247291062
12.54,0.02675190092833877
12.544,0.03066003729177252
12.548,0.06134739726510956
12.552,0.033170129323081325
12.556,0.021626169988180913
12.56,0.030218622299992927
12.564,0.04844633745818059
12.568,0.04144125844366361
12.572,0.030831767739624184
12.576,0.031795113236755906
12.58,0.022740274557494687
12.584,0.030681084336098174
12.588,0.03367065094499171
12.592,0.027074136190832508
12.596,0.026674721677098234
12.6,0.021546014415121648
12.604,0.046231229631743
12.608,0.031205297220408053
12.612,0.031521999469384214
12.616,0.022844131285066717
12.62,0.042998857017165874
12.624,0.04094921656757616
12.628,0.03658164631717926
12.632,0.015299006748253935
12.636,0.019749916692980082
12.64,0.020768213658965737
12.644,0.04417511562068905
12.648,0.02798045685749414
12.652,0.015982658611974968
12.656,0.019875296148236604
12.66,0.026625494899470054
12.664,0.0489993775362645
12.668,0.042291049924451055
12.672,0.02337709311296056
12.676,0.015563328222143142
12.68,0.036848066393570245
12.684,0.038016232533643314
12.688,0.03138303212756029
12.692,0.017546485721088016
12.696,0.007007366812794189
12.7,0.027416857612227452
12.704,0.051850642162836594
12.708,0.0384993001426033
12.712,0.019992741154801548
12.716,0.011934201079074294
12.72,0.02152894651721303
12.724,0.03947848938691525
12.728,0.033478792297621664
12.732,0.02019618109513308
12.736,0.023107847814814814
12.74,0.02051381474915022
12.744,0.029905390282644898
12.748,0.02922881697694328
12.752,0.02474715255296098
12.756,0.022938757462130407
12.76,0.029748888861572724
12.764,0.04383251874962604
12.768,0.04739610218988661
12.772,0.026221914197014435
12.776,0.017105063799925976
12.78,0.016114921514698517
12.784,0.04427030831593551
12.788,0.05415386903441695
12.792,0.022538263123954894
12.796,0.026539244510366218
12.8,0.04303800388280675
12.804,0.021599170172630733
12.808,0.03373419220901585
12.812,0.011682787362169409
12.816,0.030287901000166876
12.82,0.022649546854452036
12.824,0.04832901250564223
12.828,0.03657483775534539
12.832,0.03735023386730267
12.836,0.016928322156763057
12.84,0.031136679387207523
12.844,0.035944689238628216
12.848,0.02927357204831686
12.852,0.014314265238724604
12.856,0.006127449081954747
12.86,0.030686786282991804
12.864,0.033440104627755284
12.868,0.04066647848464104
12.872,0.031852539545446826
12.876,0.024623235012972693
12.88,0.034489553430457356
12.884,0.02642097480813832
12.888,0.03385786535753694
12.892,0.022148641613235303
12.896,0.03421037558239607
12.9,0.015149912601777959
12.904,0.044447065560478435
12.908,0.03616583315902435
12.912,0.02003431867357436
12.916,0.009983883556010433
12.92,0.030932692276448282
12.924,0.03375696016658933
12.928,0.04100185178155516
12.932,0.02825715804060471
12.936,0.021273466993324067
12.94,0.034540823846742105
12.944,0.03243481269465436
12.948,0.04443484580542276
12.952,0.00786364667369091
12.956,0.014182050483255246
12.96,0.036960522503919686
12.964,0.034491963756352495
12.968,0.027799341449128517
12.972,0.029171584533748057
12.976,0.02242705808543844
12.98,0.02634021714963697
12.984,0.030417607786504812
12.988,0.029756139582976505
12.992,0.03153874913285096
12.996,0.021774443892350708
13.0,0.03556371536084619
13.004,0.04649713226334888
13.008,0.03305351710614795
13.012,0.02378812956926965
13.016,0.0163843689204196
13.02,0.023123169502908828
13.024,0.037696562717434455
13.028,0.025195072603742017
13.032,0.020443427453132754
13.036,0.027139967353089253
13.04,0.04181605747588678
13.044,0.02666241641964669
13.048,0.040777771629817806
13.052,0.01834266973534361
13.056,0.019495108559195114
13.06,0.021132754753834873
13.064,0.05791475835801555
13.068,0.026630185378730672
13.072,0.032091932399812145
13.076,0.020013094405834823
13.08,0.03661246248668102
13.084,0.03746696754846754
13.088,0.047494246783158764
13.092,0.037196436332122405
13.096,0.015495869181214976
13.1,0.022177592434580118
13.104,0.057955818400372845
13.108,0.033057157443481956
13.112,0.04118326405218853
13.116,0.01974965538718445
13.12,0.0284925317876871
13.124,0.03560873317455091
13.128,0.044421313217858194
13.132,0.02366273522981621
13.136,0.034624336784663326
13.14,0.03925942643796116
13.144,0.046443610109243944
13.148,0.034823150317096256
13.152,0.018974114735645864
13.156,0.0223360840517488
13.16,0.0349586174223709
13.164,0.04082459043330858
13.168,0.040795935750201434
13.172,0.021274450479895943
13.176,0.01162922273801639
13.18,0.025070648510759196
13.184,0.043376421848899276
13.188,0.02836848482232244
13.192,0.032070547919371306
13.196,0.019025124430628444
13.2,0.03967882497220385
13.204,0.041951267797249746
13.208,0.045645136606612936
13.212,0.02547356263260355
13.216,0.003118776731375835
13.22,0.027862763543477755
13.224,0.028952580521821095
13.228,0.023146161693846187
13.232,0.024938312183059228
13.236,0.025911212860005826
13.24,0.034270578406326614
13.244,0.041996765870363474
13.248,0.03003996894558616
13.252,0.016550023816530413
13.256,0.02545504182461663
13.26,0.030946263059902925
13.264,0.04154821324932858
13.268,0.03118965502415442
13.272,0.03058440956495062
13.276,0.00742905515901267
13.28,0.032451639141796426
13.284,0.038706111136424214
13.288,0.030326812164090923
13.292,0.029479639188348297
13.296,0.017855113801614246
13.3,0.03127025562675399
13.304,0.03789008778534406
13.308,0.028631844984613197
13.312,0.018463927276692195
13.316,0.02290432364872527
13.32,0.020218004943840007
13.324,0.031244505001967883
13.328,0.0317614751975027
13.332,0.01490611802176489
13.336,0.023511697153842877
13.34,0.024534774216868817
13.344,0.04676406588332614
13.348,0.03757162013129987
13.352,0.026567264643810064
13.356,0.02600366740505275
13.36,0.009417207614632061
13.364,0.043102032848105626
13.368,0.047178906076784204
13.372,0.02265541802278839
13.376,0.02069282710080441
13.38,0.020982699153228923
13.384,0.036689160618839305
13.388,0.023251699377486487
13.392,0.034330922711223684
13.396,0.020233048043675417
13.4,0.032523798267382636
13.404,0.03190762177026675
13.408,0.04222541889798247
13.412,0.015359038535506964
13.416,0.020805920149533478
13.42,0.019265434696719437
13.424,0.04036176366029148
13.428,0.04433969911312562
13.432,0.024738560546072114
13.436,0.008295587218892142
13.44,0.03400089527922882
13.444,0.04231331485772386
13.448,0.03779353211530963
13.452,0.014111141079032719
13.456,0.021839437066844273
13.46,0.002695983294427471
13.464,0.05492553428083116
13.468,0.039902758007216516
13.472,0.029780547357088075
13.476,0.02071676533601122
13.48,0.022916983071401872
13.484,0.033747273557963475
13.488,0.05218383320872974
13.492,0.02736422892166113
13.496,0.020231669632218216
13.5,0.035112185076051836
13.504,0.018981947971618486
13.508,0.03067472923195088
13.512,0.020091196494541788
13.516,0.014818171836648325
13.52,0.013406352581331715
13.524,0.036134074806634865
13.528,0.0372024283347937
13.532,0.03148747774973543
13.536,0.026269933687249187
13.54,0.02669828921914124
13.544,0.04028721071385298
13.548,0.04174469423821438
13.552,0.02147730862203498
13.556,0.009783236164412568
13.56,0.04181635891751036
13.564,0.04506977374321996
13.568,0.03814421605399376
13.572,0.01353312112625994
13.576,0.02529646796279384
13.58,0.01715089086250381
13.584,0.045466655875837925
13.588,0.02575326124919071
13.592,0.02713328015178723
13.596,0.013743936981816092
13.6,0.03538664416731032
13.604,0.021650823362012114
13.608,0.04828336402692002
13.612,0.018204457586206178
13.616,0.016262398916512953
13.62,0.027580438568982388
13.624,0.03212222049875021
13.628,0.03121914443650642
13.632,0.021986251351683396
13.636,-0.002326024514421394
13.64,0.022207123264964088
13.644,0.02844410463873584
13.648,0.036298577051691996
13.652,0.021360834681295727
13.656,0.01644024320433435
13.66,0.0383599936600572
13.664,0.03189798011256891
13.668,0.035689007903945566
13.672,0.0319150386139417
13.676,0.010824956432794052
13.68,0.022700060372782688
13.684,0.043706054139245394
13.688,0.029571957428622474
13.692,0.014720497842134812
13.696,0.029283326065421375
13.7,0.02417095769262175
13.704,0.04303722747856219
13.708,0.04761368236217445
13.712,0.029224929843317947
13.716,0.019922971770604727
13.72,0.02599817102162179
13.724,0.05704267977370378
13.728,0.03124375574973754
13.732,0.026694889992090624
13.736,0.021737810965479075
13.74,0.027013939705946986
13.744,0.05108712976115483
13.748,0.042296003757832455
13.752,0.02681603732658816
13.756,0.020681394026461523
13.76,0.02148422164317928
13.764,0.024116358021849332
13.768,0.03265264545713931
13.772,0.03437723587157521
13.776,0.009714733100003727
13.78,0.04618760355421214
13.784,0.043549535961265214
13.788,0.027981327288834328
13.792,0.03367046260171993
13.796,0.03231591574194184
13.8,0.01668334698073843
13.804,0.033522954100542714
13.808,0.019231150980653842
13.812,0.025257007207328767
13.816,0.024223762061669128
13.82,0.03864362360474094
13.824,0.036172973593093544
13.828,0.024930108196562224
13.832,0.031138100701708932
13.836,0.013867898912572377
13.84,0.03515518601697939
13.844,0.03299047319349747
13.848,0.03080168645330204
13.852,0.030532399172550163
13.856,0.021537988116909903
13.86,0.02348323475433528
13.864,0.0350270838157826
13.868,0.03558225927914464
13.872,0.019528547643908135
13.876,0.014525687638192083
13.88,0.03461583840012339
13.884,0.03440557735675939
13.888,0.030468864277678184
13.892,0.004014656461405988
13.896,0.01925673211296143
13.9,0.01928372726189828
13.904,0.04173920034836546
13.908,0.048428168729278596
13.912,0.0226056397195991
13.916,0.0028194337477497576
13.92,0.024019413310719606
13.924,0.06302152871574407
13.928,0.026552391005620783
13.932,0.04097250120963253
13.936,0.00015973857058136642
13.94,0.023134406641616576
13.944,0.04174461914982112
13.948,0.034666293416969085
13.952,0.015126531262600055
13.956,0.025573588851757208
13.96,0.02608455497761198
13.964,0.04736891492412193
13.968,0.03446670052708752
13.972,0.01624367410092377
13.976,0.018576020939220086
13.98,0.028623078185902776
13.984,0.04412125221921494
13.988,0.02358955397883874
13.992,0.03130447683891274
13.996,0.021024000310945964
14.0,0.030283028936472837
14.004,0.04862270859769188
14.008,0.019382974894985985
14.012,0.03414554869439546
14.016,0.023698912839947853
14.02,0.017988270336840577
14.024,0.04456005867928323
14.028,0.023025294522413732
14.032,0.028623060551848874
14.036,0.024241216970038556
14.04,0.023585608779860018
14.044,0.04510518295681749
14.048,0.04187548771315859
14.052,0.031028713889327583
14.056,0.01448822298959785
14.06,0.02994352445745176
14.064,0.03766972936243844
14.068,0.022368738303545337
14.072,0.019972485443789736
14.076,0.025989989830529865
14.08,0.029946281580237037
14.084,0.0449006657839769
14.088,0.03948012873436767
14.092,0.0381195205170578
14.096,0.028204611288647076
14.1,0.06347950569031564
14.104,0.0877087519595746
14.108,0.08118085186757111
14.112,0.06824009148891498
14.116,0.06852702917371307
14.12,0.06689773502683352
14.124,0.06476278826470372
14.128,0.0829301265604106
14.132,0.05386171619671545
14.136,0.06872534194286621
14.14,0.06860166927543074
14.144,0.07477513856069865
14.148,0.06762107661512276
14.152,0.05593842605590029
14.156,0.06096148214795759
14.16,0.06232798580003597
14.164,0.07566306746938023
14.168,0.08279749270564983
14.172,0.07616882685378658
14.176,0.05589718730388009
14.18,0.07056409473235492
14.184,0.06960436955915852
14.188,0.07547098171600292
14.192,0.07885624509397951
14.196,0.0583654953141405
14.2,0.0380056392300881
14.204,0.0409158235639612
14.208,0.03938090911720739
14.212,0.03209710994348373
14.216,0.02606426031513292
14.22,0.02330862562071118
14.224,0.04177561860555383
14.228,0.03530822134322134
14.232,0.02927708090571158
14.236,0.030812509441149487
14.24,0.028768367509496875
14.244,0.02757840829098062
14.248,0.04599631803230061
14.252,0.03267120655047698
14.256,0.011842870917304224
14.26,0.02306289548325369
14.264,0.04906287678195935
14.268,0.030586077910729786
14.272,0.02068409205676526
14.276,0.023234511109672774
14.28,0.03543126459818275
14.284,0.046816332525514925
14.288,0.03655810500851374
14.292,0.01566066827557122
14.296,0.009265113934360776
14.3,0.03699848278506421
14.304,0.03596182474826563
14.308,0.0408570627332094
14.312,0.019536197500666454
14.316,0.017129337946775434
14.32,0.026677644375818373
14.324,0.031576473520756994
14.328,0.030883569460016812
14.332,0.021538218298259967
14.336,0.02622254201322447
14.34,0.02700616788773413
14.344,0.03548272085558896
14.348,0.04442099300473546
14.352,0.030357604772978414
14.356,0.02175396923526138
14.36,0.035948663167680237
14.364,0.041689594676417405
14.368,0.037809870447748556
14.372,0.026458404821304547
14.376,0.013729265830772143
14.38,0.022297551893792424
14.384,0.043399376033031345
14.388,0.027524575772906165
14.392,0.031214315305793876
14.396,0.002076791604632873
14.4,0.033549718756189735
14.404,0.04927711704653314
14.408,0.041530937661015316
14.412,0.02939363523633824
14.416,0.017709018983661624
14.42,0.040054601226957656
14.424,0.03708304247718312
14.428,0.0225274986950315
14.432,0.02828999359226589
14.436,0.02438455181422744
14.44,0.013765464631043701
14.444,0.03298304834554384
14.448,0.025241886600689562
14.452,0.030038215848667588
14.456,0.02101504053807721
14.46,0.03211989233068038
14.464,0.030812480831399015
14.468,0.048714358278558724
14.472,0.025626427030860804
14.476,0.010555083638349044
14.48,0.02311207915121915
14.484,0.04033011200745282
14.488,0.02849979463507926
14.492,0.02498695143319157
14.496,0.014333969253943054
14.5,0.03280445630964071
14.504,0.03861885535330652
14.508,0.022977779714036
14.512,0.01807184665347849
14.516,0.015710983599830697
14.52,0.029738461791357963
14.524,0.03948663303008568
14.528,0.038841948543731075
14.532,0.025067160466172474
14.536,0.04001729330583011
14.54,0.04060620676985774
14.544,0.04006516066622201
14.548,0.033764161533391554
14.552,0.027124092336687503
14.556,0.021986171572528003
14.56,0.04314080180011637
14.564,0.03818756981285208
14.568,0.04733344603755819
14.572,0.02520748420245519
14.576,0.01577951500931624
14.58,0.0240601680242892
14.584,0.027746274938067868
14.588,0.031996419016458805
14.592,0.013094054197914713
14.596,0.0218984526306794
14.6,0.01066947181340663
14.604,0.04235905112582243
14.608,0.02899886283433694
14.612,0.011585755610742892
14.616,0.023381998789115208
14.62,0.030954459224234253
14.624,0.03897859466027614
14.628,0.0275786421025771
14.632,0.02615970103070185
14.636,0.0033215100167017404
14.64,0.04283029633311999
14.644,0.039680594074865315
14.648,0.030288723831615794
14.652,0.038294616936449755
14.656,0.010905915875985835
14.66,0.02464308718060986
14.664,0.029313244351568336
14.668,0.04091733494436018
14.672,0.02254537278750633
14.676,0.025776813770563855
14.68,0.01832888062511762
14.684,0.02689190109275058
14.688,0.023907328887058443
14.692,0.022475135063334466
14.696,0.008811643686830442
14.7,0.02593798351809516
14.704,0.035944845024727355
14.708,0.04035484658186168
14.712,0.020785404994859556
14.716,0.002045837915477574
14.72,0.030150186731740754
14.724,0.04175616011331268
14.728,0.03990620176052164
14.732,0.024325611996675316
14.736,0.015066928823408252
14.74,0.031146867675864512
14.744,0.03045043975406464
14.748,0.0369912832830577
14.752,0.02838310246809855
14.756,0.020363300531998044
14.76,0.04231873579489468
14.764,0.03167925041808212
14.768,0.029841585494668248
14.772,0.028179469762634995
14.776,0.029266465643240258
14.78,0.022065519772304493
14.784,0.03660134794373333
14.788,0.02257169590417192
14.792,0.019023088659638032
14.796,0.022761845911182462
14.8,0.035669457092314116
14.804,0.044591244582212496
14.808,0.04024463191296325
14.812,0.03178891579244975
14.816,0.020594714132652472
14.82,0.025390663879789933
14.824,0.041647630505921726
14.828,0.045327548675579574
14.832,0.02158798779486651
14.836,0.022641629060877497
14.84,0.02279520685542262
14.844,0.028687749309110958
14.848,0.045250654827091244
14.852,0.02701794790723403
14.856,0.00738714652611604
14.86,0.027161300543303603
14.864,0.048490337100027196
14.868,0.037486329969565024
14.872,0.01639714478497688
14.876,0.034655421773793924
14.88,0.024695874279938364
14.884,0.02942194675614007
14.888,0.0477488820199417
14.892,0.018964150213209525
14.896,0.015323276525888524
14.9,0.025393678907017166
14.904,0.034260075197976775
14.908,0.032904670266802175
14.912,0.014682443943808897
14.916,0.015295386844070221
14.92,0.031943038273872265
14.924,0.03947963453886556
14.928,0.04043696344752817
14.932,0.03155030444932656
14.936,0.015540347856687214
14.94,0.03488667312631332
14.944,0.033943098126231995
14.948,0.040975865702066516
14.952,0.02864710397649172
14.956,0.015848650718321075
14.96,0.024398024293540765
14.964,0.03536050507071446
14.968,0.020998705160934904
14.972,0.020457023332040688
14.976,0.013358497045762006
14.98,0.031191867176585238
14.984,0.029551369043883353
14.988,0.04139238213461806
14.992,0.017080702842071655
14.996,0.026571197195126135
15.0,0.014815948602603608
15.004,0.03955976654383846
15.008,0.03509353855884453
15.012,0.020481701267036263
15.016,0.019446198334452065
15.02,0.027956357857306557
15.024,0.041973259472062645
15.028,0.03451435770340429
15.032,0.03652896481816246
15.036,0.014880576881265232
15.04,0.03546023548031205
15.044,0.03219354578619251
15.048,0.019910601274096607
15.052,0.024309959120870122
15.056,0.017096638183969205
15.06,0.025455477125554835
15.064,0.02677842034630204
15.068,0.03528156183317623
15.072,0.03149982843485909
15.076,0.012990953251213976
15.08,0.014244840903258688
15.084,0.05254901263010629
15.088,0.030754412536770918
15.092,0.022897117711208618
15.096,0.023194702945489375
15.1,0.022462238568602032
15.104,0.028265080755117085
15.108,0.03387897613141464
15.112,0.018814184536819042
15.116,0.02835803136714618
15.12,0.02601020079148868
15.124,0.03188690096870862
15.128,0.021688947635715376
15.132,0.028969642943967186
15.136,0.012670904924930507
15.14,0.03660924969243064
15.144,0.031019819720127316
15.148,0.03268317483797802
15.152,0.037041808483594986
15.156,0.0056995872577504
15.16,0.034851718148556636
15.164,0.04038815892419436
15.168,0.03165618153256811
15.172,0.018423287132541346
15.176,0.020411134489475357
15.18,0.0337839889035496
15.184,0.03435446668178311
15.188,0.032956832886642334
15.192,0.01783314965621132
15.196,0.022683322158388353
15.2,0.03152147728779739
15.204,0.04888986143205102
15.208,0.03446560432870294
15.212,0.006689084403210786
15.216,0.006394773060296462
15.22,0.02774874672594523
15.224,0.0322753699632898
15.228,0.02966820508438517
15.232,0.03608280258643308
15.236,0.025357993483958233
15.24,0.022648119839173954
15.244,0.03338764477787758
15.248,0.033040950686903076
15.252,0.029539333476759175
15.256,0.013812691904834248
15.26,0.029734554982465123
15.264,0.04220785704795832
15.268,0.04221047782278681
15.272,0.025161047398087884
15.276,0.03353703815626357
15.28,0.03529161155144225
15.284,0.025561638677133087
15.288,0.022699078185584025
15.292,0.0219659369381807
15.296,0.024365515856551764
15.3,0.028556665372585565
15.304,0.04139675002912938
15.308,0.026269979513334426
15.312,0.016057925924128007
15.316,0.029086490971364298
15.32,0.03188467380965672
15.324,0.03921682581327945
15.328,0.0424857862136316
15.332,0.02912330308116723
15.336,0.0031985090576202163
15.34,0.03752458172919901
15.344,0.03465380015065964
15.348,0.049637118975679594
15.352,0.01163073586090836
15.356,-0.004768334427459206
15.36,0.038899423057877705
15.364,0.043686847038544654
15.368,0.02262496279928321
15.372,0.019542558244885183
15.376,0.01307902157110366
15.38,0.02441816892546355
15.384,0.041479777106723056
15.388,0.04717023122319646
15.392,0.021858059216855606
15.396,0.02457791689737881
15.4,0.03182025394035713
15.404,0.038156438022847024
15.408,0.04085542146585309
15.412,0.026470999533690042
15.416,0.016348833091174967
15.42,0.020778534116268215
15.424,0.036521123169963976
15.428,0.028732621919220686
15.432,0.01850982400279825
15.436,0.017806859609954925
15.44,0.028570195469216644
15.444,0.0483287302076184
15.448,0.031478146228880094
15.452,0.032819155023235666
15.456,0.005711835312899694
15.46,0.04200066331189764
15.464,0.03524818422322841
15.468,0.032049820245265745
15.472,0.03258907312598154
15.476,5.1225656230283884e-05
15.48,0.03316864621327007
15.484,0.03716897106463687
15.488,0.03535736945593832
15.492,0.034628398023248845
15.496,0.03876511443462126
15.5,0.03524417029121526
15.504,0.03918242485172154
15.508,0.04351416026878213
15.512,0.018904946746925756
15.516,0.03691642267582325
15.52,0.02498572748036551
15.524,0.03900312475895964
15.528,0.025277650721345052
15.532,0.013728515434875481
15.536,0.021428564730172166
15.54,0.011744734844098888
15.544,0.034572792577500476
15.548,0.02815823383460382
15.552,0.02310896365553209
15.556,0.026692543955227847
15.56,0.006421961915394736
15.564,0.03174554427147928
15.568,0.033862159876324745
15.572,0.023721683782976906
15.576,0.017853980787190537
15.58,0.020296955672325905
15.584,0.04763346227586492
15.588,0.039915601200588895
15.592,0.01332752477170669
15.596,0.017567255939896456
15.6,0.02940237136813957
15.604,0.03004994867570636
15.608,0.020524668315152157
15.612,0.01585587504797145
15.616,-0.0010946378338754642
15.62,0.03732568385496919
15.624,0.05026439341621412
15.628,0.024534620924186724
15.632,0.02058647847545466
15.636,0.024766309459363887
15.64,0.034574965387726385
15.644,0.025835417745260415
15.648,0.03897480389174941
15.652,0.04278455138942726
15.656,0.007285743141769562
15.66,0.021507424006213468
15.664,0.03922251731883655
15.668,0.030833444083314124
15.672,0.010571879328322197
15.676,0.006781320894778712
15.68,0.01977574600478435
15.684,0.04189960263973506
15.688,0.035232645555038855
15.692,0.016209537620104623
15.696,0.0199141421093526
15.7,0.022124520746751964
15.704,0.03624337158948222
15.708,0.03537251745287403
15.712,0.023766398262298392
15.716,0.00467685233680552
15.72,0.017321291037317173
15.724,0.026703791569652482
15.728,0.03138409200146912
15.732,0.020605026738366762
15.736,0.022782684348618833
15.74,0.02992985355448794
15.744,0.030192125445598298
15.748,0.03043808464720635
15.752,0.017310653737484746
15.756,0.016229954838126923
15.76,0.043243369678148076
15.764,0.03326424842890997
15.768,0.017238558960436235
15.772,0.030267875762960018
15.776,0.00526206982885925
15.78,0.02219060416302014
15.784,0.033159562725131424
15.788,0.043938427328148455
15.792,0.03771436678401784
15.796,0.018853908247738485
15.8,0.025428277444833856
15.804,0.041715740194812646
15.808,0.03095186945907637
15.812,0.010885359176218919
15.816,0.022402817725958
15.82,0.02618287285981924
15.824,0.039208764782014065
15.828,0.037128920189787244
15.832,0.02338068989938263
15.836,0.015808980547462874
15.84,0.03022739822720728
15.844,0.032216621208086015
15.848,0.029666089870279962
15.852,0.024524657575837654
15.856,0.0004520373241643817
15.86,0.025391014571726427
15.864,0.038377741236082404
15.868,0.03938093509114883
15.872,0.024683010231525245
15.876,0.018525371793369664
15.88,0.029657566463328153
15.884,0.040551843129714854
15.888,0.04473799865301961
15.892,0.01797184087416566
15.896,0.013826052347610081
15.9,0.02423104027416288
15.904,0.04308395545902133
15.908,0.031057709596703405
15.912,0.02565639227068798
15.916,0.008436277773170145
15.92,0.02908394786818761
15.924,0.0263383212747052
15.928,0.04041337449840273
15.932,0.015446006661969177
15.936,0.01566384059361482
15.94,0.026794631330171823
15.944,0.02674844640812423
15.948,0.021455444329130255
15.952,0.015342616194964662
15.956,0.00917298851339569
15.96,0.020747980554819745
15.964,0.030149963965481426
15.968,0.024182495763837013
15.972,0.03041435807401712
15.976,0.0237117929879981
15.98,0.02064508102703488
15.984,0.04215361610720232
15.988,0.040276266804168556
15.992,0.024236355460511446
15.996,0.02654171662247603
16.0,0.021507148622829354
16.004,0.046544106691349056
16.008,0.02510801481249905
16.012,0.023353878044125326
16.016,0.023747421485494018
16.02,0.0237020197635278
16.024,0.04066838651251827
16.028,0.04579497602323088
16.032,0.015121685020636974
16.036,-0.00030064675445796996
16.04,0.028361734805166645
16.044,0.032810841281089534
16.048,0.019901659652770333
16.052,0.03271910720018947
16.056,0.01970010282506996
16.06,0.024775884131080006
16.064,0.05803179403784927
16.068,0.03103435291238859
16.072,0.021778645972974953
16.076,0.03590286065133137
16.08,0.030798031041598544
16.084,0.03600387305066216
16.088,0.041070206699853284
16.092,0.03787272770354713
16.096,0.008693975206515582
16.1,0.032975236202382276
16.104,0.037667911284306466
16.108,0.019138405205157014
16.112,0.031142807677766615
16.116,0.022012711190684552
16.12,0.0381882928535099
16.124,0.03729194646653635
16.128,0.039995302380669104
16.132,0.017002837435849138
16.136,0.025269199349394773
16.14,0.0357317790462535
16.144,0.034552266608125354
16.148,0.021387534976389018
16.152,0.011051148708101626
16.156,0.00588780692066858
16.16,0.02723342519541234
16.164,0.03777921049430272
16.168,0.04789555142997379
16.172,0.02153078114941142
16.176,0.01794435821625307
16.18,0.026883904386030652
16.184,0.026126716489011298
16.188,0.025637654757220192
16.192,0.02544307752874995
16.196,0.03031261008083904
16.2,0.02356730099630428
16.204,0.04306400361324905
16.208,0.029512385893597604
16.212,0.012245702943160797
16.216,0.022128827009825536
16.22,0.010488530182398058
16.224,0.04286947415190907
16.228,0.036501173615012476
16.232,0.02186174235299335
16.236,0.02136081609631603
16.24,0.046392074773915666
16.244,0.029121663773142605
16.248,0.045567398054256664
16.252,0.01831400805884798
16.256,0.013604528669293823
16.26,0.03279190141274444
16.264,0.026392792631300413
16.268,0.03454355489936557
16.272,0.017535617301589573
16.276,0.018377675417799673
16.28,0.023543175362821727
16.284,0.03333853683611919
16.288,0.023180558716954992
16.292,0.024497353285279893
16.296,0.014151444749756038
16.3,0.0379720467162737
16.304,0.03692815368642246
16.308,0.042303533577640356
16.312,0.016725978121687933
16.316,0.013553934920447777
16.32,0.033689647354282815
16.324,0.03436051483370737
16.328,0.04176836428973372
16.332,0.019585168981185428
16.336,0.012366829430881722
16.34,0.020045013065618702
16.344,0.028441212830573145
16.348,0.037468305997455445
16.352,0.022758726698845606
16.356,0.009238543631870424
16.36,0.023071970838022857
16.364,0.03196073025697502
16.368,0.04228586795406319
16.372,0.028966938226522278
16.376,0.019110103481756666
16.38,0.01749873677825842
16.384,0.03762921700692226
16.388,0.03948755733799312
16.392,0.03587474470158007
16.396,0.028468244958414844
16.4,0.02638590058529496
16.404,0.04508843618591164
16.408,0.03115803649468869
16.412,0.019955648096709216
16.416,0.015696677813989913
16.42,0.029658642225747482
16.424,0.038631228632817226
16.428,0.036632685940663205
16.432,0.026907998094399734
16.436,0.022554545925794797
16.44,0.027329593369594497
16.444,0.023893359359255503
16.448,0.027227621800192787
16.452,0.024736075883421506
16.456,0.016816428302021895
16.46,0.01777628479710629
16.464,0.03861635901709815
16.468,0.008420769901448605
16.472,0.03672922866813284
16.476,0.013839442473488861
16.48,0.01724057792962147
16.484,0.025176414615195743
16.488,0.031353241273562676
16.492,0.03474926191845305
16.496,0.021929981238722567
16.5,0.02857134516718438
16.504,0.05002302904209803
16.508,0.030464313240908834
16.512,0.033809621513397246
16.516,0.02977674882715254
16.52,0.02354534755168269
16.524,0.03593331710417421
16.528,0.02956620415860479
16.532,0.03018633530742014
16.536,0.025836232457773202
16.54,0.03615340507382361
16.544,0.04019295897323352
16.548,0.03685723580894143
16.552,0.00937915006622702
16.556,0.033807133430845286
16.56,0.02116950416794095
16.564,0.04050938182871175
16.568,0.038755502437767694
16.572,0.028688063159840876
16.576,0.015109784579420586
16.58,0.015397778962634235
16.584,0.022409362588231348
16.588,0.024358550917440745
16.592,0.020933770193286905
16.596,0.022494730324269043
16.6,0.03008802331561437
16.604,0.039225843861417496
16.608,0.04388437568365065
16.612,0.007464219968071959
16.616,0.02281739395769095
16.62,0.004452509986873052
16.624,0.040279142834649825
16.628,0.02883637243750308
16.632,0.03047007413942807
16.636,0.022880466244026766
16.64,0.038716501021539715
16.644,0.03213776133910036
16.648,0.03499686084653587
16.652,0.018057948145530467
16.656,0.031936728832843264
16.66,0.020448833061945993
16.664,0.03814789556145295
16.668,0.0369596980888028
16.672,0.006497078527308697
16.676,0.022669241431156097
16.68,0.030237570465939265
16.684,0.0421679930908315
16.688,0.03764531885576066
16.692,0.0365234504425506
16.696,0.018305113477289185
16.7,0.02823152177227578
16.704,0.04263174689054073
16.708,0.03469572887444099
16.712,0.02212982080288841
16.716,0.008269308750240173
16.72,0.02232672705439363
16.724,0.03899930096104411
16.728,0.02617323686055396
16.732,0.0249208084854006
16.736,-0.004288063557691169
16.74,0.032660803268772624
16.744,0.042467057142150384
16.748,0.03591643316931897
16.752,0.01700505229741936
16.756,0.005882307909559422
16.76,0.025560522355048985
16.764,0.0480565508417165
16.768,0.030638762989675047
16.772,0.025924725990101143
16.776,0.024919202253165625
16.78,0.01726323912462395
16.784,0.03814469990749594
16.788,0.04708680249824623
16.792,0.010476748453877529
16.796,0.021699215419531313
16.8,0.021509216430129978
16.804,0.026675213352955616
16.808,0.029228017103961456
16.812,0.029045198620620404
16.816,0.016496788972834717
16.82,0.02451007422602649
16.824,0.03675478148869619
16.828,0.025022844074381056
16.832,0.027189225144060504
16.836,0.009041506366468027
16.84,0.03665655099767473
16.844,0.04246350900151734
16.848,0.021730150812478602
16.852,0.02487359481469513
16.856,0.009432875650762902
16.86,0.024291619001311774
16.864,0.02848548001471675
16.868,0.03805997893548155
16.872,0.025792611472406878
16.876,0.027777570899505215
16.88,0.03214915705586233
16.884,0.036037691779003206
16.888,0.042455337960532365
16.892,0.021604772534364734
16.896,0.01966511004882711
16.9,0.015261073992507956
16.904,0.04264969956188803
16.908,0.0428892702961582
16.912,0.006306302447362704
16.916,0.02678409668908703
16.92,0.0373251509310312
16.924,0.04451986940031051
16.928,0.024723607065223165
16.932,0.023685638446977575
16.936,0.007185182821113674
16.94,0.010642129520272207
16.944,0.03316111738472347
16.948,0.04691478503647516
16.952,0.0335266497033586
16.956,0.025037550372752827
16.96,0.022256556427087175
16.964,0.04797905001306735
16.968,0.03950212131209782
16.972,0.024152241198543763
16.976,0.013161211333149566
16.98,0.021580113593107117
16.984,0.038599203841401905
16.988,0.02708484512726796
16.992,0.023667798149760663
16.996,0.02531172542786527
17.0,0.025397504694815463
17.004,0.04264251845653756
17.008,0.03300982164835131
17.012,0.01969211758521583
17.016,0.012281430478222964
17.02,0.018304118853544087
17.024,0.04524838561578934
17.028,0.04367999301339552
17.032,0.012718332203587772
17.036,0.009317217357464477
17.04,0.01367335298173026
17.044,0.017897668554642445
17.048,0.03051738564761418
17.052,0.009597379940963961
17.056,0.011872382865858523
17.06,0.035559054547434105
17.064,0.033222083533163665
17.068,0.024327109209722832
17.072,0.022854690539826517
17.076,0.03265025167738612
17.08,0.020765429861318643
17.084,0.03491180574455399
17.088,0.032919664592853635
17.092,0.018608582200326268
17.096,0.0033808141213746232
17.1,0.037038465194017337
17.104,0.03731294785211603
17.108,0.04326501431499193
17.112,0.014867514427776984
17.116,0.01998969918958645
17.12,0.03330674566172054
17.124,0.049292345344062904
17.128,0.032854146299741926
17.132,0.0237234933819523
17.136,0.01586605578580329
17.14,0.02606724065820241
17.144,0.036227625231842774
17.148,0.02919898332916423
17.152,0.008127123166827744
17.156,0.014768581782273225
17.16,0.018673483500916282
17.164,0.031376608877727814
17.168,0.04247562861389318
17.172,0.019223467190164926
17.176,0.011054803823757262
17.18,0.03296499616536791
17.184,0.027657153735100817
17.188,0.024759141931594966
17.192,0.018034627121454726
17.196,0.020376764134363283
17.2,0.023931301070101267
17.204,0.03473857938613289
17.208,0.02878764555085709
17.212,0.012736017599301371
17.216,0.011365247209768118
17.22,0.02650865811501224
17.224,0.02848991947023425
17.228,0.041896681467793795
17.232,0.0094968680925857
17.236,0.008829552711724017
17.24,0.0324656364188453
17.244,0.02547038449423694
17.248,0.042195749414503325
17.252,0.0058953813875744845
17.256,0.01622040821906364
17.26,0.031719820583061296
17.264,0.04485988470791716
17.268,0.03499804994835869
17.272,0.026821554014059466
17.276,0.013810005814722793
17.28,0.007486744911343116
17.284,0.027787625971922445
17.288,0.015418517705160917
17.292,0.0277041709575672
17.296,0.018522138571352202
17.3,0.027388433192799738
17.304,0.03719125664292549
17.308,0.026983371729441163
17.312,0.02648997445024462
17.316,0.015121356249837029
17.32,0.011679004624608613
17.324,0.039576883219790096
17.328,0.039154676743977684
17.332,0.022732731207457533
17.336,0.012964226153328585
17.34,0.02005874682723639
17.344,0.029842552374497715
17.348,0.016894237750849257
17.352,0.0206947419952047
17.356,0.022646711782989458
17.36,0.014837136756117981
17.364,0.029500904379065905
17.368,0.0330705110403097
17.372,0.019560200305642195
17.376,0.004627515824273251
17.38,0.009713065655255827
17.384,0.03186096485220197
17.388,0.03259091832067217
17.392,0.01846996901947384
17.396,0.007229928988538331
17.4,0.030319932342305008
17.404,0.02583698420483338
17.408,0.03427875942059841
17.412,0.018139101084192526
17.416,0.023335874550966758
17.42,0.03823562363326343
17.424,0.026859652760207305
17.428,0.026694884466498363
17.432,0.010265147431972698
17.436,0.005226050262441729
17.44,0.027028371369662484
17.444,0.027343216863684704
17.448,0.03109497218608314
17.452,0.020977188755804305
17.456,0.012170633704462409
17.46,0.025818714689432656
17.464,0.03278681628455832
17.468,0.030069238488110172
17.472,0.02907089518296225
17.476,0.028444372627015158
17.48,0.03200451292558404
17.484,0.028837344345599536
17.488,0.03905336799023985
17.492,0.027142619446489026
17.496,0.02240166318226467
17.5,0.023209889487611792
17.504,0.034736468725788866
17.508,0.030126936502124793
17.512,0.022940782488755765
17.516,0.00946428609211508
17.52,0.020403987577983854
17.524,0.042634410446915016
17.528,0.020282999106604555
17.532,0.008563991281169128
17.536,0.020472562496371284
17.54,0.033823864007983664
17.544,0.04356103227877997
17.548,0.042764323230731156
17.552,0.014664465033860014
17.556,0.01157310512374619
17.56,0.028952082368966663
17.564,0.03825309915435509
17.568,0.032983226806625195
17.572,0.019173235931692522
17.576,0.020317356192986427
17.58,0.03011647704661064
17.584,0.032299428038908826
17.588,0.034286615850979134
17.592,0.023641939447044246
17.596,0.01829676859234019
17.6,0.023609255609888767
17.604,0.021745401713583128
17.608,0.04299867093286342
17.612,0.021405809344230614
17.616,0.004029096699759633
17.62,0.022314887891136365
17.624,0.03901458698754952
17.628,0.03411178689035898
17.632,0.02867472328812091
17.636,0.0038675414787780367
17.64,0.011939836756321367
17.644,0.03445840406246216
17.648,0.029268582922407752
17.652,0.02039138697534492
17.656,0.007458000081961504
17.66,0.030234497504239326
17.664,0.022506235724669733
17.668,0.02829099363860502
17.672,0.025861707191718895
17.676,0.029458126300120784
17.68,0.024368609869197096
17.684,0.03924176183010636
17.688,0.007291763423346614
17.692,0.013245484451034495
17.696,0.00902023533834046
17.7,0.028865824240292888
17.704,0.02083643965340678
17.708,0.03337486611398541
17.712,0.017163013348976144
17.716,0.016987911918698164
17.72,0.011647725370347806
17.724,0.0355944021056309
17.728,0.020480171752666466
17.732,0.03218720290392835
17.736,0.013828128699254191
17.74,0.03282944810652104
17.744,0.021244810608650383
17.748,0.05009620132894563
17.752,0.018187893747737008
17.756,0.019741555491939733
17.76,0.03445016032419322
17.764,0.039854881562620806
17.768,0.040574868709330685
17.772,0.030588272401561558
17.776,0.01741252310688514
17.78,0.02606115810762139
17.784,0.02266050654773724
17.788,0.03881716056236787
17.792,0.016099828001388563
17.796,0.00643992018651832
17.8,0.014294465860161696
17.804,0.02192874411092828
17.808,0.025999727158470994
17.812,0.021948534835581977
17.816,0.016119035452156733
17.82,0.011519394671490596
17.824,0.03704418233335245
17.828,0.03497733032374284
17.832,0.0018975900313948323
17.836,0.005116279553617048
17.84,0.03225450929572135
17.844,0.030791734732516646
17.848,0.028734640256999046
17.852,0.02338669272724567
17.856,0.01398593860847727
17.86,0.021473718480426264
17.864,0.044294467766574835
17.868,0.03482427948121808
17.872,0.009852962940456482
17.876,0.01573273261807595
17.88,0.02935105719626736
17.884,0.025758052641099077
17.888,0.00975842268287103
17.892,0.008152547038012829
17.896,0.002214313263720201
17.9,0.027007934082453475
17.904,0.0353332124766752
17.908,0.023545781536936736
17.912,0.03412653534520187
17.916,0.010280920474780648
17.92,0.030551821258605685
17.924,0.03523319561406096
17.928,0.026512780951881205
17.932,0.01928164054011408
17.936,0.028049010115992104
17.94,0.01926889778534651
17.944,0.024242035138306438
17.948,0.018974272656933956
17.952,0.019342415519176353
17.956,0.015053418826780124
17.96,0.020569748150064036
17.964,0.01682380969910984
17.968,0.037708013884903344
17.972,0.017222476245348225
17.976,0.008842040107627087
17.98,0.024711888629104166
17.984,0.04219673542325617
17.988,0.04207116212286632
17.992,0.02505568293470808
17.996,0.010772903694011913
18.0,0.017726435677002494
18.004,0.0367181062974962
18.008,0.033552693905826686
18.012,0.005984136725919017
18.016,0.010383036631112957
18.02,0.02423075056639028
18.024,0.02429355725798813
18.028,0.027720022077207522
18.032,0.012579803327887216
18.036,0.02154420966461502
18.04,0.021203641967461533
18.044,0.037610591562865406
18.048,0.030196392296752014
18.052,0.006976985282388964
18.056,0.016239107318407386
18.06,0.03150530916290028
18.064,0.03432452776016364
18.068,0.019396151846047406
18.072,0.027257555006768804
18.076,0.012011569576519922
18.08,0.022389513571087618
18.084,0.0472256677765438
18.088,0.03095862552721681
18.092,0.017125656953987663
18.096,-0.0053461275388127175
18.1,0.027478971072123326
18.104,0.02648120968415945
18.108,0.02332770036891909
18.112,0.026197874802497814
18.116,0.021424446387008855
18.12,0.02252806967116274
18.124,0.03370883224376922
18.128,0.026229953354447107
18.132,0.023662846319446693
18.136,0.016873788219682596
18.14,0.020740044533467634
18.144,0.02549462848880507
18.148,0.04180784828644571
18.152,0.025419166964001164
18.156,0.011811654273286145
18.16,0.029013785113236108
18.164,0.03095200846406307
18.168,0.02150269435594483
18.172,0.026900644795398956
18.176,0.01428386714166794
18.18,0.018546443355987513
18.184,0.032544919429940256
18.188,0.024567540709452634
18.192,0.021036098379747868
18.196,0.0120289884594364
18.2,0.026714776208694637
18.204,0.015187257247465155
18.208,0.024630340032604732
18.212,0.015076246109130739
18.216,0.017515962586469282
18.22,0.025415859561693108
18.224,0.032260654598646576
18.228,0.03720715676927155
18.232,0.015606919639436879
18.236,-0.012634214004658993
18.24,0.019728274112171134
18.244,0.022859226488653864
18.248,0.0199473038849425
18.252,0.02814707785443063
18.256,0.011272913118878944
18.26,0.01816173910320268
18.264,0.014967866504276318
18.268,0.030013866097320582
18.272,0.02551078140944984
18.276,0.018492444562673488
18.28,0.017371257857371317
18.284,0.029156182535429755
18.288,0.02439837369272583
18.292,0.010914997174175343
18.296,0.012650753496396291
18.3,0.03045412000313953
18.304,0.026818136606322
18.308,0.030994878890444697
18.312,0.010559726163364537
18.316,0.029846776406244255
18.32,0.019122123718808892
18.324,0.028276883669757794
18.328,0.04545394958538312
18.332,0.008540085473744116
18.336,0.014257685186211757
18.34,0.013299664755556103
18.344,0.03711076229357308
18.348,0.02914020139561351
18.352,0.0028922896732431255
18.356,0.005497169800960505
18.36,0.031100582582832725
18.364,0.03535652401420712
18.368,0.01901722592011229
18.372,0.025391678389189532
18.376,0.018435336590460205
18.38,0.024066889465792392
18.384,0.03721092368577057
18.388,0.023822073765314127
18.392,0.02417863036070942
18.396,0.019571489456889656
18.4,0.019180613533655813
18.404,0.02645479665444225
18.408,0.02531485439145825
18.412,0.007801400145417355
18.416,0.016075353812259992
18.42,0.016314903015444266
18.424,0.035142982965780445
18.428,0.017228806058504596
18.432,0.011924402017234081
18.436,0.010419411361493705
18.44,0.02295798420114762
18.444,0.03500762010573317
18.448,0.021067001225359223
18.452,0.012444728092932749
18.456,0.021034758515388025
18.46,0.029977050988900217
18.464,0.03398481029703508
18.468,0.022624422326488598
18.472,0.006353467448568417
18.476,-0.000877655786369393
18.48,0.024778362549384984
18.484,0.04066700704626787
18.488,0.02644486075056075
18.492,0.015953209670099756
18.496,0.01696061677871732
18.5,0.028901380482935734
18.504,0.030835480159905296
18.508,0.023073520800104413
18.512,0.01983839275493931
18.516,0.004266714857503538
18.52,0.021636899396769785
18.524,0.03056502343736949
18.528,0.023861297737203784
18.532,0.0052731486655589604
18.536,0.00831468831305101
18.54,0.030829784770137522
18.544,0.012386474077592184
18.548,0.0348992621361475
18.552,0.0003412092305223116
18.556,0.003049688608547556
18.56,0.014630332765754851
18.564,0.03196760220481087
18.568,0.034197980677014454
18.572,0.017820140883970284
18.576,0.027404486354906832
18.58,0.02504103584776979
18.584,0.034503021550758774
18.588,0.02980444629894278
18.592,0.004500117983927769
18.596,0.024086056373846643
18.6,0.015677207172746975
18.604,0.029692939208125727
18.608,0.02871536842065232
18.612,0.019864541140636856
18.616,-0.0008358978199543756
18.62,0.017304494352771302
18.624,0.03843930620056334
18.628,0.023941180895300604
18.632,0.015293091579859
18.636,0.011037585075205808
18.64,0.023568538063142647
18.644,0.03947703432186918
18.648,0.02880095297385618
18.652,0.012213760579332078
18.656,0.011790676465910296
18.66,0.022635759449675646
18.664,0.04988729815921372
18.668,0.015043679769158646
18.672,0.01196492241269652
18.676,0.00901443643932946
18.68,0.027556590829006192
18.684,0.03264698970382282
18.688,0.030143178798567885
18.692,0.004111075227451138
18.696,0.007263577389696031
18.7,0.015046750280396648
18.704,0.030279687644996507
18.708,0.03718361522800885
18.712,0.02978441102759282
18.716,0.008721054523209313
18.72,0.018212967447282097
18.724,0.028828467598989625
18.728,0.022513897564780498
18.732,0.01455725878165495
18.736,0.008895588944276724
18.74,0.016063275201507084
18.744,0.018213884070643113
18.748,0.03430176578523159
18.752,0.024102371517540994
18.756,0.008626025447013934
18.76,0.012615908021085562
18.764,0.043050865683012265
18.768,0.014469609421279372
18.772,0.017301496697661737
18.776,0.013338471096000155
18.78,0.027755535037746144
18.784,0.029043037296654636
18.788,0.026173863666735242
18.792,0.016001326344817407
18.796,0.01876552561801959
18.8,0.06224527938690802
18.804,0.06153879683469715
18.808,0.06782623080780453
18.812,0.045825575077308806
18.816,0.06346627449527391
18.82,0.04739163343345605
18.824,0.08068349000210533
18.828,0.06749862137705012
18.832,0.045814178565858114
18.836,0.06385109723175623
18.84,0.05181150313492375
18.844,0.07336722436533606
18.848,0.06700200661827625
18.852,0.04689768891371095
18.856,0.041082209618704194
18.86,0.055131876792008545
18.864,0.07696312075350745
18.868,0.08756492229962874
18.872,0.05199584009464335
18.876,0.054306364418374144
18.88,0.0585800100883087
18.884,0.06313107135178772
18.888,0.07248915057791623
18.892,0.054124210735751896
18.896,0.0570349051407105
18.9,0.018749667465609007
18.904,0.03473119004815406
18.908,0.020745284020764462
18.912,0.014927599823605909
18.916,0.007763866483362696
18.92,0.012694776315216233
18.924,0.023353523372014108
18.928,0.028798843410559705
18.932,0.013159623457047926
18.936,0.030234344155036664
18.94,0.010353925846074988
18.944,0.027990464040892997
18.948,0.02900104137388365
18.952,0.02235427086074706
18.956,0.0031058732878384288
18.96,0.02820886801119006
18.964,0.026878005046176212
18.968,0.013087842490482534
18.972,0.013368151366021317
18.976,-0.0029049098945643295
18.98,0.021207131094872444
18.984,0.03597843502652834
18.988,0.016209494792838668
18.992,0.025881098361603565
18.996,0.013014120284352925
19.0,0.02100206157109956
19.004,0.031839059352530605
19.008,0.03558147247494003
19.012,0.02024859729743719
19.016,-0.0020072087569480528
19.02,0.01576658590505388
19.024,0.02446046709917039
19.028,0.01833229573970132
19.032,0.020009430461511362
19.036,0.013013841071733626
19.04,0.020087929425011447
19.044,0.02335272823104241
19.048,0.026305042892033056
19.052,0.028300603464209505
19.056,0.014348396311282912
19.06,0.010102869240500115
19.064,0.026598520874264984
19.068,0.02027026167829131
19.072,0.022204169185508847
19.076,0.009121866199148343
19.08,0.03039015341988432
19.084,0.023247161159518873
19.088,0.03641545291275062
19.092,0.006912888778973059
19.096,0.006203300162456094
19.1,0.03295064418879441
19.104,0.025508070227746447
19.108,0.02942920775070921
19.112,0.01561148500118915
19.116,0.012724627791275575
19.12,0.016467861996867336
19.124,0.027893201889632666
19.128,0.01725500843964521
19.132,0.00856362781096582
19.136,0.00892488720374486
19.14,0.016546054044135946
19.144,0.02827341499167676
19.148,0.023699023597156053
19.152,0.022862616997696518
19.156,0.026757457940564028
19.16,0.018122920173908777
19.164,0.048528333204161875
19.168,0.030492651753783153
19.172,0.01617695719150193
19.176,0.019663891402432774
19.18,0.016888494612348006
19.184,0.027515055086558902
19.188,0.03267594310991476
19.192,0.006377324598906855
19.196,-0.0011262164733633617
19.2,0.02501797721785672
19.204,0.02852098192317234
19.208,0.018659245932794728
19.212,0.003169797302090485
19.216,0.024388991961975692
19.22,0.00953669348842036
19.224,0.03630113469317927
19.228,0.023462977160618848
19.232,0.028844332149606577
19.236,0.014596984540764024
19.24,0.016608497139662805
19.244,0.018345721399202056
19.248,0.016529307105695397
19.252,0.02026231222088074
19.256,0.00430325916070687
19.26,0.018594822432947605
19.264,0.025443339001201732
19.268,0.019587433042619694
19.272,0.017698110329390494
19.276,0.02017346895606962
19.28,0.010650627140352096
19.284,0.02700841293234474
19.288,0.02975260828248418
19.292,0.011633351393092496
19.296,0.017754988276242306
19.3,0.011992849779600578
19.304,0.023585656473979304
19.308,0.03298649875869738
19.312,-0.006822424867502914
19.316,0.013661655045741378
19.32,0.0178698826989887
19.324,0.028832702854593946
19.328,0.027813363221794982
19.332,0.019434792641256922
19.336,0.011367141485562764
19.34,0.02170441407486257
19.344,0.023148996206569225
19.348,0.01659401823501966
19.352,0.02551915448539875
19.356,0.006325899297872184
19.36,0.011930274468713763
19.364,0.01829005389054203
19.368,0.01568044157410096
19.372,0.010967988528802446
19.376,0.010368338481522705
19.38,0.029258728094131575
19.384,0.037302322496119505
19.388,0.010731641481955725
19.392,0.012541667489759907
19.396,0.00772819513577774
19.4,0.024027756170500587
19.404,0.03127207180239509
19.408,0.03138583056977556
19.412,0.016731777612976804
19.416,0.023478581520006134
19.42,0.026736657376382075
19.424,0.025605433875924243
19.428,0.016880357735034043
19.432,0.012132757481935704
19.436,0.009766274145101495
19.44,0.015344057792157108
19.444,0.024458607208585913
19.448,0.02095731530420472
19.452,0.03463261254780517
19.456,-0.013188491454156447
19.46,0.013015492351183646
19.464,0.0421401431393117
19.468,0.03298222422252911
19.472,0.007720338281141467
19.476,0.02455361692399291
19.48,0.010234853621227632
19.484,0.039511478848708606
19.488,0.02073154307779792
19.492,0.007493585302400175
19.496,0.004815643799017886
19.5,0.012968449576680866
19.504,0.026936424871217494
19.508,0.03747218340677011
19.512,0.011590138622965868
19.516,0.012768345533888698
19.52,-0.001216201462895427
19.524,0.021740019091797777
19.528,0.025467301551703698
19.532,0.01696046245518673
19.536,0.01821520475766137
19.54,0.026016261835675545
19.544,0.039593493515794026
19.548,0.020909943290330465
19.552,0.01578983335630691
19.556,0.010004626496560547
19.56,0.03215045535679518
19.564,0.026763352899240492
19.568,0.026424804811767316
19.572,0.008148877901752071
19.576,0.01766190313578428
19.58,0.01410255772552283
19.584,0.025214574025323115
19.588,0.023023673981473862
19.592,0.0066733795430915085
19.596,0.006805542515986222
19.6,0.006776696172694571
19.604,0.03924689597370497
19.608,0.03425407253444693
19.612,0.014649254744291412
19.616,0.0001244891241881079
19.62,-0.0044021300278038605
19.624,0.03014271337247151
19.628,0.0297134034748764
19.632,0.007413715892064344
19.636,0.010811151517779814
19.64,0.02948709793304969
19.644,0.03772830699382129
19.648,0.02108183293863035
19.652,0.016097809149660705
19.656,0.017700743555059788
19.66,0.01654586489546204
19.664,0.03628003572616516
19.668,0.01110608312888566
19.672,0.02366417395903428
19.676,0.01872353426825764
19.68,0.009738392360129848
19.684,0.026908147271998348
19.688,0.03855059935849742
19.692,0.013292496695248771
19.696,0.011330487620579283
19.7,0.013230435422980453
19.704,0.020493652953267508
19.708,0.02232417910192698
19.712,0.029624570889225692
19.716,0.004745967370999995
19.72,0.026707683320354246
19.724,0.03771992491668621
19.728,0.018854250672784807
19.732,0.011901378790342277
19.736,0.011221128146484797
19.74,0.025131663296812504
19.744,0.026752394449159358
19.748,0.04475294934114908
19.752,0.01519237237587856
19.756,0.0046548615274288295
19.76,0.011167745515969057
19.764,0.01931142377271485
19.768,0.015260320010034483
19.772,0.01252658067298023
19.776,0.00437614834598865
19.78,0.003120749924378746
19.784,0.02891515138998947
19.788,0.032698006286217565
19.792,0.0025444553310164948
19.796,0.01075176176264373
19.8,0.01933818894184907
19.804,0.023636291310815735
19.808,0.02227391896375545
19.812,0.011827654583382155
19.816,0.01975978721030355
19.82,0.035049525705327884
19.824,0.03275912868605001
19.828,0.016132950394425555
19.832,0.008593763084090811
19.836,0.0043801370481240465
19.84,0.020677815142101
19.844,0.02190009919420154
19.848,0.01765672426275704
19.852,0.01614982104550961
19.856,0.002225082341617974
19.86,0.02694988470263205
19.864,0.005485772469696375
19.868,0.00938021041688566
19.872,0.012349548825958147
19.876,0.013452780912955523
19.88,0.029299170118457115
19.884,0.030945570234829287
19.888,0.0185150324865664
19.892,0.022541526782766698
19.896,0.006538898689129052
19.9,0.017383859219692994
19.904,0.025712421582623192
19.908,0.024754669020319406
19.912,0.008775963463376212
19.916,-0.0024000611646986213
19.92,0.028164817051637876
19.924,0.045115199415478646
19.928,0.01611161745030475
19.932,-0.0031353508483257433
19.936,0.0004085732603756054
19.94,0.015331496164614858
19.944,0.03477383018967099
19.948,0.009595284694589845
19.952,0.010398213826696147
19.956,0.012239823451214618
19.96,0.017010913056767673
19.964,0.025204473332308467
19.968,0.02007449198171216
19.972,0.019870453060323
19.976,-0.0033675419801964257
19.98,0.013908779585770517
19.984,0.04664878958951002
19.988,0.028871100591432327
19.992,0.015457366629963526
19.996,0.00831672976758875
20.0,0.028317122091241938
20.004,0.0062690262930341495
20.008,0.030975708468012765
20.012,0.016965370800482542
20.016,0.008935804008608581
20.02,0.003056268190172684
20.024,0.03050054538693496
20.028,0.042263738839675095
20.032,0.010122794601135656
20.036,0.014349547381577732
20.04,0.021198584328396834
20.044,0.03731005603879943
20.048,0.031984972809581264
20.052,0.015874122859712198
20.056,0.00021048115595355323
20.06,0.029886460546730834
20.064,0.03881076664777803
20.068,0.023688517287764672
20.072,0.008341522262689013
20.076,0.012916245588804224
20.08,0.02004587674595814
20.084,0.03393727772911036
20.088,0.026894015956001074
20.092,0.007409392617267827
20.096,0.010513969155415309
20.1,0.0031313924915961286
20.104,0.048547916537200655
20.108,0.01493113440190081
20.112,0.016086994402883473
20.116,0.016879715986695947
20.12,0.02144993995756213
20.124,0.0305081798566882
20.128,0.03182983063795267
20.132,0.0009459657677336527
20.136,0.010379907044030072
20.14,0.01916975773958376
20.144,0.008886996385482304
20.148,0.029269469126170435
20.152,0.015578485373002899
20.156,0.026024133761905217
20.16,0.024999483887323228
20.164,0.03695498613834526
20.168,0.01902797193777553
20.172,-0.0026355318102331948
20.176,0.011884143776534678
20.18,0.009416908146667784
20.184,0.03204620911688276
20.188,0.051553359266809984
20.192,0.02493825175437108
20.196,0.005821984966699628
20.2,0.018668279427883593
20.204,0.03524589914506085
20.208,0.02358743876679167
20.212,0.012142843435209846
20.216,0.019832116163524812
20.22,0.020669020359158987
20.224,0.0568526691734816
20.228,0.03018392617500993
20.232,0.017512607447488882
20.236,-0.012636244642374698
20.24,0.02229395494501725
20.244,0.01654977610011241
20.248,0.021691642138999878
20.252,0.0072393381917830405
20.256,0.00937002495433178
20.26,0.031233414808395706
20.264,0.03127040615912342
20.268,0.017113755634015654
20.272,0.02118840225724491
20.276,-0.0038735075273854044
20.28,0.013391359237357662
20.284,0.023489721847432053
20.288,0.017004939653814704
20.292,0.013321248359328429
20.296,0.008040353865190543
20.3,0.014319076466941916
20.304,0.024599811481438163
20.308,0.021948311740010048
20.312,0.0216227288825407
20.316,0.007477860778452737
20.32,0.02261115877203248
20.324,0.02064778212370847
20.328,0.03861071014158251
20.332,0.01680775057971503
20.336,0.020786324567205486
20.34,0.01885524218593894
20.344,0.021171497804070672
20.348,0.006720471231556703
20.352,0.012675443920791228
20.356,0.004973519424700887
20.36,0.021611936705091737
20.364,0.025807517616541622
20.368,0.02706548041957934
20.372,0.0130447539461537
20.376,0.008699480811586897
20.38,0.018500135175688298
20.384,0.02097926694458188
20.388,0.02976545554345355
20.392,-0.0009540354773141836
20.396,0.00779358962619509
20.4,0.01564619431327858
20.404,0.03224006282343458
20.408,0.007773220607455774
20.412,0.014556787943100502
20.416,0.015990029590700026
20.42,0.006174319002760385
20.424,0.030792687315051734
20.428,0.012068721720818024
20.432,0.00783848226247489
20.436,0.013694987584663983
20.44,0.015005832145735795
20.444,0.03780768870830913
20.448,0.03010200692186807
20.452,0.011472842032981897
20.456,0.01682171348159977
20.46,0.02012416628434409
20.464,0.030730658305142104
20.468,0.021048361562047285
20.472,0.008513158104413592
20.476,0.010826099860368393
20.48,0.013634456157418467
20.484,0.018873286208738713
20.488,0.031506701380834286
20.492,0.010717928469748174
20.496,0.019876149667955954
20.5,0.010644345178763046
20.504,0.015048768570714436
20.508,0.023981333801833354
20.512,0.0016550726647915123
20.516,0.003643322811576165
20.52,0.017185161431934753
20.524,0.02695972725133938
20.528,0.007645188055637934
20.532,0.02636704653327779
20.536,0.005366802759267287
20.54,0.021770378209517147
20.544,0.03412515046196601
20.548,0.02148593328966431
20.552,0.011206968240577679
20.556,0.01592031078892671
20.56,0.007974655792537942
20.564,0.03270825332979702
20.568,0.03262936558388873
20.572,0.009191873044582221
20.576,-0.0014383332944838713
20.58,0.025292202509804254
20.584,0.027777151801681495
20.588,0.01701240834628201
20.592,0.016699910594908135
20.596,0.0192381353979022
20.6,0.016163453692285012
20.604,0.019556465070398623
20.608,0.005503902607569923
20.612,0.003978546936848069
20.616,0.014122859347678048
20.62,-0.008296525134620179
20.624,0.022215239813031015
20.628,0.020965925900865535
20.632,0.004054594547789435
20.636,0.017360052322198748
20.64,0.0031661423831309387
20.644,0.03423264668469998
20.648,0.0202968061232333
20.652,0.00905108227352238
20.656,-0.0037330494695153767
20.66,0.025308021148051682
20.664,0.03361558484948432
20.668,0.008234323706698311
20.672,0.005454895818816845
20.676,-0.0006687361003945907
20.68,0.016853513581159295
20.684,0.029305908171880002
20.688,0.0324916759000927
20.692,-0.0026557243819783274
20.696,0.007947388888945228
20.7,0.01063968777122307
20.704,0.01584140523847951
20.708,0.022898325581753975
20.712,0.006302451217929475
20.716,0.0019392585567945325
20.72,0.014889535253112126
20.724,0.023882293303789607
20.728,0.022113190707917802
20.732,0.023841911905647082
20.736,0.022503115736484898
20.74,0.027961099403722895
20.744,0.031829548113559966
20.748,0.010289189975397711
20.752,-0.0025539994972105812
20.756,-0.002781431840414395
20.76,0.02479358330912703
20.764,0.03175405542516559
20.768,0.01509178028135599
20.772,0.009862757844744208
20.776,0.005640629225626639
20.78,0.007013269310270631
20.784,0.01579832808638844
20.788,0.034960139433646585
20.792,0.009805307510280208
20.796,0.007052769234456814
20.8,0.0032180390767064977
20.804,0.02994642768452884
20.808,0.025794419258573592
20.812,0.00872477705857235
20.816,0.009149916836616367
20.82,0.02061731857575773
20.824,0.004571070130830447
20.828,0.03943581930814093
20.832,0.02058345914929798
20.836,0.001672885483317592
20.84,0.012365275979286565
20.844,0.024505643987556197
20.848,0.023635930897263985
20.852,0.014362325998194867
20.856,0.00025782545726853786
20.86,0.005307427202718148
20.864,0.035436305110907715
20.868,0.020520517334596734
20.872,-0.0076199304500764
20.876,0.018332249402538345
20.88,0.013495847947787248
20.884,0.029823399174488785
20.888,0.031146006586831546
20.892,0.013129932142757046
20.896,0.00777560656990992
20.9,0.010201261386000686
20.904,0.02763592038745857
20.908,0.02577669779168867
20.912,0.027498655191544766
20.916,0.0029076034736875856
20.92,0.022798583130715692
20.924,0.02488604416418175
20.928,0.013648759755249356
20.932,0.013689218150457615
20.936,0.008144313451338273
20.94,0.009624657999936035
20.944,0.03622925572782055
20.948,0.017966329605982018
20.952,0.00900377173898047
20.956,0.007260175760479657
20.96,0.020750266697873537
20.964,0.027493067758080237
20.968,0.021569774555211165
20.972,0.013051178770990306
20.976,0.005385982172823841
20.98,0.0270729680678894
20.984,0.01853523475406274
20.988,0.02954819993050769
20.992,0.01285579518161655
20.996,0.01553792071956532
21.0,0.016572950323060845
21.004,0.024681866694253155
21.008,0.026759820735269946
21.012,0.013385956099066842
21.016,-0.004279834458954758
21.02,0.0189888704221324
21.024,0.029670123553768704
21.028,0.016477855881823947
21.032,0.0195972893945128
21.036,-0.0024478574453121026
21.04,0.020897710901130497
21.044,0.009299803010096605
21.048,0.017331982959831814
21.052,0.023332115857171896
21.056,0.011477286037578005
21.06,0.031087753770767213
21.064,0.033786483088297854
21.068,0.030613649063994608
21.072,-0.004347521049894594
21.076,0.019939695709834584
21.08,0.019215348521266627
21.084,0.025720986300095415
21.088,0.015969615838209043
21.092,0.0036524097515943004
21.096,0.009195684191476273
21.1,0.005595024900389666
21.104,0.016216927658805017
21.108,0.03223891482828186
21.112,0.0046070011469833624
21.116,0.006733342540616769
21.12,0.027568342678396064
21.124,0.018808110460558608
21.128,0.02724206723922125
21.132,-0.0032152985579802333
21.136,-0.006517627729403166
21.14,0.021233445982596712
21.144,0.016853962942740004
21.148,0.008328599379547934
21.152,0.0190503645736586
21.156,0.008157098698063164
21.16,0.001532739786223163
21.164,0.02919621257107888
21.168,0.003266470441257354
21.172,0.006035337024941951
21.176,0.0068984146944363655
21.18,0.0126200256485357
21.184,0.01897291467412532
21.188,0.029663835121898012
21.192,-0.0053107590661819765
21.196,0.004222193669606989
21.2,0.013561538262177406
21.204,0.027519852656014948
21.208,0.023909677706773803
21.212,0.010560457102176703
21.216,0.0006217289932257887
21.22,0.017063942974994924
21.224,0.014474312217849665
21.228,0.019658255552695975
21.232,0.006537211500438659
21.236,0.0034476440578222016
21.24,0.022467431179637412
21.244,0.02054378365252509
21.248,0.019250983587175044
21.252,0.01859776672992714
21.256,0.00782139730603661
21.26,0.004192336480647414
21.264,0.02251019538548866
21.268,0.0014181388796863578
21.272,0.0192197004481147
21.276,-0.006300080439785737
21.28,0.009341875047453773
21.284,0.021371877432670428
21.288,0.005314809335728553
21.292,0.01910574516273542
21.296,-0.009266135270271245
21.3,0.03315202066494421
21.304,0.031523274185149906
21.308,0.0297682805965453
21.312,0.016121943315455165
21.316,-0.009842362603166375
21.32,0.019047970916662996
21.324,0.03355389876832693
21.328,0.01185922751813427
21.332,-0.00028578918862663064
21.336,0.0011365443520092644
21.34,0.021857590519460676
21.344,0.02171841467895639
21.348,0.030094083952473552
21.352,0.007995583374455568
21.356,0.002583842205596776
21.36,0.011594186748125703
21.364,0.021809790316932122
21.368,0.030022017399431118
21.372,0.019144131180350337
21.376,1.8717071697762436e-05
21.38,0.028544833219470166
21.384,0.028541507288795374
21.388,0.020739717001637965
21.392,0.011504568694444306
21.396,0.005756933324570069
21.4,0.018738234348200704
21.404,0.018417334660365898
21.408,0.016473828667995984
21.412,0.016716596771226562
21.416,0.010951684929621007
21.42,-0.006612850190023426
21.424,0.020782890100694087
21.428,0.025022458999760928
21.432,0.00871159242503268
21.436,0.01223417700770525
21.44,0.02127980439113194
21.444,0.02693911601853492
21.448,0.023806050373524124
21.452,0.01042474359131989
21.456,0.006346191979093934
21.46,0.008960311400461144
21.464,0.020919651809519643
21.468,0.004091071250686468
21.472,-0.002418186447963486
21.476,-1.4783644239694128e-05
21.48,0.02785488372949564
21.484,0.02170579407114122
21.488,0.02861974809976301
21.492,0.007946485878704623
21.496,0.01409835440187873
21.5,0.016249040357339522
21.504,0.022323420047649777
21.508,0.01952047284403143
21.512,0.005687706298096944
21.516,-0.007764651609424239
21.52,0.006557877262833962
21.524,0.02261794942276559
21.528,0.009243520168568907
21.532,-0.004688462129619619
21.536,0.009463353617088121
21.54,0.006224592406139567
21.544,0.015708784363262663
21.548,0.024490724847596228
21.552,0.017795338791077295
21.556,0.018511382594368273
21.56,0.013095296229260426
21.564,0.016887960179128046
21.568,0.02526628808509914
21.572,0.009791287387050686
21.576,0.0023392995162936055
21.58,0.005864210823253929
21.584,0.01889416960306705
21.588,0.01262421586938703
21.592,0.009154576592083435
21.596,0.005215567824274736
21.6,0.007169750246590103
21.604,0.024811606634991473
21.608,0.013838511934292953
21.612,0.009981547621285516
21.616,0.005521951702247239
21.62,0.0186190502987229
21.624,0.03729753941522304
21.628,0.02180020958079709
21.632,0.005719308344005972
21.636,-0.0020091803021235147
21.64,0.012103044021191877
21.644,0.015849849858616684
21.648,0.007623756749961644
21.652,0.004316787445356261
21.656,-0.018253865625327954
21.66,0.0039621346988158185
21.664,0.017887305674987232
21.668,0.014862462615258752
21.672,0.01589618248698198
21.676,0.012311267654494605
21.68,0.0019093503615868514
21.684,0.02985022215085932
21.688,0.012029555761909349
21.692,0.023812124127394495
21.696,0.01705501375078984
21.7,0.007136325608125498
21.704,0.020911074415888662
21.708,0.017231490715095096
21.712,0.007196818369815634
21.716,-0.0028400872693512833
21.72,0.000671017016067749
21.724,0.025613323853800673
21.728,0.013990543436858165
21.732,0.007748092924693698
21.736,0.00012924511016979825
21.74,0.01873884192659347
21.744,0.010257212970445101
21.748,0.004593909939789805
21.752,0.007278157047570556
21.756,0.004410962775250403
21.76,0.003870568738762535
21.764,0.026198048073391787
21.768,0.028404913624517206
21.772,0.012971130078834279
21.776,0.003660708501437856
21.78,-0.0010691396214745595
21.784,0.021305322234928488
21.788,0.027153043396139318
21.792,-0.0008816698207955009
21.796,0.010689600712843639
21.8,0.015418686436924676
21.804,0.022640058335276284
21.808,0.02510205871537932
21.812,0.011247090260250286
21.816,0.005342078361761421
21.82,0.0035590543628391744
21.824,0.03655059833581214
21.828,0.022566493399616843
21.832,-0.003264994039723486
21.836,0.005485095121263151
21.84,0.006137426075193906
21.844,0.021087864441438613
21.848,0.004254897642813711
21.852,0.013097820290326447
21.856,0.019533666098684125
21.86,0.0070976406492502956
21.864,0.02038345359075452
21.868,0.025977140562939503
21.872,0.01655683783307483
21.876,-0.007507956469335834
21.88,0.02357502256621407
21.884,0.017325807643275685
21.888,0.017638648161133967
21.892,-0.008343601180184273
21.896,-0.0016352809271972515
21.9,0.015283733498435214
21.904,0.01992444687471797
21.908,0.010326076134271747
21.912,0.005834276362075627
21.916,-0.010836288716177912
21.92,0.014260744245690286
21.924,0.02254176374408233
21.928,0.022344469526238944
21.932,-0.005165884325071299
21.936,-0.003452716180614649
21.94,0.010751529503634274
21.944,0.020563638449850416
21.948,0.013058606199433068
21.952,-0.0004698676257577283
21.956,0.005099575582997664
21.96,0.0013244424904852118
21.964,0.013471801864614578
21.968,0.018235870087511596
21.972,-0.004147055841669222
21.976,-0.005737930094529686
21.98,0.00322098825438954
21.984,0.022864587466530945
21.988,0.00550240446121664
21.992,0.004500819971537309
21.996,-0.005147432429481226
22.0,0.018389154460046325
22.004,0.02375354172652542
22.008,0.018294632650321555
22.012,0.002103956937181223
22.016,0.004105030132821348
22.02,0.02333914112226318
22.024,0.01157878510500037
22.028,0.023439890856737127
22.032,0.02388825675419058
22.036,-0.010364540889758415
22.04,0.014426303803111705
22.044,0.001954122421398738
22.048,0.02044394659371948
22.052,0.008897338674774446
22.056,0.0014678455184725912
22.06,0.0021682692123712512
22.064,0.02806150925464206
22.068,0.011755381562627905
22.072,-0.003432137681259372
22.076,-0.00965938066195555
22.08,-0.0030269833401521153
22.084,0.021155853788583256
22.088,0.02533969073965576
22.092,0.007587346759142161
22.096,0.010690249538916789
22.1,0.0012644131866242306
22.104,0.023944116770078933
22.108,0.028562779636197085
22.112,0.016607122422828968
22.116,-0.0005483991879726192
22.12,0.014569112370152553
22.124,0.007615613470030383
22.128,0.022857969498690272
22.132,0.020422493669682972
22.136,-0.0006312333276945056
22.14,0.02533043489341455
22.144,0.017244434454387596
22.148,0.02255583433022572
22.152,0.014455240490468604
22.156,0.015485045376548342
22.16,0.014475100673484176
22.164,0.017674099834777662
22.168,0.028450514533445805
22.172,0.0036870854541272233
22.176,0.004789407313264918
22.18,0.021415101709895874
22.184,0.00615340641670499
22.188,0.020475440174465533
22.192,0.011384609027038065
22.196,0.019552742940466234
22.2,0.019902199602878815
22.204,0.034167219114893836
22.208,0.016196518216006026
22.212,0.008303863426616561
22.216,-0.0036670245247925294
22.22,0.004214738077859666
22.224,0.023520302515155002
22.228,0.013227757997007898
22.232,0.0021900038060264104
22.236,0.017818287265939352
22.24,0.014976021058297238
22.244,0.023721282138538535
22.248,0.011923230993917875
22.252,-0.00508932309473758
22.256,-0.0014084477423011539
22.26,-0.002922702174800675
22.264,0.001134544723604143
22.268,0.0215388624100719
22.272,0.001789985958103139
22.276,-0.009379593860220546
22.28,0.0031565651392540086
22.284,0.02653821696798631
22.288,0.008268324482809406
22.292,0.0028393774653702897
22.296,0.015458704135886245
22.3,0.03334581798769885
22.304,0.019445414252377124
22.308,0.01968724663608996
22.312,0.008783533795324698
22.316,0.005290291183293142
22.32,0.013073777835677907
22.324,0.01227678982969
22.328,0.007494829341350017
22.332,0.004049956376356291
22.336,-0.00801985892441426
22.34,0.0064470302511664915
22.344,0.014397412395727737
22.348,0.020251235649797715
22.352,0.005451591417367363
22.356,-0.0004056097437500105
22.36,0.010098912560203071
22.364,0.024515730100990153
22.368,0.019797737556531324
22.372,0.016327433415495148
22.376,0.005442025014772979
22.38,0.012951455993319478
22.384,0.00435557891075981
22.388,0.013147630436697047
22.392,0.004416588054860579
22.396,-0.000553076110221081
22.4,0.0060558187907652945
22.404,0.010984754766278075
22.408,0.00399201549389706
22.412,-0.003550342273964998
22.416,-0.004610259011067417
22.42,0.01281066923191274
22.424,0.03130206063348254
22.428,0.029875418801585594
22.432,0.018142146713365868
22.436,0.005405135963558424
22.44,0.0223872958296311
22.444,0.019685965104385993
22.448,0.01397009269162324
22.452,0.0065590227741454754
22.456,0.008763111283021228
22.46,0.013719002591056847
22.464,0.02385020491974089
22.468,0.018593506119426666
22.472,-0.004942448366633577
22.476,0.002947340020579576
22.48,0.014736079141984243
22.484,0.0270259888248639
22.488,0.007074748039389702
22.492,0.01084302070196864
22.496,-0.018487943524299662
22.5,0.006242630007675222
22.504,0.009854624108735598
22.508,0.013395961746171853
22.512,-0.0004486370548850483
22.516,-0.0017037824784262156
22.52,0.011732475850984123
22.524,0.016607331459584426
22.528,0.023154595083503683
22.532,0.01466908842853764
22.536,0.021577997201335027
22.54,0.006233550833972335
22.544,0.01919854054890393
22.548,0.028039039669415757
22.552,-0.0001238383347532913
22.556,0.0071801002122133814
22.56,0.01808228780714046
22.564,0.029295374635809
22.568,0.02397862494824656
22.572,-0.0038728251465248
22.576,-0.011265593888449598
22.58,0.013908128080494466
22.584,0.03516730998782218
22.588,0.004289291637282491
22.592,-0.003028520483131991
22.596,0.002775900937195396
22.6,0.006154785944733945
22.604,0.013239802776947656
22.608,0.025504413744452878
22.612,0.004445718544842048
22.616,0.0002343675622668625
22.62,0.002558978219128711
22.624,0.004667690171978085
22.628,-0.00779186976415747
22.632,0.01468809760559537
22.636,0.007304098566685097
22.64,0.002958299466859604
22.644,0.015571558243141086
22.648,0.014052760687954904
22.652,-0.0006399078400428143
22.656,0.0036565778971502432
22.66,-0.007615221997839762
22.664,0.02008247825852833
22.668,0.017980168010954048
22.672,0.002251786503795747
22.676,0.008592755743334025
22.68,-0.001104939105667408
22.684,0.00967034820340883
22.688,0.011148825047344314
22.692,-0.0005838164506496448
22.696,0.008188947534459418
22.7,0.004424621522080945
22.704,0.021087745295915058
22.708,0.01826673069450812
22.712,-0.01465511071634137
22.716,0.0053758336770311724
22.72,0.0017561637281920481
22.724,0.01739782513812431
22.728,-0.0012537274873534524
22.732,0.0052125757667755845
22.736,0.009455486474727897
22.74,0.009455119517236725
22.744,0.018451667438721616
22.748,0.009370254267374707
22.752,0.011621082918413666
22.756,0.0035990685456180668
22.76,0.01567415788920453
22.764,0.018497308932130422
22.768,0.01788668833521331
22.772,0.00181509758098176
22.776,-0.001065660653919382
22.78,0.01712803619195713
22.784,0.02410707120856813
22.788,0.012193910416993725
22.792,-0.011797224731702175
22.796,-0.0015109324678446048
22.8,0.02131506763235374
22.804,0.01343838890189283
22.808,0.005033301659187972
22.812,0.0008688913549546476
22.816,-0.0035028624396339835
22.82,0.016196584632242696
22.824,0.01085394034195771
22.828,0.005790634886790548
22.832,-0.00638425042184077
22.836,0.007690519967176511
22.84,0.0029345707763444523
22.844,0.02529895981680243
22.848,0.018373830764750583
22.852,0.00789093920906752
22.856,0.006821610576299465
22.86,0.016751943375889457
22.864,0.02801640913940091
22.868,0.002163228987064742
22.872,0.006688768391072874
22.876,-0.005955676072658721
22.88,-0.01158028198552995
22.884,0.022432443290700217
22.888,0.01378947870854122
22.892,0.00022116507803322588
22.896,-0.006084520743150135
22.9,0.005151247144123779
22.904,0.01822334135757859
22.908,0.008254312689913956
22.912,-0.0015829670588179876
22.916,0.00351065423749068
22.92,0.0018415486281902742
22.924,0.011577219664121698
22.928,0.010220879308063386
22.932,0.006871925065392055
22.936,0.0025377080654857094
22.94,0.01991907202880521
22.944,0.003023263168584948
22.948,0.008461168866605192
22.952,0.0012083824292022478
22.956,0.0076542293334159696
22.96,-0.0005872107587810878
22.964,0.013586171011087108
22.968,0.008425988847475384
22.972,0.010747650207602787
22.976,0.0015177005483428467
22.98,-0.005126372029679574
22.984,0.030652815821896266
22.988,0.015634230003055808
22.992,0.01649726572441894
22.996,-0.007325343673211072
23.0,0.00454535300221427
23.004,0.019617754328208052
23.008,0.023815501999283437
23.012,0.005618994132557628
23.016,-0.0017227465925164504
23.02,0.01474284872745344
23.024,0.024211095808308478
23.028,0.01419285103395377
23.032,0.007859512929819956
23.036,-0.004312463555207604
23.04,0.011332242578795941
23.044,0.019617111543244064
23.048,-0.004551087868473622
23.052,-0.0002752680726240671
23.056,-0.006873281858312735
23.06,0.015437943677500492
23.064,0.025331875311361687
23.068,0.010074997653644117
23.072,-0.014607339494302062
23.076,0.0056848973810710345
23.08,0.012011700421965253
23.084,-0.006641232372904631
23.088,0.008529041965031776
23.092,0.00032032369619372557
23.096,-0.008767362382722303
23.1,0.004519798184894622
23.104,0.01845529997895287
23.108,0.013149951196699693
23.112,-0.011707649065984139
23.116,-0.006280339882127768
23.12,0.008490557492772081
23.124,0.028960384630786352
23.128,0.024251342390699974
23.132,0.0008183735507016234
23.136,-0.0010279736948854994
23.14,0.004438485546490935
23.144,0.026615027056056232
23.148,0.01750088437916047
23.152,-0.006386442210301634
23.156,0.004290578816106465
23.16,0.006095663654947767
23.164,0.03366262559559812
23.168,0.015642011962404626
23.172,0.0001648805233460044
23.176,-0.004018219041222219
23.18,0.007269231015905458
23.184,0.024890655423232794
23.188,0.014537250238000824
23.192,0.004663571119643212
23.196,-0.0072416823241362215
23.2,0.017274293011225413
23.204,0.01484017031468219
23.208,-0.011908724937526385
23.212,0.0143596687331736
23.216,0.002712632884577947
23.22,-0.00219267375504127
23.224,0.016007724937124938
23.228,0.018039422488686715
23.232,-0.0007990463387991681
23.236,-0.0022217486492045082
23.24,0.016180230234002644
23.244,0.014943366174602435
23.248,0.014559845601414361
23.252,-0.008731352002039262
23.256,-0.0030090476565351994
23.26,0.011493684981013046
23.264,0.032603879412512624
23.268,0.02231103112749173
23.272,-0.0030317593864123984
23.276,0.0054480536020231245
23.28,0.01950806797481669
23.284,0.018065190521621324
23.288,-0.003303711706841961
23.292,0.0007959686203889381
23.296,0.0032331632585191963
23.3,0.0021507733642905516
23.304,0.005124573456279979
23.308,0.012219572169528882
23.312,0.0066424365813445236
23.316,0.010531809709219173
23.32,0.011289516112981027
23.324,0.0017139005513420423
23.328,0.02147007645341603
23.332,0.0033932547223459145
23.336,-0.003010500433915465
23.34,0.01241119103438047
23.344,0.023672255138807614
23.348,0.004639267945384323
23.352,-0.004456105203159785
23.356,0.00392424501111958
23.36,0.004771093555967826
23.364,0.017723934023478948
23.368,0.01032224233460575
23.372,0.012311467536492024
23.376,-0.009067250756157268
23.38,-0.00454049483648842
23.384,0.033779150397008656
23.388,-0.012044728045697336
23.392,-0.0016147781180907378
23.396,0.00396630098830719
23.4,0.01527633063060544
23.404,0.008473594334822001
23.408,0.004444291227684417
23.412,0.0051647793325709755
23.416,-0.00983552515116256
23.42,-0.0009559934428048592
23.424,0.004986064789635505
23.428,0.026233177325116007
23.432,0.0037061475885986806
23.436,-0.002199269846161829
23.44,0.005176913507840051
23.444,0.009275342587417457
23.448,0.011928167601371711
23.452,0.004746248058191614
23.456,-0.006934383267431244
23.46,-0.010357759909141447
23.464,0.020229195854436353
23.468,0.023638298886335046
23.472,0.004305940665895437
23.476,-0.0030535004631637923
23.48,0.002437474104357525
23.484,0.017293789349819535
23.488,-0.01153897331576825
23.492,0.002470321263591876
23.496,-0.004906320127039467
23.5,0.05757987958036492
23.504,0.06701439211981078
23.508,0.06519671283101106
23.512,0.03688679322171826
23.516,0.04580102778063397
23.52,0.046054093602611326
23.524,0.059103062357415255
23.528,0.043891045887526084
23.532,0.03911096386922465
23.536,0.035030019799488644
23.54,0.0347406622369878
23.544,0.05503502808543938
23.548,0.04699489154746613
23.552,0.05083894467055863
23.556,0.029351990328616635
23.56,0.04835371832633772
23.564,0.05491706125767392
23.568,0.05467352405024693
23.572,0.03309031388959154
23.576,0.034373901820847944
23.58,0.061981397062443266
23.584,0.05524000388122249
23.588,0.043229386046686864
23.592,0.061524582745319176
23.596,0.0318504270968481
23.6,0.005071708767919094
23.604,0.01715384687816976
23.608,0.014849952461075875
23.612,-0.004462555816737724
23.616,-0.00018951459712270198
23.62,-0.00279997264380557
23.624,0.005339272968017738
23.628,0.034146575765694825
23.632,0.0027316553336608966
23.636,0.002226557004992396
23.64,-0.003229636109540017
23.644,0.01070664930339841
23.648,0.015994603378416447
23.652,0.0025693613504057453
23.656,-0.018103444649614178
23.66,0.0033892120786585375
23.664,0.020507470670521492
23.668,0.012687014765951583
23.672,-0.01164970336272227
23.676,-0.0020454956988153316
23.68,0.016563612764463855
23.684,0.010422065748060667
23.688,0.00544842513194605
23.692,-0.017686192991725393
23.696,-0.009566087195842395
23.7,0.004134905881705153
23.704,0.012026235360476992
23.708,0.009320412832426525
23.712,-0.0029397594474019637
23.716,-0.009328714631457985
23.72,0.01121614655610442
23.724,0.022648383717115243
23.728,-0.004824915186847252
23.732,0.0030459336941874417
23.736,-0.01774991952957183
23.74,0.003990881985682348
23.744,0.005117045148278661
23.748,0.019013393240963104
23.752,-0.00688515594502641
23.756,0.0023934841262786503
23.76,0.0200234152700996
23.764,0.004440492031928927
23.768,0.012349064312651464
23.772,-0.01684371493265554
23.776,-0.009953643373308053
23.78,0.004044991374398515
23.784,0.010646488525962356
23.788,0.0022513752928080867
23.792,-0.0032760827672141885
23.796,-0.0046173464924965085
23.8,0.008211436096259881
23.804,0.01795165478859971
23.808,0.010094730424260128
23.812,0.01378177810278311
23.816,-0.008110523698375784
23.82,-0.00019414413104615596
23.824,0.013024936563259967
23.828,0.0002027982909539646
23.832,-0.01123714700335879
23.836,-0.0025826368063353714
23.84,0.004921762929912974
23.844,0.017520143802683276
23.848,0.018190205891544485
23.852,-0.006059921446470833
23.856,-0.01958362361623212
23.86,-0.006217908007521499
23.864,0.012475147857331535
23.868,0.005890423981141386
23.872,0.01137261740727413
23.876,-0.004908814300995508
23.88,0.011715687947761583
23.884,0.013278814307106023
23.888,0.014700958934828671
23.892,-0.00567441651034083
23.896,0.00814323555174214
23.9,0.019355532834157713
23.904,0.009497724247588213
23.908,0.017825422992659774
23.912,0.009519197352102143
23.916,0.004055245107732427
23.92,0.011757252904351364
23.924,0.018320452123286448
23.928,0.01811451014503756
23.932,-0.015705359397369
23.936,-0.010304953525626638
23.94,0.0005138683349105578
23.944,0.011504363431393326
23.948,0.02128952994007944
23.952,-0.01114933980104148
23.956,-0.007372110314125876
23.96,0.012895601350279243
23.964,0.028254756666514315
23.968,0.004785836571131366
23.972,-0.007704867756598377
23.976,-0.00746076625739302
23.98,0.007930328602532757
23.984,0.02325060371072901
23.988,0.019066868533042142
23.992,0.01242940386046051
23.996,-0.0008307199151125853
24.0,0.005938649159118009
24.004,0.026251693019771056
24.008,0.0012045168680496036
24.012,0.001956611514353146
24.016,-6.980231008342497e-05
24.02,-0.001440359566484003
24.024,0.019639170810045386
24.028,0.010888925213130483
24.032,0.0004891813890520974
24.036,-0.006417456813212717
24.04,0.004867187546969634
24.044,0.014402377970546307
24.048,0.0017157314893393649
24.052,-0.00984589582186976
24.056,-0.005322761129836236
24.06,0.020441397279600954
24.064,0.010898740931752134
24.068,0.019713916100511226
24.072,-0.017615691848226724
24.076,0.009277655509023638
24.08,0.007238968609240559
24.084,0.018436857314688297
24.088,0.00781841873690579
24.092,0.010210479561142943
24.096,-0.005909819410658393
24.1,0.0018320679515669378
24.104,0.013253507158592017
24.108,0.016004050511777806
24.112,0.005737700973003966
24.116,-0.009639122283045252
24.12,0.011626755922260467
24.124,0.009053641768106649
24.128,0.009561321857938213
24.132,-0.007241206294905567
24.136,-0.0010977308081776167
24.14,-0.0051540062333840005
24.144,0.006694167329791047
24.148,0.013627299549311259
24.152,0.0011774464610098886
24.156,-0.0020774737556550653
24.16,-0.00138345684902601
24.164,0.013290805976285944
24.168,1.597902162130127e-05
24.172,0.008301638313528965
24.176,-0.009175717899122304
24.18,-0.015841186632038696
24.184,0.016867780243480332
24.188,-0.005762349008986679
24.192,-0.011268112298676417
24.196,-0.0033556035026996987
24.2,-0.00887740605652958
24.204,0.015262751669596331
24.208,0.013494488505120765
24.212,0.005991344541636802
24.216,-0.008486695195121295
24.22,0.009619779153636123
24.224,0.014169363165511052
24.228,0.0003042094510716572
24.232,-0.018663911212122894
24.236,0.00038380989926924906
24.24,-0.01333440719524292
24.244,0.0203867156222082
24.248,0.010723427548698903
24.252,0.014840930477740695
24.256,-0.010934109607350279
24.26,-0.006955164660746134
24.264,0.0136470067279178
24.268,0.005701406352879306
24.272,-0.017693722867310257
24.276,-0.012678902997426229
24.28,0.0011458145067963774
24.284,0.0063836975430401465
24.288,0.0010747285985229062
24.292,-0.008135437262093
24.296,0.004497446866070148
24.3,0.008509413588762747
24.304,0.02153911093497117
24.308,0.010177972856062992
24.312,0.007500841557200447
24.316,-0.007984457050389016
24.32,-0.01537784838784369
24.324,0.01298175734355464
24.328,0.004882378733480987
24.332,-0.004645513220482187
24.336,-0.01397667952531217
24.34,0.014556882607665484
24.344,0.008484669090929903
24.348,-0.0014503618608068484
24.352,0.004682908924927709
24.356,0.004941110667036166
24.36,-0.0008692582851052974
24.364,0.00851262007803327
24.368,0.003984426587236925
24.372,0.0002440985606271353
24.376,-0.026216851411555404
24.38,0.011416383468036093
24.384,0.009716033199957652
24.388,0.004397142664250727
24.392,-0.009472588471376006
24.396,-0.013459750619155938
24.4,0.004383667073275357
24.404,0.018070017200121254
24.408,0.010112819377201938
24.412,0.0044164043898380825
24.416,0.0021416714804719473
24.42,-0.0063284986386165035
24.424,0.011200723746088874
24.428,0.0010198073365427843
24.432,-0.0035242243772728955
24.436,-0.006710958149758453
24.44,-0.006624962605419947
24.444,0.0019658468630229294
24.448,0.009745905916974497
24.452,-0.007536507315514016
24.456,-0.0014706103982177294
24.46,-0.0012953735624015917
24.464,0.004868459087582597
24.468,0.017119714120998407
24.472,-0.006691388878233957
24.476,0.0011614910820309703
24.48,0.01396378924166093
24.484,0.01864179094120355
24.488,0.013547470013134118
24.492,-0.003706815974985691
24.496,-0.016574466675916492
24.5,0.0007399902457153893
24.504,0.004100571215346633
24.508,-0.0010232418718491548
24.512,-0.010549779108438961
24.516,-0.008788403560515357
24.52,-0.00572654071774791
24.524,0.0010138562489363009
24.528,0.007434734226130881
24.532,0.0002026382379688666
24.536,-0.0017305524083746386
24.54,-0.009916636943466195
24.544,0.00916097590150855
24.548,0.002587784309199203
24.552,0.001646293516173473
24.556,-0.03063655999116685
24.56,-0.00927809784826054
24.564,0.015536315194445233
24.568,0.009074645066949199
24.572,-0.0010152927681331718
24.576,-0.015730651441956345
24.58,0.007697175158557095
24.584,0.015184166283160872
24.588,0.005639962669824231
24.592,0.007830623067809428
24.596,-0.008771337073889886
24.6,-0.008921975550649693
24.604,0.01093331323062168
24.608,0.00605902299282222
24.612,-0.006180777926895035
24.616,-0.012010451402105125
24.62,-0.010429842733804099
24.624,0.001174387793910537
24.628,0.00347541709652474
24.632,0.000707732430501035
24.636,-0.007892192246665212
24.64,0.0026717837164535723
24.644,0.02498980367774071
24.648,0.018255689592604738
24.652,-0.0003552189296736055
24.656,-0.024539488734590012
24.66,-0.006450893434891397
24.664,0.014981965575267039
24.668,-0.0036614440465694616
24.672,-0.009099461998458989
24.676,-0.007954548020811488
24.68,0.0014353917185656456
24.684,0.009044683029117196
24.688,0.025830473902548202
24.692,-0.008416862547636027
24.696,-0.021445689026293194
24.7,-0.003916369639057889
24.704,0.021254544354154588
24.708,0.004241479470234045
24.712,-0.007713055985169488
24.716,-0.008854813330734287
24.72,0.004290460236477845
24.724,0.004084404299837144
24.728,0.008589962954122678
24.732,0.0015080855759450765
24.736,-0.0037397340093895063
24.74,0.007310089917782984
24.744,0.004177531973114782
24.748,0.008012177890767741
24.752,-0.011027727451749056
24.756,-0.001500952157444232
24.76,-0.005216024487185961
24.764,0.023820288149516262
24.768,0.0004419386669583655
24.772,-0.008189667096215322
24.776,0.002991036106062382
24.78,0.0013087230575638147
24.784,0.01471302388326476
24.788,0.0023768293766500996
24.792,0.0024254413867424865
24.796,0.0010562155243015337
24.8,-0.0064056253013933945
24.804,0.007917970397759955
24.808,0.00824475375681305
24.812,-0.013899087446156283
24.816,-0.007499880390094712
24.82,0.006088387572768828
24.824,0.01681710384075453
24.828,0.014286446633527558
24.832,-0.0036781244979656154
24.836,0.000966430594635163
24.84,-0.0051693847345126035
24.844,0.006600985349051035
24.848,0.000543537756446083
24.852,-0.008733504979883388
24.856,-0.015285296891933035
24.86,0.00606849080536761
24.864,0.013525528807092221
24.868,0.010380456986596051
24.872,0.004045543539339509
24.876,-0.014929635878744237
24.88,-0.0009485016490061175
24.884,0.014304306525654275
24.888,0.014941955010506679
24.892,-0.006447789863007414
24.896,-0.01123324426850439
24.9,0.012672892055471351
24.904,0.020607833226085465
24.908,0.01589257281462999
24.912,0.0037951373469475276
24.916,-0.010328959074007521
24.92,0.010781319603447095
24.924,-0.002934087257251951
24.928,0.005661403211903032
24.932,-0.012677234290123601
24.936,-0.011308692893109075
24.94,0.003775102725571088
24.944,0.015063961134576271
24.948,0.008499529722291618
24.952,-0.006733286440541961
24.956,-0.005455645124156966
24.96,0.0056591343987546176
24.964,-0.0029369533069894312
24.968,0.013858090861609922
24.972,-0.009501874316610948
24.976,0.007742877879700377
24.98,-0.018128537052375146
24.984,0.002352652961020595
24.988,0.003911614797315992
24.992,-0.010990071021553232
24.996,-0.005205302122746326
25.0,0.007977684820726885
25.004,0.014915594438816942
25.008,0.0003707762415545027
25.012,-0.007182478186734601
25.016,-0.010706222626684764
25.02,0.009630999190390116
25.024,0.010165471197635667
25.028,0.010989057147777054
25.032,0.00891422073821954
25.036,-0.017134311236073223
25.04,0.00523698660279628
25.044,0.004719125296963037
25.048,0.004555952333667009
25.052,-0.0007947680640041236
25.056,-0.024477783021238812
25.06,0.016996784815587928
25.064,0.014953470378590239
25.068,0.012682725900683759
25.072,0.0011099384004300524
25.076,-0.00838469664063116
25.08,-0.0052692191427856205
25.084,0.009648514775559279
25.088,-0.007345720950627722
25.092,-0.010467464805747558
25.096,0.005906330639460855
25.1,0.0031329103582001384
25.104,0.013833521937269201
25.108,0.010836614692604413
25.112,-0.009575204105730917
25.116,-0.008739790517981476
25.12,-0.0170826132405268
25.124,0.003988934493961946
25.128,-0.012897877138278478
25.132,-0.012776567244798614
25.136,-0.0029440396764432554
25.14,0.002218278425793217
25.144,0.0008514777296576362
25.148,0.010120705299171757
25.152,-0.015212695228451137
25.156,-0.006817144745184385
25.16,-0.0035809703302318806
25.164,0.007226181632144581
25.168,0.014860617722313983
25.172,0.0024919193002670833
25.176,-0.013150498016908338
25.18,-0.01548615035132208
25.184,0.016242379870203046
25.188,0.021191751623839017
25.192,-0.007812821436272314
25.196,-0.00338566678903699
25.2,-0.0020137707861802023
25.204,0.0017282855949178073
25.208,-0.010165247704714865
25.212,0.002424238147278529
25.216,-0.009833682455453468
25.22,-0.005397304477531071
25.224,0.0019145615326577369
25.228,-0.01571681574191939
25.232,-0.017864959995506236
25.236,0.0007882273318598233
25.24,0.005180743000949224
25.244,-1.8588812030989263e-05
25.248,-0.005521615111672911
25.252,-0.0006752608729993139
25.256,-0.0179240592755433
25.26,-0.0022003634231516204
25.264,0.007213967481950875
25.268,-0.004825507524737628
25.272,-0.008979028752299608
25.276,-0.01906946743608311
25.28,-0.006034407525543933
25.284,0.0060420774113047315
25.288,0.005025113964851023
25.292,-0.004577075345171435
25.296,-0.004613794037580197
25.3,-0.006433254262534061
25.304,0.008876958139415803
25.308,0.005567271544032415
25.312,0.004427645875639573
25.316,-0.014319210078148147
25.32,-0.00339641648055346
25.324,0.014043947150737033
25.328,0.006068482434944521
25.332,-0.014236202761559276
25.336,-0.01610893308818804
25.34,-0.0008860774881606433
25.344,0.00986102058595361
25.348,-0.010720637451839259
25.352,-0.015123474283891053
25.356,-0.014184776205466468
25.36,0.005633755042618481
25.364,0.004059801084907061
25.368,0.006694494995407308
25.372,-0.012006117146334799
25.376,0.00040530555393527776
25.38,0.0041219155326175875
25.384,0.012372247550950196
25.388,-0.0013188577758604415
25.392,-0.02072710460224887
25.396,-0.005309173059293908
25.4,0.004221034350175307
25.404,0.0126035867463835
25.408,-0.008977138532625802
25.412,-0.016841934568395615
25.416,-0.019378994955179214
25.42,-0.017620621224561994
25.424,0.021817828483721956
25.428,0.015529508956615957
25.432,-0.013154296070912279
25.436,-0.011542763346167002
25.44,0.008068467693007696
25.444,0.009026905577220001
25.448,0.014862715614882508
25.452,0.00027880631327315605
25.456,-0.01950899580658374
25.46,-0.009889891707428626
25.464,0.010835822992036255
25.468,0.018270225191455235
25.472,-0.007590869472669553
25.476,-0.013300625933567047
25.48,-0.004600669042525247
25.484,0.007012931906883654
25.488,0.000808429706094457
25.492,-0.019909913151405764
25.496,-0.005703403774317304
25.5,0.004608031456317155
25.504,0.012679851337004139
25.508,0.0012430939629546347
25.512,-0.0027071910991640045
25.516,-0.015622572503982173
25.52,0.0043091840741549545
25.524,0.007213506463912876
25.528,0.00992039706400078
25.532,-0.01567696864267394
25.536,0.003306054665177251
25.54,0.01060887307999704
25.544,-0.0004361295145356679
25.548,0.00010146423633009861
25.552,-0.0008396887127106656
25.556,-0.020101733412160053
25.56,0.004320477976068007
25.564,-0.006229391070373003
25.568,0.01546934439664345
25.572,-0.016699724280706242
25.576,-0.011033441494393803
25.58,-0.008123729130808206
25.584,2.8221553927467412e-05
25.588,0.005783859094939989
25.592,-0.009746766321315187
25.596,-0.014799259722905725
25.6,0.0033937289600224343
25.604,-0.0006514655693360656
25.608,0.004129317517007406
25.612,0.0011034079171723162
25.616,-0.0057982429708534735
25.62,0.006515251425013936
25.624,-0.0024485424421964693
25.628,0.004735703836481949
25.632,-0.013466337026917893
25.636,-0.009345546313382637
25.64,0.0027995962496956336
25.644,0.002408297452690001
25.648,-0.005320840249375293
25.652,-0.004533648071215939
25.656,-0.00858113402797945
25.66,-0.004401883383730001
25.664,0.008110843425558007
25.668,-0.0025582102048534484
25.672,-0.007518404518372132
25.676,-0.01767536557113627
25.68,-0.006742207143275197
25.684,0.006808915746488196
25.688,-0.0076048148674180294
25.692,0.009945946804695783
25.696,-0.01165380268162371
25.7,-0.008470322917264406
25.704,0.011519177416431986
25.708,0.008008556796263023
25.712,-0.02013179905738505
25.716,-0.020390568260434876
25.72,0.0026920898929734677
25.724,0.0008319538458635353
25.728,0.004238817663027859
25.732,-0.008653211866868198
25.736,-0.010581829420553062
25.74,-0.0011560163472657283
25.744,-0.002687564865470435
25.748,0.0019214978223820731
25.752,-0.0006544065962871878
25.756,-0.016068561303647918
25.76,-0.008833966766260892
25.764,-0.012414370940982172
25.768,0.0044710378283081015
25.772,-0.014192817033920228
25.776,-0.013881127880377415
25.78,-0.01934004056789903
25.784,0.0077336858674866135
25.788,-0.010610156568943064
25.792,-0.01817297445767492
25.796,-0.009861744002688654
25.8,-0.012304517849186855
25.804,0.006659170312031736
25.808,0.021486870204094188
25.812,-0.010202281707266439
25.816,-0.01576736444687905
25.82,0.006886831015760578
25.824,0.0036167639568401894
25.828,-0.002749726148730447
25.832,-0.010685667609180098
25.836,-0.004761708315680048
25.84,0.0008659658014661324
25.844,0.007198380559034195
25.848,-0.007599397933178235
25.852,-0.0061958331481466854
25.856,-0.01593526097991165
25.86,-0.007458099987125635
25.864,0.003109642413110231
25.868,0.007398831643182054
25.872,-0.008899910439146133
25.876,-0.014123897170774898
25.88,-0.028373673955758783
25.884,0.010746458076396934
25.888,-0.0023199199256177952
25.892,-0.005427395150158092
25.896,-0.01252594504454527
25.9,0.0006559128656045163
25.904,-0.004728067574383178
25.908,0.01391779381086609
25.912,-0.02040008795372631
25.916,-0.038076811429109646
25.92,0.008249297996372789
25.924,-0.013264199618988885
25.928,0.0007484164802397601
25.932,0.0011211626973075123
25.936,-0.01299783050648083
25.94,-0.007063412544289372
25.944,0.013300627142834882
25.948,-0.003745479570364414
25.952,-0.005038013303831625
25.956,-0.006502489967202224
25.96,0.0002363230439138132
25.964,0.004267497240238869
25.968,0.00556144011844905
25.972,0.004263136161550262
25.976,-0.003695207441450077
25.98,0.012575139398555318
25.984,0.003891685051060064
25.988,0.000446633232511063
25.992,-0.0012895868277189842
25.996,-0.019629096341337166
26.0,0.003929124243371284
26.004,-0.0002058925937550131
26.008,0.004725372146754033
26.012,0.007377613637489299
26.016,-0.0012626757681658291
26.02,-0.015833337359725308
26.024,0.010581193879808558
26.028,-0.0072838032045363646
26.032,8.894015861054573e-05
26.036,-0.020674574232536
26.04,-0.003908447391981882
26.044,0.015551031021060676
26.048,0.0041032441077426315
26.052,-0.009396829204651666
26.056,-0.014636841303900531
26.06,0.0008357471813027007
26.064,0.0016748390063350614
26.068,-0.0020195406158781924
26.072,0.00012495037003305322
26.076,-0.023809373338427746
26.08,0.01489534938388564
26.084,0.010411228694783756
26.088,-0.014131079543341678
26.092,-0.011939598031402307
26.096,-0.016930472033291732
26.1,0.0007663203499046409
26.104,0.016402550367222716
26.108,-0.0004197154788953411
26.112,-0.009514158781698267
26.116,-0.007782011812086524
26.12,-0.0033533742559803802
26.124,0.011937585124873296
26.128,0.011688060677696642
26.132,-0.011068769278055265
26.136,-0.004190476986339344
26.14,0.0032813791073560174
26.144,0.009742362193228243
26.148,0.0076896525523780235
26.152,-0.0010702776951040539
26.156,-0.017929069413037128
26.16,0.008143621864721153
26.164,0.011933721610314996
26.168,0.010544985750123921
26.172,-0.014717699280441258
26.176,-0.006760347825171796
26.18,0.00024863771913872894
26.184,0.007306734201433214
26.188,0.0025597353173312104
26.192,-0.017859924391640185
26.196,-0.019291980647519618
26.2,-0.014555820772294293
26.204,-0.00683857411266688
26.208,0.008778329246403298
26.212,-8.52153259272466e-05
26.216,-0.020639115757677268
26.22,-0.0031176374110483867
26.224,0.008613825847825746
26.228,0.004920493143518438
26.232,0.007204259277908366
26.236,-0.022869114390181015
26.24,-0.005356268819698152
26.244,0.002326616201992733
26.248,0.014020723303032862
26.252,-0.007951561481001238
26.256,-0.014863512840784153
26.26,-0.007597061721056094
26.264,0.006862129702689578
26.268,0.011418116942772324
26.272,-0.008445911458199607
26.276,-0.010187213981711064
26.28,-0.004724938312302593
26.284,0.021618015773000224
26.288,0.012419987235244052
26.292,-0.00405783728512523
26.296,-0.020073651156938543
26.3,-0.00838955248485211
26.304,0.004463069848601839
26.308,0.0015074208442605384
26.312,-0.013731998257283416
26.316,0.0003459593717911186
26.32,-0.00023234645176098585
26.324,0.01886788743100092
26.328,0.006341233655877143
26.332,0.0022182407067302366
26.336,-0.017153365850734896
26.34,-0.007510969207043045
26.344,0.014895550737861252
26.348,-0.0032164746735293386
26.352,-0.006229015911721178
26.356,0.013645415058135317
26.36,-0.01137807650053816
26.364,0.001310439434197111
26.368,-0.0037997562314889006
26.372,-0.005381236976634247
26.376,-0.012611358786234263
26.38,-0.010892913553927418
26.384,-0.000762268341391723
26.388,0.024241164369174402
26.392,-0.003957045145437371
26.396,-0.01368060926122649
26.4,-0.007975617330400994
26.404,0.007066236455936947
26.408,0.0028874368147445394
26.412,-0.004583914987280851
26.416,-0.011272081526018256
26.42,-0.0028302249721327646
26.424,0.0013527529450454256
26.428,0.0003130571584251178
26.432,-0.00018888060729852288
26.436,0.004526362986451229
26.44,-0.01833418707850725
26.444,0.0028420048740561954
26.448,0.0011225091628065112
26.452,-0.004820178815165639
26.456,-0.010145691904453337
26.46,-0.013666043100516131
26.464,0.008131901862753971
26.468,-0.004500847299396438
26.472,-0.014998336943351015
26.476,-0.003473370068607347
26.48,-0.0129028713667752
26.484,0.0009275463438574967
26.488,0.0013483056776868929
26.492,-0.00822884730208052
26.496,-0.01488851181448545
26.5,-0.008979890522610478
26.504,0.007537576656687708
26.508,0.008804628463365822
26.512,-0.02617085986275214
26.516,-0.01528387648929891
26.52,-0.006415932209299781
26.524,0.009170258658099652
26.528,0.008344534868511451
26.532,-0.019624022179414835
26.536,-0.01831028406929757
26.54,-0.0005115217980523456
26.544,0.005251289779583285
26.548,0.011540873130008879
26.552,-0.01314526980213852
26.556,-0.016248207913234922
26.56,-0.00323643246341788
26.564,0.002536842200123882
26.568,0.0006363677869690102
26.572,-0.007274808114527415
26.576,-0.011273984289174144
26.58,-0.004280174351667077
26.584,-0.007206536748638107
26.588,0.009035332124606166
26.592,-0.013688067698864055
26.596,-0.021374775592134812
26.6,-0.011199847908916264
26.604,0.00794151562916658
26.608,-0.019056358206570867
26.612,-0.010764387619507574
26.616,-0.011527900551002359
26.62,0.005244641237942129
26.624,0.001560697993862568
26.628,0.0060136167178509664
26.632,-0.02304979308134006
26.636,-0.013343813796842215
26.64,-0.005293411885185032
26.644,0.009325376244095688
26.648,0.0077903471142276555
26.652,-0.012601372345121764
26.656,-0.003201988105857676
26.66,-0.01064990562422772
26.664,-0.00861960663445863
26.668,-0.004132812330312494
26.672,-0.021445914366362527
26.676,-0.021406069390162305
26.68,-0.01134644912105921
26.684,-0.0069991824674526006
26.688,0.00827916923010413
26.692,0.004204616520279474
26.696,-0.023487278858256674
26.7,-0.020273089135501875
26.704,-0.0009632389677235861
26.708,-0.008970893055716536
26.712,-0.016494795142701836
26.716,-0.015349926825602302
26.72,0.004150597986921834
26.724,0.006951417341919491
26.728,0.00977085416894781
26.732,-0.015798396598167702
26.736,-0.011523321600252098
26.74,-0.02503192450335604
26.744,0.016475178866522323
26.748,-0.001549908732016415
26.752,-0.016905369674556442
26.756,-0.018257211016896053
26.76,-0.03025855893075685
26.764,0.009342498293029036
26.768,-0.008484495398092894
26.772,-0.018085794402265515
26.776,-0.010972514444079637
26.78,-0.0074275550152281
26.784,-0.003845962441112451
26.788,-0.002538217891794722
26.792,-0.007339404986135287
26.796,-0.013585818389259898
26.8,-0.01143444662005328
26.804,-0.0051832169323971925
26.808,-0.003297760469496725
26.812,-0.02095659111802757
26.816,-0.02357440474237335
26.82,-0.01610849674625446
26.824,0.0035910405659726084
26.828,0.010151247360066774
26.832,-0.004389063377339861
26.836,-0.016602085528790785
26.84,0.0030403693943364405
26.844,0.008005785052768945
26.848,0.003862124666098583
26.852,-0.015815613056409637
26.856,-0.01676462120576637
26.86,0.0030319353585994586
26.864,-0.007334596473821255
26.868,0.0001704391303444673
26.872,-0.02412924845193467
26.876,-0.026139060894184607
26.88,0.01095417400621823
26.884,0.0082316891016353
26.888,0.0036116903338937138
26.892,-0.007579184367676339
26.896,-0.007505034011751828
26.9,0.004978091878530178
26.904,0.006434276843265574
26.908,-0.004456225982901823
26.912,-0.0163404316292378
26.916,-0.017732290731414985
26.92,-0.013002121542949531
26.924,0.01073017086038463
26.928,0.00017149684474335658
26.932,-0.02497057962602066
26.936,-0.02612945046054206
26.94,0.0015292915432407878
26.944,0.016143103787375882
26.948,-0.013676145690684073
26.952,-0.017721458757769034
26.956,-0.007724491450789921
26.96,-0.0008315902418707562
26.964,-0.013295412789445332
26.968,0.0019482255249168921
26.972,-0.011616827690927891
26.976,0.007429127976176744
26.98,-0.004441976770715098
26.984,0.016106884394490005
26.988,0.008130686234090636
26.992,-0.018260390597286486
26.996,-0.020079127064312013
27.0,-0.014494315051270485
27.004,-0.0010389515941508559
27.008,-0.003146985911495946
27.012,-0.028768737623742057
27.016,-0.015716053882841422
27.02,0.005860535454799659
27.024,0.006912984594729349
27.028,-0.0055221457643123955
27.032,-0.01297059249663999
27.036,-0.012413862383896994
27.04,0.0036171401569425107
27.044,-0.008141890968272544
27.048,0.01246736934856499
27.052,-0.030570428353827422
27.056,-0.026570615812499657
27.06,-0.00843112762650831
27.064,-0.012870805381071774
27.068,0.00692041762793115
27.072,0.00225187136260991
27.076,-0.0025774636478659955
27.08,-0.0028659617771084386
27.084,0.0071067500139044195
27.088,-0.02311992962947951
27.092,-0.016429750213539412
27.096,-0.02028283351834703
27.1,-0.0030234556522727926
27.104,0.006555702075882727
27.108,-0.008031988665745907
27.112,-0.026145554049272955
27.116,-0.01576847138792053
27.12,-0.02178606550636454
27.124,0.00896195281456981
27.128,0.010696281612162488
27.132,-0.01646110464157966
27.136,-0.0104116631730424
27.14,-0.011387796373788697
27.144,0.003032928175724341
27.148,0.008042468799914682
27.152,-0.013512471451767557
27.156,-0.007857895238470008
27.16,-0.008621843648255145
27.164,-0.0002713533710210277
27.168,-0.0030184188126300263
27.172,-0.008559564692909208
27.176,-0.007962260104505257
27.18,-0.006181524183570229
27.184,-0.0003340306095695087
27.188,-0.00948976042338129
27.192,-0.016761875468353168
27.196,-0.0069273178680874774
27.2,-0.006902001700190596
27.204,-0.007382394962167131
27.208,-0.005915597426955056
27.212,-0.015484528749767319
27.216,-0.02905346404394097
27.22,0.010568108876870213
27.224,-0.0031797515235578964
27.228,-0.0007558097802390549
27.232,-0.024746638959599512
27.236,-0.02184152821886835
27.24,-0.015125591748627813
27.244,0.001845712551081526
27.248,0.0005261263045325346
27.252,-0.017290812966814943
27.256,-0.019650784479514398
27.26,0.00125233685162204
27.264,0.0038558672775585758
27.268,-0.012532944246771836
27.272,-0.00881904929851786
27.276,-0.018675948861974066
27.28,-0.008723392369315595
27.284,-0.0045035052989853466
27.288,-0.01417482809718509
27.292,-0.011940340953237127
27.296,-0.011771974770199192
27.3,-0.012431963216222582
27.304,0.0035752524180123813
27.308,-0.005777307365680224
27.312,-0.03596514543037665
27.316,-0.02425908243331303
27.32,-0.018321399838250253
27.324,-0.004049608967164138
27.328,0.00046259815796988006
27.332,-0.018958484529153125
27.336,-0.012073270193373547
27.34,0.005172660217027326
27.344,-0.010087828513301188
27.348,-0.011049301504985294
27.352,-0.018767800410730315
27.356,-0.008699002940591045
27.36,-0.0012214283273337097
27.364,0.011377413001286335
27.368,-0.012693939724714737
27.372,-0.01243559941782197
27.376,-0.022446175426645613
27.38,-0.01771487348156014
27.384,-0.0024387352718864786
27.388,0.001270858014184791
27.392,-0.006665718135649793
27.396,-0.003486404021098396
27.4,-0.013873358739621476
27.404,0.0011391181218661861
27.408,-0.003238364870841723
27.412,-0.007937385292895754
27.416,-0.02111238341718607
27.42,0.001652647966369665
27.424,-0.006055039077210335
27.428,-0.01049447653026624
27.432,-0.025826504044690328
27.436,-0.009731072110044231
27.44,-0.01607052186926202
27.444,0.0007397829960787675
27.448,0.007523982751428657
27.452,-0.018372142872777577
27.456,-0.02234413684923606
27.46,0.002806021314781172
27.464,-0.0015344054602336153
27.468,-0.011543265825504983
27.472,-0.030881386356626173
27.476,-0.02206372918806061
27.48,-0.014330861851589185
27.484,-0.001970953819356686
27.488,0.003924986547988482
27.492,-0.010454944656505951
27.496,-0.024064681637767118
27.5,-0.006217527128083324
27.504,-0.0011162179381935251
27.508,-0.0028214425239980485
27.512,-0.024115926535100814
27.516,-0.01039698809390356
27.52,0.0011730587036195075
27.524,0.004453140445384026
27.528,0.0018195164222518361
27.532,-0.0197579254531902
27.536,-0.010245140051998317
27.54,-0.020381282659482032
27.544,0.009114067246752771
27.548,0.0030185494429285434
27.552,-0.01847936081923674
27.556,-0.018361711002852554
27.56,-0.007302644424969145
27.564,0.00512485526037221
27.568,-0.015320080937413747
27.572,-0.023942561522811927
27.576,-0.030356210535918936
27.58,-0.02125840046421905
27.584,0.0014836277618570904
27.588,-0.004414517678045701
27.592,-0.018938197991003762
27.596,-0.026702279342046605
27.6,-0.016413247586322885
27.604,0.004014801875550089
27.608,0.004736481935161868
27.612,-0.02224800677222462
27.616,-0.026257875022055302
27.62,-0.0002635889892104136
27.624,-0.0012382106433886989
27.628,0.0032528708175372538
27.632,-0.013356224006875111
27.636,-0.02859741068519098
27.64,-0.00560073043547977
27.644,-0.006860964919952231
27.648,-0.014631305509851245
27.652,-0.017141588060277158
27.656,-0.022143551665971747
27.66,-0.009039446513412677
27.664,-0.0005017743560400573
27.668,-0.023915361660848004
27.672,-0.01616481486647424
27.676,-0.026091558975738328
27.68,-0.0037916628150174965
27.684,-0.00111408419520132
27.688,-0.002786059262274424
27.692,-0.015198006523009145
27.696,-0.030614847529171242
27.7,-0.01179367572074538
27.704,-0.016243943075980503
27.708,-0.010082994777688856
27.712,-0.0009366138711479691
27.716,-0.026432453495601575
27.72,0.0016912622849258614
27.724,-0.009426071667380275
27.728,-0.0045184081979685745
27.732,-0.012337839600897797
27.736,-0.023572805440789456
27.74,-0.017126566978382832
27.744,8.632394278336615e-05
27.748,-0.015053528966498322
27.752,-0.01659140241172742
27.756,-0.031350708669089414
27.76,-0.011881444680660044
27.764,-0.013420558580310608
27.768,-0.012769668190918432
27.772,-0.021972936386481907
27.776,-0.03368694899620718
27.78,-0.015192821614975543
27.784,-0.012825517162800927
27.788,-0.007989530008231853
27.792,-0.007530728130237261
27.796,-0.022450319705013974
27.8,-0.007175961152256173
27.804,0.0002450214653963029
27.808,-0.010850952331489267
27.812,-0.010432805032357013
27.816,-0.004659880151033732
27.82,-0.002094640585510338
27.824,6.686141316972118e-07
27.828,-0.002351682920790944
27.832,-0.01024292762166026
27.836,-0.02489296924569262
27.84,0.0035070174770823036
27.844,0.005880652766604974
27.848,-0.0058165804428649765
27.852,-0.008816169622990899
27.856,-0.016102296154473002
27.86,-0.02316756571278366
27.864,-0.009719529434086027
27.868,0.013307809279025655
27.872,-0.0030576927361767366
27.876,-0.016739067767619693
27.88,-0.01964067951311374
27.884,-0.0028265887782203216
27.888,-0.009860982679659892
27.892,-0.007477401554014261
27.896,-0.016427506191359766
27.9,-0.013870866638139792
27.904,0.012046952672816715
27.908,-0.01813242829545917
27.912,-0.01136952995568952
27.916,-0.010817650200295707
27.92,-0.007067123804615844
27.924,-0.0011487804909081152
27.928,-0.010869542216445819
27.932,-0.0003928942098940201
27.936,-0.01986498634383932
27.94,-0.02345136299649587
27.944,-0.001820119432363437
27.948,-0.005678880396241615
27.952,-0.008527734812724536
27.956,-0.020208609756394706
27.96,-0.017266581838339012
27.964,-0.010301389822097896
27.968,-0.011184826822848245
27.972,-0.01516913926263464
27.976,-0.016701182166921277
27.98,-0.003812103532987974
27.984,0.002023293901689127
27.988,-0.002866155170065602
27.992,-0.006557931645016567
27.996,-0.010625160214727692
28.0,-0.010158658577963232
28.004,-0.0026055302786592545
28.008,0.0032280266695486476
28.012,-0.016780504176929903
28.016,-0.006478199558892277
28.02,-0.011015112941469094
28.024,0.009389936953352747
28.028,-0.0015449683035337791
28.032,-0.018001493067227092
28.036,-0.02042603441547947
28.04,-0.00058880162324116
28.044,0.010918337878951849
28.048,0.01032829448600901
28.052,-0.0195595811302752
28.056,-0.01915926058380538
28.06,-0.013406973196752584
28.064,-3.540099190420774e-05
28.068,-0.019603207156165536
28.072,-0.006384092648121334
28.076,-0.01755276671255889
28.08,-0.028260060440775787
28.084,-0.006329086346153741
28.088,-0.004680515095922547
28.092,-0.02864636564080763
28.096,-0.004061918822504382
28.1,-0.02241959585419943
28.104,-0.011794598092351808
28.108,-0.0014479519428832006
28.112,-0.012590407026089174
28.116,-0.020155318950176356
28.12,-0.01612561001654963
28.124,-0.008078970819758155
28.128,7.699642262812972e-05
28.132,-0.018110148316829642
28.136,-0.013233792851290345
28.14,4.296319007987201e-05
28.144,0.0043673458618161435
28.148,0.00046062884143122356
28.152,-0.029650079658672193
28.156,-0.0232961646183986
28.16,-0.011353589274465418
28.164,-0.004382121821414717
28.168,-0.010549953424251517
28.172,-0.02113975528784887
28.176,-0.02754887231332758
28.18,-0.02160264677758939
28.184,-0.013345918868258509
28.188,-0.012922398769584684
28.192,-0.015171734446586389
28.196,-0.02396926573385386
28.2,0.030146911962828274
28.204,0.04655441476058793
28.208,0.032146817573443495
28.212,0.018853756357567756
28.216,0.026099456106791194
28.22,0.03207324632225953
28.224,0.03276125687668855
28.228,0.029490458153838946
28.232,0.021663015907646927
28.236,0.015573792656039595
28.24,0.011638803017412422
28.244,0.04639505352879847
28.248,0.030777827979085605
28.252,0.04224270027696518
28.256,0.020730878258809635
28.26,0.03225163829162936
28.264,0.030103218950018214
28.268,0.03623057888436044
28.272,0.022530543390572807
28.276,0.014567790061713867
28.28,0.03089449225886945
28.284,0.04733407175053253
28.288,0.04644617836716479
28.292,0.025349959691350385
28.296,0.022623979233365073
28.3,0.007877400959753141
28.304,-0.012476062469646559
28.308,-0.005522486117033296
28.312,-0.02443067125407558
28.316,-0.01805499699280381
28.32,-0.009892209267358955
28.324,-0.012495924089741407
28.328,0.003486927545135611
28.332,-0.01509515542617904
28.336,-0.015330117622662117
28.34,-0.00672614830775983
28.344,0.004139836444255984
28.348,-0.0024688531888861446
28.352,-0.016713410531211993
28.356,-0.017963477025834076
28.36,-0.011838574129545127
28.364,1.8001643237305995e-05
28.368,-0.009369117157484744
28.372,-0.015728184873572547
28.376,-0.018345644409749347
28.38,-0.015691843456911856
28.384,-0.008134772516870985
28.388,-0.007862909949094658
28.392,-0.024271813028681755
28.396,-0.0009458786772841739
28.4,-0.0044818556607131715
28.404,-0.015767999429997768
28.408,-0.005624087013690911
28.412,-0.02329265496577074
28.416,-0.008862546890120717
28.42,-0.014701998882067318
28.424,-0.00882494684441987
28.428,-0.01491026641996191
28.432,-0.01861350876490238
28.436,-0.024947539539491588
28.44,-0.013399231838430873
28.444,0.006632165019752459
28.448,0.00029341727731596167
28.452,-0.023427642764505777
28.456,-0.022605824314055938
28.46,-0.01254749392255035
28.464,0.016089809595253836
28.468,-0.0029464163996888604
28.472,-0.016723032847852422
28.476,-0.026444180112779325
28.48,-0.017602440602066945
28.484,-0.0006389597959248401
28.488,-0.009920478788842385
28.492,-0.004180500216266965
28.496,-0.015129159550069082
28.5,-0.009496325241058715
28.504,-0.012120757482053992
28.508,-0.010483472544239926
28.512,-0.014958639082610099
28.516,-0.0323885110863503
28.52,-0.010307046963627765
28.524,-0.0008920715774439272
28.528,-0.0033966409900942573
28.532,-0.02552831192188289
28.536,-0.0230200819887279
28.54,0.0023267009821830633
28.544,0.0008576679505830544
28.548,-0.005178899050241807
28.552,-0.005818910569819858
28.556,-0.02552568174382508
28.56,-0.006101291840833579
28.564,-0.0045344827768415705
28.568,-0.006147119992240476
28.572,-0.010053559361835851
28.576,-0.023875743506892692
28.58,-0.0081062340651416
28.584,0.0012000702195489495
28.588,-0.0027748152648772425
28.592,-0.018802222227106542
28.596,-0.017757571084716064
28.6,-0.014857570263638289
28.604,-0.0030943796434259106
28.608,0.013582251547339629
28.612,-0.016073990873359943
28.616,-0.0313018220498187
28.62,-0.019419822381355627
28.624,0.0015500258319508693
28.628,0.00793864906572038
28.632,-0.016992736184221768
28.636,-0.015964583436862613
28.64,-0.015820361655318912
28.644,-0.0027653547682554734
28.648,-0.004957040876534334
28.652,-0.018683464421989912
28.656,-0.020619146052200006
28.66,0.0037932702795220492
28.664,0.002916508192097559
28.668,-0.00322771975329244
28.672,-0.012318208173399896
28.676,-0.02035397925174341
28.68,-0.0021463743112469444
28.684,-0.004605822775742472
28.688,-0.014831200474786874
28.692,-0.011483431501728003
28.696,-0.020916691131800117
28.7,-0.01442621555876065
28.704,-0.002885651338635818
28.708,-0.011840737440789827
28.712,-0.018516209993021598
28.716,-0.031408199069529526
28.72,-0.014662481441685155
28.724,-0.013815641719766333
28.728,-0.01707938223678761
28.732,-0.014423599052945775
28.736,-0.02546053474820984
28.74,-0.01602204308619081
28.744,0.008316628306269095
28.748,-0.012919644004325579
28.752,-0.038528900122131546
28.756,-0.02265656962708871
28.76,-0.012564247807702553
28.764,-0.005547374319591591
28.768,-0.016680693240448338
28.772,-0.020314210288852684
28.776,-0.02354265172912299
28.78,-0.016892758309298987
28.784,0.0008298602949762474
28.788,-0.004624174655500081
28.792,-0.024719170697672842
28.796,-0.01954533333072004
28.8,-0.013984048784405867
28.804,-0.0015019393855372856
28.808,0.006133591345317012
28.812,-0.020192174815667346
28.816,-0.008114763652316916
28.82,-0.01967134411294568
28.824,-0.010651109261293994
28.828,-0.00025678812843234894
28.832,-0.02835933791299897
28.836,-0.0274453248115491
28.84,-0.025213142853067156
28.844,-0.011065122999287285
28.848,0.002375889150461087
28.852,-0.015893287141762236
28.856,-0.030257077099674318
28.86,-0.01091390467539693
28.864,-0.011113526317980724
28.868,-0.011826382626578367
28.872,-0.01567605038767123
28.876,-0.027462425488746695
28.88,-0.018124529955757022
28.884,-0.013938262127283106
28.888,0.005672734825011688
28.892,-0.015062251870887087
28.896,-0.015611432531071681
28.9,-0.01892573533905044
28.904,0.01979558886931776
28.908,-0.01850432501788944
28.912,-0.019332977478630515
28.916,-0.017063683998137222
28.92,-0.019951453232842618
28.924,-0.009173817028789725
28.928,-0.008832574451630592
28.932,-0.015435213243542693
28.936,-0.025343880699211056
28.94,0.0004139926681081315
28.944,0.00037026841542345604
28.948,-0.0021988530391841054
28.952,-0.02496469918272213
28.956,-0.024520659212976546
28.96,-0.019569186736676868
28.964,-0.005533503642545793
28.968,-0.01562660046746594
28.972,-0.028070883714283276
28.976,-0.023481356328785855
28.98,-0.015818754227487856
28.984,0.016867052183884262
28.988,-0.02192687843037258
28.992,-0.027869080199383563
28.996,-0.01508543300886002
29.0,-0.006688590514571742
29.004,-0.0018412428839382536
29.008,-0.005528404046830884
29.012,-0.01964950199467296
29.016,-0.027803277912824477
29.02,-0.030283466930690166
29.024,-0.015894766849924125
29.028,-0.023876352925705675
29.032,-0.02524811895296341
29.036,-0.02322115863449922
29.04,-0.012124017052292498
29.044,-0.014376629408154916
29.048,-0.005705482152346125
29.052,-0.01607202754914755
29.056,-0.01626817984722516
29.06,-0.00837550595115194
29.064,-0.006252569676267341
29.068,0.007454330291131454
29.072,-0.025761633358040187
29.076,-0.026502267657229177
29.08,-0.025807729453059324
29.084,-0.007275707053264329
29.088,-0.004950291307783831
29.092,-0.03012995584630339
29.096,-0.0120660043155258
29.1,0.0029190590201425524
29.104,-0.025519724780753032
29.108,-0.007464888306645107
29.112,-0.01672913924195507
29.116,-0.025058002443028693
29.12,-0.01584562405867412
29.124,0.0019613627391874616
29.128,-0.011363613968416151
29.132,-0.025703934618061215
29.136,-0.034851450214723585
29.14,-0.021521673589806885
29.144,-0.0033938082124877977
29.148,-0.017364014890943087
29.152,-0.01825146718421214
29.156,-0.025277207817021096
29.16,-0.017891044670577557
29.164,-0.00989576913135199
29.168,0.010061779245789316
29.172,-0.027193626336943874
29.176,-0.024083078823089424
29.18,-0.025111544685896398
29.184,-0.010681231075350676
29.188,0.001978178639408622
29.192,-0.012998868074538717
29.196,-0.03561662419648234
29.2,0.0005286815949111286
29.204,-0.008673701540388058
29.208,-0.025327365212285013
29.212,-0.025451911908034485
29.216,-0.03077819523177589
29.22,-0.013746453932309407
29.224,0.001004213244974802
29.228,-0.009466617239192319
29.232,-0.01665582052481427
29.236,-0.023992896415213603
29.24,-0.004781233582184014
29.244,0.013602819962814568
29.248,-0.032299731812159456
29.252,-0.025066697543132226
29.256,-0.02850498910688448
29.26,-0.024443111575816266
29.264,-0.00623828496096285
29.268,-0.016198123687638295
29.272,-0.004901180760548289
29.276,-0.038805102849009
29.28,-0.023158807680479388
29.284,-0.009162577240223681
29.288,0.0008751636275652012
29.292,-0.008793652332375654
29.296,-0.041325467368547274
29.3,-0.016872545874538354
29.304,-0.010250193150155792
29.308,-0.00041699039177533516
29.312,-0.018731057744177042
29.316,-0.01862882869549009
29.32,-0.013088220353985203
29.324,-0.007195856316010302
29.328,-0.011327535719572209
29.332,-0.012852680190759422
29.336,-0.028707123610597234
29.34,-0.018283383845015815
29.344,-0.0038318266172181915
29.348,-0.012267843554762133
29.352,-0.026034240282800766
29.356,-0.024510931202815094
29.36,-0.011816699402073248
29.364,0.0019970081835655636
29.368,-0.016233923513921097
29.372,-0.01964281879292983
29.376,-0.01667284196006749
29.38,-0.030648391516785833
29.384,-0.007185059360923287
29.388,-0.01015069579089592
29.392,-0.010013024302774266
29.396,-0.016515330958106415
29.4,-0.01863208055128734
29.404,0.009802718044663886
29.408,0.007228012357632128
29.412,-0.02245460882429698
29.416,-0.030827121458801395
29.42,-0.02043289325174055
29.424,-0.01703607199729596
29.428,-0.01314416770143849
29.432,-0.02328306534547927
29.436,-0.02771235241501044
29.44,-0.02829902655909736
29.444,0.003418108776020338
29.448,-0.014387219198031511
29.452,0.005795264032897835
29.456,-0.014440711961740736
29.46,-0.0196657561139212
29.464,-0.0026534296446602467
29.468,-0.00586050198127331
29.472,-0.010203509943725233
29.476,-0.02379782366850939
29.48,-0.010162805185826271
29.484,-0.0014692238283649066
29.488,-0.018491823029727898
29.492,-0.032837354364930155
29.496,-0.026334426489874715
29.5,-0.011659209644407253
29.504,-0.009927802166491296
29.508,-0.022297548105461938
29.512,-0.02539561560372268
29.516,-0.042565668722543984
29.52,-0.013445780284008148
29.524,-0.008652829818126505
29.528,-0.0037052521912282694
29.532,-0.016968201164016553
29.536,-0.008184923675435149
29.54,-0.019577768250161845
29.544,-0.00337626382196787
29.548,-0.008691055692591567
29.552,-0.022071598802879788
29.556,-0.024675211772125526
29.56,-0.02524828094565669
29.564,0.009444449549301908
29.568,-0.011524799341723612
29.572,-0.022761031798596832
29.576,-0.029027207037438694
29.58,-0.01598994702174866
29.584,-0.0015388468509391368
29.588,-0.005873240204534858
29.592,-0.02223735078452181
29.596,-0.016141971965754526
29.6,-0.016749929735789124
29.604,0.006372754744925472
29.608,-0.017834497183350263
29.612,-0.028592070888669927
29.616,-0.01518298292707249
29.62,-0.017617458723996476
29.624,0.005595815314617867
29.628,-0.016131805311138704
29.632,-0.012510931437679396
29.636,-0.022615379800893416
29.64,-0.020271389377871554
29.644,-0.005474875729096322
29.648,-0.0022943021338407057
29.652,-0.025290014080056298
29.656,-0.029545740288185664
29.66,-0.014378586908499575
29.664,0.008176476889399499
29.668,-0.002053641316070852
29.672,-0.018645100543121112
29.676,-0.026271614472651708
29.68,-0.021978238986562128
29.684,0.00041336286262771017
29.688,-0.009523543983280288
29.692,-0.02485202779581865
29.696,-0.011759156219144393
29.7,-0.011120260725625698
29.704,-6.026162643811648e-05
29.708,-0.017109425826698846
29.712,-0.02467601552151543
29.716,-0.027635288896586847
29.72,-0.016603861764097966
29.724,-0.0014579566109907379
29.728,-0.020733305620508444
29.732,-0.026534950555640972
29.736,-0.028537955405297116
29.74,-0.00712361189883577
29.744,-0.005580804804739556
29.748,0.008028266541752517
29.752,-0.029051884570599776
29.756,-0.030939782284679352
29.76,-0.027236238052466173
29.764,-0.014956572691815691
29.768,-0.015025065619946583
29.772,-0.02207565337306918
29.776,-0.01337124498387232
29.78,-0.021483538641381847
29.784,-0.00987006046380175
29.788,-0.007385041771327734
29.792,-0.014567472260770015
29.796,-0.03011236090777471
29.8,-0.01723376186361785
29.804,0.0007443208395822125
29.808,-0.016079813967958476
29.812,-0.033047210237945435
29.816,-0.024044314800171086
29.82,-0.019947265846653718
29.824,-0.009189838660340538
29.828,-0.009346365796005797
29.832,-0.026836037548317197
29.836,-0.02412600560413803
29.84,-0.006858336470092994
29.844,-0.014712306862410353
29.848,-0.008562529723848265
29.852,-0.0038567720204040826
29.856,-0.028520571196202542
29.86,-0.009065776517866412
29.864,0.006568800897624008
29.868,-0.029296600137115613
29.872,-0.016628059030563233
29.876,-0.031336659390721916
29.88,-0.019930671257205466
29.884,-0.00684743386735132
29.888,-0.010490720476415756
29.892,-0.019907575792193176
29.896,-0.026410260669493993
29.9,-0.01878715982402876
29.904,-0.00449436047243032
29.908,-0.017212819854412396
29.912,-0.0022182901805203013
29.916,-0.027667763188784753
29.92,-0.015190374019824917
29.924,0.00031529917292182075
29.928,-0.013415139625235788
29.932,-0.026182696385680895
29.936,-0.03184469751205118
29.94,-0.023661541633417264
29.944,-0.0022061305747301157
29.948,-0.014240861158749694
29.952,-0.012771190284142519
29.956,-0.03842289390894311
29.96,-0.0015234856837620762
29.964,-0.0241925434622888
29.968,-0.009830305016868695
29.972,-0.030282482517809354
29.976,-0.022645549423991072
29.98,-0.023862965896679085
29.984,-0.006951604022898475
29.988,-0.011010125705480977
29.992,-0.04196472079600996
29.996,-0.03200556326062943
30.0,-0.02969005724188111
30.004,0.0019416786105829927
30.008,0.0021394153163195526
30.012,-0.01446179806509487
30.016,-0.03129941297758049
30.02,-0.012545362577384804
30.024,-0.00951064591171766
30.028,-0.020253077758261143
30.032,-0.023138331084661748
30.036,-0.04320352889409784
30.04,-0.022860557461711867
30.044,0.003366257520193202
30.048,-0.023942949222043666
30.052,-0.023570662317751737
30.056,-0.02176859708873005
30.06,-0.01882678467003293
30.064,-0.0038476457544093026
30.068,-0.010974414842087152
30.072,-0.013259033001929224
30.076,-0.027692315968853593
30.08,-0.012725662140016684
30.084,0.01074614170739167
30.088,-0.020933177982078693
30.092,-0.012564367080399012
30.096,-0.027802089447221307
30.1,-0.01686536446763515
30.104,-0.015249543332450745
30.108,-0.001893768025798541
30.112,-0.019353432655363517
30.116,-0.011465489381454096
30.12,-0.021965350542728947
30.124,-0.013219711761486591
30.128,-0.00483985658868721
30.132,-0.03419323559613089
30.136,-0.02604652761957187
30.14,-0.01775731909838087
30.144,-0.0019134002483340313
30.148,-0.005958774476323702
30.152,-0.018489450640870406
30.156,-0.029327861692147118
30.16,-0.033512262470530525
30.164,-0.008925722477937893
30.168,-0.01218092201374508
30.172,-0.03280037017014135
30.176,-0.03658981712422478
30.18,-0.014444901696425929
30.184,-0.0106931933783172
30.188,-0.008381977075184198
30.192,-0.029204223603044407
30.196,-0.02315369111591431
30.2,-0.026378792163550303
30.204,-0.01146012721232011
30.208,-0.008593010096895493
30.212,-0.016019104178076345
30.216,-0.02482058677944163
30.22,-0.017814580684405192
30.224,-0.015142014205362339
30.228,-0.014830060093800565
30.232,-0.01563673244515983
30.236,-0.030203627369354866
30.24,-0.008957827354470815
30.244,-0.02313638980986038
30.248,-0.0111279929145099
30.252,-0.03002703677331515
30.256,-0.02941145834558119
30.26,-0.03339814547718092
30.264,-0.007690607698088912
30.268,-0.008989142290588786
30.272,-0.02801365136800874
30.276,-0.022330794012039
30.28,-0.010358008128492944
30.284,-0.0028379403788620612
30.288,-0.01836117274431638
30.292,-0.029222371539498356
30.296,-0.03723694053868047
30.3,-0.030145302274583795
30.304,-0.0169943426353059
30.308,-0.02617939415077659
30.312,-0.013935025129186871
30.316,-0.031207065185160664
30.32,-0.016968002618151387
30.324,-0.004820567223693819
30.328,-0.03543651576434666
30.332,-0.03924438910896439
30.336,-0.027321257770477083
30.34,-0.02816399066933736
30.344,0.0032902867020552957
30.348,-0.03066769126457173
30.352,-0.02221882489949295
30.356,-0.04172119696691806
30.36,-0.008696941013652438
30.364,-0.006347365881725631
30.368,-0.004012416055341481
30.372,-0.024081084230426462
30.376,-0.02721535931514253
30.38,-0.01528096453045479
30.384,-0.005492381424354047
30.388,-0.008797875712670784
30.392,-0.038957822891098476
30.396,-0.020535338900954284
30.4,-0.031595907013717346
30.404,-0.010753880054631734
30.408,-0.010514522526681645
30.412,-0.013548873647132052
30.416,-0.0247859870763558
30.42,-0.030956885633088238
30.424,-0.010355125050557417
30.428,-0.0024627944648630048
30.432,-0.03213045837050199
30.436,-0.019713278980524152
30.44,-0.03324377746274029
30.444,-0.011971089525214865
30.448,-0.004090920589697105
30.452,-0.03161284092568148
30.456,-0.028180741438439346
30.46,-0.019167902127293905
30.464,-0.010164680673776114
30.468,-0.008878612812244426
30.472,-0.037494765458392185
30.476,-0.033258784556378124
30.48,-0.015176236535110136
30.484,-0.016162993347698662
30.488,-0.021347650935658942
30.492,-0.019142379179806282
30.496,-0.022887482068800303
30.5,-0.02019405726763947
30.504,-0.018249666538468837
30.508,-0.0116230548154145
30.512,-0.034867519781743884
30.516,-0.03449942581702112
30.52,-0.020313806193549666
30.524,-0.006369275165928945
30.528,-0.002566623933774343
30.532,-0.03216868462850665
30.536,-0.037474927002274165
30.54,-0.037838142021155485
30.544,-0.0076310210261619615
30.548,-0.014628222051437878
30.552,-0.02240536860195465
30.556,-0.031223301677647152
30.56,-0.014539004797637225
30.564,-0.018043270758427016
30.568,-0.010275665441746297
30.572,-0.021615681687491672
30.576,-0.0355875450783799
30.58,-0.01835083112621408
30.584,-0.0033446963822292295
30.588,-0.011782012257287129
30.592,-0.016448708131285177
30.596,-0.021831871028943083
30.6,-0.01285070966133765
30.604,-0.008948548134407262
30.608,-0.014644563352793709
30.612,-0.024531382539358597
30.616,-0.029027932360620325
30.62,-0.011046824204561592
30.624,-0.007319113089587681
30.628,-0.009301173846913974
30.632,-0.02719325246612601
30.636,-0.041202274286182894
30.64,-0.013249429117041321
30.644,-0.02343852791320374
30.648,-0.014491514972568266
30.652,-0.03841998563603784
30.656,-0.027870784406546098
30.66,-0.024040878152324602
30.664,-0.011501006371979063
30.668,-0.016838641438682744
30.672,-0.03376045318723066
30.676,-0.030901051567666697
30.68,-0.019932156826916254
30.684,0.0030780036007324717
30.688,-0.014937379780088732
30.692,-0.002709967085431992
30.696,-0.03830391056372073
30.7,-0.025902317862649942
30.704,-0.00921834107139768
30.708,-0.011427187420027777
30.712,-0.019432785543146924
30.716,-0.018131551906525878
30.72,-0.009525341991472681
30.724,-0.01567834624109673
30.728,-0.01821946993955087
30.732,-0.012113929462557358
30.736,-0.030818119913148822
30.74,-0.008225220847900942
30.744,-0.016363688026762573
30.748,-0.012122100942763267
30.752,-0.011788001492518952
30.756,-0.02439794025465339
30.76,-0.028380406892741534
30.764,-0.018087590382917074
30.768,-0.017256670390750226
30.772,-0.023572894893643864
30.776,-0.028485071847275584
30.78,-0.03873213829900142
30.784,-0.009267827649730621
30.788,-0.02167602702687804
30.792,-0.02049859939633312
30.796,-0.01255661094767201
30.8,-0.023038557860602337
30.804,-0.003110318447750846
30.808,-0.008987162912141675
30.812,-0.013514622627119319
30.816,-0.04015616855219195
30.82,-0.01967832433957615
30.824,0.007825690487967732
30.828,-0.015620399295504166
30.832,-0.02616019064234622
30.836,-0.04694800043694445
30.84,-0.004802685589092831
30.844,0.00037646580719631444
30.848,-0.0011911362288962203
30.852,-0.014651477610392599
30.856,-0.031843186566116045
30.86,-0.02262118289030196
30.864,-0.009645658927421245
30.868,-0.005618883135442822
30.872,-0.013623422201644135
30.876,-0.026988757016867367
30.88,-0.03210018208435661
30.884,-0.009719542184215037
30.888,-0.011454573254703785
30.892,-0.02679312514995676
30.896,-0.03918679394923292
30.9,-0.014199922702542216
30.904,-0.00814019457939338
30.908,-0.010575375117113891
30.912,-0.03354990471169817
30.916,-0.047050655465499795
30.92,-0.021896454644846613
30.924,-0.004698350545372186
30.928,-0.022867184937043823
30.932,-0.03539023959576148
30.936,-0.03302651656734454
30.94,-0.03556254879710097
30.944,-0.011831596538261789
30.948,-0.009624201987646706
30.952,-0.013453074402602237
30.956,-0.029050636439434042
30.96,-0.030000446346219813
30.964,-0.014130960817441203
30.968,-0.023607144315154028
30.972,-0.027090305231348807
30.976,-0.03431672536948196
30.98,-0.01907189426766177
30.984,-0.016536816368833484
30.988,-0.025572731742784204
30.992,-0.028370082867150023
30.996,-0.016885950871895962
31.0,-0.010364610833136754
31.004,-0.00784579332270166
31.008,-0.007806821496489904
31.012,-0.03786212807584721
31.016,-0.028844564555191774
31.02,-0.030880062512527215
31.024,-0.0031697186037023366
31.028,-0.025354621272385146
31.032,-0.017638564522693287
31.036,-0.029863285414004306
31.04,-0.031239558330393567
31.044,-0.003834887683804739
31.048,-0.016211580590271897
31.052,-0.006233655466371953
31.056,-0.03332172326409244
31.06,-0.015622817216412795
31.064,-0.0014039709027294234
31.068,-0.02190550874107875
31.072,-0.0235434383590329
31.076,-0.037776664416554286
31.08,-0.015479339242440073
31.084,-0.0052377259780064305
31.088,-0.01889532559028526
31.092,-0.02490720485228759
31.096,-0.0372407006958967
31.1,-0.022899528866252412
31.104,-0.0007162317813350551
31.108,-0.012749555825469805
31.112,-0.044874758173054016
31.116,-0.03058011860999402
31.12,-0.02795168398253621
31.124,-8.911858508358662e-05
31.128,-0.0256345740207738
31.132,-0.027183349737624152
31.136,-0.03268472793300344
31.14,-0.01693346926877879
31.144,-0.007500260171397841
31.148,-0.013157392782397168
31.152,-0.021588851943157194
31.156,-0.022599357472302344
31.16,-0.0118172620724805
31.164,-0.009640855177789294
31.168,-0.010446028165490687
31.172,-0.027892532364972678
31.176,-0.019016812458273826
31.18,-0.02023914653294007
31.184,-0.01549574263200611
31.188,-0.0019189040769076772
31.192,-0.0159048391578223
31.196,-0.021989524571643153
31.2,-0.011716338348611112
31.204,-0.005308721370058449
31.208,-0.002441214815666665
31.212,-0.02760807877562
31.216,-0.021402866673568416
31.22,-0.02769726802849705
31.224,-0.018259457877086535
31.228,-0.009852427823989353
31.232,-0.030085562005495014
31.236,-0.04300430068064781
31.24,-0.022513840182103825
31.244,-0.005492389405765992
31.248,-0.0090563240419241
31.252,-0.029121814481817578
31.256,-0.026466239307284926
31.26,-0.025128228711179663
31.264,-0.019047800229709404
31.268,-0.019749376839928286
31.272,-0.03379271123125631
31.276,-0.02831520951602194
31.28,-0.02551323367169014
31.284,-0.01888894975191098
31.288,-0.018226629715679784
31.292,-0.0204739591687413
31.296,-0.02230058436344102
31.3,-0.018745591270252177
31.304,-0.016714555079276203
31.308,-0.021052584686204294
31.312,-0.044996221242896
31.316,-0.028289968991031457
31.32,-0.015556756756785344
31.324,-0.01786163386395787
31.328,-0.0193570261233336
31.332,-0.03427136797533793
31.336,-0.03107973687751758
31.34,-0.02376665956239759
31.344,-0.015507604286258856
31.348,-0.012886487620344982
31.352,-0.04008738568631645
31.356,-0.03519897533271341
31.36,-0.017936596776910375
31.364,-0.0055642175785962054
31.368,-0.011334565583352876
31.372,-0.039340701835043665
31.376,-0.0375008290451116
31.38,-0.0035691819253780045
31.384,-0.01424445586837522
31.388,-0.012438318560681432
31.392,-0.026904627995722966
31.396,-0.017743883523416604
31.4,-0.013334372999930596
31.404,-0.01891525209295992
31.408,-0.022092183092976822
31.412,-0.0180378027596685
31.416,-0.046865130881202324
31.42,-0.03192791051277755
31.424,0.0020705189715927875
31.428,-0.006200245432899805
31.432,-0.031028948141570964
31.436,-0.0475366298368805
31.44,-0.007626490625754838
31.444,-0.016285142609694835
31.448,-0.01922285908272519
31.452,-0.039767209848514826
31.456,-0.03255603428715777
31.46,-0.01446377217940572
31.464,-0.011824965924238613
31.468,-0.028736780784413038
31.472,-0.02757112829093541
31.476,-0.020472823186996277
31.48,-0.02616006252402428
31.484,-0.007232017614663258
31.488,0.006996703024866921
31.492,-0.013675485310881452
31.496,-0.027123020984089814
31.5,-0.012951668937552804
31.504,-0.014115836752366509
31.508,-0.012975653057332703
31.512,-0.031447633417086986
31.516,-0.018057001977663217
31.52,-0.01526800135041412
31.524,-0.01867744849565962
31.528,-0.022845079331011608
31.532,-0.020337276393673255
31.536,-0.031371942595227194
31.54,-0.020355558869362834
31.544,-0.010599013094738508
31.548,-0.015159616440618513
31.552,-0.03220291738066354
31.556,-0.03156109602428925
31.56,-0.025476726941225644
31.564,-0.009573179332825713
31.568,-0.019127223379590004
31.572,-0.03554811313128361
31.576,-0.030201487809148487
31.58,-0.027546243971118677
31.584,-0.010611145997644435
31.588,-0.02558006642671707
31.592,-0.02242084368083688
31.596,-0.03630936588162556
31.6,-0.02265683019674435
31.604,-0.03415552316860103
31.608,-0.014664433302582304
31.612,-0.03570912310843454
31.616,-0.03550405552152686
31.62,-0.031826969902115296
31.624,-0.028896490375933313
31.628,-0.0158113271113694
31.632,-0.04171872115520203
31.636,-0.02057295997824201
31.64,-0.01098938105756117
31.644,-0.014672872714940692
31.648,-0.014627720467674948
31.652,-0.020717200800395248
31.656,-0.029290348571489332
31.66,-0.027050794489218752
31.664,-0.009092557859449426
31.668,-0.019514872665516148
31.672,-0.03880253307282626
31.676,-0.04842710342622418
31.68,-0.01681696034636224
31.684,-0.016240486604783593
31.688,-0.016141473053557728
31.692,-0.023270396568664982
31.696,-0.027524043269437064
31.7,-0.029182056338181106
31.704,-0.007317258861450655
31.708,-0.02067945298304973
31.712,-0.028246589976919725
31.716,-0.023128149296278898
31.72,-0.014972318812936664
31.724,-0.01909091983508553
31.728,-0.013450671783293983
31.732,-0.02652734336825305
31.736,-0.03321936727375159
31.74,-0.023535601746680745
31.744,-0.015742042697143577
31.748,-0.0015545169424991904
31.752,-0.035748705632596724
31.756,-0.03957347359161131
31.76,-0.027024529155961846
31.764,-0.025190727848045446
31.768,-0.02806562559220794
31.772,-0.03162160256214524
31.776,-0.029687985263872042
31.78,-0.02380319410604739
31.784,0.008902755596911302
31.788,-0.02375773564371344
31.792,-0.007718958823267143
31.796,-0.03547892824936358
31.8,-0.02548137973135827
31.804,-0.023509632433371293
31.808,-0.015120584916483664
31.812,-0.030136215102297855
31.816,-0.04071163043162948
31.82,-0.03308012600212508
31.824,-0.01763871086876011
31.828,-0.029372246027156643
31.832,-0.024854754341759194
31.836,-0.0325577518819491
31.84,-0.015031493603662717
31.844,-0.01881631825554277
31.848,-0.01480695628177171
31.852,-0.03526474768523058
31.856,-0.03284823482179459
31.86,-0.010775462838260782
31.864,-0.001170575502420796
31.868,-0.026171939112247446
31.872,-0.023553011946736473
31.876,-0.03301440408702948
31.88,-0.02441860696116608
31.884,-0.013140310109708914
31.888,-0.012455744879358126
31.892,-0.02620844320654148
31.896,-0.035894015779308834
31.9,-0.011783443590733212
31.904,-0.008524128897723263
31.908,-0.012003948998868651
31.912,-0.03321846437368975
31.916,-0.03804273865771389
31.92,-0.012407212177202023
31.924,-0.007995587432029841
31.928,-0.01969223895073376
31.932,-0.031019043208773085
31.936,-0.03668526246525286
31.94,-0.01256869604250994
31.944,-0.0013226498452232824
31.948,-0.025718228705622473
31.952,-0.010345893636600562
31.956,-0.028340785452469187
31.96,-0.012975850415791329
31.964,-0.018599240168793732
31.968,-0.005799814065220055
31.972,-0.021372337310334066
31.976,-0.034023914930656936
31.98,-0.01942388907879015
31.984,-0.013103204568193324
31.988,-0.008614632548626966
31.992,-0.023447140003537325
31.996,-0.03398002657535193
32.0,-0.02508729188815647
32.004,-0.02455667153325304
32.008,-0.017626176761424847
32.012,-0.022073758595326638
32.016,-0.04283109629364276
32.02,-0.02795746961215851
32.024,-0.0069825700762052864
32.028,-0.02453521479241265
32.032,-0.030131804900513526
32.036,-0.03793627811742769
32.04,-0.011425950859856796
32.044,-0.002501979694518014
32.048,-0.014658783409567772
32.052,-0.01547644495428926
32.056,-0.028667437958572725
32.06,-0.013355611184034276
32.064,-0.013773912019453025
32.068,-0.014581637358131954
32.072,-0.04353369339065853
32.076,-0.021173160554329624
32.08,-0.027434881158461162
32.084,-0.015861142664590325
32.088,-0.0065344126932824365
32.092,-0.028098002533713595
32.096,-0.031164796454353404
32.1,-0.01258294858329257
32.104,0.007981883842294254
32.108,-0.018772226295224455
32.112,-0.029679455691062097
32.116,-0.04961549440458372
32.12,-0.021928868619846532
32.124,-0.012246971799184898
32.128,-0.0186327611749319
32.132,-0.04121700744868546
32.136,-0.03446484208559217
32.14,-0.01167205764823758
32.144,-0.02692273063293294
32.148,-0.01399196032460329
32.152,-0.0340242417077776
32.156,-0.030095542175343378
32.16,-0.03792185561158727
32.164,-0.012061080145924332
32.168,-0.019341595283422556
32.172,-0.02988899583389702
32.176,-0.040057873339023296
32.18,-0.021555374570983655
32.184,-0.022685225202333875
32.188,-0.022318107343909148
32.192,-0.022566921840113677
32.196,-0.029656304410051508
32.2,-0.030002217252200078
32.204,-0.01650403082047505
32.208,-0.007906103770244173
32.212,-0.03117729692246507
32.216,-0.038650487561556965
32.22,-0.02117431566051634
32.224,-0.011642180122132475
32.228,-0.0306284201668309
32.232,-0.033077059325027885
32.236,-0.04332266852615453
32.24,-0.03561948303758721
32.244,-0.00934211868072958
32.248,-0.010265408415091576
32.252,-0.021564855209861976
32.256,-0.03204827344494047
32.26,-0.015362139462567795
32.264,-0.0011627265844722044
32.268,-0.01312854785113106
32.272,-0.02877720972061525
32.276,-0.028326280965664766
32.28,-0.021462456982077303
32.284,-0.004273326231126442
32.288,-0.01603149547144425
32.292,-0.02747939802701338
32.296,-0.036453821574670135
32.3,-0.028482162555663645
32.304,-0.01958891475959635
32.308,-0.015016526680567046
32.312,-0.02847418781400424
32.316,-0.03792145625032394
32.32,-0.03292445666259251
32.324,-0.009691896758336163
32.328,-0.00837254390902501
32.332,-0.0295626777681029
32.336,-0.038469786691278804
32.34,-0.027151154818599404
32.344,-0.017204409956326275
32.348,-0.019156362111199893
32.352,-0.033827416196807666
32.356,-0.039182168275154056
32.36,-0.01752100869022146
32.364,-0.00974042645170763
32.368,-0.02740668086847261
32.372,-0.04727018117629708
32.376,-0.024785767537966553
32.38,-0.03079573339294263
32.384,-0.007634260361882084
32.388,-0.018552418137794145
32.392,-0.022173913615186266
32.396,-0.027674796290600844
32.4,-0.027293854058892047
32.404,-0.026600973951610554
32.408,-0.00972215459880599
32.412,-0.03286135975504814
32.416,-0.020595365528106792
32.42,-0.027832124849906593
32.424,-0.026759677190109556
32.428,-0.0049961801905853
32.432,-0.03434847249693245
32.436,-0.04062366652537178
32.44,-0.018989103070311444
32.444,-0.010681049959206889
32.448,-0.02166887502860239
32.452,-0.024701839961315974
32.456,-0.029691900404398095
32.46,-0.032239676925862874
32.464,-0.0144087768810421
32.468,-0.016487407351573603
32.472,-0.016594234814599207
32.476,-0.0432558586941601
32.48,-0.010123641847930008
32.484,0.0006655093337585693
32.488,-0.02069999460584721
32.492,-0.027487342934653575
32.496,-0.029055010458466368
32.5,-0.023890649084293437
32.504,-0.008071259261128715
32.508,-0.027775691192401267
32.512,-0.038437488605886555
32.516,-0.041755730078439635
32.52,-0.026429179603853742
32.524,-0.027146626189567626
32.528,-0.026926496602260257
32.532,-0.025382385727280635
32.536,-0.04882778882877753
32.54,-0.023361407139696817
32.544,-0.010110754074096699
32.548,-0.029647183660550643
32.552,-0.01604196761530617
32.556,-0.033985204863011445
32.56,-0.01791819239775843
32.564,-0.01359792614179332
32.568,-0.011216911041464165
32.572,-0.020205529209034276
32.576,-0.032979444160116354
32.58,-0.0244949432259705
32.584,-0.019972194837788802
32.588,-0.010001807411987277
32.592,-0.025058959813212413
32.596,-0.01579173530085785
32.6,-0.026535798678466158
32.604,-0.00778643748260707
32.608,-0.017522409933901514
32.612,-0.027115141885075564
32.616,-0.046810279514690814
32.62,-0.016918636205338324
32.624,-0.01421375521699381
32.628,-0.019500230615149616
32.632,-0.028067228724837683
32.636,-0.023660505999464038
32.64,-0.03161224348890589
32.644,-0.015472882619133974
32.648,-0.01769137295181004
32.652,-0.028672175267070558
32.656,-0.017848787329951203
32.66,-0.030701024367797532
32.664,-0.02936107506475017
32.668,-0.01828813193726807
32.672,-0.02903620820728009
32.676,-0.029973382896332106
32.68,-0.04256446471147312
32.684,-0.011562658729092953
32.688,-0.007813177843103432
32.692,-0.03717725231477902
32.696,-0.024411098136245465
32.7,-0.03092482553273564
32.704,-0.012576049691761522
32.708,-0.014978969396216988
32.712,-0.024420173618178356
32.716,-0.03506021344100568
32.72,-0.015634565116732037
32.724,-0.008875590622255753
32.728,-0.016220731380345823
32.732,-0.027199780818042224
32.736,-0.037306837251155626
32.74,-0.023150777406316422
32.744,-0.007039806779989319
32.748,-0.00789261308300204
32.752,-0.02900631490427892
32.756,-0.03524534186116384
32.76,-0.029756503716569363
32.764,-0.0039312055056959574
32.768,-0.022270676485487948
32.772,-0.028237611379931533
32.776,-0.029188072146837038
32.78,-0.02608198535383159
32.784,-0.011884564583970011
32.788,-0.03113090576527712
32.792,-0.029122542796689584
32.796,-0.044650709413729596
32.8,-0.024059923949834708
32.804,-0.014286550926653695
32.808,-0.02172277190851664
32.812,-0.04170383946212983
32.816,-0.04172698374226085
32.82,-0.02921519248234532
32.824,-0.019432386882164615
32.828,-0.022887664013807273
32.832,-0.0001623651651617604
32.836,-0.02724860479460962
32.84,-0.0270244953728151
32.844,-0.006259826814733735
32.848,-0.039705835762277854
32.852,-0.0392251394640668
32.856,-0.04447898819300871
32.86,-0.029463889500810823
32.864,-0.02105891047708655
32.868,-0.012514808361270332
32.872,-0.030570924299566395
32.876,-0.045566660764079225
32.88,-0.014179622206766893
32.884,-0.021748102336457877
32.888,-0.025746402424538323
32.892,-0.04207898562130795
32.896,-0.032567635604289456
32.9,0.025939306260909116
32.904,0.0311940407630066
32.908,0.027698817947946663
32.912,0.012019274572252815
32.916,0.011675987077363049
32.92,0.01902729482978776
32.924,0.02104253621202582
32.928,0.01763188907835471
32.932,-0.0040057950464820885
32.936,0.013872483136629634
32.94,0.021880649867135626
32.944,0.014479750044460091
32.948,0.013219932472284736
32.952,-0.0061824317293355715
32.956,0.010503928203125783
32.96,0.02204199281693868
32.964,0.03579782918088399
32.968,0.025419482219789104
32.972,0.0138348367885813
32.976,-0.0013526171386027633
32.98,0.018011327250600177
32.984,0.022846322100195778
32.988,0.018989307826339244
32.992,0.017981954087493382
32.996,-0.002079893737739695
33.0,-0.027495879643496948
33.004,-0.009911346847626302
33.008,-0.019206774962487565
33.012,-0.04788357660171429
33.016,-0.04580139798441095
33.02,-0.030164291285712817
33.024,-0.0205783577449128
33.028,-0.012995251644767634
33.032,-0.03596653144112757
33.036,-0.02969772363248573
33.04,-0.03481672750044068
33.044,-0.022227024695132543
33.048,-0.0288447514583483
33.052,-0.013240717756429533
33.056,-0.04110211959607568
33.06,-0.029504197008931983
33.064,-0.015292938350315487
33.068,-0.026259225681293533
33.072,-0.023446390733107808
33.076,-0.04710949611581347
33.08,-0.017531049414402016
33.084,-0.02317733647497477
33.088,-0.02938459669813278
33.092,-0.03501412348505277
33.096,-0.03570644510405624
33.1,-0.026361135236933196
33.104,-0.019669108674787043
33.108,-0.024872362608600675
33.112,-0.032561563984401604
33.116,-0.049470561903369126
33.12,-0.03234945129607492
33.124,0.0006624681219534745
33.128,-0.02382205948147969
33.132,-0.036043081427389635
33.136,-0.03394877009474366
33.14,-0.03394563367124134
33.144,-0.00851293592348849
33.148,-0.030245914377637545
33.152,-0.032116875857255325
33.156,-0.036552508621041487
33.16,-0.024756211675882045
33.164,-0.022128465522311833
33.168,-0.020799028596181955
33.172,-0.03168624694498773
33.176,-0.0408772676503475
33.18,-0.040456455030291154
33.184,-0.024724460232161703
33.188,-0.02414683954496844
33.192,-0.022110494843384742
33.196,-0.04023431302014037
33.2,-0.025391403643744984
33.204,-0.016268796078514544
33.208,-0.018189616141412877
33.212,-0.030961382519218147
33.216,-0.02353837337570567
33.22,-0.02684894204421456
33.224,-0.013742883731790747
33.228,-0.008493334040019949
33.232,-0.028610366379274138
33.236,-0.038741820705686485
33.24,-0.033606664617791715
33.244,-0.02201787857965127
33.248,-0.019703730998479985
33.252,-0.029443674847550554
33.256,-0.039745472790950816
33.26,-0.024341044492831868
33.264,-0.022795705966917594
33.268,-0.03015178949004514
33.272,-0.03665227674451521
33.276,-0.03521223113151792
33.28,-0.032255270099954735
33.284,-0.00608574163872223
33.288,-0.023548505865173982
33.292,-0.024810796755569953
33.296,-0.04007995150651908
33.3,-0.028672864989795523
33.304,-0.02443184065699651
33.308,-0.02083262934216542
33.312,-0.04567681020429243
33.316,-0.044002539730107364
33.32,-0.03656335151639809
33.324,-0.009665885223872113
33.328,-0.020471156554004503
33.332,-0.037588750697287066
33.336,-0.047900723223278464
33.34,-0.03519001775105666
33.344,-0.024922523506677605
33.348,-0.016860276341746104
33.352,-0.023947019158310438
33.356,-0.03249700484796937
33.36,-0.02771238605097963
33.364,-0.007111393070417494
33.368,-0.011600732755210343
33.372,-0.029003240188540603
33.376,-0.036673510479172985
33.38,-0.019294718245408113
33.384,-0.010929412099726053
33.388,-0.036741256020999855
33.392,-0.024215641323365275
33.396,-0.03551234733571096
33.4,-0.03164046045279706
33.404,-0.021218649094450016
33.408,-0.021488410069842038
33.412,-0.03271151265096625
33.416,-0.04065614294374829
33.42,-0.017683657018912672
33.424,-0.007804767178329711
33.428,-0.025711488878744033
33.432,-0.04510496727419251
33.436,-0.025311219361225233
33.44,-0.017715276418105892
33.444,-0.021946593232365315
33.448,-0.010392588599952438
33.452,-0.03562508015848989
33.456,-0.036971800130988976
33.46,-0.017643856789385515
33.464,-0.01563057708333128
33.468,-0.0315706388111653
33.472,-0.023741296669814352
33.476,-0.040402587376606104
33.48,-0.025794591936355235
33.484,-0.012204329427685965
33.488,-0.025499580741753482
33.492,-0.020265080204436077
33.496,-0.03559876960785256
33.5,-0.02733029593432945
33.504,-0.025689233044697213
33.508,-0.009399329972913869
33.512,-0.0389630988979636
33.516,-0.03579816070397698
33.52,-0.024648455827553793
33.524,-0.016775402949566632
33.528,-0.008031017927830782
33.532,-0.019564185898596802
33.536,-0.030434341971060735
33.54,-0.02874080240805798
33.544,-0.0398816603212714
33.548,-0.017674175519603486
33.552,-0.025641818364190185
33.556,-0.019832170101940723
33.56,-0.026225207270437357
33.564,-0.00613179410333309
33.568,-0.022204840880240304
33.572,-0.03692904493138354
33.576,-0.039479258675304774
33.58,-0.034395242040635786
33.584,-0.007997922058682452
33.588,-0.034802862740590045
33.592,-0.021520807878692153
33.596,-0.03615124214474357
33.6,-0.01996436472638683
33.604,-0.011982536725351944
33.608,-0.01778712627942662
33.612,-0.031852655205060414
33.616,-0.03393224050171645
33.62,-0.024120695195806764
33.624,-0.022395675811273608
33.628,-0.031243675107140396
33.632,-0.0449707879801197
33.636,-0.029926721034341675
33.64,-0.014398353760862386
33.644,-0.019879703822525678
33.648,-0.0345916410381844
33.652,-0.035148433106488255
33.656,-0.03181546831037957
33.66,-0.037621666012472896
33.664,-0.019521953346761104
33.668,-0.029413439311447874
33.672,-0.03045486552899745
33.676,-0.03858340302524314
33.68,-0.03770392489943506
33.684,-0.02981737264251818
33.688,-0.020643006766079715
33.692,-0.020718183842100453
33.696,-0.03442107747484921
33.7,-0.03287406173793331
33.704,-0.013213754299093054
33.708,-0.026170686693887335
33.712,-0.02819634330848151
33.716,-0.04158898587816899
33.72,-0.02181117893545524
33.724,-0.022094724837430673
33.728,-0.018689572706742076
33.732,-0.03853137527544977
33.736,-0.025045696103539152
33.74,-0.02955932955412424
33.744,-0.03222002609898156
33.748,-0.02053871537781703
33.752,-0.03848506416525115
33.756,-0.02918890580901909
33.76,-0.028504819434977187
33.764,-0.018955142666407947
33.768,-0.015623204280523334
33.772,-0.02984468662725488
33.776,-0.038518486152517836
33.78,-0.021007686403705872
33.784,-0.00122026026489392
33.788,-0.02143327786454099
33.792,-0.030816624103228493
33.796,-0.02211649711109441
33.8,-0.026024368798625606
33.804,-0.008197488212341095
33.808,-0.011935967151664692
33.812,-0.024162348084434515
33.816,-0.033062371816909554
33.82,-0.021848307493865446
33.824,-0.02229643797092837
33.828,-0.016405189689322683
33.832,-0.027151966856434204
33.836,-0.036799045401038455
33.84,-0.01979017600169529
33.844,-0.02465642629888539
33.848,-0.01657660957904988
33.852,-0.036997000473061495
33.856,-0.045274046979792155
33.86,-0.024404097657768475
33.864,-0.020347404106614352
33.868,-0.009992928191128224
33.872,-0.04714710693180213
33.876,-0.04211571964715294
33.88,-0.04257322005597636
33.884,-0.018343184088854513
33.888,-0.017183959697986313
33.892,-0.03286472738405215
33.896,-0.047026770031063515
33.9,-0.015911670443624237
33.904,-0.006152423058170424
33.908,-0.030297988856723246
33.912,-0.030947864846126032
33.916,-0.047404316898990925
33.92,-0.03353495690662863
33.924,-0.015682881884639004
33.928,-0.019391103773817538
33.932,-0.04239782363271354
33.936,-0.01765274816964199
33.94,-0.020699440340325843
33.944,-0.013487305900377774
33.948,-0.0208136534544792
33.952,-0.02368648384939253
33.956,-0.034599387246106984
33.96,-0.015825272016930646
33.964,-0.009794040613912286
33.968,-0.012786552486138565
33.972,-0.01982498964191456
33.976,-0.0415186521170988
33.98,-0.020034663747926007
33.984,-0.00705997978411578
33.988,-0.012348225387066767
33.992,-0.031454850771517426
33.996,-0.05461003220272936
34.0,-0.032001201743796226
34.004,-0.012165434764279568
34.008,-0.017413962126503237
34.012,-0.02355117684270161
34.016,-0.029980188400076935
34.02,-0.0361207198463815
34.024,-0.01708525821719689
34.028,-0.023914608993331074
34.032,-0.03206937744132044
34.036,-0.042999437709102716
34.04,-0.024517871678848942
34.044,-0.019626791472214692
34.048,-0.014848311997243216
34.052,-0.037641673664600805
34.056,-0.036703477974495254
34.06,-0.01375833466453762
34.064,-0.020070280091043342
34.068,-0.03503067615417285
34.072,-0.03485504584309656
34.076,-0.045268208093203643
34.08,-0.024971453435987057
34.084,-0.007183096122098276
34.088,-0.014868442136951349
34.092,-0.021597256195977917
34.096,-0.0448210649401204
34.1,-0.03469921972417318
34.104,-0.02483406331163253
34.108,-0.039812202616270234
34.112,-0.01645521391552765
34.116,-0.04588583297979521
34.12,-0.014631224693691342
34.124,-0.0011211287937998964
34.128,-0.00675385052634668
34.132,-0.028389445582945226
34.136,-0.038159029657282614
34.14,-0.028108232542723186
34.144,-0.01562733024227319
34.148,-0.020972791052476653
34.152,-0.03555765408561902
34.156,-0.041752462636071366
34.16,-0.026120063047059393
34.164,-0.021605251298751488
34.168,-0.0189658934793224
34.172,-0.0423482151529522
34.176,-0.054200281175464854
34.18,-0.030943973249344427
34.184,-0.011053092540632909
34.188,-0.015053871422970447
34.192,-0.03815377426838699
34.196,-0.03186863385818849
34.2,-0.03478747506825418
34.204,-0.026503777415544324
34.208,-0.02232422587222816
34.212,-0.030492540551590418
34.216,-0.03885082040877827
34.22,-0.028946553130618034
34.224,-0.026635644459234185
34.228,-0.028903418307837186
34.232,-0.042731861716312616
34.236,-0.0369199770018123
34.24,-0.03957387156380839
34.244,-0.020453578704673583
34.248,-0.02886280679645229
34.252,-0.034295868339654464
34.256,-0.030666927898546522
34.26,-0.014651106422560971
34.264,-0.024599098668640792
34.268,-0.023626630790177964
34.272,-0.02156752556636201
34.276,-0.04217593584764265
34.28,-0.0379194937259003
34.284,-0.028496807548040737
34.288,-0.013941536878247954
34.292,-0.01641797943882744
34.296,-0.026769531896025493
34.3,-0.021482415440531887
34.304,-0.0175950330342262
34.308,-0.021623959837647932
34.312,-0.03549634419691557
34.316,-0.03633803201000448
34.32,-0.025716576550577283
34.324,-0.022913782063710704
34.328,-0.013340892865916977
34.332,-0.03162249029592437
34.336,-0.0378652348992877
34.34,-0.012049311743413537
34.344,-0.011310882252044789
34.348,-0.018084168847098292
34.352,-0.04639678343875078
34.356,-0.042943839789944746
34.36,-0.02996427124923078
34.364,-0.01802592070792575
34.368,-0.02119501619336119
34.372,-0.034887805599359334
34.376,-0.038371310679945925
34.38,-0.01288352302526306
34.384,-0.02014835190768836
34.388,-0.034587722355730356
34.392,-0.03429638962659678
34.396,-0.058243449222131496
34.4,-0.04372659278206013
34.404,-0.011107285678354211
34.408,-0.01875133442028558
34.412,-0.03472731748024005
34.416,-0.027247654887948128
34.42,-0.04279737000179314
34.424,-0.013592755432893814
34.428,-0.011370469812120048
34.432,-0.03349103778120865
34.436,-0.02855969101930181
34.44,-0.02443861424318675
34.444,-0.02210382457798313
34.448,-0.01391471578450971
34.452,-0.05565232041171602
34.456,-0.03717778481923021
34.46,-0.04075563375910782
34.464,-0.011670424792551995
34.468,-0.03885060790685135
34.472,-0.037530776635806146
34.476,-0.031473237296565766
34.48,-0.0333466510440464
34.484,-0.025157477624995074
34.488,-0.026533010921848402
34.492,-0.02866991060023566
34.496,-0.03287194615574688
34.5,-0.01737770493312301
34.504,-0.031230104746579362
34.508,-0.017101636285908006
34.512,-0.03086626044598024
34.516,-0.04371545509004688
34.52,-0.02779459783901363
34.524,-0.019176135709258624
34.528,-0.029924054878979554
34.532,-0.03410817145046716
34.536,-0.03211816954115652
34.54,-0.033642296802139794
34.544,-0.01807506630653048
34.548,-0.03219672813275101
34.552,-0.024817559191105364
34.556,-0.05217124105693855
34.56,-0.02948668426161941
34.564,0.0003541379914595716
34.568,-0.0362964855203908
34.572,-0.021984687209998112
34.576,-0.05096842489550918
34.58,-0.03624220231918663
34.584,-0.01543760669367487
34.588,-0.015348039260683767
34.592,-0.028291778315558208
34.596,-0.03683897094406186
34.6,-0.039114147085352685
34.604,-0.04029495871557211
34.608,-0.014613632928063886
34.612,-0.04121039258495688
34.616,-0.0211996030538171
34.62,-0.023586244208832898
34.624,-0.024751512888916083
34.628,-0.01631003002656882
34.632,-0.0411047248790603
34.636,-0.06143113256095005
34.64,-0.03766408345337549
34.644,-0.020088092734309136
34.648,-0.02722287899537555
34.652,-0.02186149747427778
34.656,-0.04252654263203167
34.66,-0.015710440404579536
34.664,-0.029650225803312266
34.668,-0.03187701716228669
34.672,-0.031596258913827995
34.676,-0.03612364012876499
34.68,-0.015590620932431529
34.684,-0.02295841059381871
34.688,-0.017784585508500893
34.692,-0.03851654318413983
34.696,-0.053941675321017374
34.7,-0.03244407417033954
34.704,-0.021928614992007697
34.708,-0.015160283726067144
34.712,-0.04255757775032305
34.716,-0.029147074506343882
34.72,-0.019217048652867455
34.724,-0.0019674550157157585
34.728,-0.014381986183645593
34.732,-0.028118754542358643
34.736,-0.042692390829074923
34.74,-0.03348908632698071
34.744,-0.011028450229958221
34.748,-0.008227923543158603
34.752,-0.04798312959785022
34.756,-0.02988797034211977
34.76,-0.027882930646288495
34.764,-0.012621391472274153
34.768,-0.016653898743052932
34.772,-0.03373733633501693
34.776,-0.03838758246855109
34.78,-0.02649334445194914
34.784,-0.012090323114566627
34.788,-0.028259909547258773
34.792,-0.04628545562771803
34.796,-0.04409338960627497
34.8,-0.018628524978905985
34.804,0.001253142095077455
34.808,-0.022393502081167953
34.812,-0.033876232950993554
34.816,-0.027230696637966068
34.82,-0.02203259830443275
34.824,-0.013848368502712208
34.828,-0.010977526565500858
34.832,-0.03180627558199423
34.836,-0.05659827560667978
34.84,-0.040027197866045444
34.844,-0.01223711238305171
34.848,-0.018822108778242422
34.852,-0.02845312886609377
34.856,-0.02620245055501283
34.86,-0.020799078848426168
34.864,-0.04021022514364735
34.868,-0.024815809440862042
34.872,-0.0326137499875796
34.876,-0.04141050294830063
34.88,-0.023572658624187705
34.884,0.004387277363293227
34.888,-0.006490666913331937
34.892,-0.04895447675020754
34.896,-0.031140424019452967
34.9,-0.027790132257659066
34.904,-0.023819698949304163
34.908,-0.035874972864979926
34.912,-0.02279960556815886
34.916,-0.03226467292144647
34.92,-0.021912440063490635
34.924,-0.007648753891639505
34.928,-0.025684135054419445
34.932,-0.04333976421629603
34.936,-0.04851618380048966
34.94,-0.019442714404141824
34.944,-0.02220352758869401
34.948,-0.026717169080018137
34.952,-0.024127279218844472
34.956,-0.03852044674748939
34.96,-0.029870505734857375
34.964,-0.01739852941425273
34.968,-0.015691937703551123
34.972,-0.03505129760421479
34.976,-0.03606730752327477
34.98,-0.0228619140463676
34.984,-0.03428489329682568
34.988,-0.03518141549957954
34.992,-0.037796994623707066
34.996,-0.047888477777218864
35.0,-0.031793389015038455
35.004,-0.021315769886321643
35.008,-0.03429552814714837
35.012,-0.03939032850648016
35.016,-0.04026393993439487
35.02,-0.035576847539794766
35.024,-0.007762263315374553
35.028,-0.030928509785931382
35.032,-0.032021820888878574
35.036,-0.034647121595950924
35.04,-0.01719483309853345
35.044,-0.013453795951170015
35.048,-0.029059301025813417
35.052,-0.04298308282002687
35.056,-0.04157371507056164
35.06,-0.02831773961520622
35.064,-0.024433479515453965
35.068,-0.0025589286223429673
35.072,-0.018752679038755403
35.076,-0.028994163410011126
35.08,-0.026000380460274614
35.084,-0.017010930628027356
35.088,-0.028508865476938053
35.092,-0.03236338718039107
35.096,-0.03705255502463201
35.1,-0.02255772827002029
35.104,-0.03880133366928644
35.108,-0.017639066747832666
35.112,-0.040831488526267896
35.116,-0.0407842871920469
35.12,-0.03088603141778201
35.124,-0.012850732861794471
35.128,-0.03618291482217946
35.132,-0.02681558754334307
35.136,-0.03427041246520039
35.14,-0.023586392473496073
35.144,-0.03150249851254362
35.148,-0.030697213550739268
35.152,-0.02910475055363932
35.156,-0.03741262969638775
35.16,-0.02095481982994044
35.164,-0.03183628758015238
35.168,-0.025376507899571715
35.172,-0.027558894247027364
35.176,-0.05987624735392656
35.18,-0.027578517446916733
35.184,0.0035872224963240835
35.188,-0.036447759924489
35.192,-0.02956276107091954
35.196,-0.0419245210095277
35.2,-0.03979195138944991
35.204,-0.01613817745467201
35.208,-0.012925135702766696
35.212,-0.025353923015155152
35.216,-0.03260489631096831
35.22,-0.025013144431638244
35.224,-0.033091061739447876
35.228,-0.015669635392857265
35.232,-0.0359261521801899
35.236,-0.04676369882027416
35.24,-0.03756800675843657
35.244,-0.02127799508838572
35.248,-0.02827686279550603
35.252,-0.030574885144533888
35.256,-0.04088054768087529
35.26,-0.04103521891918885
35.264,-0.031488853788531106
35.268,-0.03249748940437361
35.272,-0.03117118722957978
35.276,-0.030805634844957786
35.28,-0.017985675259554246
35.284,-0.01966354916907613
35.288,-0.019025571502351523
35.292,-0.032780448081864214
35.296,-0.03818968589599918
35.3,-0.031119783537289086
35.304,-0.022849519931990057
35.308,-0.01142985851482457
35.312,-0.03598994779439668
35.316,-0.02321685185479666
35.32,-0.0386590513101319
35.324,-0.012964931523490809
35.328,-0.028150566942066548
35.332,-0.03740612604410204
35.336,-0.0428666377338386
35.34,-0.044231840584592515
35.344,-0.029016307984563523
35.348,-0.018058693135734317
35.352,-0.028035305098586375
35.356,-0.04414261031364686
35.36,-0.02664546352259523
35.364,-0.01563509451445236
35.368,-0.014060703444581284
35.372,-0.03457974370883286
35.376,-0.024556713023010168
35.38,-0.030465929444324396
35.384,-0.012858531859048238
35.388,-0.02500253036000113
35.392,-0.03486313112434937
35.396,-0.032050245614924144
35.4,-0.037336290721687426
35.404,-0.010303004159237406
35.408,-0.03283046379172069
35.412,-0.031011079665750944
35.416,-0.042110398789199095
35.42,-0.03336153354890672
35.424,-0.018105616860521655
35.428,-0.01805572052642415
35.432,-0.03560776248547313
35.436,-0.040335750641284744
35.44,-0.03640012841494347
35.444,-0.014874462126018877
35.448,-0.017153350087106382
35.452,-0.0312712090505945
35.456,-0.03852611327541021
35.46,-0.028035880761783625
35.464,-0.013193109231986798
35.468,-0.036978737845275014
35.472,-0.042306040876034456
35.476,-0.03084835786838073
35.48,-0.03300288634481359
35.484,-0.02192679654724907
35.488,-0.031729440082993964
35.492,-0.03553099028136944
35.496,-0.021286261453060146
35.5,-0.015600285912495522
35.504,-0.020330981179125338
35.508,-0.0176840658235104
35.512,-0.038912238670510475
35.516,-0.03185638857782559
35.52,-0.03684311125591028
35.524,-0.020251382121012275
35.528,-0.027602474637093467
35.532,-0.035990683593068916
35.536,-0.05013443794514375
35.54,-0.02465318964924755
35.544,-0.0263446542713449
35.548,-0.017719301499221705
35.552,-0.044991423674739225
35.556,-0.037405886138523255
35.56,-0.02285715007675879
35.564,-0.021478151440911676
35.568,-0.024183722895989395
35.572,-0.037155396923516014
35.576,-0.045995482659522746
35.58,-0.024348551820899164
35.584,-0.024035914697138873
35.588,-0.02064475633523041
35.592,-0.03134967551111361
35.596,-0.04355070912342981
35.6,-0.022005421934746767
35.604,-0.025320796312844937
35.608,-0.0299302877732396
35.612,-0.04195528494145898
35.616,-0.03763301314293872
35.62,-0.044396881166789436
35.624,-0.023236666922740283
35.628,-0.025256369442207775
35.632,-0.03592046756255367
35.636,-0.04403568410059387
35.64,-0.03406984216432058
35.644,-0.006772593946358834
35.648,-0.00687151088961923
35.652,-0.026006497826175423
35.656,-0.044099856339139175
35.66,-0.023107043236832575
35.664,-0.02503854778008894
35.668,-0.02547300132735976
35.672,-0.026131157699395568
35.676,-0.03716720333739027
35.68,-0.032839364722555484
35.684,7.916411438728399e-05
35.688,-0.02035453979298059
35.692,-0.04662283935964509
35.696,-0.03649868535667499
35.7,-0.032401831395839076
35.704,-0.026487204844448317
35.708,-0.03514036943139375
35.712,-0.049241702420272024
35.716,-0.032765092714900614
35.72,-0.035725027027893194
35.724,-0.018060374123906216
35.728,-0.03395547231382637
35.732,-0.040227798545018054
35.736,-0.04159201428772721
35.74,-0.013698540858283889
35.744,-0.020169506082816556
35.748,-0.024679715654583528
35.752,-0.032733833509833894
35.756,-0.048018164574871396
35.76,-0.04944052903692271
35.764,-0.023419833510858343
35.768,-0.015687559146411893
35.772,-0.04061780362112269
35.776,-0.03805511341919771
35.78,-0.025342356429480687
35.784,-0.03274490766172396
35.788,-0.024244444231896364
35.792,-0.02655071111795594
35.796,-0.03484917691984538
35.8,-0.03170627272542637
35.804,-0.020876310306875596
35.808,-0.015649709366105886
35.812,-0.03546828713509195
35.816,-0.03181526884805218
35.82,-0.0236028609477427
35.824,-0.029467426841514578
35.828,-0.02099137553736713
35.832,-0.04491536335347035
35.836,-0.050412776323621566
35.84,-0.03829067752827461
35.844,-0.026318901863623272
35.848,-0.0089343512729319
35.852,-0.02223994133030229
35.856,-0.03380896092164466
35.86,-0.02614873393369672
35.864,-0.020495320102843422
35.868,-0.00845888730228748
35.872,-0.030333559879449662
35.876,-0.032482541806782485
35.88,-0.02315262254622689
35.884,-0.013972097761527157
35.888,-0.013192805748612162
35.892,-0.04333404940579032
35.896,-0.03765489689026859
35.9,-0.025402886507188124
35.904,-0.015226313616218463
35.908,-0.024429704182849666
35.912,-0.030611407994202013
35.916,-0.03484594939691834
35.92,-0.030536991268400378
35.924,-0.025584932834358476
35.928,-0.02798886515229213
35.932,-0.042826045715618336
35.936,-0.046476769204683716
35.94,-0.022321137176557135
35.944,-0.012581083552957662
35.948,-0.01919052001090383
35.952,-0.03778182093128686
35.956,-0.0282571016183637
35.96,-0.026750038924258507
35.964,-0.01739309854066344
35.968,-0.011745439595252883
35.972,-0.03779006880845533
35.976,-0.046791307292345444
35.98,-0.0201039009915923
35.984,-0.014483382955730921
35.988,-0.023819215386307487
35.992,-0.028437205771231024
35.996,-0.03757700866023477
36.0,-0.024556565675088987
36.004,-0.022483451064012044
36.008,-0.03960425403388696
36.012,-0.03650544715570397
36.016,-0.043381583458587065
36.02,-0.028513000767971863
36.024,-0.019768537415126713
36.028,-0.03279502821412676
36.032,-0.029466014576805793
36.036,-0.041840504492869066
36.04,-0.02040233327507416
36.044,-0.02270662216308907
36.048,-0.03467394040785996
36.052,-0.03388329859174207
36.056,-0.04111511960824226
36.06,-0.030105233898302938
36.064,-0.016033509522741726
36.068,-0.027430610909979794
36.072,-0.04056990182368459
36.076,-0.039799243002035446
36.08,-0.03226531904366542
36.084,-0.022588642696385886
36.088,-0.020797341265965334
36.092,-0.024709992445225412
36.096,-0.04456137229639604
36.1,-0.025936318140284194
36.104,-0.032883054181628825
36.108,-0.022677198757800932
36.112,-0.03168497851875294
36.116,-0.05286661099100979
36.12,-0.032913415377092824
36.124,-0.011862442068145301
36.128,-0.009157120710258058
36.132,-0.03695335467585347
36.136,-0.03835258959613783
36.14,-0.03530890485729163
36.144,-0.013543161275787254
36.148,-0.036738448344210126
36.152,-0.02866847696141093
36.156,-0.03915480725079966
36.16,-0.024128707783200504
36.164,-0.03419336854842271
36.168,-0.02373628838242069
36.172,-0.03772870460719266
36.176,-0.04104988731691501
36.18,-0.035943205418312356
36.184,-0.011896206028140864
36.188,-0.022053660663950928
36.192,-0.045391663472889386
36.196,-0.05027295652696301
36.2,-0.02820754647764133
36.204,-0.02647197805268093
36.208,-0.020395737252561934
36.212,-0.02553638935145003
36.216,-0.02575460663326027
36.22,-0.03627183370182816
36.224,-0.020713504606501124
36.228,-0.02818805337099204
36.232,-0.02929922893846454
36.236,-0.032259488442358666
36.24,-0.022629151608251012
36.244,-0.01755124568949649
36.248,-0.022814039445159542
36.252,-0.033501046925388904
36.256,-0.041017174367548204
36.26,-0.047991091216708054
36.264,-0.01608593091521063
36.268,-0.023979583810378874
36.272,-0.03734493018353907
36.276,-0.0402522885521339
36.28,-0.043230885317798916
36.284,-0.02135083176685523
36.288,-0.02391387702312247
36.292,-0.023493725771751614
36.296,-0.041740775856603705
36.3,-0.024871924241034248
36.304,-0.024611716233230344
36.308,-0.036319047807492566
36.312,-0.05172745968590407
36.316,-0.039424873892837414
36.32,-0.031753108174286705
36.324,-0.02062160704923758
36.328,-0.007033092245994216
36.332,-0.023873530918782408
36.336,-0.04043072264007026
36.34,-0.03511956682465265
36.344,-0.020909392330729522
36.348,-0.03373875735852904
36.352,-0.03421303083145147
36.356,-0.04462392919045556
36.36,-0.03957303860486286
36.364,-0.013963362859583493
36.368,-0.02572673453775155
36.372,-0.050672585628534605
36.376,-0.02829022032629793
36.38,-0.026205676412877858
36.384,-0.04060686955441814
36.388,-0.03316664603756962
36.392,-0.03438388244681712
36.396,-0.049919537028892104
36.4,-0.04412487663921366
36.404,-0.02068691734501847
36.408,-0.03407580629174116
36.412,-0.04003670976281501
36.416,-0.0473022013946713
36.42,-0.03429292836533536
36.424,-0.02129121883850667
36.428,-0.030591475935533633
36.432,-0.032179033231374804
36.436,-0.0470977272676111
36.44,-0.028839464625697496
36.444,-0.01650590072420444
36.448,-0.03204295919128074
36.452,-0.02600749944148791
36.456,-0.033607164435446424
36.46,-0.023485225808859277
36.464,-0.021460366080781047
36.468,-0.02808673241489585
36.472,-0.04125097418151513
36.476,-0.04793721138964817
36.48,-0.026086581584710382
36.484,-0.008882869434783076
36.488,-0.018069137546628
36.492,-0.026640770394704163
36.496,-0.03762327016827824
36.5,-0.030394873805529674
36.504,-0.016062168199750954
36.508,-0.01971582821228546
36.512,-0.045988625897622926
36.516,-0.04239248509281482
36.52,-0.02684534032865179
36.524,-0.03617040961559426
36.528,-0.018478541156556765
36.532,-0.044108386326171554
36.536,-0.04566403044262564
36.54,-0.024369754916165557
36.544,-0.017698764641177506
36.548,-0.022022794838419343
36.552,-0.03685152360356465
36.556,-0.03463879708198474
36.56,-0.025679463488309847
36.564,-0.023394069856486083
36.568,-0.016015884805422737
36.572,-0.034637964051243225
36.576,-0.04253478433592467
36.58,-0.026096112964042583
36.584,-0.012228849841008466
36.588,-0.012460283555585178
36.592,-0.028656342499760134
36.596,-0.032144830025882566
36.6,-0.03466041310493728
36.604,-0.01601454581764971
36.608,-0.029534968527668914
36.612,-0.04781284401693396
36.616,-0.053593919144860176
36.62,-0.027815590363841028
36.624,-0.026817003844455563
36.628,-0.030360189151684945
36.632,-0.036933836179793136
36.636,-0.03405353623294396
36.64,-0.022116802673424807
36.644,-0.03059160229770283
36.648,-0.013811978859013542
36.652,-0.0300260030811414
36.656,-0.04048711057491855
36.66,-0.038628266327843455
36.664,-0.025326775154736178
36.668,-0.04103342970486221
36.672,-0.03420647639024984
36.676,-0.04569419540304554
36.68,-0.04753260256623186
36.684,-0.019051970221680047
36.688,-0.01763504597988134
36.692,-0.036239823124282686
36.696,-0.034308738928197746
36.7,-0.04319871525027737
36.704,-0.014429577163821039
36.708,-0.042154662831238525
36.712,-0.03651790300319589
36.716,-0.0325633051526782
36.72,-0.02354115834212144
36.724,-0.01976078975341275
36.728,-0.025567159040260145
36.732,-0.03985474986356917
36.736,-0.05465342789031265
36.74,-0.029679427748742063
36.744,-0.00517803093073438
36.748,-0.02254081842787537
36.752,-0.047370567034858604
36.756,-0.03800445149451113
36.76,-0.038205125488004144
36.764,-0.01982796702507539
36.768,-0.03086496683880965
36.772,-0.028146907258407322
36.776,-0.035012867356503066
36.78,-0.02950108901728803
36.784,-0.023264017614094447
36.788,-0.015595644875947907
36.792,-0.030233056906832128
36.796,-0.041378464544733394
36.8,-0.03230284419608447
36.804,-0.024897253582488628
36.808,-0.00977659228832764
36.812,-0.03696582923669449
36.816,-0.04128713112806841
36.82,-0.03366233713667531
36.824,-0.012295232710860542
36.828,-0.007063278343572021
36.832,-0.04127625417060692
36.836,-0.04613541974076175
36.84,-0.03621107383098135
36.844,-0.024444414945682336
36.848,-0.01314083456611582
36.852,-0.03922359487913401
36.856,-0.03362781586775581
36.86,-0.03703028166871693
36.864,-0.02111236743890926
36.868,-0.036399779535473006
36.872,-0.02847286845687205
36.876,-0.04458685836816811
36.88,-0.01887527068197904
36.884,-0.02279208255770171
36.888,-0.027438280983117975
36.892,-0.033187579598031244
36.896,-0.02848604981882001
36.9,-0.026527634769365867
36.904,-0.014820162046658161
36.908,-0.02634200888215498
36.912,-0.02751564896990801
36.916,-0.035588805491014376
36.92,-0.02687440170430304
36.924,-0.02209200063918564
36.928,-0.032026025015593186
36.932,-0.04367904512548802
36.936,-0.039568282626530574
36.94,-0.02457993429957525
36.944,-0.019439438118996524
36.948,-0.024708879935153135
36.952,-0.032153703076898195
36.956,-0.04964707337589483
36.96,-0.045363474320605446
36.964,-0.02107840814987895
36.968,-0.00994805457892556
36.972,-0.030380311449290317
36.976,-0.04611113290526077
36.98,-0.02008089188140172
36.984,-0.03444083327200264
36.988,-0.0253047570646809
36.992,-0.037806832668542734
36.996,-0.048472220863524436
37.0,-0.03152080788988307
37.004,-0.023304916911512385
37.008,-0.023144300954534326
37.012,-0.04277470239963951
37.016,-0.02942006217900572
37.02,-0.022806404908057874
37.024,-0.0031541497520704426
37.028,-0.024674316550308065
37.032,-0.02748383485172303
37.036,-0.04024921867036668
37.04,-0.032770879369953106
37.044,-0.034732627207702815
37.048,-0.01886547533188267
37.052,-0.043787659859134596
37.056,-0.029173173393580557
37.06,-0.01993456382684059
37.064,-0.02392469116694958
37.068,-0.022847769983279417
37.072,-0.024796354698530233
37.076,-0.04673916236044553
37.08,-0.03933893133043995
37.084,-0.020159046231482635
37.088,-0.01626481324138412
37.092,-0.041033963438495094
37.096,-0.05116756353021951
37.1,-0.02780718855831703
37.104,-0.019593710169625994
37.108,-0.01767431160043377
37.112,-0.032293719718932724
37.116,-0.04350044148105606
37.12,-0.03345474467293158
37.124,-0.013352321834226645
37.128,-0.02923462215305181
37.132,-0.04758329518054627
37.136,-0.021878578426323892
37.14,-0.03147828245276998
37.144,-0.02643310545361513
37.148,-0.03194216433726266
37.152,-0.03259956205386042
37.156,-0.038299785953710475
37.16,-0.036389381753978586
37.164,-0.022396246533281004
37.168,-0.004320552890617876
37.172,-0.03692939542372085
37.176,-0.03247561132406206
37.18,-0.027727201656590036
37.184,-0.0017644294105055407
37.188,-0.009935080815837773
37.192,-0.025707637933372524
37.196,-0.037832320541896294
37.2,-0.02520759429847133
37.204,-0.02285286434317535
37.208,-0.03614830301407977
37.212,-0.03930483833342043
37.216,-0.045479017726841285
37.22,-0.01701733593186638
37.224,-0.025525801566488097
37.228,-0.016733107248957286
37.232,-0.025878927702482298
37.236,-0.050165428562964576
37.24,-0.04372927331355477
37.244,-0.010034059315075483
37.248,-0.02754612612297412
37.252,-0.03694928152513513
37.256,-0.039107117299894856
37.26,-0.03496791080033759
37.264,-0.01689699638449769
37.268,-0.015183008262650675
37.272,-0.03962018189547524
37.276,-0.04097810758685228
37.28,-0.026079409679210536
37.284,-0.028142550380167233
37.288,-0.037827835305159804
37.292,-0.04398624963963251
37.296,-0.028494233374386557
37.3,-0.0352854580639248
37.304,-0.015926627075093118
37.308,-0.026562978681383118
37.312,-0.018871541354732256
37.316,-0.032993230679673524
37.32,-0.0320380678239108
37.324,-0.025007468648128733
37.328,-0.016430265038786508
37.332,-0.012872378668270342
37.336,-0.03313405394177667
37.34,-0.03164676822873141
37.344,-0.034911536164177366
37.348,-0.017526034301899838
37.352,-0.04101183857398064
37.356,-0.04624718956720001
37.36,-0.02953856925811076
37.364,-0.025288450168138223
37.368,-0.027506662343212234
37.372,-0.03335995819084528
37.376,-0.049553334087872034
37.38,-0.027532065642429104
37.384,-0.01074192982317635
37.388,-0.01924522110855312
37.392,-0.030457675661038262
37.396,-0.04674349265591276
37.4,-0.03216661663201222
37.404,-0.015860543831632164
37.408,-0.01568527536253691
37.412,-0.02389532115282081
37.416,-0.036789582324233225
37.42,-0.01702664493364259
37.424,-0.031281433171865755
37.428,-0.011646556532438554
37.432,-0.043236478452071
37.436,-0.022307357164921455
37.44,-0.03234439208935284
37.444,-0.028630259701609248
37.448,-0.03116581934190647
37.452,-0.04742456728035627
37.456,-0.043752074344168064
37.46,-0.054448620397741045
37.464,-0.03654839685902386
37.468,-0.030678241346741086
37.472,-0.039085228462620365
37.476,-0.042393537255895494
37.48,-0.03125817883665277
37.484,-0.014646921547641769
37.488,-0.034927868816936145
37.492,-0.041041923330590535
37.496,-0.037510221756609376
37.5,-0.02784861455929162
37.504,-0.022299690344467042
37.508,-0.010741805039438704
37.512,-0.038868582220683255
37.516,-0.03297801534952209
37.52,-0.03036378730979455
37.524,-0.022331844202956995
37.528,-0.021727115143340765
37.532,-0.026101639681486582
37.536,-0.04963765290381132
37.54,-0.029556327876712363
37.544,-0.01700216620363838
37.548,-0.019810350140057865
37.552,-0.037229482974545494
37.556,-0.028889931088868843
37.56,-0.014447134757000131
37.564,-0.013189949262967965
37.568,-0.022442337253053512
37.572,-0.02906291442184494
37.576,-0.045459173379597345
37.58,-0.013768733054475516
37.584,-0.016554067867235147
37.588,-0.01412833096824203
37.592,-0.03231831627523717
37.596,-0.048099166509707636
37.6,0.013742376417457585
37.604,0.02089246628947854
37.608,0.013486093389693941
37.612,-0.002615516656795002
37.616,-0.0015314837283987677
37.62,0.004026161010287183
37.624,0.023683357342082774
37.628,0.02130998566283553
37.632,0.008525861414684387
37.636,0.006545076077052381
37.64,0.011120372013280541
37.644,0.019902570645219348
37.648,0.024251594306710117
37.652,0.003381572262545859
37.656,-0.0153750729565225
37.66,0.03187680627560828
37.664,0.025957608592699077
37.668,0.01819803531823
37.672,-0.000642664809472602
37.676,0.007298479290647235
37.68,0.004513035196239893
37.684,0.014592871441874483
37.688,0.015397867636343753
37.692,-0.010480577764532456
37.696,0.0010976649259483893
37.7,-0.04332662476022514
37.704,-0.010327278671714532
37.708,-0.01932977434131785
37.712,-0.04198446386124304
37.716,-0.04655750213374925
37.72,-0.030328189693436165
37.724,-0.013876702865418193
37.728,-0.024153164400430086
37.732,-0.03572742423904798
37.736,-0.025328473482871074
37.74,-0.04722746478369448
37.744,-0.013265448758122007
37.748,-0.02811800178002873
37.752,-0.025888458763760676
37.756,-0.031579064733032236
37.76,-0.01986450687449809
37.764,-0.0044843156591674
37.768,-0.020924805454377977
37.772,-0.04426248361679806
37.776,-0.04395576171843595
37.78,-0.033997317996483895
37.784,-0.03525884632156284
37.788,-0.026219663962729924
37.792,-0.03700609837530709
37.796,-0.03299031713539269
37.8,-0.0312000528951505
37.804,-0.03210086726864835
37.808,-0.022898486690971904
37.812,-0.040004224721880866
37.816,-0.018588363825272812
37.82,-0.028230781250078607
37.824,-0.02692511600722837
37.828,-0.017338817769630605
37.832,-0.03067161578092243
37.836,-0.04622748299527354
37.84,-0.023691781545053532
37.844,-0.027014514226442042
37.848,-0.026833972887381524
37.852,-0.026753141799123168
37.856,-0.04138410105434404
37.86,-0.034207930131250855
37.864,-0.027561487272586362
37.868,-0.02454190250345136
37.872,-0.030359554756035953
37.876,-0.040787435666994706
37.88,-0.028680923536983476
37.884,-0.025310849306963437
37.888,-0.03135106446255384
37.892,-0.040197373470784344
37.896,-0.034298673765306945
37.9,-0.01804082965229844
37.904,-0.02071429817215374
37.908,-0.018302067012859025
37.912,-0.018852009129088854
37.916,-0.02870338319245022
37.92,-0.026929917399401215
37.924,-0.020435906800343365
37.928,-0.035900750558141556
37.932,-0.020711181183673606
37.936,-0.04895775240864632
37.94,-0.0374901534771208
37.944,-0.018848542843406757
37.948,-0.03846287024630706
37.952,-0.03855020310693175
37.956,-0.04485970413579532
37.96,-0.030643791532041505
37.964,-0.021193705322055147
37.968,-0.034775066983376846
37.972,-0.028417729558984688
37.976,-0.03809139070807756
37.98,-0.026872488277313714
37.984,-0.01915332933850984
37.988,-0.03156169201219454
37.992,-0.03445641316662214
37.996,-0.037700173568895615
38.0,-0.041090841740898054
38.004,-0.02355421447222926
38.008,-0.011961776086706144
38.012,-0.02718922106913923
38.016,-0.04437448624157831
38.02,-0.03149587696415525
38.024,-0.0006944840196888326
38.028,-0.02125529637801975
38.032,-0.027631109379684767
38.036,-0.04480725471711111
38.04,-0.03578957681642425
38.044,-0.012056216022027246
38.048,-0.02695602168519837
38.052,-0.03606548378072842
38.056,-0.036584451074964365
38.06,-0.019575974802898723
38.064,-0.02016505423994662
38.068,-0.01935225631207924
38.072,-0.04484026695258691
38.076,-0.04475955304728802
38.08,-0.023656892877086888
38.084,-0.02275800357064465
38.088,-0.016699153976599466
38.092,-0.0400944644613921
38.096,-0.049433833660801084
38.1,-0.034455025358664196
38.104,-0.016346534090046033
38.108,-0.010142593197261084
38.112,-0.033627004324266865
38.116,-0.03422063495458047
38.12,-0.02682970751360394
38.124,-0.031810532789209464
38.128,-0.015960591857518552
38.132,-0.03417995980380706
38.136,-0.05160130614874281
38.14,-0.0346237253722262
38.144,-0.008574491358534992
38.148,-0.025448490833446368
38.152,-0.03473430333460239
38.156,-0.02915781520182962
38.16,-0.02777348665750836
38.164,-0.03158524867136166
38.168,-0.011655790165429026
38.172,-0.02014105020193105
38.176,-0.04521369866995356
38.18,-0.014077156214521921
38.184,-0.04048053039709175
38.188,-0.034551759958783464
38.192,-0.03421519508101859
38.196,-0.04898105730377135
38.2,-0.025392631524870576
38.204,-0.01651379173870748
38.208,-0.020215826705574882
38.212,-0.036015542852717124
38.216,-0.02372047803750072
38.22,-0.03038017026300838
38.224,-0.020775244465824745
38.228,-0.028189102432745285
38.232,-0.03317899519060527
38.236,-0.0348001525778441
38.24,-0.043993630838915235
38.244,-0.0278602763260549
38.248,-0.028790980854460965
38.252,-0.03302363382014259
38.256,-0.03894266439667609
38.26,-0.01955779085761107
38.264,-0.0036349612799861826
38.268,-0.02991075888723925
38.272,-0.04382164482908473
38.276,-0.04893546627931368
38.28,-0.040967291745082075
38.284,-0.027720709843343707
38.288,-0.025258849631788077
38.292,-0.03287131469250597
38.296,-0.03525283781555598
38.3,-0.020824867355368412
38.304,-0.013521779076926796
38.308,-0.033127914774948836
38.312,-0.0406991694946303
38.316,-0.03901491424226148
38.32,-0.02063866537444769
38.324,-0.035082885624442436
38.328,-0.0025777664558910562
38.332,-0.02134811578354906
38.336,-0.03881041683022526
38.34,-0.0276921002893184
38.344,-0.0203587437709382
38.348,-0.023979701675693094
38.352,-0.039142870087460174
38.356,-0.04228218149317106
38.36,-0.026459621058716264
38.364,-0.02023224957476658
38.368,-0.01378134333636556
38.372,-0.03431712346143564
38.376,-0.026061599783721738
38.38,-0.04144332151782995
38.384,-0.02524522822093382
38.388,-0.02562857138730058
38.392,-0.03305729087801276
38.396,-0.04863900737562636
38.4,-0.030421839621689623
38.404,-0.02895837978554344
38.408,-0.03196191149734306
38.412,-0.044730942592826686
38.416,-0.04594570238766424
38.42,-0.02367541313923067
38.424,-0.02812095392987235
38.428,-0.019896984936810816
38.432,-0.038948890256479636
38.436,-0.037613761909275754
38.44,-0.043734285923739395
38.444,-0.0471399873967647
38.448,-0.020933870658453146
38.452,-0.043390973758174654
38.456,-0.03375015089178077
38.46,-0.030378117668189295
38.464,-0.017649035199523697
38.468,-0.00033876278287287356
38.472,-0.028267463697923344
38.476,-0.03244569331494879
38.48,-0.030154308654047505
38.484,-0.03208995076034945
38.488,-0.007687090437890655
38.492,-0.02713708472012426
38.496,-0.06174266856564018
38.5,-0.04071785691077714
38.504,-0.03449146706831169
38.508,-0.023453182392017456
38.512,-0.029017812297129582
38.516,-0.04529308862488355
38.52,-0.039363053935840844
38.524,-0.017200469388722953
38.528,-0.025687574408649227
38.532,-0.03184635666432137
38.536,-0.030834283539479652
38.54,-0.01917703932671843
38.544,-0.03524407270177521
38.548,-0.024466200359761884
38.552,-0.032566079260098794
38.556,-0.049502165422649264
38.56,-0.03155291909821633
38.564,-0.030075146380738514
38.568,-0.01931846983288174
38.572,-0.04131747369960572
38.576,-0.058080369353322246
38.58,-0.03257407481009274
38.584,-0.03243853660830577
38.588,-0.04213993014905133
38.592,-0.03155546780474481
38.596,-0.03222025097187029
38.6,-0.025818395206632892
38.604,-0.04127106692211251
38.608,-0.031115385454489844
38.612,-0.03230713362012997
38.616,-0.0331375284581889
38.62,-0.017909079200318735
38.624,-0.03546517274714964
38.628,-0.026558932482049526
38.632,-0.02845336907520315
38.636,-0.03061325418720425
38.64,-0.03316611406983953
38.644,-0.0336973317322606
38.648,-0.044185456822089915
38.652,-0.03686528438946879
38.656,-0.050176252807731664
38.66,-0.0191746263561878
38.664,-0.03083404486355098
38.668,-0.03153939349070039
38.672,-0.03175474508305768
38.676,-0.05903784330382654
38.68,-0.026867861192689472
38.684,-0.014988220323995114
38.688,-0.030317343924083476
38.692,-0.03320363575108238
38.696,-0.043160919769324166
38.7,-0.030248558505819197
38.704,-0.026571583900431586
38.708,-0.02360895155440129
38.712,-0.04882070128536325
38.716,-0.028824867875192957
38.72,-0.03709687788276774
38.724,-0.015442036141765102
38.728,-0.016989638374976364
38.732,-0.05168675498796191
38.736,-0.03873606242428418
38.74,-0.023692970711841774
38.744,-0.029811545057994642
38.748,-0.02179350024778936
38.752,-0.04242562002046739
38.756,-0.04659715232934734
38.76,-0.029502032529537373
38.764,-0.009500555580970722
38.768,-0.026727844147955027
38.772,-0.03822023385769755
38.776,-0.051334892795161464
38.78,-0.030482176566321267
38.784,-0.017591558306664937
38.788,-0.03163878900957603
38.792,-0.041283866822984516
38.796,-0.04559796559771633
38.8,-0.02524874338498733
38.804,-0.016371906597619022
38.808,-0.03755618843079696
38.812,-0.027800957966368063
38.816,-0.030078558000756636
38.82,-0.03247548156954137
38.824,-0.03496841566174402
38.828,-0.021579415243913824
38.832,-0.03181295919614615
38.836,-0.0364948701625151
38.84,-0.029227140446356294
38.844,-0.034390729581704936
38.848,-0.025542057907866487
38.852,-0.025405849617303144
38.856,-0.03522931886499992
38.86,-0.021193115531554632
38.864,-0.01881108476623608
38.868,-0.03006481345856253
38.872,-0.03431938265495317
38.876,-0.042370321509165476
38.88,-0.029639886768164314
38.884,-0.015251375099406436
38.888,-0.02500956591517106
38.892,-0.03407948535329244
38.896,-0.04322523101732491
38.9,-0.02535924882403115
38.904,0.00040729124637530617
38.908,-0.024146254084854404
38.912,-0.025746106770159104
38.916,-0.04565778208814177
38.92,-0.03199361244112283
38.924,-0.017562414549927977
38.928,-0.03314516309204918
38.932,-0.0309714170059703
38.936,-0.023429286819686493
38.94,-0.031540846532302415
38.944,-0.010989759633399775
38.948,-0.031155523715968275
38.952,-0.026035731469594186
38.956,-0.039134623318844514
38.96,-0.01939315727054279
38.964,-0.01788847167809454
38.968,-0.020212563244140763
38.972,-0.03702293767367079
38.976,-0.044690879458402694
38.98,-0.03789300766666763
38.984,-0.01432323497187541
38.988,-0.03768443184780334
38.992,-0.029821384122923907
38.996,-0.04185216445377403
39.0,-0.03094814003392468
39.004,-0.005618797167794875
39.008,-0.017693020157453165
39.012,-0.041127782979298866
39.016,-0.04203472699424991
39.02,-0.009410350013995265
39.024,-0.017468566651320634
39.028,-0.03036542031597178
39.032,-0.02509715851144173
39.036,-0.033994884677807
39.04,-0.014092787587674387
39.044,-0.015234314912535123
39.048,-0.02227530324549222
39.052,-0.035533259593755626
39.056,-0.04592537452098036
39.06,-0.019787841225129808
39.064,-0.017243378808572227
39.068,-0.03378559969252443
39.072,-0.021442791694841937
39.076,-0.03247315763494735
39.08,-0.029084442451530135
39.084,-0.03396766701678254
39.088,-0.020425018575172614
39.092,-0.03254225383608965
39.096,-0.042998106325418894
39.1,-0.03145908087313505
39.104,-0.022156310608996862
39.108,-0.017216039000460613
39.112,-0.03871870104805455
39.116,-0.0382010808841198
39.12,-0.034922039644935995
39.124,-0.01779388152822071
39.128,-0.017342281491469262
39.132,-0.024399068673626748
39.136,-0.03750149281214717
39.14,-0.026281726964779324
39.144,-0.020858413591077818
39.148,-0.029311209604177747
39.152,-0.03736698654329625
39.156,-0.03695360870002444
39.16,-0.026858060014845992
39.164,-0.030516396957761767
39.168,-0.016210081508457944
39.172,-0.02582655581664213
39.176,-0.0303105056995904
39.18,-0.022885447511215556
39.184,-0.02952058348532495
39.188,-0.021579005052531693
39.192,-0.031186519904480105
39.196,-0.03710191018242183
39.2,-0.0208176738217628
39.204,-0.03259700935972732
39.208,-0.027151468264333605
39.212,-0.04324039201604122
39.216,-0.028231968551077888
39.22,-0.03373585720027959
39.224,-0.031009913003126083
39.228,-0.02502655171470211
39.232,-0.033949849921750125
39.236,-0.04411850532207068
39.24,-0.024606006014122002
39.244,-0.02694619731674972
39.248,-0.018024102896643995
39.252,-0.03942192048211655
39.256,-0.03237832553816451
39.26,-0.028637612378930633
39.264,-0.019095986578890268
39.268,-0.014659483138946662
39.272,-0.023548249437964568
39.276,-0.031978799900732886
39.28,-0.040714674294430035
39.284,-0.019711409386690835
39.288,-0.03749292985878303
39.292,-0.02702660241263626
39.296,-0.03819419713776222
39.3,-0.0426008958040511
39.304,-0.02515056634814752
39.308,-0.014150018156085966
39.312,-0.030279488067889562
39.316,-0.06079764375379264
39.32,-0.0300902391404323
39.324,-0.01782162749417974
39.328,-0.011216988774473082
39.332,-0.03329012998866941
39.336,-0.034218673593224364
39.34,-0.031886757668167134
39.344,-0.010173843813361925
39.348,-0.03132390348812853
39.352,-0.01950580029631616
39.356,-0.026086232112788287
39.36,-0.02921854564719763
39.364,-0.025127119670004913
39.368,-0.024809904985577134
39.372,-0.03394169084601382
39.376,-0.04384702106900972
39.38,-0.02755665634970201
39.384,-0.01101250740510977
39.388,-0.026509365441702112
39.392,-0.03107113828795925
39.396,-0.032870993907596686
39.4,-0.028271454748076855
39.404,-0.010308837714059048
39.408,-0.008506662838064043
39.412,-0.03569448740550301
39.416,-0.03567470353948661
39.42,-0.02762204104337832
39.424,-0.014096211733637218
39.428,-0.021764008126778103
39.432,-0.03123450835469134
39.436,-0.043298352729571755
39.44,-0.037389704919345686
39.444,-0.022694222064216556
39.448,-0.017042670694707898
39.452,-0.03464800336146599
39.456,-0.04046949118566653
39.46,-0.028599196536268107
39.464,-0.010700745328233504
39.468,-0.017661040824488605
39.472,-0.027414663672296755
39.476,-0.03072534015903762
39.48,-0.020358904516543055
39.484,0.005104865507345634
39.488,-0.040306965449582885
39.492,-0.04437400359459611
39.496,-0.045266836384088564
39.5,-0.0305585486175294
39.504,-0.022153537383955535
39.508,-0.015964282222214028
39.512,-0.03075956036398929
39.516,-0.036591827269663174
39.52,-0.046445771587974846
39.524,-0.014119722667033562
39.528,-0.02413144041133833
39.532,-0.027995158527835465
39.536,-0.03742359545553893
39.54,-0.01570735866333876
39.544,-0.03963370399666051
39.548,-0.0165922833564163
39.552,-0.05441632188835363
39.556,-0.041012107225691916
39.56,-0.012946869214690657
39.564,-0.020124310640478756
39.568,-0.011152917720144416
39.572,-0.012655990049941685
39.576,-0.031115466854795725
39.58,-0.02007028421868022
39.584,-0.03885678888740564
39.588,-0.0364895867982441
39.592,-0.03922950363190115
39.596,-0.059735509311906784
39.6,-0.029280970075049026
39.604,-0.03211655054018904
39.608,-0.012990788100059067
39.612,-0.03527369273063798
39.616,-0.028684998893070156
39.62,-0.04325064475903458
39.624,-0.014849191618326811
39.628,-0.020662775632804827
39.632,-0.026745053175772873
39.636,-0.027816315658669048
39.64,-0.0234085923470691
39.644,-0.04035255942077775
39.648,-0.01049310213174794
39.652,-0.028346860821078127
39.656,-0.04993080636829422
39.66,-0.026846734404395448
39.664,-0.028131196581933693
39.668,-0.03443384418430569
39.672,-0.026671713553906518
39.676,-0.043078127164074914
39.68,-0.03660199363702048
39.684,-0.005679215490431707
39.688,-0.03520421988251862
39.692,-0.03747274891405585
39.696,-0.03516100593114986
39.7,-0.03457406774755768
39.704,-0.017323250326590624
39.708,-0.016085478788142683
39.712,-0.036625908969153326
39.716,-0.032550210092848766
39.72,-0.02845405902855204
39.724,-0.020700164344587657
39.728,-0.02105051197531203
39.732,-0.04043343430200334
39.736,-0.031027820357484935
39.74,-0.0334394154302857
39.744,-0.00633593213563108
39.748,-0.01565563989001812
39.752,-0.04560761394311144
39.756,-0.034247350826426444
39.76,-0.026311352067620353
39.764,-0.012719516125183659
39.768,-0.031029103109441323
39.772,-0.051350644437831834
39.776,-0.04339970479497463
39.78,-0.028402448642084653
39.784,-0.016422033451928577
39.788,-0.03929741537886322
39.792,-0.017338313518683552
39.796,-0.04323366134394081
39.8,-0.025968478642487948
39.804,-0.014154136599612288
39.808,-0.024321364209258282
39.812,-0.03700447998521273
39.816,-0.03978010592547771
39.82,-0.03283338085482
39.824,-0.017861518515330858
39.828,-0.025348205100360136
39.832,-0.02749908551053812
39.836,-0.021515928178756936
39.84,-0.030016706753629635
39.844,-0.009833696422438802
39.848,-0.03272682989325418
39.852,-0.038233852874487384
39.856,-0.041910004101477445
39.86,-0.031838035648695424
39.864,-0.012979045468213296
39.868,-0.010621675325282425
39.872,-0.024231030291413512
39.876,-0.041613131321689104
39.88,-0.024237661344358646
39.884,-0.02448124905546037
39.888,-0.03246079889376068
39.892,-0.029604478941224213
39.896,-0.028742114119301505
39.9,-0.024952774561000413
39.904,-0.00968269875956189
39.908,-0.030418376161872353
39.912,-0.022369942441013806
39.916,-0.03301458762936054
39.92,-0.03574574861958081
39.924,-0.030232850614538224
39.928,-0.0269057162213805
39.932,-0.03555101436798995
39.936,-0.02956271586507525
39.94,-0.031042830337051998
39.944,-0.017427679069501087
39.948,-0.029753830311079133
39.952,-0.035085443679295815
39.956,-0.05012856043751126
39.96,-0.04128784492782829
39.964,-0.020275998232861088
39.968,-0.03287434617499571
39.972,-0.027447202052895442
39.976,-0.029466878556060803
39.98,-0.02671377816375734
39.984,-0.019052211723865207
39.988,-0.02000454628755854
39.992,-0.05056319589810335
39.996,-0.026931251900926635
40.0,-0.036741142700760655
40.004,-0.014470339236756426
40.008,-0.029196078509736947
40.012,-0.02297757375198531
40.016,-0.028620017285874273
40.02,-0.04057669458117395
40.024,-0.03559813483598605
40.028,-0.020673085943180743
40.032,-0.04665235713766185
40.036,-0.04066841426501609
40.04,-0.0341375130596286
40.044,-0.012096075721604291
40.048,-0.019481723226751464
40.052,-0.048072269430072936
40.056,-0.029123436391540095
40.06,-0.023240718240042157
40.064,-0.00718633231892824
40.068,-0.027577937307427036
40.072,-0.04421212800109744
40.076,-0.039502276670591314
40.08,-0.021562732246074884
40.084,-0.001166317949232075
40.088,-0.028018665094454994
40.092,-0.01529536757596563
40.096,-0.035669076910363674
40.1,-0.03562756671357835
40.104,-0.0075547670392028254
40.108,-0.02524126936130865
40.112,-0.03746486692228283
40.116,-0.03679135275507145
40.12,-0.028883447352042926
40.124,-0.006418230551174601
40.128,-0.027261948547233898
40.132,-0.038856648292928946
40.136,-0.033632512573215353
40.14,-0.019033707743285784
40.144,-0.017272127141352116
40.148,-0.030801564896641577
40.152,-0.028210211724849252
40.156,-0.0478968524610364
40.16,-0.03346680615165226
40.164,-0.012709496391322732
40.168,-0.011077443851213961
40.172,-0.01700520350075088
40.176,-0.03913449381648744
40.18,-0.022794621191118233
40.184,-0.017411190368284448
40.188,-0.01582522470871516
40.192,-0.03847665156609832
40.196,-0.022107412224769328
40.2,-0.028625021673652676
40.204,-0.024806240756959058
40.208,-0.017183173629401572
40.212,-0.03659212640775875
40.216,-0.045054563802742816
40.22,-0.025543128774141683
40.224,-0.009100539362422555
40.228,-0.029070076252464997
40.232,-0.03725270351679581
40.236,-0.04283318009552395
40.24,-0.022157876232014165
40.244,-0.014173554749051489
40.248,-0.03371371000612064
40.252,-0.01827471313677121
40.256,-0.04171416533218254
40.26,-0.04303886546722798
40.264,-0.008189417807574534
40.268,-0.02804758081404744
40.272,-0.030898875334293408
40.276,-0.039537455938447826
40.28,-0.038731586903392144
40.284,-0.025206567594945425
40.288,-0.029692945674768264
40.292,-0.032579196656976145
40.296,-0.03739973182130565
40.3,-0.03278108685683423
40.304,-0.008301814978485976
40.308,-0.018047954920469404
40.312,-0.04977850925314348
40.316,-0.03729726772684293
40.32,-0.028846360039473096
40.324,-0.02412259254880782
40.328,-0.025346076995488267
40.332,-0.023788454654773895
40.336,-0.0388356909491502
40.34,-0.02915683827877652
40.344,-0.0075105626909920935
40.348,-0.02605406942981627
40.352,-0.040544863659300254
40.356,-0.041307274472933427
40.36,-0.03611752540667641
40.364,-0.01844425541383643
40.368,-0.023284798911424834
40.372,-0.04336945183048957
40.376,-0.030803148906063456
40.38,-0.02518521500930601
40.384,-0.0214052395001987
40.388,-0.014253256201527252
40.392,-0.035311455359299186
40.396,-0.03649790738933495
40.4,-0.03532740531369953
40.404,-0.014866626600275178
40.408,-0.03826366518057505
40.412,-0.030839878870313465
40.416,-0.04451913625552379
40.42,-0.012564910028117398
40.424,-0.008012278313963523
40.428,-0.023436084949875827
40.432,-0.02273776319202836
40.436,-0.03332999294277253
40.44,-0.0334571644398484
40.444,-0.031276498685320966
40.448,-0.001649554220511034
40.452,-0.036712324170470545
40.456,-0.03910677301938677
40.46,-0.017113253689319336
40.464,-0.016154324227843485
40.468,-0.024077599372305088
40.472,-0.033926833830569256
40.476,-0.04753310773815493
40.48,-0.032005561931712355
40.484,-0.009016414322324206
40.488,-0.024460605570926636
40.492,-0.030815209363948888
40.496,-0.03946247578746675
40.5,-0.023318717822248106
40.504,-0.021303618674541735
40.508,-0.024939892162047027
40.512,-0.04094685357472396
40.516,-0.05302424751651248
40.52,-0.02283685443102723
40.524,-0.014117054953722724
40.528,-0.030027156891339155
40.532,-0.028215900644876665
40.536,-0.02620212626943165
40.54,-0.024587294707430356
40.544,-0.011520483027731114
40.548,-0.02374470155843138
40.552,-0.02955223677490833
40.556,-0.04347743983028738
40.56,-0.03061320576083295
40.564,-0.02379263324282367
40.568,-0.01841965308404173
40.572,-0.03346407079937127
40.576,-0.032970973693988284
40.58,-0.022839288887430236
40.584,-0.0157396637095252
40.588,-0.0327302817857325
40.592,-0.033796496948346494
40.596,-0.033122699116619456
40.6,-0.03451545054598168
40.604,-0.02450395748157333
40.608,-0.019006834382910644
40.612,-0.023785783877558073
40.616,-0.04857898681764943
40.62,-0.018439179555267138
40.624,-0.004031978036598877
40.628,-0.005093632196014417
40.632,-0.04004362559432412
40.636,-0.04060198419607666
40.64,-0.031610334530680274
40.644,-0.025846629303371692
40.648,-0.016352572456807147
40.652,-0.025073560043073144
40.656,-0.04805993512245062
40.66,-0.023950617582214614
40.664,-0.011204573096150664
40.668,-0.020641435840346504
40.672,-0.027236135492436704
40.676,-0.024025257605221596
40.68,-0.018334399327051474
40.684,-0.0303210767051618
40.688,-0.023857978668522472
40.692,-0.014069019624990749
40.696,-0.04790613564375331
40.7,-0.02762428336072934
40.704,-0.012783107638134387
40.708,-0.008643342211690584
40.712,-0.03667035521970185
40.716,-0.05319408413435663
40.72,-0.022843933182329135
40.724,-0.00990674925945275
40.728,-0.015268198419253351
40.732,-0.037288749958677404
40.736,-0.01906914777910876
40.74,-0.02007963199778557
40.744,-0.022775411526306667
40.748,-0.016147017985354138
40.752,-0.03203137980531687
40.756,-0.01790346997714483
40.76,-0.014822905714732259
40.764,-0.03258461838563034
40.768,-0.020101022638099174
40.772,-0.03811027500692761
40.776,-0.04050567658598834
40.78,-0.0452024034834434
40.784,-0.009665735916717808
40.788,-0.02389441139968891
40.792,-0.031936197666582074
40.796,-0.03306475514685623
40.8,-0.021677839969634516
40.804,-0.022377909576204277
40.808,-0.024738958842823056
40.812,-0.03143760051923481
40.816,-0.0360874453800774
40.82,-0.02823568805626103
40.824,-0.026258798121815308
40.828,-0.028419044973332617
40.832,-0.034180637856595725
40.836,-0.03092565552432731
40.84,-0.04855827779836039
40.844,-0.02565559560959627
40.848,-0.04138896582467112
40.852,-0.03437203506768343
40.856,-0.042920051068135616
40.86,-0.03154478028132116
40.864,-0.012305399718721848
40.868,-0.03751523957924621
40.872,-0.02330220088166839
40.876,-0.03957970873283374
40.88,-0.021093699613390617
40.884,-0.022744478200438827
40.888,-0.0311162576973493
40.892,-0.02691952469143545
40.896,-0.030527725229561892
40.9,-0.03670682340879977
40.904,-0.02257310741467213
40.908,-0.02416291197910897
40.912,-0.025524689783508563
40.916,-0.03247713782820723
40.92,-0.031418815459835915
40.924,-0.01138123458660481
40.928,-0.012963345271835947
40.932,-0.041796785570416196
40.936,-0.024876986489890916
40.94,-0.021472358018870652
40.944,-0.015253649470457292
40.948,-0.03380606429622702
40.952,-0.03351655653614522
40.956,-0.0413911389851813
40.96,-0.039908198261374955
40.964,-0.014694266390096692
40.968,-0.009879783973404076
40.972,-0.03192517306719623
40.976,-0.047822921538904065
40.98,-0.02640109054473822
40.984,-0.01913244060311919
40.988,-0.028163418191878304
40.992,-0.03973226611633938
40.996,-0.029492048898171582
41.0,-0.03575315952210912
41.004,-0.019187896025933092
41.008,-0.030772212259867263
41.012,-0.030906051586051447
41.016,-0.029296759202944386
41.02,-0.03208496912036016
41.024,-0.023540401683323626
41.028,-0.035215191511822244
41.032,-0.033822547857593845
41.036,-0.04179239336328526
41.04,-0.01993408368458554
41.044,-0.029309259441270923
41.048,-0.023373131172521596
41.052,-0.03129431767271607
41.056,-0.03586266953385642
41.06,-0.02884952089539494
41.064,-0.02301356086349915
41.068,-0.015391487840667626
41.072,-0.043559871677559876
41.076,-0.02320834338982666
41.08,-0.02475097197949371
41.084,-0.022151379715889048
41.088,-0.017918214336913832
41.092,-0.034067424486693546
41.096,-0.04256132013551586
41.1,-0.030586600268769013
41.104,-0.013001141198839297
41.108,-0.03788740659286588
41.112,-0.0326810111312716
41.116,-0.03901979297751694
41.12,-0.0269811857728628
41.124,-0.020479292521424226
41.128,-0.03222460724077907
41.132,-0.023428404846335363
41.136,-0.045293296387575496
41.14,-0.02157262666226214
41.144,-0.006318369634216017
41.148,-0.024476789283165896
41.152,-0.036938150333472086
41.156,-0.04641695205685955
41.16,-0.020666006404063197
41.164,-0.017417684713273106
41.168,-0.017584078497359552
41.172,-0.024636199764653977
41.176,-0.027551425733009005
41.18,-0.028238527948255817
41.184,-0.029756351959447515
41.188,-0.012728094378464306
41.192,-0.05272538382611214
41.196,-0.04469950921449643
41.2,-0.02598226959735195
41.204,-0.00577269986476232
41.208,-0.006322515992018177
41.212,-0.026635687305365443
41.216,-0.03218138354291143
41.22,-0.028449726496048447
41.224,-0.014786229578958806
41.228,-0.01763983992435851
41.232,-0.03325060950740905
41.236,-0.020591236971272787
41.24,-0.03462304192116892
41.244,-0.02204016939326227
41.248,-0.03287065761757316
41.252,-0.02560468029997376
41.256,-0.024927802064237628
41.26,-0.02404177703372447
41.264,-0.0024880900171410144
41.268,-0.012914468091177654
41.272,-0.030528819488861915
41.276,-0.030356173944153558
41.28,-0.03125990194893883
41.284,-0.013800721884737523
41.288,-0.022401722842409173
41.292,-0.03641673167114489
41.296,-0.03193355610375778
41.3,-0.02717772987854406
41.304,-0.01646591859032029
41.308,-0.02303460951655037
41.312,-0.02790815814133439
41.316,-0.047307024059228125
41.32,-0.03930336081578062
41.324,-0.022179327009253732
41.328,-0.017745066948070067
41.332,-0.0347582422242612
41.336,-0.041197780093318356
41.34,-0.015197616551726313
41.344,-0.007689645114364452
41.348,-0.02767670202360416
41.352,-0.036959914805926045
41.356,-0.020349869322607624
41.36,-0.032371343870859146
41.364,-0.02150336080705599
41.368,-0.018672628675095636
41.372,-0.036781448939181664
41.376,-0.03992961804677552
41.38,-0.033105125584363806
41.384,-0.005356262415154984
41.388,-0.025065899679824685
41.392,-0.03249334392928298
41.396,-0.026294412962801397
41.4,-0.016744783292065323
41.404,-0.014686676776158222
41.408,-0.002282300618575577
41.412,-0.027030954840973426
41.416,-0.030211592942118073
41.42,-0.0068581504030480606
41.424,-0.022446213836003353
41.428,-0.02149477671471017
41.432,-0.029193406329779258
41.436,-0.011308060246909543
41.44,-0.03859073531035426
41.444,-0.02122938165122971
41.448,-0.01122934703125846
41.452,-0.0259437688237046
41.456,-0.020820533126229834
41.46,-0.013072042335201898
41.464,-0.03497315429226666
41.468,-0.012408464709661027
41.472,-0.029968402672170477
41.476,-0.030654737608814403
41.48,-0.019027179162121738
41.484,-0.0050830878447529326
41.488,-0.008061298792806882
41.492,-0.02915861533339577
41.496,-0.033334304225624944
41.5,-0.032032411286656036
41.504,-0.02626652079659622
41.508,-0.01952028258809871
41.512,-0.022715594360087056
41.516,-0.007547389868580175
41.52,-0.030382288158113994
41.524,-0.020550993177090197
41.528,-0.028099649775811263
41.532,-0.030720825631934415
41.536,-0.03190542784927758
41.54,-0.020539539995172558
41.544,-0.011770058400857108
41.548,-0.014857677731940983
41.552,-0.02326909823124306
41.556,-0.030193977681412007
41.56,-0.03532793818156654
41.564,-0.009544525897092683
41.568,-0.02983505357144823
41.572,-0.04161451032458142
41.576,-0.01692726315636989
41.58,-0.012062622276573504
41.584,0.007246607588184462
41.588,0.001827185977609426
41.592,-0.0349330097654262
41.596,-0.03304936688245958
41.6,-0.014869930966141158
41.604,-0.02302661258042693
41.608,-0.020069019563249135
41.612,-0.027416507575564658
41.616,-0.031717441292361113
41.62,-0.021392889746859794
41.624,-0.031653520040518676
41.628,-0.010210105291463167
41.632,-0.0349854644749578
41.636,-0.03726082393933886
41.64,-0.03378614589249364
41.644,-0.011186312073895442
41.648,-0.018854983132463046
41.652,-0.03666909373813759
41.656,-0.022240101904343636
41.66,-0.033227154880635754
41.664,-0.034455564536456734
41.668,-0.01726335180598937
41.672,-0.03819849244457384
41.676,-0.027465869021790133
41.68,-0.01913831130272135
41.684,-0.023237475292936405
41.688,-0.026515531140926453
41.692,-0.03785228459358132
41.696,-0.036349910232742366
41.7,-0.01823091578003739
41.704,-0.02856647135208211
41.708,-0.016489768141221498
41.712,-0.017642591572835858
41.716,-0.030525988379849447
41.72,-0.020775886492300544
41.724,-0.013000756637437078
41.728,-0.020430263922367773
41.732,-0.0395724609661873
41.736,-0.029367734208742106
41.74,-0.020311802330499815
41.744,-0.0251448023902386
41.748,-0.0034869239501896243
41.752,-0.027903717408408416
41.756,-0.04645859238194491
41.76,-0.02921247730826524
41.764,-0.03365162757840286
41.768,-0.013894263728840152
41.772,-0.03220304180027501
41.776,-0.021000858583949837
41.78,-0.03752182907633057
41.784,-0.01363908482196548
41.788,-0.025644116724582965
41.792,-0.03643137428506394
41.796,-0.041396482926209115
41.8,-0.029893444415398093
41.804,-0.018452290243954433
41.808,-0.019462925359207458
41.812,-0.028468337636534342
41.816,-0.039895859414117774
41.82,-0.03248870455453044
41.824,-0.0088442529969219
41.828,-0.0066980853544695105
41.832,-0.03215022185269224
41.836,-0.03464017118938634
41.84,-0.013252150610776564
41.844,-0.010823859485506949
41.848,-0.029520126090319294
41.852,-0.023280048329351252
41.856,-0.027658191362582095
41.86,-0.018395706028367608
41.864,-0.0170518817765434
41.868,-0.016486033335340065
41.872,-0.026772398908184815
41.876,-0.02837238181987262
41.88,-0.028923467392663663
41.884,-0.03264238433608509
41.888,-0.022169434616808707
41.892,-0.02584546402844209
41.896,-0.029757534481310136
41.9,-0.027250578305627538
41.904,-0.01844156769829243
41.908,-0.029200919721420332
41.912,-0.021957769860261378
41.916,-0.02757410639030712
41.92,-0.014377292423442241
41.924,-0.007297592638823789
41.928,-0.029934204909699322
41.932,-0.04215704797813179
41.936,-0.043258882123181824
41.94,-0.017898080471994236
41.944,-0.022083745820523387
41.948,-0.02653122518079856
41.952,-0.028425600072455717
41.956,-0.04259952261033714
41.96,-0.03670837855204222
41.964,-0.02712440083814758
41.968,-0.014363067413877387
41.972,-0.02627523378578762
41.976,-0.03835060687962437
41.98,-0.032723234091684775
41.984,-0.009038383772780167
41.988,-0.031546561894107567
41.992,-0.03349843107836232
41.996,-0.037821925070159024
42.0,-0.02972764422661681
42.004,-0.01807658675759653
42.008,0.0009383703440748008
42.012,-0.03407224287274782
42.016,-0.04450161207235779
42.02,-0.025035892260549475
42.024,-0.022975035847584743
42.028,-0.020499513480794106
42.032,-0.02502889942158592
42.036,-0.028430118062392998
42.04,-0.02721756863140967
42.044,-0.015618800610798692
42.048,-0.03237021273463389
42.052,-0.03355726186238497
42.056,-0.042575207907715344
42.06,-0.030828289722894683
42.064,-0.020332555639294838
42.068,-0.016156607130778534
42.072,-0.029201986638175716
42.076,-0.03518305248390507
42.08,-0.02649233214213802
42.084,-0.01739658810148996
42.088,-0.030026334412665945
42.092,-0.022608121152160765
42.096,-0.031546888721848534
42.1,-0.015834160063743632
42.104,-0.021583441847512187
42.108,-0.007687509225105017
42.112,-0.02761571510566325
42.116,-0.04046240421569182
42.12,-0.021730725699661193
42.124,-0.010801998850156968
42.128,-0.02116239283932575
42.132,-0.03191222620387915
42.136,-0.04487101209972012
42.14,-0.024973280658869054
42.144,-0.014283183497978766
42.148,-0.010260781749285552
42.152,-0.032785860256059146
42.156,-0.038540968892934145
42.16,-0.026919691749077167
42.164,-0.023479646854311975
42.168,-0.01817979905547615
42.172,-0.029544678878461073
42.176,-0.03461651826931862
42.18,-0.02143545219012752
42.184,-0.01659563013219206
42.188,-0.01166728314959196
42.192,-0.04066600042051124
42.196,-0.03761169182054126
42.2,-0.031374094604355605
42.204,-0.023083082461436706
42.208,-0.009938203714301463
42.212,-0.03558702409336932
42.216,-0.038004374873347624
42.22,-0.029057592927048764
42.224,-0.020919714920860626
42.228,-0.026994758277959684
42.232,-0.04576687810424834
42.236,-0.04378918691492169
42.24,-0.027692180045289966
42.244,-0.010743172886069675
42.248,-0.014675156742579284
42.252,-0.026429587638698564
42.256,-0.029749830823298955
42.26,-0.028101751061715478
42.264,-0.0196470231186116
42.268,0.000687813776423133
42.272,-0.023858093191453468
42.276,-0.032529950750140174
42.28,-0.025824341847316364
42.284,-0.013942906611157045
42.288,-0.017284595448057525
42.292,-0.03538239861692406
42.296,-0.02830540912577824
42.3,0.0180742365127145
42.304,0.026863615271395795
42.308,0.020704623712180195
42.312,-0.00947910666707379
42.316,0.0070611618670638095
42.32,0.02395009632182923
42.324,0.02747327917853924
42.328,0.015262112202251477
42.332,0.0084269576321904
42.336,-0.011719502116939416
42.34,0.03221427008708387
42.344,0.0371399141050387
42.348,0.014196222307075268
42.352,0.0014912465514683709
42.356,-0.0026378826262966875
42.36,0.027655243319361714
42.364,0.02491350675616517
42.368,0.020566143180035853
42.372,0.0035176249420040663
42.376,0.015332449122477259
42.38,0.01772127839170634
42.384,0.048200958325725574
42.388,0.003864101530557447
42.392,0.0011169800732727976
42.396,0.013221266958047912
42.4,-0.02837945271065958
42.404,-0.007481504429558568
42.408,-0.0233799620463127
42.412,-0.030640140611731086
42.416,-0.034521184915883685
42.42,-0.026227095728258317
42.424,-0.01954881860920125
42.428,-0.030934585696100435
42.432,-0.025105527246224172
42.436,-0.03821413631803885
42.44,-0.030376622922658077
42.444,-0.02539199188879653
42.448,-0.0002159276106085857
42.452,-0.03782493673031809
42.456,-0.029602585270802492
42.46,-0.02668592168366774
42.464,-0.009780902311566569
42.468,-0.018981095935653444
42.472,-0.04030367672134162
42.476,-0.035428626302766504
42.48,-0.03314416645700869
42.484,-0.013270754957374323
42.488,-0.015667939445498047
42.492,-0.02821975315611671
42.496,-0.03622042123165521
42.5,-0.030543791845833414
42.504,-0.020658446330639655
42.508,-0.019762710117417207
42.512,-0.03169751210273385
42.516,-0.04093187900726751
42.52,-0.018190126499007815
42.524,-0.02017741533727728
42.528,-0.017366359050502114
42.532,-0.006462117104258553
42.536,-0.03300558732489665
42.54,-0.03632169652313447
42.544,-0.025476927985846626
42.548,-0.03159687298207847
42.552,-0.03246030102709049
42.556,-0.03164821845006556
42.56,-0.02206704048264006
42.564,-0.00801766095923185
42.568,-0.009807750404485267
42.572,-0.042654800785540556
42.576,-0.04354190253421216
42.58,-0.02913076209677194
42.584,-0.02403991776000352
42.588,-0.022945601859826206
42.592,-0.02235418609129642
42.596,-0.0539599728808792
42.6,-0.028500616777949933
42.604,-0.02211794403090818
42.608,-0.024038467137725072
42.612,-0.02905633415741049
42.616,-0.03069896249170899
42.62,-0.020502245095069385
42.624,-0.005066361372105012
42.628,-0.025505468271689247
42.632,-0.030578417329955348
42.636,-0.03819789538731292
42.64,-0.018118136723880088
42.644,-0.017887312046242287
42.648,-0.023649556717845317
42.652,-0.03827532344336394
42.656,-0.04921828802287728
42.66,-0.02378158418243494
42.664,-0.01884373445800685
42.668,-0.02490709867876649
42.672,-0.02724308000773948
42.676,-0.02039171685489868
42.68,-0.03017031360986483
42.684,-0.013186148032775563
42.688,-0.036019180403378474
42.692,-0.024551399926951767
42.696,-0.021535587796761346
42.7,-0.04823397548074511
42.704,-0.008223641911025498
42.708,-0.02234185478945326
42.712,-0.028786551415290008
42.716,-0.03304648401224707
42.72,-0.02302837081035167
42.724,-0.008169274652916465
42.728,-0.021509756720749437
42.732,-0.03137714574262022
42.736,-0.04237461048693374
42.74,-0.018430654205592478
42.744,-0.019682725280734625
42.748,-0.010698250354709699
42.752,-0.013872053742228226
42.756,-0.023911918232246927
42.76,-0.021037915410835363
42.764,-0.014287457834906977
42.768,-0.002287287719161979
42.772,-0.018873765424836604
42.776,-0.047325001416358585
42.78,-0.03193263564427551
42.784,-0.015663881801318995
42.788,-0.020034823906996353
42.792,-0.03429643343169634
42.796,-0.021755287354348413
42.8,-0.030652790552766502
42.804,-0.012445481902324348
42.808,-0.02724880264302429
42.812,-0.02310382604042531
42.816,-0.03492454191411731
42.82,-0.017108179701750666
42.824,-0.03270224429445004
42.828,-0.03244953730201957
42.832,-0.023495641277385772
42.836,-0.027977504897335123
42.84,-0.02416831064827155
42.844,-0.007066866710058293
42.848,-0.017934343668255324
42.852,-0.028907898028058373
42.856,-0.034793058518608734
42.86,-0.024776181871838228
42.864,-0.01824388232256367
42.868,-0.019676257933269332
42.872,-0.019126272696903354
42.876,-0.029074479615050015
42.88,-0.005662797296580653
42.884,-0.028867653160530443
42.888,-0.025188342092490736
42.892,-0.02952791718936175
42.896,-0.029457257347786876
42.9,-0.03144669732663302
42.904,-0.017844274901190425
42.908,-0.02307827197533755
42.912,-0.02882268640647899
42.916,-0.03903410742960677
42.92,-0.03420336800128425
42.924,-0.004097894490873399
42.928,-0.014494187105648884
42.932,-0.032519109977136966
42.936,-0.0373645901579901
42.94,-0.011041852676005477
42.944,-0.0032398345781505782
42.948,-0.02329841201791592
42.952,-0.025417411862554428
42.956,-0.029939393656363153
42.96,-0.03292046563488986
42.964,-0.031229082857933806
42.968,-0.009270254300974853
42.972,-0.03553140835776659
42.976,-0.03225901428974352
42.98,-0.02885730867723195
42.984,-0.015364225300552833
42.988,-0.0014825906940558048
42.992,-0.025308515554124805
42.996,-0.04602813429532118
43.0,-0.021679478960872533
43.004,-0.013308441258820945
43.008,-0.013633635509485664
43.012,-0.03180466896950876
43.016,-0.034086923487903285
43.02,-0.02973922116827825
43.024,-0.01636683641672878
43.028,-0.02541378416627555
43.032,-0.036581242821683874
43.036,-0.04173146696942529
43.04,-0.03338168388883923
43.044,-0.009016518742047862
43.048,-0.025032172929368865
43.052,-0.043947308855004336
43.056,-0.03421781996904798
43.06,-0.028124521221856984
43.064,-0.02004038764205871
43.068,-0.008304415231421667
43.072,-0.028677456026513535
43.076,-0.03699767863772263
43.08,-0.019480426934042235
43.084,-0.020652965513623035
43.088,-0.005083841535214897
43.092,-0.043140165005847456
43.096,-0.03916484227678854
43.1,-0.022825532369871695
43.104,-0.012691798025106383
43.108,-0.017220142823923968
43.112,-0.028772911321767982
43.116,-0.02511741769445145
43.12,-0.02614736807031137
43.124,-0.010295971082732976
43.128,-0.007067598337744729
43.132,-0.017232715366952735
43.136,-0.04592450331660873
43.14,-0.032751615570735804
43.144,-0.008910990816434268
43.148,-0.01335885849590445
43.152,-0.024901202347456363
43.156,-0.029887274900460892
43.16,-0.02053966946069547
43.164,-0.01780768714834128
43.168,-0.018096771184247906
43.172,-0.027950493343761568
43.176,-0.03229920993582873
43.18,-0.01832149275739319
43.184,-0.011386889215916034
43.188,-0.010106537282237916
43.192,-0.0211065390991867
43.196,-0.0345681833712809
43.2,-0.006160094753322562
43.204,-0.01985027542917233
43.208,-0.003149525777757808
43.212,-0.04707312771094693
43.216,-0.03533473874871845
43.22,-0.02152750960825276
43.224,-0.024891302652976226
43.228,-0.006927307689966935
43.232,-0.021014919637149465
43.236,-0.02702263102572985
43.24,-0.031141425779834572
43.244,-0.005411186217083271
43.248,-0.0211220578379312
43.252,-0.026788504963950174
43.256,-0.0355142232976435
43.26,-0.022340857549189536
43.264,-0.015044686937991021
43.268,-0.03200033106547424
43.272,-0.015898448536553214
43.276,-0.050285168024997697
43.28,-0.0069116614634913785
43.284,-0.00881251727655865
43.288,-0.026970113944015342
43.292,-0.009596534971152905
43.296,-0.03301599503264424
43.3,-0.028525010806397202
43.304,0.005283954465160577
43.308,-0.02226848619110374
43.312,-0.011735823903282584
43.316,-0.020645553745309155
43.32,-0.02930830568685648
43.324,-0.007050717124537778
43.328,-0.016133903427199753
43.332,-0.031872650801721546
43.336,-0.026675751075792335
43.34,-0.026673935184776537
43.344,-0.02000917311570654
43.348,-0.009449737050452149
43.352,-0.015152382160849428
43.356,-0.02767704097214043
43.36,-0.02319147905069311
43.364,-0.023549135744420985
43.368,-0.006478054018171718
43.372,-0.03163230821307782
43.376,-0.025830174565027023
43.38,-0.02404444006923109
43.384,-0.012840755805658634
43.388,-0.02051439789563946
43.392,-0.03783453160947922
43.396,-0.03792752664781583
43.4,-0.021318442822334298
43.404,-0.00424044859732629
43.408,-0.010821736010042236
43.412,-0.01954923686061281
43.416,-0.04074172289435151
43.42,-0.017451371195522248
43.424,-0.01829500842645116
43.428,-0.014109118811203277
43.432,-0.021377092079599945
43.436,-0.02505862431777167
43.44,-0.030824696938936705
43.444,-0.017940525363074767
43.448,-0.011136940420866038
43.452,-0.020130833479757065
43.456,-0.026460178680078876
43.46,-0.02944213346798395
43.464,-0.01413991677921021
43.468,-0.024734138197699942
43.472,-0.026882510552996494
43.476,-0.030632004229731617
43.48,-0.027608923700765814
43.484,-0.01374588073808457
43.488,-0.015523403866556793
43.492,-0.02677615788420314
43.496,-0.03536316197535156
43.5,-0.02546787941263648
43.504,-0.02743036877086726
43.508,-0.007800278350343411
43.512,-0.044726893035286416
43.516,-0.02616215039433909
43.52,-0.020544585130023593
43.524,-0.004105440940894708
43.528,-0.031213466821846992
43.532,-0.03287203355334423
43.536,-0.03616017747854365
43.54,-0.011849523533648766
43.544,-0.016103349701245454
43.548,-0.005582326187237056
43.552,-0.022764769785023474
43.556,-0.03369305168103599
43.56,-0.026292138154380723
43.564,-0.018958699847934163
43.568,-0.013117679579907
43.572,-0.016816116912949843
43.576,-0.01840827394255902
43.58,-0.029781674643148813
43.584,0.007710659933680548
43.588,-0.03112841374456675
43.592,-0.020992236471288606
43.596,-0.03553516281085174
43.6,-0.021645959818243587
43.604,-0.009553588773937593
43.608,-0.02786391821591226
43.612,-0.018292593990997072
43.616,-0.018924170248548623
43.62,-0.03133837736074729
43.624,-0.02269965977283933
43.628,-0.012790220089848
43.632,-0.016694840844562887
43.636,-0.029892372673845542
43.64,-0.02344208940698694
43.644,-0.0024769167412669827
43.648,-0.015958731445726765
43.652,-0.03588100002423274
43.656,-0.0419504815031797
43.66,-0.02732079515177729
43.664,-0.00614434776393415
43.668,-0.020379055613806048
43.672,-0.0207696216638182
43.676,-0.021719186498820778
43.68,-0.02385592741599141
43.684,-0.02115650979769724
43.688,-0.009963306908415879
43.692,-0.02866954901810818
43.696,-0.025427825624553563
43.7,-0.016326337223844335
43.704,-0.02373938221477459
43.708,-0.018654147319918477
43.712,-0.014008642286797705
43.716,-0.02581532757308128
43.72,-0.025717960342302254
43.724,-0.006395061236291588
43.728,-0.02337619979741927
43.732,-0.02762293321454424
43.736,-0.029377950468002168
43.74,-0.01066748290993794
43.744,-0.012410246045350343
43.748,-0.007766321263045662
43.752,-0.03165179271005131
43.756,-0.013965613074826487
43.76,-0.0199172023653466
43.764,-0.025783513927131345
43.768,-0.025258690581294284
43.772,-0.02396058422242633
43.776,-0.028572673285998256
43.78,-0.02899359216524581
43.784,-0.008616142242216875
43.788,-0.015069759171929046
43.792,-0.027966942862072935
43.796,-0.03451221617835263
43.8,-0.01990423075340698
43.804,-0.016084455824312748
43.808,-0.022880106261757235
43.812,-0.023243577125331455
43.816,-0.029272686460508446
43.82,-0.03659581054129718
43.824,-0.00740744623087213
43.828,-0.024866314632545045
43.832,-0.02783566021679561
43.836,-0.019302409921046638
43.84,-0.017501560881204047
43.844,-0.004395425427167892
43.848,-0.02084427215266406
43.852,-0.030371079831890906
43.856,-0.03238641471298103
43.86,-0.024132254183153422
43.864,-0.015060174311206449
43.868,-0.014343494380896729
43.872,-0.024379293604765487
43.876,-0.032915650205302446
43.88,-0.025458390301443257
43.884,-0.007620997340696111
43.888,-0.010656707242405892
43.892,-0.022580828156653264
43.896,-0.029996891650884074
43.9,-0.020583166729583567
43.904,-0.0016762963788820584
43.908,-0.014325942917345848
43.912,-0.02959980751034867
43.916,-0.02799494677243717
43.92,-0.016582686886437808
43.924,-0.01758011194679319
43.928,-0.01886241806109693
43.932,-0.02831662800801855
43.936,-0.031646918831979495
43.94,-0.030399063593197242
43.944,-0.0146194683702278
43.948,-0.014000914234498583
43.952,-0.026100056867994742
43.956,-0.019884239640174585
43.96,-0.018607583923111452
43.964,-0.007354673416667705
43.968,-0.013802313293239402
43.972,-0.030863734255819862
43.976,-0.0414885820906121
43.98,-0.034208651964431874
43.984,-0.005928655127313412
43.988,0.0035190979495102123
43.992,-0.016151010315352966
43.996,-0.02155732487325014
44.0,-0.020936194278056097
44.004,-0.013448575266649979
44.008,-0.021733324613188363
44.012,-0.035653773114704905
44.016,-0.03725623978415601
44.02,-0.029629816588880146
44.024,-0.020693246891671596
44.028,-0.021501913707259675
44.032,-0.04032359775015807
44.036,-0.029670974739987293
44.04,-0.025839058913776674
44.044,-0.01420603574066693
44.048,-0.02026846570573221
44.052,-0.025892852683368314
44.056,-0.028869245063424205
44.06,-0.019494849523970795
44.064,-0.011589635863054028
44.068,-0.011911691808593026
44.072,-0.026798350906366362
44.076,-0.03656206492289649
44.08,-0.016131160933858794
44.084,-0.0181294742475762
44.088,-0.0016889018478706379
44.092,-0.02633875288238906
44.096,-0.014090364109223135
44.1,-0.015429120126704273
44.104,-0.017339242828168355
44.108,-0.0026350141210128818
44.112,-0.0340803793525981
44.116,-0.01462469072450146
44.12,-0.004819636401338036
44.124,-0.011064738423782416
44.128,-0.02638457629219622
44.132,-0.021995372208854266
44.136,-0.02879067500468439
44.14,-0.02359690469832961
44.144,-0.011629449009869943
44.148,-0.026259725174598715
44.152,-0.027346807761639523
44.156,-0.02964795420045
44.16,-0.008564941460635724
44.164,-0.012574011590250669
44.168,0.002787470871719204
44.172,-0.034200348245925105
44.176,-0.024128464758143307
44.18,-0.004250364377382559
44.184,-0.010301113257712529
44.188,-0.011879851271116525
44.192,-0.02064196859270076
44.196,-0.01906226605756206
44.2,-0.017670574134433247
44.204,-0.010199463243220566
44.208,-0.021599410021487922
44.212,-0.02384264061166531
44.216,-0.02658436081004275
44.22,-0.016680493516695004
44.224,-0.002561093022948253
44.228,-0.019258504517669212
44.232,-0.035744291875847864
44.236,-0.031187842120173115
44.24,-0.024243017212472805
44.244,-0.0061330372049451755
44.248,-0.019801792843834397
44.252,-0.01688239404152294
44.256,-0.025351057581756195
44.26,-0.012668525227240154
44.264,-0.0074411196749486225
44.268,-0.021630838989898593
44.272,-0.03799139265814652
44.276,-0.03500427007264195
44.28,-0.02048347957539309
44.284,-0.024359836064896327
44.288,-0.014267400507279093
44.292,-0.026143649266936436
44.296,-0.034804879916212166
44.3,-0.022351491468362336
44.304,-0.0042843836188082235
44.308,-0.018261970529123955
44.312,-0.03689362841658017
44.316,-0.03136401048007951
44.32,-0.018649032185103234
44.324,-0.024518247117790555
44.328,-0.02010254988007144
44.332,-0.033195241108943285
44.336,-0.04049941723268804
44.34,-0.019500130244387827
44.344,-0.017626226862747785
44.348,-0.00968912480034395
44.352,-0.035160886791364004
44.356,-0.03716674065114436
44.36,-0.01656395772918637
44.364,-0.006099350787775549
44.368,-0.008279553739165276
44.372,-0.012601209648896423
44.376,-0.026911054910891616
44.38,-0.023842097862843296
44.384,-0.004629043023515357
44.388,0.005171224839362852
44.392,-0.02936027481304639
44.396,-0.05366673002075312
44.4,-0.01763539352288313
44.404,-0.016332853848308803
44.408,-0.02063768249898537
44.412,-0.010677414811915774
44.416,-0.0330571397053533
44.42,-0.010872781904233943
44.424,0.00102647275633529
44.428,-0.0025525797694049383
44.432,-0.02772326897818317
44.436,-0.03241146721845617
44.44,-0.030199188274277776
44.444,-0.017272915309144883
44.448,-0.020524229243963334
44.452,-0.02139736356833683
44.456,-0.03651030151837355
44.46,-0.023170362433918238
44.464,-0.010254199757880115
44.468,-0.014714697748318756
44.472,-0.023116702557028548
44.476,-0.0392016346605794
44.48,-0.026126234254248374
44.484,-0.007235227017228893
44.488,-0.0007029809187664385
44.492,-0.014321412968910116
44.496,-0.039110633159811795
44.5,-0.011524674056471604
44.504,-0.004024370154143927
44.508,-0.02149947598815391
44.512,-0.01632488048549518
44.516,-0.02151000868858949
44.52,-0.015930347740009274
44.524,-0.008503259848194328
44.528,-0.018139274145777727
44.532,-0.02276359366110658
44.536,-0.0296578793872363
44.54,-0.033138716648068875
44.544,-0.011376266822295741
44.548,-0.032595292433019354
44.552,-0.03042279222737603
44.556,-0.012909080499302707
44.56,-0.015463698398215979
44.564,-0.009413006222728363
44.568,-0.015202637087825217
44.572,-0.03015278219287865
44.576,-0.02729764503340593
44.58,-0.01486722344195584
44.584,-0.014725238366246195
44.588,-0.015193711686262903
44.592,-0.022073358827683884
44.596,-0.03481882673394851
44.6,-0.033202250845239936
44.604,-0.014109884014361833
44.608,-0.02042530710631471
44.612,-0.027353044925761513
44.616,-0.03807654693425283
44.62,-0.0137021294253576
44.624,-0.00797067948780185
44.628,-0.007735725202978067
44.632,-0.03911527168116681
44.636,-0.029776424931388025
44.64,-0.010609997434503374
44.644,-0.01154861002236263
44.648,-0.023016531961274928
44.652,-0.02337757771458343
44.656,-0.017681297601801073
44.66,-0.012895429013758168
44.664,-0.00581511972676132
44.668,-0.008479493063900546
44.672,-0.023416973107649428
44.676,-0.02797074073329388
44.68,-0.02934643927816476
44.684,-0.01569083802502071
44.688,0.0010656268579211751
44.692,-0.03434312833579187
44.696,-0.035518423461935796
44.7,-0.0091946127036095
44.704,-0.0043346595908159155
44.708,-0.012601636369817546
44.712,-0.01801948379212632
44.716,-0.030273478664502453
44.72,-0.02646542569080261
44.724,-0.005103122417338887
44.728,-0.008413299345695714
44.732,-0.014484829666362338
44.736,-0.030044173826166913
44.74,-0.02067410212888562
44.744,0.001319170616293698
44.748,-0.0046127015419046135
44.752,-0.021338632452282923
44.756,-0.035026441755828225
44.76,-0.02049958543091948
44.764,0.004438535986801934
44.768,-0.016278993508772766
44.772,-0.022739401049990917
44.776,-0.032046519000084844
44.78,-0.008288941343254738
44.784,-0.01632577476124976
44.788,-0.02624608097133562
44.792,-0.02617976221105139
44.796,-0.015065277701213953
44.8,-0.03217761050733857
44.804,-0.01897308987781686
44.808,-0.014687754065918256
44.812,-0.013971747806578014
44.816,-0.03726275850276451
44.82,-0.01691458467750336
44.824,-0.013289223325449913
44.828,-0.02372450699449971
44.832,-0.02200958414599407
44.836,-0.03242826994308785
44.84,-0.03190342227433623
44.844,-0.00017302629825602552
44.848,-0.0040163779440296355
44.852,-0.022968268735216343
44.856,-0.03729527610472723
44.86,-0.018687185369885475
44.864,-0.02201856765602142
44.868,-0.015100330506392265
44.872,-0.0350728950381165
44.876,-0.021770393725465027
44.88,-0.0044510579089080664
44.884,-0.00787097275200915
44.888,-0.004498905884162416
44.892,-0.025325180718754257
44.896,-0.012654854389828185
44.9,-0.012822861429825581
44.904,-0.025928413067269944
44.908,-0.009626591147933773
44.912,-0.03072860501846015
44.916,-0.019091892858649352
44.92,-0.014051225987351673
44.924,-0.006945225286875329
44.928,-0.021447184012095784
44.932,-0.016960420723985646
44.936,-0.022878717763308618
44.94,-0.010365945794734582
44.944,-0.017567087762865224
44.948,-0.010286937646112998
44.952,-0.034979194781068416
44.956,-0.03354048346498435
44.96,-0.021274694446515013
44.964,-0.004593634843320045
44.968,-0.018495892535011525
44.972,-0.029038774237738943
44.976,-0.017304416536392142
44.98,-0.03279384723880976
44.984,-0.01330286800596133
44.988,-0.008359911108412001
44.992,-0.023852419363113653
44.996,-0.01951806460542794
45.0,-0.01745213164040031
45.004,0.010477397618446498
45.008,-0.0034352431561486835
45.012,-0.018248580390375756
45.016,-0.02422092130603707
45.02,-0.022716627210800013
45.024,-0.0054045349983921406
45.028,-0.009013472731291798
45.032,-0.01329697250935626
45.036,-0.030455246359026276
45.04,-0.016370914208741483
45.044,0.010957258555055903
45.048,-0.007682684735337394
45.052,-0.029276413885671537
45.056,-0.034247040711519974
45.06,-0.028875872449827193
45.064,-0.018372001105379912
45.068,-0.02090621609094228
45.072,-0.044710792361607105
45.076,-0.026974491892212786
45.08,-0.011799378472733543
45.084,-0.008177842224436129
45.088,-0.002138310878871296
45.092,-0.029531747612546004
45.096,-0.029998984053130413
45.1,-0.017510557545808124
45.104,-0.0042469832646316475
45.108,-0.005659641978297622
45.112,-0.0328133735730595
45.116,-0.03467352556804888
45.12,-0.0042193272798555365
45.124,-0.0009200433400349027
45.128,-0.005599836665622296
45.132,-0.03860427972516033
45.136,-0.01610191050893315
45.14,-0.009222156102521091
45.144,-0.004789370811014118
45.148,-0.006754755275645086
45.152,-0.0132675374036254
45.156,-0.021737391574594103
45.16,-0.027097288552618948
45.164,-0.015426082234880071
45.168,-0.007715926994608664
45.172,-0.03795718054255741
45.176,-0.03386652521713049
45.18,-0.03201745443347538
45.184,0.005397060241935928
45.188,-0.01888523729014106
45.192,-0.023815192676598276
45.196,-0.029998228865720535
45.2,-0.03668703935266754
45.204,-0.001410119210874576
45.208,-0.003619155720384796
45.212,-0.02354693211347611
45.216,-0.02025021433349769
45.22,-0.026323008114251024
45.224,-0.005048068973491818
45.228,-0.003649802349686113
45.232,-0.01946633875494474
45.236,-0.019864817533165595
45.24,-0.025256599982168306
45.244,-0.009271688741175885
45.248,-0.019795306733704623
45.252,-0.0275331125281093
45.256,-0.03536144128528375
45.26,-0.018989617527484348
45.264,-0.01733327723263333
45.268,-0.002974652841716238
45.272,-0.023611070189994043
45.276,-0.025742906201204
45.28,-0.001950343760890573
45.284,-0.0062426217278474
45.288,0.0033528444344184966
45.292,-0.012164306073493454
45.296,-0.03214867299289743
45.3,-0.014769960471348915
45.304,-0.006819089860106459
45.308,-0.011037651289093824
45.312,-0.025847396806211873
45.316,-0.027383352847520987
45.32,-0.014627771712849898
45.324,0.00034208786264039014
45.328,-0.0112933613523152
45.332,-0.015375075683249455
45.336,-0.0352408802351508
45.34,-0.03979863518141295
45.344,-0.0036714862054464574
45.348,-0.023691821650177615
45.352,-0.011170555517693156
45.356,-0.028076162102876303
45.36,-0.01212357363084952
45.364,-0.0028674871806682652
45.368,-0.005170618929836278
45.372,-0.02611082505406937
45.376,-0.020963306867303584
45.38,-0.006990533889276418
45.384,0.0055590329358483105
45.388,-0.0035049611795475097
45.392,-0.02320024534214854
45.396,-0.02905585749240059
45.4,-0.017064666463106146
45.404,-0.013141560640408096
45.408,-0.0010736983293374025
45.412,-0.009385625584422493
45.416,-0.012327723792666492
45.42,-0.013696975175250491
45.424,-0.004411859166693774
45.428,-0.009628571960275199
45.432,-0.031617604517128826
45.436,-0.016171083511173315
45.44,-0.011403080925156692
45.444,-0.0069541978026477136
45.448,0.0005999379853195864
45.452,-0.02494348783810017
45.456,-0.012564198037189828
45.46,-0.010836480792259521
45.464,-0.01769382068884802
45.468,-0.018291207488375885
45.472,-0.01753347525984608
45.476,-0.014603148656874669
45.48,-0.0029993700857838014
45.484,-0.007956475305562587
45.488,0.0007604234657523443
45.492,-0.026014570026485807
45.496,-0.03514622574190963
45.5,-0.014175171741131549
45.504,-0.008390423863387972
45.508,-0.003637480694418307
45.512,-0.013657387709392848
45.516,-0.02297644707580761
45.52,-0.005140519837931182
45.524,0.001652299447441781
45.528,-0.01839408565538192
45.532,-0.008092375342982919
45.536,-0.022884537774485826
45.54,-0.016233631563688077
45.544,-0.003573979697283116
45.548,-0.012732771076942723
45.552,-0.031173804077403444
45.556,-0.025854739195545758
45.56,-0.009039232211469695
45.564,-0.018391405989796217
45.568,-0.00971744550661131
45.572,0.00685435603669618
45.576,-0.024311332024200955
45.58,-0.017210320199128687
45.584,-0.0013786983962353772
45.588,-0.018108293389416788
45.592,-0.017421877666691246
45.596,-0.03602546208010435
45.6,-0.031100417278291652
45.604,-0.014198726694693499
45.608,-0.013471618453635403
45.612,-0.025966012539814523
45.616,-0.018671606292105944
45.62,-0.016963203845435853
45.624,-0.01541772947700412
45.628,-0.01911020477234672
45.632,-0.017133517418273365
45.636,-0.02737594596466654
45.64,-0.027609943485273798
45.644,-0.013536927755270434
45.648,-0.003599584944809214
45.652,-0.0418255505466095
45.656,-0.021828456406296687
45.66,-0.003932329696966361
45.664,0.021027083869095714
45.668,-0.0232059969335247
45.672,-0.008325288941894575
45.676,-0.028340108786975713
45.68,-0.018705514732319576
45.684,-0.01860425939796962
45.688,-0.00968740626295899
45.692,-0.02142875826037115
45.696,-0.02573032858690987
45.7,-0.023636547064359692
45.704,0.0034624723717537956
45.708,-0.009443818723891216
45.712,-0.018904284499999553
45.716,-0.028032332239728352
45.72,-0.002028925165036539
45.724,-0.010231863386231766
45.728,-0.013686370447504238
45.732,-0.024106942604767808
45.736,-0.027341784463401204
45.74,-0.009573421196420618
45.744,0.006030936177448924
45.748,-0.014446976843018648
45.752,-0.023435861233554747
45.756,-0.021341532290539568
45.76,-0.007106801247249703
45.764,0.001264669748635974
45.768,-0.005107402703798357
45.772,-0.020002313224380022
45.776,-0.022125410531561605
45.78,-0.011894108985024774
45.784,-0.007590122850089446
45.788,0.003555534529047867
45.792,-0.015240914588168055
45.796,-0.024520501438832287
45.8,-0.026232215873169457
45.804,-0.020104930435919894
45.808,-0.008313685809955108
45.812,-0.0200732281501268
45.816,-0.02853086057646407
45.82,-0.028770218789202925
45.824,-0.010261090094115948
45.828,-0.004964300275814157
45.832,-0.01743781338490841
45.836,-0.03274807354142073
45.84,-0.017897928477814372
45.844,-0.01243887615201398
45.848,-0.006815803466073356
45.852,-0.019592388751030212
45.856,-0.026937627706469174
45.86,-0.016331859749446582
45.864,-0.00861550948419658
45.868,-0.03033504130513818
45.872,-0.022446572348766833
45.876,-0.019349765036553813
45.88,-0.030910472741749323
45.884,-0.00792736000805944
45.888,-0.019385125195172163
45.892,-0.01118838419382453
45.896,-0.012419903565446259
45.9,-0.02118393032104696
45.904,-0.01389025873549538
45.908,-0.010038766382744193
45.912,-0.015056714134422222
45.916,-0.013058304755548119
45.92,-0.03140932088532837
45.924,0.0016627276097755132
45.928,-0.020273762900241854
45.932,-0.026152562670964167
45.936,-0.025116950531622887
45.94,-0.023000967261399746
45.944,-0.007399787221830504
45.948,-0.01004450313812624
45.952,-0.012008699461556764
45.956,-0.02817364064877281
45.96,-0.020305476293536358
45.964,0.003765130426912457
45.968,-0.01514800479187959
45.972,-0.04527278549767208
45.976,-0.026139878237035404
45.98,-0.02063147078669402
45.984,-0.014488135538297088
45.988,-0.012234320431807
45.992,-0.01105751676941459
45.996,-0.025505175687588977
46.0,-0.02416758569021365
46.004,-0.009021609684738204
46.008,-0.0007677441653538225
46.012,-0.018683412659827266
46.016,-0.03266767731768315
46.02,-0.016918441035446763
46.024,-0.011706733869112432
46.028,-0.005510468674068592
46.032,-0.01238862078265808
46.036,-0.02233126245726383
46.04,-0.01113607566837356
46.044,0.003640696767597422
46.048,-0.0078360874284344
46.052,-0.014301970431093575
46.056,-0.020983035401217265
46.06,0.006240587964765135
46.064,-0.010858499116563152
46.068,-0.011838043958043828
46.072,-0.013643647244249197
46.076,-0.008903069914459518
46.08,-0.028025399767747535
46.084,0.0015391349544699607
46.088,-0.010192279001522775
46.092,-0.027694580684769574
46.096,-0.039127511904016685
46.1,-0.0090719368257756
46.104,0.022172843186564904
46.108,-0.0036813313366694765
46.112,-0.008167621225985973
46.116,-0.034374100523073485
46.12,-0.010819381464609854
46.124,-0.007000833522798826
46.128,-0.00434168690661867
46.132,-0.01502859637655658
46.136,-0.02179498474430977
46.14,-0.021136535675208405
46.144,0.0024630113071870668
46.148,-0.023577701935980543
46.152,-0.010171995734669077
46.156,-0.027687743594554996
46.16,-0.020542279553260004
46.164,-0.009672796180200232
46.168,-0.009322507316669497
46.172,-0.02344057360693361
46.176,-0.0130645073020414
46.18,-0.023282696725001453
46.184,-0.016736001597195224
46.188,-0.0030796675018565766
46.192,-0.0215471615296439
46.196,-0.013015753913516864
46.2,-0.018131178202507363
46.204,-0.005080246465816134
46.208,-0.01786500069681138
46.212,-0.014282070638920105
46.216,-0.014388911271369417
46.22,-0.010419413627651994
46.224,0.007304467944228406
46.228,-0.012384983993469932
46.232,-0.03289167098204958
46.236,-0.041305908865584634
46.24,-0.0014945690618944109
46.244,-0.0015741854938312195
46.248,-0.003328447410185508
46.252,-0.023732379895147756
46.256,-0.029318719776147698
46.26,-0.02894370008915964
46.264,0.0013609583672583173
46.268,-0.005606464191422238
46.272,-0.01259362170184571
46.276,-0.03361428766190269
46.28,-0.00696573233569699
46.284,0.006297022208145202
46.288,-0.005262595477160192
46.292,-0.02426433543698324
46.296,-0.020453207001648793
46.3,-0.010036509064613636
46.304,0.011069433579634302
46.308,-0.025425240443607118
46.312,-0.017665266945725414
46.316,-0.025522984645293918
46.32,-0.004545052311744784
46.324,-7.353934736382788e-05
46.328,-0.0022152152271514014
46.332,-0.02521646377269509
46.336,-0.022280238770455738
46.34,-0.0040153896736277415
46.344,0.0016895034294824533
46.348,-0.0037813531815162347
46.352,-0.01805970184900729
46.356,-0.024732780461946668
46.36,-0.0010773863031953539
46.364,-0.001086375389896769
46.368,-0.010121929938786887
46.372,-0.0183769719383776
46.376,-0.02575695994272422
46.38,-0.01868130679156058
46.384,-0.012423531994079914
46.388,0.0006000688313732138
46.392,-0.010979716503706745
46.396,-0.022428671010784423
46.4,-0.02404387443933965
46.404,0.0015963683698710356
46.408,-0.0005169959588221199
46.412,-0.01749186424996864
46.416,-0.013921229145919043
46.42,-0.013360599091081357
46.424,0.01042941935114963
46.428,-0.003183429079241697
46.432,-0.012801203958125201
46.436,-0.0241014328135301
46.44,-0.02337386371914356
46.444,0.006014866023922641
46.448,-0.013972044199389841
46.452,-0.004940126706228955
46.456,-0.025736065929009587
46.46,-0.008074452937794654
46.464,0.004005874430862394
46.468,0.0053140883293438775
46.472,-0.020809413717666748
46.476,-0.018926531084258895
46.48,-0.020435195591904192
46.484,-0.0018579885974672992
46.488,-0.004684553535387485
46.492,-0.008798243962722779
46.496,-0.011368727052525172
46.5,0.008729541150824256
46.504,-0.0074135066033987245
46.508,-0.008308755768184416
46.512,-0.022529344329672685
46.516,-0.029572549580580098
46.52,-0.014496441160274095
46.524,-0.004227426732252068
46.528,-0.014317889369211769
46.532,-0.024693099155403693
46.536,-0.0209328171735408
46.54,0.0016821111305246467
46.544,-0.0087875073373886
46.548,-0.007169449817066245
46.552,-0.006178890980173508
46.556,-0.03019936534640717
46.56,-0.003248560330402446
46.564,-0.002998645972340302
46.568,-0.015197860524346705
46.572,-0.00960907434278488
46.576,-0.012249679400461145
46.58,-0.007093696574107105
46.584,-0.019080228178955026
46.588,-0.010115335707460125
46.592,-0.03041552983638296
46.596,-0.024278387941217453
46.6,-0.011735517783458535
46.604,0.0003663444257893181
46.608,0.010239792908493117
46.612,-0.026634119074020517
46.616,-0.015964124463859655
46.62,-0.015891940602725647
46.624,-0.014168041964808762
46.628,-0.011566024555973867
46.632,-0.02917047669051391
46.636,-0.011087627882246636
46.64,-0.01214747294807621
46.644,-0.01146651231388633
46.648,-0.01511749233914441
46.652,-0.020891691880027104
46.656,-0.030436385833119875
46.66,-0.021788317681091664
46.664,0.0016386721212960946
46.668,-0.00813749499885312
46.672,-0.02752258089614488
46.676,-0.011755308387176476
46.68,-0.022103372888000662
46.684,-0.011224522671358516
46.688,0.005925802741741624
46.692,-0.01780080933132262
46.696,-0.024425727771712043
46.7,-0.013917388376257236
46.704,0.005795734144140495
46.708,-0.0045083431150724105
46.712,-0.009441543516850037
46.716,-0.028690241929149644
46.72,-0.005915178157140972
46.724,-0.007218057878752367
46.728,-0.003478319287609523
46.732,-0.026242518080459434
46.736,-0.02538263425380154
46.74,-0.016847081940542956
46.744,-0.0016490253197547393
46.748,-0.017230358974826075
46.752,-0.022078192380743995
46.756,-0.02140199151300249
46.76,-0.007195442076797237
46.764,-0.008472150690993604
46.768,0.00025315857871035553
46.772,-0.003729700549953502
46.776,-0.012370873734289687
46.78,-0.018803578337906936
46.784,0.009375586540463686
46.788,0.00614295885019252
46.792,-0.02522703285170549
46.796,-0.016749039669518552
46.8,-0.017817718231146376
46.804,-0.0001629053207480519
46.808,-0.008211141778662508
46.812,-0.015725603661142208
46.816,-0.02887296358848021
46.82,-0.01604592049891952
46.824,-0.0072593176512288585
46.828,-0.001854749058265514
46.832,-0.015257253117208245
46.836,-0.009416878185338389
46.84,-0.01120128800913064
46.844,-0.0048401859145212126
46.848,0.0002568439599976921
46.852,-0.016779428845236748
46.856,-0.015920996325429496
46.86,0.007798235731665491
46.864,-0.008390461920037532
46.868,-0.00026199415540920524
46.872,-0.01910906193177264
46.876,-0.0187426250073129
46.88,-0.00987734098114137
46.884,-0.000918953455501429
46.888,-0.006880994671692905
46.892,-0.012438328125866718
46.896,-0.01990310568196876
46.9,-0.020158371867472734
46.904,-0.003088354327472794
46.908,-0.012583369453272136
46.912,-0.02574081906375696
46.916,-0.024066224433960608
46.92,-0.009076818721590009
46.924,-0.011299755024894954
46.928,0.000837893236604441
46.932,-0.025468828085540927
46.936,-0.01618502087745009
46.94,-0.009646229123769385
46.944,0.005095694033530585
46.948,-0.0070369311763503134
46.952,-0.021888242919321687
46.956,-0.02534607450211889
46.96,-0.022134191107938815
46.964,-0.008469503428899749
46.968,-0.010467245758873277
46.972,-0.02846819392412677
46.976,-0.018355788808888832
46.98,-0.017349536048959054
46.984,0.0020666205176854916
46.988,-0.0047719006463926
46.992,-0.0194701416893153
46.996,-0.023533142905135588
47.0,0.034128086176407266
47.004,0.03653526567158503
47.008,0.032540010913545095
47.012,0.03267290704075114
47.016,0.012631902633346544
47.02,0.0440202558081145
47.024,0.037533068556005626
47.028,0.03322619221221014
47.032,0.02494647208359715
47.036,0.023044203948791035
47.04,0.010639033736953622
47.044,0.03300460498972584
47.048,0.03546667577862125
47.052,0.028830025750686883
47.056,0.023013770279142327
47.06,0.026526363779843246
47.064,0.03509881751145686
47.068,0.031574798858709625
47.072,0.005764388585389385
47.076,0.027047621712078203
47.08,0.02075410711390087
47.084,0.054489667019604726
47.088,0.03832039692478225
47.092,0.012139029039042615
47.096,0.012202335038157406
47.1,0.002109597142745301
47.104,-0.0005011181486886209
47.108,-0.0006902937035287455
47.112,-0.004549148519470542
47.116,-0.021429779918690394
47.12,0.0002458580208549756
47.124,0.0006908306737729551
47.128,0.002294737040726611
47.132,-0.023603300924357678
47.136,-0.020947280744661772
47.14,-0.01716681739349352
47.144,-0.004334292171790309
47.148,-0.00083868347885404
47.152,-0.029028018134295782
47.156,-0.023929658456400944
47.16,0.0013747793257937232
47.164,-0.007699288640216988
47.168,-0.007153552508862529
47.172,-0.02244356446434818
47.176,-0.017133590325390274
47.18,-0.007978479640750887
47.184,-0.0048746496406614805
47.188,0.011580761548487173
47.192,-0.028007469630127867
47.196,-0.030797393102559197
47.2,-0.003971191842293223
47.204,-0.021461732547834025
47.208,-0.011646276044240091
47.212,0.00369286638163965
47.216,-0.030485457940445687
47.22,-0.009576299432647232
47.224,0.0019124915247597405
47.228,-0.006428013230228355
47.232,-0.017288769490512487
47.236,-0.03159345284635366
47.24,-0.013909123779448446
47.244,0.009351757676431417
47.248,-0.0020581807950114887
47.252,-0.011326383146037018
47.256,-0.0004734169481453894
47.26,-0.012044883827059536
47.264,-0.0007101074739910307
47.268,-0.0065849175765182455
47.272,-0.02164708696064645
47.276,-0.02377185669900793
47.28,-0.009183796748048326
47.284,-0.007762592742447525
47.288,-5.221784779412767e-05
47.292,-0.015451653999731835
47.296,-0.024450919322837703
47.3,-0.008898867508885038
47.304,-0.015903528794096976
47.308,0.007535064937155828
47.312,-0.016263967051581597
47.316,-0.009701415407092222
47.32,-0.02194600771532124
47.324,-0.015340037256051068
47.328,-0.016086936304302822
47.332,-0.011589148355697562
47.336,-0.026713131866447727
47.34,0.0022871108575975505
47.344,-0.008348026509376527
47.348,-0.012613731259161137
47.352,-0.01820156285096884
47.356,-0.014676427124763247
47.36,0.00138013455765049
47.364,0.00824823467012685
47.368,-0.005829316480101933
47.372,-0.008649523535737062
47.376,-0.014854996900769754
47.38,-0.024312040766957043
47.384,-0.009039869661309704
47.388,-0.0031082540962476435
47.392,-0.010731840274647414
47.396,-0.028936789350794283
47.4,-0.01192718795361844
47.404,0.008056901947199557
47.408,-0.007400449773316987
47.412,-0.02097953143588115
47.416,-0.014864644258568255
47.42,-0.007103472009275604
47.424,0.0037372798154311176
47.428,-0.003883849672663384
47.432,-0.0038768147105860337
47.436,-0.0326915044556208
47.44,-0.019210746204097573
47.444,0.0011002387466411531
47.448,-0.0077688471101480475
47.452,-0.018139353483609375
47.456,-0.02469438813147321
47.46,0.00829820855685443
47.464,-0.0035121990037439705
47.468,-0.0031956881101103322
47.472,-0.0214777647869105
47.476,-0.027293656929710808
47.48,0.00883836426004599
47.484,0.004614320283853797
47.488,0.00019465719675780709
47.492,-0.01812506245679971
47.496,-0.01933209095046765
47.5,-0.015753967000647958
47.504,-0.020943249625841855
47.508,0.004469083472034971
47.512,-0.015303892763809406
47.516,-0.017926443875231967
47.52,-0.005973759734261452
47.524,-0.0046553074427393756
47.528,0.0008992961048870938
47.532,-0.014740751182037473
47.536,-0.021931117842448607
47.54,-0.0023173213639897904
47.544,-0.012583626040343899
47.548,-0.005257721228127553
47.552,-0.013010559557653964
47.556,-0.024071795839912005
47.56,-0.011208287235113381
47.564,0.0017005426931285823
47.568,0.01393199825448099
47.572,-0.01617470797003835
47.576,-0.018539936904006956
47.58,-0.009331147668388207
47.584,-0.003310783711147181
47.588,0.010577071096629753
47.592,-0.0171880680676782
47.596,-0.013447558749047975
47.6,-0.007127256587982156
47.604,0.0090971585901422
47.608,0.0036984076734701624
47.612,-0.015213311680678184
47.616,-0.01808511061016377
47.62,-0.025335106339990816
47.624,0.002915657790849005
47.628,-0.006958072930820353
47.632,0.0023492777224070425
47.636,-0.011621274942863375
47.64,-0.023079566341449836
47.644,-0.0003602563265910385
47.648,-0.0036560924013093942
47.652,-0.01477375606842477
47.656,-0.01517356063661466
47.66,-0.0058847257913564825
47.664,0.011003744917434062
47.668,-0.007545786488174505
47.672,-0.023136275485115813
47.676,-0.0219623276477147
47.68,-0.01410747109190983
47.684,0.00531632471745306
47.688,0.003713660211081167
47.692,-0.01465855905173355
47.696,-0.00973444698467505
47.7,-0.017699977918930233
47.704,-0.0048667068072092085
47.708,-0.0065754719612367805
47.712,-0.0020802312341658934
47.716,-0.028585487429714423
47.72,-0.013272810541287938
47.724,0.004197733409352027
47.728,-0.003239039852953071
47.732,-0.02151168327285855
47.736,-0.010989161209957833
47.74,-0.0089974713056572
47.744,-0.00694634616936007
47.748,0.011601602654657796
47.752,-0.02750123725943683
47.756,-0.01759355878461551
47.76,-0.0033458077135652313
47.764,0.010534216827968193
47.768,-0.010842896782083177
47.772,-0.012010077501609075
47.776,-0.031184748190012726
47.78,-0.006714440884509442
47.784,-0.008791452584052074
47.788,-0.004301933298475337
47.792,-0.017532707917493243
47.796,-0.024884367751949632
47.8,-0.002760309040371771
47.804,0.010695059868702632
47.808,-0.007725409128832702
47.812,-0.02286549219059497
47.816,-0.0028735481736478514
47.82,-0.013694518309209473
47.824,0.0022475289507351928
47.828,0.005802341291288716
47.832,-0.0271541463287879
47.836,-0.0030386153783015513
47.84,-0.0040914174657059365
47.844,-0.006919518226581586
47.848,-0.006477628888788373
47.852,-0.026740527836417338
47.856,-0.015118376812392264
47.86,-0.002261723252925312
47.864,0.0013403563995126927
47.868,0.0018592801891262507
47.872,-0.017378049914461114
47.876,-0.02970155876435528
47.88,-0.010984131442869263
47.884,0.008295474508651271
47.888,-0.0051209276309794015
47.892,-0.01591095216175436
47.896,-0.024164466205952653
47.9,-0.02124886015371544
47.904,0.005260213420545548
47.908,-0.002608325613675229
47.912,-0.011725600092194007
47.916,-0.01867781344438295
47.92,-0.013366519013496548
47.924,-0.006169326665615983
47.928,-0.008277056266970784
47.932,-0.005607692648146737
47.936,-0.008127043431477233
47.94,-0.008547218164087569
47.944,-0.0005492254918233988
47.948,-0.0028801973396766394
47.952,-0.01862003226228663
47.956,-0.010632389353516368
47.96,-0.013117245104151085
47.964,0.00805189545559764
47.968,-0.001626961609417198
47.972,-0.023731746812314776
47.976,-0.01666923887513851
47.98,-0.004671699263934785
47.984,-0.003143442772671051
47.988,0.0018741423642388653
47.992,-0.02453896846068867
47.996,-0.016956088516819845
48.0,-0.010431614852890382
48.004,0.006490877341986396
48.008,0.004697938186874699
48.012,-0.007955153269043638
48.016,-0.02068531037775219
48.02,-0.005442534957189093
48.024,-0.0032255171727313446
48.028,-0.0003176098114815527
48.032,-0.0007246699549934045
48.036,-0.03679437084031133
48.04,-0.022732370102271193
48.044,-0.002764143545416455
48.048,-0.00314513681347709
48.052,-0.004416322133238183
48.056,-0.01593284269616556
48.06,0.002430546282459099
48.064,0.005420907558339323
48.068,0.0027213100277345163
48.072,-0.0020509177453090447
48.076,-0.01406045194595726
48.08,-0.0032326498275462735
48.084,0.0001556509925688689
48.088,0.0013625642738066108
48.092,-0.016340585073066568
48.096,-0.010841796668702356
48.1,-0.01744868658174104
48.104,0.021006877837378802
48.108,0.012846696249932885
48.112,-0.01595113405223271
48.116,-0.019114899169492983
48.12,-0.005720819743955897
48.124,-0.007447257129166423
48.128,-0.005720176519666412
48.132,-0.0030369199819971424
48.136,-0.03984384111095103
48.14,-0.01060710914515954
48.144,0.017040731745172608
48.148,-0.008058412142819429
48.152,-0.008210554506790018
48.156,-0.01853730342210985
48.16,-0.015165738779789937
48.164,0.003659925590180069
48.168,0.007975621483130387
48.172,-0.016785078373639482
48.176,-0.027514865544881785
48.18,-0.010588689704624793
48.184,0.004915352118877944
48.188,-0.003664918139050769
48.192,-0.01622085397213515
48.196,-0.02385403067726519
48.2,-0.012802378897120936
48.204,0.011529171494916512
48.208,-0.0019419343108668867
48.212,-0.01699732244372193
48.216,-0.010320410965218959
48.22,-0.008384854381133686
48.224,-0.004007106049079738
48.228,0.015342445788081756
48.232,-0.0166662083248722
48.236,-0.017772523554021615
48.24,-0.002725564273992232
48.244,0.0021850528280258352
48.248,-0.003416933397614444
48.252,-0.01606698434190445
48.256,-0.02134783905906652
48.26,-0.013311492060518971
48.264,0.007622469155093217
48.268,-0.00640564956704702
48.272,-0.002385813068709025
48.276,-0.021742126389263677
48.28,-0.02098449932732949
48.284,0.01975032840961346
48.288,-0.00298749791818038
48.292,-0.009864401995133398
48.296,-0.031677243912332016
48.3,-0.0005663908921397951
48.304,0.0012433573550678246
48.308,0.0031424333251768013
48.312,-0.010296090234780786
48.316,-0.018540937864271762
48.32,-0.004440540685308008
48.324,0.010113091290382148
48.328,0.0047712598340043585
48.332,-0.006212042460428507
48.336,-0.0074436653513387
48.34,-0.0017366535041006444
48.344,0.010982153698511944
48.348,0.009271865729937101
48.352,-0.014370062393227533
48.356,0.01636900728728234
48.36,-0.011367709938344756
48.364,0.0035002175172861964
48.368,0.004340723601705397
48.372,-0.022683658291563148
48.376,-0.012952240540857796
48.38,-0.004655555811446755
48.384,0.003501817023610296
48.388,0.0016186388754157047
48.392,-0.025757969447845978
48.396,-0.02362929989664747
48.4,-0.005775699311233985
48.404,0.016216303893204262
48.408,-0.013514986545515216
48.412,-0.008212406404818628
48.416,-0.004598761928037806
48.42,0.0076005173486414345
48.424,0.006408714383539501
48.428,-0.000678147136862306
48.432,-0.00388476760518908
48.436,-0.027742322671932988
48.44,0.0016428001652160767
48.444,-0.013458351139855048
48.448,0.005440045986070868
48.452,-0.01309026034431859
48.456,-0.012288710811383167
48.46,-0.0042500089876703106
48.464,0.020118543320782868
48.468,-0.0014107603687218955
48.472,-0.01229457478689781
48.476,-0.008747425350557246
48.48,-0.001137898115329483
48.484,0.011788342116485745
48.488,0.0036295491973477715
48.492,-0.007882289085388964
48.496,-0.010324607921138658
48.5,-0.006585566966043722
48.504,0.0039616394955189465
48.508,0.01572880916582954
48.512,-0.020920468164161383
48.516,-0.030876813836857243
48.52,-0.011042442051098954
48.524,0.0017355616384669365
48.528,-0.007205406554329729
48.532,-0.025856935058438474
48.536,-0.01680836611191154
48.54,-0.0032468865302383754
48.544,0.0009810450449533716
48.548,-0.002591283847424798
48.552,-0.02018987863527858
48.556,-0.006601163541960619
48.56,0.0032899040589004502
48.564,0.0024327110379213333
48.568,0.008585408566705411
48.572,0.0003478966424524093
48.576,-0.01376795543903592
48.58,-0.0017817434961739176
48.584,-0.011127500879929818
48.588,-0.005785505071172533
48.592,-0.009231225784395041
48.596,-0.006197713632884381
48.6,-0.02523115271954974
48.604,0.005044842147435591
48.608,-0.0026965478704512155
48.612,-0.011517648830210767
48.616,-0.0062301820925011586
48.62,-0.002015182489052631
48.624,0.009124860015409743
48.628,0.011239922197736105
48.632,-0.008934201076040883
48.636,-0.00803061548908903
48.64,-0.01591523409153733
48.644,-0.008765734210683575
48.648,-0.00789417992510923
48.652,-0.0012675251653100229
48.656,-0.010582985235206555
48.66,-0.011573049972161999
48.664,-0.004585199916960169
48.668,0.0006767556542413785
48.672,-0.023906530408432873
48.676,-0.007978639330972797
48.68,0.00028990488103626793
48.684,0.017680153898734674
48.688,-0.004397933758010773
48.692,-0.009203684712707418
48.696,-0.01579163658041412
48.7,-0.006000826483131343
48.704,0.013211362115201578
48.708,-0.005195200854114817
48.712,-0.011681624204171572
48.716,-0.02549447376144048
48.72,0.0024041633600041124
48.724,0.004950261262882176
48.728,-0.006960781456239102
48.732,-0.0005560852076782283
48.736,-0.016757103000849996
48.74,-0.002791323440061656
48.744,0.0055933950983842184
48.748,-0.0006350618502596684
48.752,-0.00746084203101451
48.756,-0.012368490446306038
48.76,-0.004574034797599291
48.764,-0.0002706990306717517
48.768,-0.005995059807469456
48.772,-0.012795815279642025
48.776,-0.021232065343865653
48.78,-0.00839222433018338
48.784,0.011157530849958516
48.788,-0.012007964224389336
48.792,-0.006073845367428598
48.796,-0.0034303990777794207
48.8,-0.0031370342009106045
48.804,0.012449378330229185
48.808,0.013105369515482551
48.812,-0.012184530815295568
48.816,-0.010825204331539206
48.82,0.0005903463871214801
48.824,0.006188410095530578
48.828,0.002968656133229404
48.832,-0.008226851624380735
48.836,-0.011817080791045651
48.84,-0.01649214140602256
48.844,0.016579765433754255
48.848,-0.002235185369610879
48.852,-0.00444802422629168
48.856,-0.01960244958801664
48.86,0.007899435865673156
48.864,0.0032114871701528205
48.868,0.018412932419339147
48.872,-0.016640912602536733
48.876,-0.018334589255365866
48.88,-0.006977217445340196
48.884,0.0008397432719568628
48.888,0.005892703192999868
48.892,0.0021851792138657504
48.896,-0.02342261813813254
48.9,0.0018707481889259437
48.904,0.01910803482837487
48.908,-0.0013622049286909125
48.912,0.0025959156105522033
48.916,-0.008764410399308909
48.92,0.0039648435545229154
48.924,0.0012942982629082188
48.928,0.006589711920165182
48.932,-0.0024988075268871706
48.936,-0.025697789725630117
48.94,0.006233447150245339
48.944,0.008602649426611911
48.948,0.008278077914441457
48.952,-0.017251641396559474
48.956,-0.010848115326556234
48.96,-0.005060081979211968
48.964,-0.0010493285549674509
48.968,0.0010605894031465088
48.972,-0.011359925113044279
48.976,-0.028006725003750732
48.98,-0.008425924014443717
48.984,-0.004207621065263639
48.988,-0.013375345209364311
48.992,-0.0159163150671221
48.996,-0.0265869092602703
49.0,-0.004588021895266932
49.004,0.014709201203682725
49.008,0.0010608156736650798
49.012,-0.005260982926956416
49.016,-0.02653264628899532
49.02,-0.012846150454045541
49.024,-7.01121895531039e-05
49.028,0.002809745392285493
49.032,0.009332409246395869
49.036,-0.009272019045799119
49.04,-0.002855422339528046
49.044,-0.0023672279536107333
49.048,0.010371828846415241
49.052,-0.004904865250188202
49.056,-0.005462226306765763
49.06,-0.0029381174694077397
49.064,0.01726536869185699
49.068,0.0004229733643153746
49.072,-0.00841474010387157
49.076,-0.008113602887292742
49.08,-0.013771633260323272
49.084,0.0015810754911416416
49.088,0.004451410001078692
49.092,-0.004280132251790026
49.096,-0.004069408880118022
49.1,0.0007210334334926236
49.104,0.016987299020054563
49.108,0.005159082154814728
49.112,-0.0179701194929936
49.116,-0.01900977850477854
49.12,-0.011518288621455913
49.124,0.011953831418558356
49.128,-0.0025988543120409086
49.132,-0.02609030560478465
49.136,0.005109005082160119
49.14,-0.004617331926916561
49.144,0.00289410983981307
49.148,0.004525118856590753
49.152,-0.007579167917580192
49.156,-0.0024661599108220193
49.16,0.0008364266224917855
49.164,0.0076161600774875314
49.168,-0.006426860724965223
49.172,-0.008789578279971223
49.176,-0.014065617155878228
49.18,-0.01620746513445375
49.184,0.008628796455895425
49.188,0.0017741495811998578
49.192,-0.024430160947073065
49.196,-0.00753196091324565
49.2,-0.005761884027120733
49.204,0.00819197987693989
49.208,-0.0010870048973576833
49.212,-0.0005686102161354002
49.216,-0.007591455925409104
49.22,-0.011275164259335183
49.224,0.0005097395457208283
49.228,-0.004605369240348156
49.232,-0.006662609758741217
49.236,-0.018254705959181078
49.24,0.006169130033353924
49.244,-0.0001564199594834238
49.248,0.006333159964440875
49.252,-0.0067458310034164085
49.256,-0.035045308163410796
49.26,0.007576171922610481
49.264,0.01662332439663059
49.268,-0.003366984457232576
49.272,-0.012516812072609412
49.276,-0.012819492543443695
49.28,0.021681802390792794
49.284,0.006350421352350825
49.288,-0.013675709465292592
49.292,-0.013220127828518113
49.296,-0.021968485527137375
49.3,0.004301650376160202
49.304,0.011121813678905298
49.308,0.008201039471095939
49.312,0.006008086453547806
49.316,-0.00870162481173365
49.32,0.00044537971658149865
49.324,-0.019102009317842866
49.328,-0.0037743700247391252
49.332,-0.02408166252889766
49.336,-0.010063471206008551
49.34,-0.008399306296185233
49.344,0.005807485624150151
49.348,-0.007855233859597653
49.352,-0.018391221817280937
49.356,0.0028118871338750004
49.36,0.0009293965524413959
49.364,-0.00030866197630622077
49.368,0.011089466282411298
49.372,-0.01603961523999427
49.376,0.0005954602690830136
49.38,0.006767656620397506
49.384,0.007734565852510773
49.388,0.013245331523428898
49.392,-0.01004573495149847
49.396,-0.013214793862287645
49.4,0.0016173361429232262
49.404,0.0019566521344878676
49.408,0.00479453839577691
49.412,-0.009414695931863821
49.416,-0.034093595206519445
49.42,0.00138924377277772
49.424,0.005287507653161586
49.428,6.38921497133683e-05
49.432,0.009354747756872051
49.436,-0.006538344841371357
49.44,-0.011113765021368472
49.444,0.004051749554719619
49.448,0.0020044557362142125
49.452,-0.013505314116216083
49.456,-0.005981674570588739
49.46,0.014201460560452663
49.464,0.01569232108258789
49.468,0.012144584482394466
49.472,-0.007060103696536517
49.476,0.0006161592055995389
49.48,-0.019226329234460122
49.484,0.014657769622129049
49.488,0.004093963918118995
49.492,0.003687825847564696
49.496,-0.01609173967158563
49.5,-0.00043995245193413635
49.504,-0.0012456376419846303
49.508,0.001771174226993532
49.512,-0.011358671668253733
49.516,-0.02070909341704132
49.52,-0.00010235923915551766
49.524,0.016442847030313467
49.528,-0.00014323710312785353
49.532,-0.0032218370697380946
49.536,-0.002995898062584176
49.54,-0.002159325568462589
49.544,0.006713120954014802
49.548,0.012059827018288042
49.552,-0.011991435984106739
49.556,-0.007670144047218526
49.56,-0.011799918393578508
49.564,-0.003260224431398598
49.568,0.012396194339396892
49.572,-0.010935104957002305
49.576,0.004712499464759736
49.58,0.0018713588989467667
49.584,0.011451878169142417
49.588,-0.0018396535451644762
49.592,7.747658923519442e-05
49.596,-0.008536183355565899
49.6,-0.00950985469750553
49.604,0.01772304954934563
49.608,0.006942540906691371
49.612,-0.01823671788481953
49.616,-0.01614097772560826
49.62,-0.007062121667163485
49.624,0.002595560428483709
49.628,0.0165241303486039
49.632,0.004676784645153977
49.636,-0.01615365743931716
49.64,0.014039486565729804
49.644,0.012971978897945852
49.648,0.002320607340529803
49.652,-0.0053832067529103345
49.656,-0.0027576726500053057
49.66,-0.001801207885919647
49.664,0.0028319020538061174
49.668,0.017944683408348414
49.672,0.0013661583750561165
49.676,-0.012038747353060562
49.68,-0.0061455860189917125
49.684,0.022042112314842495
49.688,-0.0032148126817382293
49.692,-0.0034858713909339603
49.696,-0.009585602221477682
49.7,0.012174476937505955
49.704,0.010612030216877203
49.708,0.010052258808874278
49.712,-0.009895251822239097
49.716,-0.007172656193219337
49.72,-0.015535802679747796
49.724,0.003592738894307706
49.728,-0.0037459780653989706
49.732,-0.015178806772760551
49.736,-0.01172326227587214
49.74,-0.011627696599134988
49.744,0.0022192187323515156
49.748,-0.003947224938218143
49.752,-0.008853995482611031
49.756,-0.021435453312023782
49.76,0.0063595846923585825
49.764,0.011825382341935609
49.768,0.008831307295407044
49.772,-0.0021040028028772445
49.776,-0.028317117251473366
49.78,-0.00024988453928984707
49.784,0.006097923356209805
49.788,0.010492548710185817
49.792,0.0058534133393428455
49.796,-0.01821275420510439
49.8,0.002424069827461088
49.804,0.01466009718326829
49.808,0.02158388412218001
49.812,-0.013802084980761981
49.816,-0.0040709217815990675
49.82,0.0057046838199006165
49.824,0.006886401825775275
49.828,0.011979384311066564
49.832,-0.013844374086945409
49.836,-0.012680341958021887
49.84,0.004678149130729664
49.844,0.021514833646272418
49.848,0.0021031379746971547
49.852,-0.01416537565523536
49.856,0.001722916933552478
49.86,-0.0070585414239125194
49.864,0.0019796292763070485
49.868,0.008256503027739228
49.872,-0.0004104682844118749
49.876,0.007062202277810703
49.88,-0.010840306979194777
49.884,-0.0039000982199935193
49.888,0.00030519740632229536
49.892,-0.010557981116146127
49.896,0.006042100799951031
49.9,0.013380305443597034
49.904,0.009290773196725591
49.908,0.001194786713619494
49.912,-0.00936222008157896
49.916,-0.01957324921970465
49.92,-0.007034148934256541
49.924,0.01652202343464676
49.928,-0.0022805518209308108
49.932,-0.0049811269688503305
49.936,0.0036280284991002543
49.94,-0.005599893763596048
49.944,0.025521022240633906
49.948,-0.002445991693056747
49.952,-0.009834374085810348
49.956,-0.002674009949090235
49.96,-9.913757510477433e-05
49.964,0.016358959151404617
49.968,-0.004560931546334124
49.972,-0.008916753288382996
49.976,-0.023770772953688367
49.98,0.011270775434921963
49.984,0.003312533382461018
49.988,0.004770566035831206
49.992,-0.005380780138745556
49.996,-0.013306131546695367
50.0,-0.0006050375138101839
50.004,0.009754695769831668
50.008,0.0067561895266888515
50.012,-0.0042131731852611135
50.016,-0.008210581299012063
50.02,-0.0027590654491262876
50.024,0.018730386852221836
50.028,0.023331574003676855
50.032,-0.014403255657327875
50.036,-0.01843754173990165
50.04,0.004454570912168978
50.044,0.0070657695823706426
50.048,0.0022992660527834967
50.052,0.016811140166160803
50.056,-0.0037351775792313496
50.06,0.007523652737999239
50.064,0.0011186744002214099
50.068,0.01218480158467949
50.072,-0.01105051980756305
50.076,-0.0017493517283132644
50.08,0.003819467694722111
50.084,0.0045126405398670305
50.088,0.00626885491598386
50.092,-0.010816930713157806
50.096,-0.006891600232320019
50.1,-0.003331578589989952
50.104,-0.00120802419370253
50.108,0.001003972422891227
50.112,-0.008249884742592662
50.116,0.005410770162131429
50.12,0.019569737319478652
50.124,0.014577513811340256
50.128,0.0005715949462113982
50.132,0.0012331479203644751
50.136,-0.018279004720650714
50.14,0.00669617077793732
50.144,0.013071386345439464
50.148,0.01569489555440914
50.152,0.008437893839013517
50.156,-0.015969658692695766
50.16,0.017412469057098152
50.164,0.02337961001004126
50.168,-0.0013724186368094578
50.172,0.0036226662575802515
50.176,-0.006749335240912925
50.18,0.007742454827422276
50.184,0.005877341131690519
50.188,0.03086338510308378
50.192,0.005113444123958825
50.196,-0.012713810319527185
50.2,-0.007593076320713522
50.204,-0.00650884197077194
50.208,0.004385012775344876
50.212,-0.0007327255509831272
50.216,-0.004728022271090031
50.22,-0.001814050338694551
50.224,0.01964436853980976
50.228,-0.01131971817177611
50.232,0.006125593721502927
50.236,-0.034527936657409816
50.24,-0.004255494261537663
50.244,0.014174418757857316
50.248,-0.00438864393299226
50.252,-0.013814575824926784
50.256,-0.007142573175295767
50.26,0.003478739853584498
50.264,0.015738679714734687
50.268,0.014499213195319082
50.272,-0.01319429482527653
50.276,-0.00349776371178245
50.28,-0.0022338690148204243
50.284,0.017405229793463917
50.288,0.008847347822866194
50.292,-0.006326515296642801
50.296,-0.015734531330690377
50.3,0.0005017783698743394
50.304,0.00041412754753618504
50.308,0.0025481723703847364
50.312,-0.006360842264667741
50.316,3.0225022871026297e-06
50.32,0.007696658593669723
50.324,0.021462340609892785
50.328,0.006576879618293003
50.332,-0.016049502565628742
50.336,0.01172217138762483
50.34,-0.0009499878168181895
50.344,0.005421228412522768
50.348,0.017266014971788236
50.352,-0.0026374981862513766
50.356,-0.005978558474051516
50.36,0.010630803076047676
50.364,0.015883577961523895
50.368,0.003647827186711663
50.372,-0.010302691200484205
50.376,-0.0010652145035913016
50.38,0.00650718044539517
50.384,0.014632581628869615
50.388,0.005926959396041627
50.392,-0.012175280412346626
50.396,-0.014644428148632588
50.4,0.004304273077312532
50.404,0.005294483892643789
50.408,0.012433776323886567
50.412,-0.0026383628881747863
50.416,-0.006393777860536349
50.42,0.0018702431997073073
50.424,0.006387623916187406
50.428,0.0021581261833956153
50.432,-0.00038778623174134767
50.436,-0.008501408102313302
50.44,-0.000928478574886489
50.444,0.007784258374545201
50.448,0.018574068791308573
50.452,-0.001619097017309151
50.456,-0.0059531992726882315
50.46,-0.0015237407044251792
50.464,0.018245457209910932
50.468,0.009356482149091513
50.472,-0.017368357198455687
50.476,-0.010088997564018896
50.48,0.010750571028236164
50.484,0.02021345681026987
50.488,-0.0045457610557060844
50.492,-0.0028330855442054697
50.496,0.009284123522735492
50.5,0.007695844383592958
50.504,0.03314984859754815
50.508,-0.006586973626028863
50.512,0.0016393364773333464
50.516,-0.0202812152118624
50.52,-0.0011879808345851266
50.524,0.0059964497372310835
50.528,0.02030812745432415
50.532,-0.007717691525063113
50.536,-0.011175953135342571
50.54,-0.0017603726613580895
50.544,0.014420515629437778
50.548,0.00889482725617401
50.552,-0.0023256713208250224
50.556,-0.004536318669891412
50.56,-0.006556985127615862
50.564,0.006689699349220103
50.568,0.0047381686540907365
50.572,0.003251710772164139
50.576,-0.013798118926754279
50.58,0.005800555091640112
50.584,0.006840093911450152
50.588,0.015364823744208726
50.592,-0.015588246593391433
50.596,-0.009281204076077588
50.6,-0.00953536491617963
50.604,0.012119206400597516
50.608,0.00047824327435944114
50.612,-0.004217157191167108
50.616,-0.00616455830726269
50.62,0.007394988087570671
50.624,0.012444385943237808
50.628,0.005742817085092484
50.632,-0.01785050487768065
50.636,-0.005063993886714413
50.64,-0.0013240299816659278
50.644,-0.00327204965028678
50.648,-0.0009635566841885261
50.652,-0.012654503174239344
50.656,-0.003912546507993326
50.66,0.0035264578389566977
50.664,0.006202976002679872
50.668,0.018637517125508995
50.672,-0.0006003780846092674
50.676,-0.004411930553181077
50.68,0.007764297981122963
50.684,0.0021191152760006004
50.688,0.010657641037202677
50.692,0.009245141667074302
50.696,-0.006193668157688547
50.7,0.0165589054091752
50.704,0.005684555236548177
50.708,0.008618465286622173
50.712,-0.011165798513141976
50.716,-0.00150349903957777
50.72,-0.004836187723994866
50.724,0.016812847026081955
50.728,0.011038184471401723
50.732,-0.018299438074907914
50.736,-0.009182449982494408
50.74,-0.004128060193732583
50.744,0.02622525940207824
50.748,0.010648870979287073
50.752,-0.0045967016155846994
50.756,-0.0009004440847197592
50.76,-0.0046004487294333115
50.764,0.007411885561366175
50.768,0.005884485148522252
50.772,0.0016463883878864668
50.776,-0.010295897611462023
50.78,-0.0006649756138351905
50.784,0.013277640141822377
50.788,0.021819561914139037
50.792,-0.01695770553755261
50.796,-0.0013771153617722414
50.8,0.0012336297953015104
50.804,0.011968021438046554
50.808,0.0015197429746933852
50.812,-0.012087326077518558
50.816,-0.004804118730757337
50.82,0.017483099891225
50.824,0.00952667306411436
50.828,0.011823239466119101
50.832,-0.007057526226648264
50.836,-0.017272381663537728
50.84,0.015625944753276715
50.844,0.015127618913082782
50.848,0.01853893223017608
50.852,-0.005359705661633197
50.856,-0.0048595897396060996
50.86,0.0011315752561798609
50.864,0.019041768022939956
50.868,-0.006924373579437716
50.872,0.003543638408636149
50.876,-0.005259817247354502
50.88,-0.0006315977567175569
50.884,0.014858745707459464
50.888,0.009894972791511752
50.892,-0.012271147134528296
50.896,-0.0068206460812500844
50.9,0.01236545634511398
50.904,0.010994733883735276
50.908,0.01253631739082303
50.912,-0.0010428560269379714
50.916,0.004844017556807159
50.92,0.001496152050213573
50.924,0.011096787672913246
50.928,0.005709043123103761
50.932,-0.00011583498453599352
50.936,-0.017776755642657634
50.94,-0.0034801578613505558
50.944,0.008053523295067436
50.948,-0.01333775055126327
50.952,0.0062012959251860535
50.956,-0.01608514436776233
50.96,0.003307522385770949
50.964,0.009751085626859512
50.968,0.009890132311565094
50.972,0.005716295115019181
50.976,-0.005988318033222234
50.98,0.005785919173748982
50.984,0.010572143953738709
50.988,-0.00343069283422328
50.992,-0.007341930997283
50.996,-0.012205129891595008
51.0,0.008662171788445656
51.004,0.011337272111871972
51.008,0.004182833244387552
51.012,-0.0001814341181241841
51.016,-0.004488230049187247
51.02,0.004921003312345264
51.024,0.009116499107354573
51.028,-0.0008898432964465856
51.032,0.01275134939101381
51.036,-0.0030791572635281064
51.04,0.0011034953970620312
51.044,0.023414760428428917
51.048,0.009345869279187556
51.052,0.0005953820839295124
51.056,-0.002690637054349852
51.06,0.01054393511189255
51.064,0.016673249079247374
51.068,0.014689532633931298
51.072,-0.0019561582012986426
51.076,-0.0134747752360109
51.08,-0.001493534177665159
51.084,0.005496231815868736
51.088,0.0036178573571247095
51.092,0.005140842967663834
51.096,-0.014626936988831801
51.1,0.01791200381725589
51.104,0.021887265161159235
51.108,0.020897542979466173
51.112,-0.002627683954220028
51.116,0.002940931197887806
51.12,0.011747492950371611
51.124,0.02129695523174117
51.128,0.01585583131121932
51.132,-0.00924282650586958
51.136,-0.018982829236167276
51.14,-0.008933326175264595
51.144,0.005452249355424991
51.148,0.00947108733526972
51.152,0.0002892167144079975
51.156,-0.0034941018026751055
51.16,0.0193353958705955
51.164,0.009966469594279864
51.168,0.01564724676977702
51.172,-0.0053479672891492
51.176,-0.008159666320225271
51.18,-0.008629949570990992
51.184,0.02188635633937106
51.188,0.007835766599684473
51.192,0.005316440036365004
51.196,-0.011032821691477429
51.2,-0.0005094459776527486
51.204,0.01391965686838942
51.208,0.018602880429954297
51.212,-0.0005059974807245499
51.216,-0.007312394290839015
51.22,-0.009126334657853116
51.224,0.0027005617643862407
51.228,0.014845938134580655
51.232,-0.003642726643072229
51.236,-0.003838831543511151
51.24,0.0057093969934450374
51.244,-0.002604616295820275
51.248,-0.0005823549488361904
51.252,-0.0013636136852709741
51.256,-0.010642897700814476
51.26,-0.0052379464106974685
51.264,-0.003784166499227571
51.268,0.01472246189555187
51.272,-0.004571378719458932
51.276,-0.00039859241568049406
51.28,0.007296450231389687
51.284,0.010896448391120174
51.288,0.008738367768083434
51.292,-0.0012711654137506929
51.296,-0.002217355944512828
51.3,0.029033819974825806
51.304,0.004775962543739182
51.308,0.013830465028359825
51.312,-0.020165121828057662
51.316,-0.002754300929480201
51.32,0.014283000210028627
51.324,0.014414073196041186
51.328,0.006008792373040996
51.332,0.008819467345216317
51.336,-0.002856672235557764
51.34,0.012566482003513763
51.344,0.02439274389575766
51.348,0.020065166552036377
51.352,-0.005087811045273456
51.356,-0.004386601766666503
51.36,-0.011679978409609515
51.364,0.008912414726545376
51.368,0.019033939671497618
51.372,-0.007280164137106759
51.376,-0.010696675410673026
51.38,0.003060002150487323
51.384,-0.0006876519914209601
51.388,0.017245470980158308
51.392,-0.006144197379737438
51.396,-0.0007909110088350183
51.4,0.005016647233723368
51.404,0.02689225694420417
51.408,0.014260198478864158
51.412,-0.014463566518790175
51.416,-0.01823062057610416
51.42,-0.0004635704766342598
51.424,0.005729177350961654
51.428,0.02952705553388539
51.432,0.004120362098007078
51.436,-0.007953955090602753
51.44,0.01348662778891642
51.444,0.02020861245591771
51.448,0.010565705782323836
51.452,-0.00026718708894243187
51.456,-0.0013781841805547861
51.46,0.010200049554004215
51.464,0.03730899436226552
51.468,0.009287295211645102
51.472,0.008354892817429623
51.476,-0.008937739375118502
51.48,0.0006821956063599068
51.484,0.007282633195615941
51.488,0.01561519133554545
51.492,0.00489929436634598
51.496,0.007113833390438637
51.5,0.01675984888283058
51.504,0.016334624063746177
51.508,0.010308096453457313
51.512,0.012274114290957299
51.516,-0.0009544667031123511
51.52,0.022976661444016756
51.524,0.019421859413517525
51.528,0.0118786803972102
51.532,-0.01292638499448858
51.536,-0.007798342631295967
51.54,0.00827907499715429
51.544,0.01371606783704559
51.548,0.006796745122761731
51.552,-0.0027816820167208284
51.556,-0.0010636700561659418
51.56,-0.0015199631777332422
51.564,0.016198547531665743
51.568,0.003108489487022692
51.572,-0.0003835732779405947
51.576,-0.004338088410517952
51.58,0.007510846801790174
51.584,0.0075563693218555494
51.588,0.019332761234687683
51.592,0.0021061380182901285
51.596,-0.01945126810144889
51.6,0.011209839073732814
51.604,0.017985580360896772
51.608,0.013097691825314792
51.612,-0.0003255816996548932
51.616,-0.002210140400031912
51.62,0.006399195493821304
51.624,0.008584552378628138
51.628,0.01976909454794728
51.632,0.0010523356461553941
51.636,0.009949781678510072
51.64,0.013654590072157259
51.644,0.00512957978317225
51.648,0.02676556374438967
51.652,-0.0005959208172964497
51.656,-0.006637564561755836
51.66,0.005517594109992847
51.664,0.019624476411619598
51.668,0.024128992751935665
51.672,-0.0025553380103547096
51.676,-0.017946996473790305
51.68,0.00823659076771119
51.684,0.015402858846571036
51.688,0.020366137976149976
51.692,0.007165380334903921
51.696,-0.009939314948848083
51.7,0.049176696296675676
51.704,0.05407032396013926
51.708,0.04469298219136881
51.712,0.04817921252655845
51.716,0.04113489206825139
51.72,0.032633915556721564
51.724,0.05709385555123147
51.728,0.06098005552223373
51.732,0.0361098410168651
51.736,0.03359262679081565
51.74,0.04439683727356797
51.744,0.06341964954530764
51.748,0.05423776156980949
51.752,0.040276770456189576
51.756,0.03345612759270336
51.76,0.059351647719841326
51.764,0.053727449954890025
51.768,0.04711668317718255
51.772,0.044887441888282614
51.776,0.03319354256471156
51.78,0.06245011226502009
51.784,0.05807752336798858
51.788,0.057507042894728744
51.792,0.02300033568068035
51.796,0.03371824897970329
51.8,0.012559023861989461
51.804,0.012339115202848108
51.808,-0.0013199566471216173
51.812,0.01622595417912507
51.816,-0.0017356836663150164
51.82,0.0013093125577650442
51.824,0.01460985694964267
51.828,0.017622027898875327
51.832,0.005282679721488859
51.836,-0.005678744523416405
51.84,0.007932741291457747
51.844,0.029569314256415152
51.848,0.019747324999111433
51.852,-0.007456967911460971
51.856,-0.008376511737448744
51.86,0.01628380167803942
51.864,0.017937656914035507
51.868,-0.009175870536599746
51.872,0.008026623353433598
51.876,0.0019179465588019156
51.88,-0.001274118686871278
51.884,0.0161023480841401
51.888,0.010494072336183949
51.892,-0.013716151514728991
51.896,-0.005718728412801261
51.9,0.012373706889062716
51.904,0.01773882253440691
51.908,0.01738611889187245
51.912,0.0011986508472327444
51.916,-0.00205161623651785
51.92,0.013931320103297744
51.924,0.02145643553105376
51.928,0.013956664563705576
51.932,-0.004308231785295064
51.936,-0.0046703577535221795
51.94,0.0015685587695972022
51.944,0.026195231644581655
51.948,0.006401073627877619
51.952,0.0037472670354084174
51.956,-0.002949583156609594
51.96,0.005910600675648924
51.964,0.012000580897814958
51.968,0.01390469171956973
51.972,-0.005526376366434025
51.976,-0.006027698405189109
51.98,0.01500274340007626
51.984,0.02799118446689259
51.988,0.014190812037442276
51.992,-0.0101807535396974
51.996,0.009416773405105735
52.0,0.0007554986712651791
52.004,0.006444615585834295
52.008,0.0032032512128960574
52.012,-0.005208112595700222
52.016,-0.002443274947592505
52.02,0.0007490177653709344
52.024,0.007259620457915053
52.028,0.003577881629828099
52.032,-0.00785590072053188
52.036,-0.00365084840095764
52.04,0.004194826014184682
52.044,0.020453140313690478
52.048,0.012206706362098078
52.052,-0.019933072084475832
52.056,-0.002386733894288154
52.06,0.006991362847361902
52.064,0.01587426338614944
52.068,0.0032543562008641898
52.072,0.010604159943159469
52.076,0.024843152426115497
52.08,0.012669044875791267
52.084,0.015499622909608851
52.088,0.0038872919505642794
52.092,0.00753088556834533
52.096,-0.015213440909608154
52.1,0.02779787907884551
52.104,0.02700123049471364
52.108,0.020213750557839315
52.112,0.0026422298167360306
52.116,0.01058806232569014
52.12,0.009905477373333452
52.124,0.018657284647079
52.128,0.01337409750666594
52.132,0.013480121482596325
52.136,-0.017051969291668773
52.14,-0.0001335575486168545
52.144,0.0066778648188309895
52.148,0.01472995947216739
52.152,-0.010634939161643913
52.156,0.005469643589510131
52.16,0.014213590266803185
52.164,0.013591135960270522
52.168,0.014320079032276714
52.172,0.006301297892199269
52.176,0.0011422360671207708
52.18,0.006233001341466346
52.184,0.014184744406291973
52.188,0.0128096713461301
52.192,-0.00016610229800922017
52.196,0.0013202627937041575
52.2,-0.002487517889192402
52.204,0.021061639636226176
52.208,0.019181140787488216
52.212,0.003411268472508759
52.216,-0.00408412697646645
52.22,0.010530892531933948
52.224,0.027599176697440695
52.228,0.015218901090694258
52.232,-0.0011431335269117987
52.236,-0.005831323443763764
52.24,0.011599733059899899
52.244,0.021454625849947218
52.248,0.013167625651014283
52.252,0.0029129668532287584
52.256,0.0006221682406265252
52.26,0.0054156370509346515
52.264,0.016565212935578617
52.268,0.009574400181789264
52.272,0.01714888720956649
52.276,-0.004211951348180074
52.28,0.009431346781080653
52.284,0.0214987641686567
52.288,0.023483196590543116
52.292,-0.004775131888199605
52.296,-0.009142674640578883
52.3,0.007912253045102154
52.304,0.015604996334329843
52.308,0.02118067372130308
52.312,0.0024411147630988457
52.316,-0.009945524177393061
52.32,-0.011301767114356686
52.324,0.015119053450197904
52.328,0.004752918564938036
52.332,0.00691040106480512
52.336,-0.00047510944267668386
52.34,0.009287587775467582
52.344,0.020404857158427075
52.348,0.006266715651942532
52.352,0.013722290681784212
52.356,-0.007848621612753105
52.36,0.009393732549477478
52.364,0.017529028342151354
52.368,0.01783474071641418
52.372,0.0028485342492205485
52.376,0.010583232653506107
52.38,0.020648487406878954
52.384,0.0318720171242212
52.388,0.01563928339058812
52.392,-0.011408489714197258
52.396,-0.01542660692892306
52.4,-0.002034720354353904
52.404,0.006008035226427346
52.408,0.026880648693528866
52.412,0.014082087620315212
52.416,-0.0050481544693674295
52.42,0.01928123005616387
52.424,0.029336562227759853
52.428,0.013381414727519796
52.432,0.011364406103649825
52.436,-0.00788486473354715
52.44,0.010147943005589043
52.444,0.006434004028570363
52.448,0.01184551648164902
52.452,-0.006489041625106054
52.456,0.00435411412480549
52.46,0.017454521622821174
52.464,0.012657403627223753
52.468,0.015410032282488917
52.472,0.0026644431779983945
52.476,-0.01464924605981119
52.48,0.00895347422754522
52.484,0.013429558010768273
52.488,0.01111843459183523
52.492,0.0016680397079375819
52.496,-0.0062505125458091814
52.5,0.006494039757797552
52.504,0.01894505453400315
52.508,0.021749524863089897
52.512,0.00770925968162365
52.516,-0.001460430150870598
52.52,0.017798088953174425
52.524,0.024699993256855
52.528,0.01499218000960821
52.532,9.113919888052279e-06
52.536,-0.00045848817202898785
52.54,0.003887880027037477
52.544,0.018688797681708978
52.548,0.020320304381215064
52.552,0.012603443292953816
52.556,-0.0011792805163317879
52.56,0.01201853782045059
52.564,0.019296467586999846
52.568,0.011671866653397532
52.572,-0.002304743118215988
52.576,0.0014210720500837275
52.58,0.008029160471672795
52.584,0.01787866335562277
52.588,0.012063155532601219
52.592,0.02183473520581615
52.596,0.0002961992974220725
52.6,0.002740426597703045
52.604,0.019572920598910876
52.608,0.006923686397101813
52.612,0.0009503573812786876
52.616,0.012734713095258534
52.62,0.017408994174736216
52.624,0.025192696614958182
52.628,0.007246384446360565
52.632,0.009821275709062292
52.636,-0.010828485837761746
52.64,0.0076166867322716054
52.644,0.024395130005561826
52.648,0.02438939220553844
52.652,0.004520706474946997
52.656,-0.005633145652173861
52.66,0.00031771513885591254
52.664,0.029596567104440093
52.668,0.013487146241551416
52.672,-0.0010136765429068677
52.676,0.007167238261379911
52.68,0.018410275573511763
52.684,0.018776597008565873
52.688,0.013245932973003775
52.692,0.00517878245967843
52.696,-0.004228840749141466
52.7,0.006091994849885176
52.704,0.03294954942005656
52.708,0.013891010573906997
52.712,-0.015820048151018486
52.716,-0.008160743425226305
52.72,0.005956606860893114
52.724,0.013728105234237049
52.728,0.005855882229354622
52.732,-0.001395252046329393
52.736,0.00434526232259726
52.74,0.013526198342301787
52.744,0.019622117962918427
52.748,0.012825882065334242
52.752,0.007733409522188263
52.756,0.003099627165100417
52.76,0.020901613722613798
52.764,0.017460596447471582
52.768,0.02057747839614684
52.772,0.014307550728268434
52.776,0.004459278594119586
52.78,0.011955478510992651
52.784,0.025843518007507067
52.788,0.015329802253385864
52.792,0.011039868206228362
52.796,0.010024470731541234
52.8,0.02109949750244109
52.804,0.01843761703917607
52.808,0.01268178245045491
52.812,-0.0047302057492097675
52.816,-0.0072160148864300454
52.82,0.00364294444166682
52.824,0.008103280474643064
52.828,0.01999888840467973
52.832,0.013631247175259022
52.836,-0.003944321694216108
52.84,0.007164670208082447
52.844,0.012566201637740294
52.848,0.0025553066993119697
52.852,-0.00044065857192948643
52.856,0.001114535337721464
52.86,-0.0015545777199908514
52.864,0.02403321395350593
52.868,0.028401150554945485
52.872,-0.0026629411171965366
52.876,-0.004120881967692683
52.88,0.012119502340569918
52.884,0.0157850449350648
52.888,0.016385244462665136
52.892,0.001576004072486367
52.896,-0.0060656005410352955
52.9,0.008655611875261511
52.904,0.011422957158454712
52.908,0.02964486256860597
52.912,0.01643179135872299
52.916,-0.010716264939358646
52.92,0.016755296169697134
52.924,0.015425902474587383
52.928,0.010947780385344566
52.932,-0.003243860793803415
52.936,0.006011721217331278
52.94,0.007553927362942673
52.944,0.019455555960471074
52.948,0.011002940788373506
52.952,-0.00746527455823996
52.956,0.0006911779627458757
52.96,0.006256065640551176
52.964,0.015256479662013916
52.968,0.01910530375788435
52.972,0.010001416337238693
52.976,0.01300088451424286
52.98,-0.004846813732319299
52.984,0.016724485470774063
52.988,-0.002124584496226486
52.992,0.009136837720440306
52.996,0.019790329096728038
53.0,0.00241667739831989
53.004,0.01707815540282803
53.008,0.011423373123849433
53.012,0.0028756314542309823
53.016,0.0006104354594983629
53.02,0.01724061180110184
53.024,0.02432063074652685
53.028,0.01747893938891655
53.032,0.006211670402131625
53.036,-0.013108799866038495
53.04,0.025140070847154868
53.044,0.0156233854089637
53.048,0.023919114787469237
53.052,0.002711680068208885
53.056,0.0005039531845247968
53.06,-0.0022994040252038196
53.064,0.01694616437541488
53.068,0.01205613613048686
53.072,0.01370657537907918
53.076,-0.007776359423504086
53.08,0.008392907149958547
53.084,0.027868436852345132
53.088,0.033014114569160216
53.092,0.008399430619781744
53.096,0.0033210222505837446
53.1,0.016817313012060492
53.104,0.033229341359855176
53.108,0.013452191348025623
53.112,0.00038001014154289553
53.116,-0.0026067236034302207
53.12,0.0006789119945025436
53.124,0.00909932183073079
53.128,0.02277549601135166
53.132,-0.0022927273846348956
53.136,-0.014528207798655646
53.14,0.01355724141934104
53.144,0.03010714645843464
53.148,0.020607463178758403
53.152,0.0022691451352965233
53.156,0.02180072110839277
53.16,0.0028806641965427645
53.164,0.024723577679536535
53.168,0.0341103526336126
53.172,0.008386682405014676
53.176,-0.0004782547480700365
53.18,0.01949071117362036
53.184,0.030010852265552976
53.188,0.017414613812526274
53.192,-0.0024963113767426503
53.196,0.0037575110108918576
53.2,0.010486002412530946
53.204,0.028120237910851373
53.208,0.030470244403939348
53.212,0.015078888693939982
53.216,0.011132706777687308
53.22,0.00971537682580428
53.224,0.025072081837061173
53.228,0.01745174554318349
53.232,0.00176275701381881
53.236,-0.01445801608836607
53.24,0.009701276175166485
53.244,0.018942078456112253
53.248,0.0063973507880211705
53.252,0.02095394881783983
53.256,0.0015859220163191553
53.26,0.0033278919512669675
53.264,0.02171635428378281
53.268,0.018872536532857098
53.272,0.008245482286507512
53.276,-0.008319584147466202
53.28,0.015503674809815349
53.284,0.023260898503746727
53.288,0.007755937664157971
53.292,0.011253982076600434
53.296,0.010223278025885348
53.3,0.028797088041153693
53.304,0.013905292287510574
53.308,0.024394765156903704
53.312,0.012342606745413091
53.316,-0.0087445947085003
53.32,0.014049428301742937
53.324,0.021131089599648375
53.328,0.02157266457651324
53.332,-0.0004313031861481976
53.336,-0.0051396632894286885
53.34,0.0003578719259788275
53.344,0.02357773296789045
53.348,0.013573055022415816
53.352,0.010820229870262116
53.356,0.0028966225515786987
53.36,0.018404216601400306
53.364,0.01691250361524428
53.368,0.017228075650771845
53.372,0.010306833070515952
53.376,0.003698824645831474
53.38,0.013472335060501044
53.384,0.029651603823172445
53.388,0.02287488442235949
53.392,0.008643023808325063
53.396,-0.011221110177981403
53.4,0.01958493954657147
53.404,0.0016805343554103097
53.408,0.021621634129182037
53.412,-0.010612764446587436
53.416,-0.0034215113065031036
53.42,0.005665406124033968
53.424,0.013581337124543234
53.428,0.018494883972601846
53.432,0.016817257562838674
53.436,0.01496583472160197
53.44,-0.0017823990061413397
53.444,0.020454018137399107
53.448,0.02954077788928975
53.452,0.005267960275475046
53.456,-0.01156008438322764
53.46,-0.000127875419192092
53.464,0.03590344949371293
53.468,0.01803921943396216
53.472,0.016054945165977913
53.476,0.014227538624758623
53.48,0.01803583306411533
53.484,0.015992742968638313
53.488,0.011835775078161047
53.492,0.017044628354176385
53.496,0.013849267112560643
53.5,0.013637118936958393
53.504,0.0227430843302221
53.508,0.019577766403177255
53.512,0.02454706546855589
53.516,0.007294598225632294
53.52,-0.0009041291010619731
53.524,0.022972330669793845
53.528,0.0316050233469639
53.532,-0.007424622651580946
53.536,-0.014603984659634346
53.54,0.013455422604726104
53.544,0.014429091432784532
53.548,0.006484283570187439
53.552,0.010722995436624047
53.556,0.006946058559380096
53.56,0.017570729785115563
53.564,0.014446937362414413
53.568,0.015635620875340706
53.572,0.005978414850716755
53.576,0.013094103454520577
53.58,0.010607413853011808
53.584,0.027532952183857186
53.588,0.017678017002098135
53.592,-0.005152508214932789
53.596,-0.007103279982656984
53.6,0.005742210833293926
53.604,0.02809284142582233
53.608,0.02832512752239988
53.612,0.016342715791613206
53.616,-0.0010090478760244785
53.62,0.02851568782810049
53.624,0.025999913264772457
53.628,-0.0017010889035868303
53.632,-3.4446289502720884e-07
53.636,-0.00044942772834663004
53.64,0.010690279422265737
53.644,0.019004822939831217
53.648,0.021151293100539335
53.652,0.001982288731051343
53.656,-0.005382812455787011
53.66,0.010491946005667812
53.664,0.019727784902578812
53.668,0.022895146390868575
53.672,0.006042551272224135
53.676,-0.011833485077477227
53.68,0.02762818264877133
53.684,0.021199088634416493
53.688,0.01725587231230913
53.692,0.008036436823645868
53.696,0.007913029405640638
53.7,0.014317554027280882
53.704,0.02982852335812462
53.708,0.03042459550811323
53.712,0.011767361481270805
53.716,0.0046791568045527745
53.72,0.019773949762983724
53.724,0.024116388296195983
53.728,0.01197686870870178
53.732,0.0008380965893331066
53.736,-0.002088519209175697
53.74,0.00767012298807454
53.744,0.023154022382523915
53.748,0.020010420184946667
53.752,0.018732482255218293
53.756,0.003470515368217225
53.76,0.025909525746537057
53.764,0.03150106137204242
53.768,0.02790900317803808
53.772,0.0033105503248749817
53.776,0.00921968771784921
53.78,0.002847265039333236
53.784,0.026924854891145312
53.788,0.017425098657178614
53.792,0.0003129565806986208
53.796,0.009830270999213925
53.8,0.00487214808925163
53.804,0.012635629372058822
53.808,0.03402913103710154
53.812,-0.002618192865432167
53.816,0.0029275784350135613
53.82,0.019462160973398722
53.824,0.012880664809866153
53.828,0.011401574564969421
53.832,-0.0005595925939120196
53.836,0.004714262636583475
53.84,0.00968171006359413
53.844,0.011767783155310015
53.848,0.009568835158645572
53.852,0.0028815360330727135
53.856,-0.006041200802073389
53.86,0.011111633659231797
53.864,0.0205724781977625
53.868,0.023778751489598397
53.872,0.013811424730263908
53.876,-0.0016793020247848059
53.88,0.0035844592749188654
53.884,0.03013448789275073
53.888,0.01629084446053417
53.892,0.0011694978828546195
53.896,0.0024799483230515053
53.9,0.030756877306653784
53.904,0.014028526175128057
53.908,0.022821826664887142
53.912,0.001602948210104772
53.916,0.0024782904058175187
53.92,0.0073211210292409
53.924,0.018320372464772642
53.928,0.0142925086054068
53.932,0.02005476287937343
53.936,0.00869909200120076
53.94,0.017100596064917924
53.944,0.03546963473671854
53.948,0.01173898185197299
53.952,0.018990586782527224
53.956,0.005491141838801724
53.96,0.014111786251656858
53.964,0.025648701395196795
53.968,0.02648081743099625
53.972,0.02242978103880184
53.976,0.009575364450345496
53.98,0.0027084851135984935
53.984,0.020653354061866545
53.988,0.017271163504106766
53.992,0.0061406118898489955
53.996,0.01860157210442454
54.0,0.009836638489848903
54.004,0.01758305641368678
54.008,0.029276026971853067
54.012,0.004542334857545103
54.016,-0.005001052536010631
54.02,0.015129054807627981
54.024,0.021217967878945684
54.028,0.023340851811741715
54.032,0.01065231590681509
54.036,-0.0071970064186587974
54.04,0.018658931877767466
54.044,0.03425567152544988
54.048,0.01412311220008115
54.052,0.015983558198810557
54.056,0.01950737530755931
54.06,0.009221955160457098
54.064,0.01816195904735721
54.068,0.016002364083448413
54.072,0.009768067250512973
54.076,0.004731731697523413
54.08,0.013941676219470376
54.084,0.03156531484808062
54.088,0.03345001744883386
54.092,0.016446811821702028
54.096,0.012282927449244073
54.1,0.012492614457225961
54.104,0.02516139338521047
54.108,0.025072130453686163
54.112,0.009565956893418463
54.116,0.016124934169810562
54.12,0.009127602929786623
54.124,0.021165761828291975
54.128,0.01854623679059877
54.132,0.004085433508302675
54.136,0.013779387037418257
54.14,0.013930738103801722
54.144,0.018606890574189742
54.148,0.01952710644046519
54.152,-0.000193049450110519
54.156,0.009646809047438077
54.16,0.030581181029422786
54.164,0.022855246704109027
54.168,0.011644051522596737
54.172,0.012139420963068673
54.176,0.006189618785697336
54.18,0.005099491041405132
54.184,0.018771035214274017
54.188,0.027375064981046207
54.192,0.009790852148218522
54.196,-0.005681213226851575
54.2,-0.0016014327719142112
54.204,0.02525691473966367
54.208,0.02890166641092073
54.212,0.006551656399312758
54.216,0.004091801696488221
54.22,0.02247600319614621
54.224,0.01959599808711741
54.228,0.019323186198845984
54.232,0.006794910310415072
54.236,0.015992916529370287
54.24,0.017495978819764096
54.244,0.02321065211220964
54.248,0.00259385086438451
54.252,0.015761011199462653
54.256,0.005944361601732701
54.26,0.0070460947785906634
54.264,0.024305056392093738
54.268,0.032456406549610725
54.272,0.01775833482494808
54.276,-0.0009757175824212424
54.28,0.02373570635378855
54.284,0.017680509840182924
54.288,0.009959322575696648
54.292,0.021815422310447093
54.296,0.005547813363138245
54.3,0.018145011617705275
54.304,0.025899520460057536
54.308,0.03444940197586403
54.312,0.011979301429218622
54.316,0.0051674276658793235
54.32,0.01348923570359186
54.324,0.03367426443388136
54.328,0.02516031329782212
54.332,0.00035887297584715795
54.336,0.010354243818762111
54.34,0.027359201905221998
54.344,0.022642637058656694
54.348,0.02396795091491749
54.352,0.007837355892652503
54.356,0.015328672847337263
54.36,0.0067463470741470615
54.364,0.02573408498055776
54.368,0.01636983556191634
54.372,-0.001218904925169616
54.376,-0.003917648808913984
54.38,0.016999392842842718
54.384,0.012175877136319445
54.388,0.022316850041589495
54.392,-0.0038737093118725446
54.396,-0.008041217855509077
54.4,0.02066538806285608
54.404,0.026465629464295266
54.408,0.04059352121334922
54.412,0.004102329956929767
54.416,0.014503048247940268
54.42,0.009404827204878929
54.424,0.022170637660246857
54.428,0.03772369194616071
54.432,0.02009715028742462
54.436,-0.004645956383488723
54.44,0.007974164536390105
54.444,0.03376579118588999
54.448,0.02543350101769013
54.452,0.020890359308431146
54.456,0.015313147111806936
54.46,0.02010558147672835
54.464,0.03295689282116475
54.468,0.017290719386544626
54.472,0.016131744851115615
54.476,0.00037043826015975296
54.48,0.007564327520094113
54.484,0.03864152978906745
54.488,0.011326809874830172
54.492,0.00885870638115643
54.496,0.006451622656256044
54.5,0.023983105962841658
54.504,0.02799545798695509
54.508,0.012459134035916006
54.512,0.0020468508721640938
54.516,0.00692178379941133
54.52,0.005275549556802418
54.524,0.022325508683408372
54.528,0.027566265073238828
54.532,0.016122146570195343
54.536,0.000861400249927544
54.54,-0.0022496427239739013
54.544,0.018276256827706415
54.548,0.019406524341023787
54.552,0.016261265236940603
54.556,-0.009361869292702843
54.56,0.02410314506970914
54.564,0.035382936576944
54.568,0.007069600990613082
54.572,0.0007362439916636689
54.576,0.005741800564977331
54.58,0.010405799625245215
54.584,0.02767515052099291
54.588,0.02081743330814382
54.592,0.006216292897155052
54.596,0.014696024114442307
54.6,0.006766958005891777
54.604,0.02345488495352706
54.608,0.02754488975074053
54.612,0.018814871632418052
54.616,-0.008493807620432581
54.62,0.024960004384160468
54.624,0.029498843350093423
54.628,0.024410748766376104
54.632,0.01997251524073488
54.636,-0.002510246709689726
54.64,0.01869013775541265
54.644,0.029431185040143606
54.648,0.014309973048863821
54.652,0.026653138633770054
54.656,0.010842946021062248
54.66,0.012553456031611369
54.664,0.023178878307275046
54.668,0.017027712963061853
54.672,0.010723319206413878
54.676,0.009455834925265288
54.68,0.022495206602050562
54.684,0.02923345662683122
54.688,0.026959056085629388
54.692,0.0173124610846983
54.696,0.019206675548917508
54.7,0.007347601049778123
54.704,0.030868303818063006
54.708,0.025541461579793354
54.712,0.004468706699182959
54.716,0.010288197562159603
54.72,0.012080671932073081
54.724,0.014176813137078628
54.728,0.025868772722071057
54.732,0.014507072230046568
54.736,0.015538514140789918
54.74,0.020994366043453828
54.744,0.038115248847271264
54.748,0.026022086454659678
54.752,0.023446806354228276
54.756,0.0071907078399754765
54.76,0.002742935391042355
54.764,0.016658609819827787
54.768,0.016853215928783746
54.772,0.005663173240308386
54.776,0.021586525877703506
54.78,0.004635027478651615
54.784,0.029357433245688378
54.788,0.016129316509946208
54.792,0.015424655947413721
54.796,0.01217878786493964
54.8,0.014334012856626208
54.804,0.025143164837021757
54.808,0.01641439096392953
54.812,0.007591233601281271
54.816,0.010277849805776416
54.82,0.024089023391734587
54.824,0.033432048396024476
54.828,0.011413851849524708
54.832,0.021471889447937847
54.836,0.008056543004531829
54.84,0.020351255711897026
54.844,0.024930384918210632
54.848,0.020610514754260317
54.852,0.021479138845840663
54.856,0.0062119906989662466
54.86,0.004724195133819048
54.864,0.024310139713581487
54.868,0.016532350981783496
54.872,0.010494027944470687
54.876,0.020816050339744853
54.88,0.01656366911930396
54.884,0.039695775025815984
54.888,0.03326086846317728
54.892,0.02275284480178672
54.896,0.010521195636545813
54.9,0.021491367423051175
54.904,0.01854320609859559
54.908,0.022929187564134132
54.912,0.013026433748466902
54.916,0.010718217653307353
54.92,0.025781871550961205
54.924,0.024982994063472395
54.928,0.03203412675958897
54.932,0.015748834437069877
54.936,0.012673008224032837
54.94,0.015438846041758606
54.944,0.020837819433409756
54.948,0.022584058091689074
54.952,0.008342370049089786
54.956,0.011739954405414565
54.96,0.01808319637357335
54.964,0.024594593852708083
54.968,0.007759992564973353
54.972,0.011120447438902368
54.976,-0.0006176696089693848
54.98,0.02476565155699096
54.984,0.030994987856343387
54.988,0.030453035258143295
54.992,-0.0003419209133441164
54.996,0.023500547185321755
55.0,0.020354116164374377
55.004,0.027092363615506942
55.008,0.02359905900953858
55.012,0.015277557976183753
55.016,0.0021307347461599407
55.02,0.015603297145247563
55.024,0.021677050696713007
55.028,0.020868148707971934
55.032,0.004203031957170773
55.036,0.0013768688997628934
55.04,0.015137515247678895
55.044,0.03833199194545887
55.048,0.014128333148830165
55.052,0.014773563349140843
55.056,0.0003257675594567702
55.06,0.018063762882737172
55.064,0.03200266574074563
55.068,0.020931533983349453
55.072,0.0192960840682799
55.076,0.004454146966838963
55.08,0.01725955157860847
55.084,0.01521538810747119
55.088,0.024629772119622195
55.092,0.008484621924668765
55.096,0.0097047198655561
55.1,0.019497602708184153
55.104,0.037267965802378
55.108,0.038995113921973364
55.112,0.013193821434137451
55.116,0.0063549542288494736
55.12,0.020423248974699257
55.124,0.026493289334950862
55.128,0.024269191498058233
55.132,0.006089322259301745
55.136,0.004800428482864179
55.14,0.029843841432232343
55.144,0.022152400482350364
55.148,0.027345826774128768
55.152,-0.0051526178126550855
55.156,0.013327628182552505
55.16,0.016790384816079775
55.164,0.021896673925488705
55.168,0.024925804867845666
55.172,0.01572804420679541
55.176,0.013322027589154496
55.18,0.025745353268066814
55.184,0.01803646758616871
55.188,0.02450353341450637
55.192,0.011995277230570804
55.196,-0.0036404040199101064
55.2,0.009743192378218054
55.204,0.01222878090883296
55.208,0.022168578385438516
55.212,0.011866239167062186
55.216,0.011863933523306525
55.22,0.01820241351627288
55.224,0.017208820601585104
55.228,0.01768288628834822
55.232,0.023164737756212906
55.236,0.015250012174743546
55.24,0.01939315619024658
55.244,0.04149414710613675
55.248,0.012274581044052466
55.252,0.013879168659632886
55.256,0.012832192104696435
55.26,0.008997130250650687
55.264,0.02193942776283134
55.268,0.024143192924803693
55.272,0.012021071928459293
55.276,-0.006581186853747081
55.28,0.01887889999954393
55.284,0.033906882978782374
55.288,0.023206537147479993
55.292,0.011906901092057907
55.296,0.015700965435986924
55.3,0.019189509419576898
55.304,0.020262549538362578
55.308,0.025544101966964848
55.312,0.03397314801565455
55.316,0.015829847230543093
55.32,0.028115059016682376
55.324,0.03681247060228554
55.328,0.02300282821058311
55.332,0.021230232251239732
55.336,0.0067710798717588805
55.34,0.016343204314978283
55.344,0.03463861561153816
55.348,0.022129807837150375
55.352,0.006873847737549941
55.356,0.00961324728438987
55.36,0.0179784774884601
55.364,0.03913376712829497
55.368,0.017833603932688277
55.372,0.0036172478746861
55.376,0.011911223721724897
55.38,0.006743837524093145
55.384,0.034954163284906734
55.388,0.022166876183646565
55.392,-0.002484573282556921
55.396,0.0032710466519480248
55.4,0.01570745262326667
55.404,0.021535839763065202
55.408,0.030435418654913865
55.412,0.01920941250289711
55.416,0.01630838137552691
55.42,0.018717711868994173
55.424,0.026879558197960035
55.428,0.03726880016124583
55.432,0.006526400728443794
55.436,0.013210584761712153
55.44,0.020666660541054316
55.444,0.03853446134258895
55.448,0.028811066495709824
55.452,0.01757313888797469
55.456,0.008291437419514122
55.46,0.010025096179257884
55.464,0.022323913325407486
55.468,0.0337881517189525
55.472,0.005594597756243725
55.476,-0.004963415069197485
55.48,0.03240432052668891
55.484,0.037504991761824875
55.488,0.01748641022493913
55.492,0.010877830274101824
55.496,0.017416335967260936
55.5,0.03287295604317819
55.504,0.030100238201855888
55.508,0.019937861118390552
55.512,0.011786198599797619
55.516,0.004234022637658829
55.52,0.021100927611057065
55.524,0.023964084591763718
55.528,0.045299185393023536
55.532,0.019995313240034073
55.536,0.029383644988593915
55.54,0.023423603322286424
55.544,0.04247581691600182
55.548,0.018490458756472886
55.552,0.013743740617289713
55.556,0.010323510941505375
55.56,0.02746311409024648
55.564,0.02503182545079794
55.568,0.019442824853621223
55.572,0.013330867558593602
55.576,0.0067861830889160805
55.58,0.009868716611330756
55.584,0.019467910097797567
55.588,0.03573079769271341
55.592,0.012245703687130075
55.596,0.01731909187684374
55.6,0.024570698991677933
55.604,0.026004875181576625
55.608,0.023667189933491567
55.612,-2.77372956229531e-06
55.616,-7.073110366607321e-05
55.62,0.02615540886896607
55.624,0.03362566650986239
55.628,0.03028519665980136
55.632,0.026346479820815605
55.636,0.00683035184851989
55.64,0.026652158716282796
55.644,0.025244793995234723
55.648,0.022460086658893177
55.652,0.019580387619795803
55.656,0.012448039789133189
55.66,0.020003819188834596
55.664,0.037584316613555144
55.668,0.012494774992562751
55.672,0.009302568788765755
55.676,0.011181712884256
55.68,0.023291773387099965
55.684,0.02757777639030983
55.688,0.012585348128899217
55.692,0.014566739556027575
55.696,0.0031638351361341814
55.7,0.029281358187774345
55.704,0.015317520573179737
55.708,0.024050066439435618
55.712,0.006461728166706097
55.716,0.010105358563062772
55.72,0.023352022563061372
55.724,0.02996580022099244
55.728,0.015689120743345674
55.732,0.01123524188289653
55.736,-0.002802035531131947
55.74,0.018199702976198797
55.744,0.025036339313274772
55.748,0.05130005174764852
55.752,0.009215608423451949
55.756,0.00549995013347875
55.76,0.029223097926391585
55.764,0.03166111532907989
55.768,0.03157605434991601
55.772,0.009965048220558947
55.776,0.004991825510903039
55.78,0.021808252084648195
55.784,0.03177514693618285
55.788,0.01568615177448481
55.792,0.021141875797813722
55.796,0.013873666556960668
55.8,0.014037584888068659
55.804,0.02802752828919171
55.808,0.03280334184589095
55.812,0.01139682476370362
55.816,0.012890887761838873
55.82,0.011129954455372308
55.824,0.019543516666987226
55.828,0.03279053179402665
55.832,0.02084882663451168
55.836,0.021244765380809903
55.84,0.030265730462107593
55.844,0.0349650194579679
55.848,0.031466777928536076
55.852,0.011504034257666093
55.856,0.0051581069303748275
55.86,0.02976070760061726
55.864,0.028557078014370803
55.868,0.027089723236392724
55.872,0.02304437436915862
55.876,0.007769727115645539
55.88,0.024881388487017358
55.884,0.041693597680503104
55.888,0.035406943054491075
55.892,0.013614813066770303
55.896,0.00682689681090644
55.9,0.009954558734100734
55.904,0.045871911703474974
55.908,0.0384517471702369
55.912,0.02710283286681347
55.916,0.014660046426627547
55.92,0.018572470454500233
55.924,0.03272777787031162
55.928,0.03697318020749558
55.932,0.022883989744802137
55.936,0.002216877778432772
55.94,0.01667451898439323
55.944,0.02160419105005577
55.948,0.04756755533781854
55.952,0.012363669063050116
55.956,0.01047180495656994
55.96,0.03310626475078594
55.964,0.022058021133914252
55.968,0.04733644530744429
55.972,0.00975575448149154
55.976,0.012925377763881495
55.98,0.026353602623430318
55.984,0.023497640868718337
55.988,0.032237324474572164
55.992,0.028989945207078073
55.996,0.01209575204626508
56.0,0.023776993076805922
56.004,0.042242615311622746
56.008,0.02428324815553808
56.012,0.010130145785510514
56.016,0.025048899310255446
56.02,0.02035030242286353
56.024,0.02225996009797753
56.028,0.024819331716428816
56.032,0.021158039869292607
56.036,0.018817569784512996
56.04,0.02036433118532608
56.044,0.03225056866506001
56.048,0.028594545686991664
56.052,0.007420396380052093
56.056,0.005694972078987533
56.06,0.029963008549149725
56.064,0.029048640948746512
56.068,0.027251864066660626
56.072,0.013874165448491078
56.076,0.009081618613974066
56.08,0.03547900099464741
56.084,0.03522852320082717
56.088,0.01889994450196702
56.092,0.010907056040899792
56.096,0.006803611080043852
56.1,0.011795450884869807
56.104,0.04034118724232673
56.108,0.03059000528842457
56.112,0.007590981498035739
56.116,0.017529614602966145
56.12,0.02896906567140268
56.124,0.03195974864653117
56.128,0.017364128016835203
56.132,0.02183271225363488
56.136,0.029704168462748655
56.14,0.03880904642231672
56.144,0.030432770477581913
56.148,0.03438296097549503
56.152,0.015965937334633334
56.156,0.010429384548677345
56.16,0.011414038228478142
56.164,0.028429914831000914
56.168,0.03565710756464856
56.172,0.024708257367627627
56.176,0.00877232180690398
56.18,0.036203008694306676
56.184,0.03105230740958126
56.188,0.03339205259043047
56.192,0.002100351814379205
56.196,0.013151359836190347
56.2,0.010280664424137349
56.204,0.02831709932694297
56.208,0.023742555506725455
56.212,0.011677572907750228
56.216,0.01627599880707444
56.22,0.019341457299633488
56.224,0.04040497971631988
56.228,0.0350659992948629
56.232,0.02616540027637318
56.236,0.012228963207367183
56.24,0.010266540249509458
56.244,0.032988349052298374
56.248,0.034854339876960384
56.252,0.02255345080058552
56.256,0.014063146338169845
56.26,0.025269904047645616
56.264,0.034829623181319054
56.268,0.03322403160408266
56.272,0.02631442352049556
56.276,0.011287684304109688
56.28,0.02163159872954739
56.284,0.026946383902118728
56.288,0.02572344843427932
56.292,0.020944778476336724
56.296,0.01048253196433108
56.3,0.032956000513838256
56.304,0.032085743748619736
56.308,0.03289370259002981
56.312,0.02776898529640766
56.316,0.013391790277148877
56.32,0.01681632268555547
56.324,0.021430221889075465
56.328,0.03376339130940142
56.332,0.018133636494150243
56.336,0.009455825383429574
56.34,0.027938561980339775
56.344,0.03079289449230433
56.348,0.03790719603196234
56.352,0.020826477806878407
56.356,0.006736640508415943
56.36,0.037689467212796327
56.364,0.03301651609056741
56.368,0.029947246061193828
56.372,0.0042810040828511545
56.376,0.016977119854970107
56.38,0.02728580558731682
56.384,0.037187127514369506
56.388,0.03222528044553421
56.392,0.020373734883650147
56.396,0.009065615140802598
56.4,0.06957023040450822
56.404,0.05306067806921373
56.408,0.0674640308787091
56.412,0.058781892114364
56.416,0.06481914903378931
56.42,0.06371289024629301
56.424,0.07281198528485132
56.428,0.055056297510840305
56.432,0.059155927613436306
56.436,0.05518061760720167
56.44,0.06788768090909363
56.444,0.06550724872114912
56.448,0.06807491366694413
56.452,0.06672869704862218
56.456,0.059020459671224504
56.46,0.058207182830256395
56.464,0.06587997933354184
56.468,0.06732435501692441
56.472,0.04867419177628987
56.476,0.05847010776254164
56.48,0.05426618371733554
56.484,0.06290941394062383
56.488,0.07011830659401072
56.492,0.05797730269478763
56.496,0.045985625783215585
56.5,0.016933594890564473
56.504,0.03613910056666075
56.508,0.025837145022791243
56.512,0.01883060264162431
56.516,0.005239752419681513
56.52,0.01836701769533361
56.524,0.025816074774787704
56.528,0.04233298873814805
56.532,0.022942406217347503
56.536,0.012023940739614167
56.54,0.017297448739184092
56.544,0.04043265835735054
56.548,0.023254907625202832
56.552,0.011999748847417772
56.556,-4.512574025578031e-05
56.56,0.014642699915214389
56.564,0.03184567243880765
56.568,0.013841919540250342
56.572,0.01144984234944651
56.576,0.003994671555937791
56.58,0.033160409589579234
56.584,0.021060670992165843
56.588,0.022127772180272214
56.592,0.015428133507378108
56.596,0.0011450487065879887
56.6,0.02031016243995946
56.604,0.02553467888071824
56.608,0.03247070016940905
56.612,0.013535428955907623
56.616,0.011016898014418339
56.62,0.028105342615788374
56.624,0.042561135081514545
56.628,0.03156438101272877
56.632,0.013022325156513696
56.636,0.008640911003031647
56.64,0.014747398864174092
56.644,0.0361694176055886
56.648,0.01764141853609596
56.652,0.020904974547670915
56.656,0.01069772265793432
56.66,0.031454915954013285
56.664,0.02950707699455403
56.668,0.014944368904987128
56.672,-0.0035892019221242105
56.676,0.005273082991927907
56.68,0.02298958471088124
56.684,0.029895261586295456
56.688,0.03461412074840289
56.692,0.010129152277043516
56.696,0.0007306771166349976
56.7,0.036091647197549516
56.704,0.037246370155590305
56.708,0.030550653792788887
56.712,0.013087882305532626
56.716,0.0039516407519605955
56.72,0.018567198070568978
56.724,0.024444875080087705
56.728,0.037037720844484485
56.732,0.015800569654086664
56.736,0.001274063832260865
56.74,0.015536289305094571
56.744,0.033723431110639975
56.748,0.027045198725388665
56.752,0.017742607083827758
56.756,0.017624832060196362
56.76,0.021313252193798937
56.764,0.03597756936535292
56.768,0.017469143275524977
56.772,0.018323666777905614
56.776,0.018384621452048635
56.78,0.03144786891329693
56.784,0.02586608484803752
56.788,0.0014038889091188798
56.792,0.014565938363135557
56.796,0.02708674577775714
56.8,0.013975824663331549
56.804,0.021034179464899803
56.808,0.03709651878362137
56.812,0.014877824460526975
56.816,0.010847582768046453
56.82,0.025399109425404885
56.824,0.037674715722450194
56.828,0.03666271458875738
56.832,0.024551359515843182
56.836,0.0011380936079586536
56.84,0.023233997851944122
56.844,0.022165708813743232
56.848,0.02895047641162392
56.852,0.021914939749057498
56.856,0.028494434710590443
56.86,0.018781494359489632
56.864,0.03719136322201966
56.868,0.029627129935661516
56.872,0.03112756222655274
56.876,0.012827733814790816
56.88,0.011976841709908483
56.884,0.019051952774985614
56.888,0.02684050488744313
56.892,0.009825146044000328
56.896,-0.004241657685207841
56.9,0.02780459464486011
56.904,0.02936348397214098
56.908,0.013719738680101717
56.912,0.004763913286968947
56.916,0.009628084770057953
56.92,0.017015536707952802
56.924,0.02262376325897629
56.928,0.01199731968262871
56.932,0.009494085081515655
56.936,0.03298925368828873
56.94,0.03576887625491425
56.944,0.03665480128352758
56.948,0.01994188510616332
56.952,0.018524161876421304
56.956,0.012753373728423851
56.96,0.02340104321700598
56.964,0.02788528664050985
56.968,0.0246070023272442
56.972,0.01358562923301047
56.976,0.01555869767468193
56.98,0.011211071503960937
56.984,0.02607865895794873
56.988,0.03760600916950594
56.992,0.025012806610419783
56.996,0.018574175421600086
57.0,0.017170480785277727
57.004,0.04349354193715464
57.008,0.016931667154690598
57.012,0.02133113345251239
57.016,0.0055006018050269105
57.02,0.022472430386137936
57.024,0.02368326685829824
57.028,0.02281214208734557
57.032,0.013993692507523008
57.036,0.012267713045239123
57.04,0.03408834086423605
57.044,0.02361926653534374
57.048,0.03575132441974141
57.052,0.03307187349608591
57.056,0.025079698003530333
57.06,0.029244363239459406
57.064,0.036971854801436756
57.068,0.04200336916200356
57.072,0.021075876274710654
57.076,0.023703350143200727
57.08,0.028860878712029393
57.084,0.0314371098290767
57.088,0.02765683657932766
57.092,0.010823805556537364
57.096,0.008009382356166318
57.1,0.03816427343880713
57.104,0.027177448469008433
57.108,0.015975833089697765
57.112,0.035090207644543285
57.116,0.012722397944993418
57.12,0.01535140803999392
57.124,0.025841589087034374
57.128,0.02010073708979742
57.132,0.01565400018037433
57.136,0.02260094502079873
57.14,0.01427783717200538
57.144,0.04624631781429412
57.148,0.03003570575076538
57.152,0.02220830852973986
57.156,0.012671309791939856
57.16,0.03646482811403018
57.164,0.039768117677403896
57.168,0.03543325452291943
57.172,0.01526371382219567
57.176,0.01926618196849634
57.18,0.014821389982546581
57.184,0.035003376765796734
57.188,0.030922322520190375
57.192,0.015440921794920744
57.196,0.002954969325719304
57.2,0.012712166846640375
57.204,0.02464277098596617
57.208,0.026037894997709712
57.212,0.021815779566548545
57.216,0.021618560701867566
57.22,0.027595173254804407
57.224,0.03228192335829114
57.228,0.020810872019091792
57.232,0.019543030802176786
57.236,0.007831128166566387
57.24,0.031210562970485935
57.244,0.032812183368349825
57.248,0.029697980557927047
57.252,0.016371773126534594
57.256,0.01839591431893892
57.26,0.02361842536486121
57.264,0.03515285313328338
57.268,0.043435362278973794
57.272,0.018190657296830233
57.276,0.012367972847654804
57.28,0.02395236896665024
57.284,0.03500469266838398
57.288,0.026471654538788893
57.292,0.016799901877102553
57.296,0.015765641923999103
57.3,0.027055625214835587
57.304,0.028872296796964528
57.308,0.04260401359454201
57.312,0.02085461636071606
57.316,0.008364894777322274
57.32,0.015683082934880264
57.324,0.03453229531489202
57.328,0.01772818997744533
57.332,0.030038507954987886
57.336,0.013437859980327453
57.34,0.02661684570547692
57.344,0.03598377874631847
57.348,0.035394232487271866
57.352,0.02510554259527629
57.356,0.0034011063628762404
57.36,0.04168116035303901
57.364,0.041896691189650455
57.368,0.025683430559400824
57.372,0.0007802877589820519
57.376,0.02716666162715719
57.38,0.035644628438685134
57.384,0.040348096234741546
57.388,0.018116643252962923
57.392,0.01200451443458071
57.396,0.004043791031023645
57.4,0.02310118972522013
57.404,0.027406307313062796
57.408,0.034128238464057575
57.412,0.013382333085980112
57.416,0.015233879817819136
57.42,-0.0023832573509259443
57.424,0.04711721335343291
57.428,0.03380875525204584
57.432,0.023344395341842916
57.436,0.02201630432489185
57.44,0.02635733062979008
57.444,0.03364437273630564
57.448,0.04057555696910067
57.452,0.019122406944469518
57.456,0.01615646633849606
57.46,0.02379297650371529
57.464,0.02677558114709365
57.468,0.02377623547206779
57.472,0.031200864815238934
57.476,0.02233782043758157
57.48,0.04621116871704917
57.484,0.025693966549830985
57.488,0.026540290671033355
57.492,0.02110993403721146
57.496,-0.003425555118425157
57.5,0.019623009294676617
57.504,0.03741743454889419
57.508,0.0428912722081349
57.512,0.022629944151749782
57.516,0.022738405543560637
57.52,0.01547540243573425
57.524,0.03723114131879134
57.528,0.034609220746384624
57.532,0.013055585685836124
57.536,0.004509764885510116
57.54,0.020486422527561346
57.544,0.02166688741329018
57.548,0.026710320323141037
57.552,0.019694152283434987
57.556,0.013695186844536317
57.56,0.025778489305201855
57.564,0.03306519713518244
57.568,0.019848924345682847
57.572,0.02150502032394078
57.576,0.01999030983623929
57.58,0.01174817951494777
57.584,0.0558450120665632
57.588,0.040227199570841976
57.592,0.0075322998646625075
57.596,0.014116491835981905
57.6,0.021860386518946943
57.604,0.02354639227978851
57.608,0.0003803812929898086
57.612,0.0259472833353809
57.616,0.025349015271211976
57.62,0.02428200922309663
57.624,0.037893623715647355
57.628,0.021905552380098017
57.632,0.008584819867357088
57.636,0.016831360624470378
57.64,0.02381240928443476
57.644,0.027953442213777102
57.648,0.038756240574656126
57.652,0.013911681672217287
57.656,-0.0006214767443679624
57.66,0.016133477255382025
57.664,0.03708478303009225
57.668,0.019151705392007647
57.672,0.020528877725516897
57.676,0.007878226502547526
57.68,0.01844808456904846
57.684,0.03276128470838927
57.688,0.02036394326306517
57.692,0.01566217664534061
57.696,0.008824437669977956
57.7,0.014215093104985994
57.704,0.026200272038153838
57.708,0.022180870628998643
57.712,0.017331235898527038
57.716,0.01686098218293835
57.72,0.028345652892376214
57.724,0.03247949100506136
57.728,0.04519887336314385
57.732,0.023264795805113616
57.736,0.011267727758270993
57.74,0.009332804377991753
57.744,0.0344433554918227
57.748,0.0331605459474798
57.752,0.014593876239541146
57.756,0.014515562891076618
57.76,0.016946161841848502
57.764,0.04094730293442422
57.768,0.03041149108057526
57.772,0.01996282354561239
57.776,0.02833662163780806
57.78,0.014283478127619095
57.784,0.03573898175643956
57.788,0.025599930868034904
57.792,0.009290520361997089
57.796,0.006755204587593822
57.8,0.023646954888977157
57.804,0.03538512950492697
57.808,0.032568128401296075
57.812,0.011137316274878873
57.816,0.024295868139062846
57.82,0.03341360318968376
57.824,0.029860057967255663
57.828,0.03491132736053462
57.832,0.030732731449722786
57.836,0.018214269266452227
57.84,0.023579455039765312
57.844,0.037407392015861844
57.848,0.040940697861870545
57.852,0.018908328432583017
57.856,0.01939077658386753
57.86,0.029611228136630755
57.864,0.049537627517105394
57.868,0.041765685846882325
57.872,0.006925281980225875
57.876,0.004053148839525905
57.88,0.014620813849017096
57.884,0.03442890020653718
57.888,0.024753436780906045
57.892,0.03388366190979646
57.896,0.021427445340650293
57.9,0.024350896436885334
57.904,0.03476139401983049
57.908,0.049110007013553766
57.912,0.019790057156703216
57.916,0.030645170291070625
57.92,0.010806732724286481
57.924,0.048754848212253156
57.928,0.03786725665304761
57.932,0.03029838836767601
57.936,0.022343196758862184
57.94,0.037299043768116394
57.944,0.0416102491197032
57.948,0.04417691380740849
57.952,0.038606796758672686
57.956,0.00764520747362217
57.96,0.017041011781641496
57.964,0.05144077148200141
57.968,0.04219181926220556
57.972,0.0013703327302225475
57.976,0.02143213617458128
57.98,0.009386038542626537
57.984,0.040542707796782325
57.988,0.035042054762937765
57.992,0.029379372995037525
57.996,0.020098983609981972
58.0,0.02480557874321371
58.004,0.03488535495504977
58.008,0.0423903624321125
58.012,0.013412267559157271
58.016,0.012373369504124309
58.02,0.032680442753308225
58.024,0.036607060049487
58.028,0.02467741783637928
58.032,0.025716875801360714
58.036,0.021586930748014235
58.04,0.038329625485629584
58.044,0.017919746625658046
58.048,0.038660053680626395
58.052,0.035040376066120975
58.056,0.006214277117711791
58.06,0.04123824129307044
58.064,0.04480459063576459
58.068,0.031272904674212676
58.072,0.021805601169047055
58.076,-0.002761331179768914
58.08,0.03724921156406644
58.084,0.04421340411105648
58.088,0.03459092850852008
58.092,0.01734174534156752
58.096,0.004517990723444531
58.1,0.0063723569522912
58.104,0.04138803256614306
58.108,0.037413299772583654
58.112,0.021698241547613288
58.116,0.018847245311063514
58.12,0.0311919274922294
58.124,0.04014358934746376
58.128,0.03212547169549041
58.132,0.020010042426798973
58.136,0.002365769210558536
58.14,0.022761156066256002
58.144,0.03546276347818841
58.148,0.024777898327393216
58.152,0.018040284118529912
58.156,0.014371913004027792
58.16,0.029968019513824377
58.164,0.025434959648718482
58.168,0.039951690704785964
58.172,0.0076736278050302965
58.176,0.005209692707822842
58.18,0.025122746001826478
58.184,0.03885945590903023
58.188,0.03643314898850302
58.192,0.01654612825988229
58.196,0.01621908088632139
58.2,0.01701527360410622
58.204,0.027800055045186137
58.208,0.03893539085835708
58.212,0.015392000903581969
58.216,0.01506096274313644
58.22,0.03157054776615458
58.224,0.03914430262092824
58.228,0.03447712303264051
58.232,0.02215328212622522
58.236,0.012646830928119187
58.24,0.03367979564503888
58.244,0.03258073007271946
58.248,0.022849286980399272
58.252,0.0054838724361378
58.256,0.02155117670684925
58.26,0.0280688266428689
58.264,0.021157628243577913
58.268,0.032574701829449736
58.272,0.03422827289186836
58.276,0.018933704507919605
58.28,0.030924712132903695
58.284,0.03817603848623804
58.288,0.031046110269733352
58.292,0.010243694104495087
58.296,0.01901984535805524
58.3,0.029397114336265632
58.304,0.037158062516592254
58.308,0.027127344350402833
58.312,0.03743577109600614
58.316,0.018425384322566494
58.32,0.026650291553882623
58.324,0.04202993384810771
58.328,0.02524172104049506
58.332,0.0248147849922068
58.336,0.006376552512141448
58.34,0.010309437080722815
58.344,0.05453466724684258
58.348,0.020911148830444287
58.352,0.02609557258718495
58.356,0.012868365366109245
58.36,0.01832147657047864
58.364,0.03504583882352315
58.368,0.03541724054723935
58.372,0.027425934491977656
58.376,0.016284558270282776
58.38,0.02689447759611229
58.384,0.04308249484817813
58.388,0.02648607447363764
58.392,0.03432988399908575
58.396,0.016951424237952716
58.4,0.015250215116673784
58.404,0.03670753438937518
58.408,0.036080522657584026
58.412,0.02539964922660034
58.416,0.02114307244173854
58.42,0.03171674789377815
58.424,0.0530987135705794
58.428,0.026096434062640658
58.432,0.013648007736358263
58.436,0.017278573516017807
58.44,0.03145278558194369
58.444,0.03225520772989267
58.448,0.02553881990877914
58.452,0.020219435730967305
58.456,0.025648318390829997
58.46,0.026831012479198082
58.464,0.024238218480528824
58.468,0.042725349934398915
58.472,0.024020955500757384
58.476,0.029807156198785136
58.48,0.01763700252276806
58.484,0.020508548464963552
58.488,0.04618546088835601
58.492,0.025146754624340767
58.496,0.029125774532770946
58.5,0.021274805132802298
58.504,0.030363777297819625
58.508,0.024723215456877834
58.512,0.033931585987970275
58.516,0.007266685712084872
58.52,0.023078673015903144
58.524,0.03449678263740875
58.528,0.03307901408617191
58.532,0.03682759107515411
58.536,0.01077262746951433
58.54,0.021661999873736536
58.544,0.03905083896724648
58.548,0.04611842561429107
58.552,0.01425056555564701
58.556,0.00742352700693674
58.56,0.033207569892852874
58.564,0.03664146654495622
58.568,0.028509054054653326
58.572,0.02003487520129619
58.576,0.012747238398156127
58.58,0.023502979382391573
58.584,0.05066549929364056
58.588,0.03447897693776961
58.592,0.012206036076418243
58.596,0.010344541090972149
58.6,0.026798659287889277
58.604,0.02363115238905615
58.608,0.03393076868880806
58.612,0.022610184689670364
58.616,0.019003726982927897
58.62,0.034205771243650394
58.624,0.041522521729594856
58.628,0.027931083879645848
58.632,0.031116837894552878
58.636,0.012025824206701858
58.64,0.012865775381130148
58.644,0.04692488383057695
58.648,0.030371890368343812
58.652,0.023205116444563828
58.656,0.011714994837417829
58.66,0.029393760621784167
58.664,0.026950953609061225
58.668,0.03342652597012288
58.672,0.021083471185689234
58.676,0.012524467916323086
58.68,0.018841710427353178
58.684,0.030082046491176424
58.688,0.02818066294886695
58.692,0.0250433029112659
58.696,0.021740046775625452
58.7,0.011632467407222501
58.704,0.0431346673193146
58.708,0.023609740026102367
58.712,0.026449214910686795
58.716,0.01943443262810138
58.72,0.016706488716673025
58.724,0.047257466948477524
58.728,0.040821869673129244
58.732,0.0228832022807484
58.736,0.008251574772950606
58.74,0.031102113979992744
58.744,0.035970860629319194
58.748,0.029296927101926412
58.752,0.018209670612628497
58.756,0.024542449788755145
58.76,0.03094796422558313
58.764,0.04343820659086795
58.768,0.040003031111144706
58.772,0.024855460043873127
58.776,0.018300184230614424
58.78,0.02304884499501916
58.784,0.029620197214334884
58.788,0.032458739751681336
58.792,0.02326209836954792
58.796,0.017783703055885853
58.8,0.01838425666690022
58.804,0.05652038390868534
58.808,0.02124198645107961
58.812,0.01607046409321349
58.816,0.02368556751762136
58.82,0.012507107323907947
58.824,0.052104510757399275
58.828,0.04176961669959642
58.832,0.022130524815497727
58.836,0.02756294083930714
58.84,0.045845542202913966
58.844,0.03331360757838737
58.848,0.027364275086936854
58.852,0.019487947447802224
58.856,0.021987342683481126
58.86,0.03339860356322431
58.864,0.03476457796700158
58.868,0.023448352040224493
58.872,0.029951694796166745
58.876,0.016506133078501687
58.88,0.017242974768970243
58.884,0.03664375074668354
58.888,0.04141834157985508
58.892,0.016541176450145027
58.896,0.00862819853641072
58.9,0.020939517555572273
58.904,0.034738588825991054
58.908,0.036534744996088275
58.912,0.020781127336928783
58.916,0.025167107721807826
58.92,0.017115609263438636
58.924,0.028733561185446895
58.928,0.022563720741362293
58.932,0.012335283926578568
58.936,0.012914032482885252
58.94,0.03756913275901405
58.944,0.04667133475083235
58.948,0.0404821569858074
58.952,0.0333371454002733
58.956,0.010539533075875707
58.96,0.02823023234001362
58.964,0.04398447754905097
58.968,0.0451024033993406
58.972,0.021328048357195106
58.976,0.025778201451832995
58.98,0.02484394839957838
58.984,0.04023256914468011
58.988,0.035556845940788354
58.992,0.032250109921508
58.996,0.01121333985463451
59.0,0.04002567775908787
59.004,0.03396847176018988
59.008,0.03280849756038704
59.012,0.01984141447738874
59.016,0.02517058883318213
59.02,0.04008739731732623
59.024,0.03741435894866447
59.028,0.03343426283086141
59.032,0.02795632408899134
59.036,0.008661751478156838
59.04,0.02251133614343127
59.044,0.030726346192340978
59.048,0.0295014529388749
59.052,0.011219518674549117
59.056,0.021595489156535336
59.06,0.041789019170722114
59.064,0.037444848735462326
59.068,0.031042240563334683
59.072,0.02637606866274233
59.076,0.024993261802817066
59.08,0.038668603280237336
59.084,0.01976237703877313
59.088,0.029474121708651747
59.092,0.022673021360910678
59.096,0.0005258685338082707
59.1,0.01902091650943618
59.104,0.04605649117426826
59.108,0.03455963681863527
59.112,0.03623025780772644
59.116,0.02783888041050727
59.12,0.018148042611945765
59.124,0.03347850273820356
59.128,0.021224669154636385
59.132,0.02154437158042163
59.136,0.024012326991325265
59.14,0.0369418294385767
59.144,0.05706552469036664
59.148,0.04301431452173696
59.152,0.02387730828738051
59.156,0.013639087082228642
59.16,0.034788790557735705
59.164,0.031284327462596656
59.168,0.03463066931145859
59.172,0.011047149573525875
59.176,0.02479005693956584
59.18,0.02316201009886655
59.184,0.033471406714340804
59.188,0.032990557597939535
59.192,0.016325363153881126
59.196,0.014206699428769062
59.2,0.025672870062471296
59.204,0.033395193553875185
59.208,0.040422135321456484
59.212,0.027663837631105026
59.216,-0.002504867593882524
59.22,0.029117812452774897
59.224,0.051286585190415956
59.228,0.04002460430342739
59.232,0.023339177254318163
59.236,0.02630997739139168
59.24,0.032746165525971344
59.244,0.03354190617599302
59.248,0.030313204275821713
59.252,0.02106093143365516
59.256,0.013577992335378292
59.26,0.045847843392115034
59.264,0.04235857728976361
59.268,0.023931369514797324
59.272,0.023800758179630364
59.276,0.029753322491099028
59.28,0.030847800141427538
59.284,0.05252940625274481
59.288,0.029925292827558157
59.292,0.02270880679368405
59.296,0.019689661269668503
59.3,0.02655181092085547
59.304,0.020546348272758502
59.308,0.05288949112544589
59.312,0.014856312270845318
59.316,0.015799736495832495
59.32,0.024008199875719304
59.324,0.020217581238836303
59.328,0.028486914648759326
59.332,0.01608605994930878
59.336,0.0004558856801448845
59.34,0.022898136183358408
59.344,0.03759669784536727
59.348,0.03410126267706216
59.352,0.013989268821282246
59.356,0.01533455181876773
59.36,0.024234885427927517
59.364,0.034069468672063126
59.368,0.030157634254892065
59.372,0.02457251744138173
59.376,0.01880877445614907
59.38,0.03786229825290904
59.384,0.03498209947776892
59.388,0.034207007912285085
59.392,0.0021392927992258323
59.396,0.019937406453231412
59.4,0.014703958010759105
59.404,0.025893347894511316
59.408,0.03961092160329675
59.412,0.01998907826355206
59.416,0.021631094083554757
59.42,0.022108499453853847
59.424,0.04143843816940781
59.428,0.049928846281437
59.432,0.024219141643924445
59.436,0.02291690078962023
59.44,0.024818994452609468
59.444,0.02628744312234748
59.448,0.05356235901116592
59.452,0.02613977277394434
59.456,0.017675706062962745
59.46,0.03981320288125696
59.464,0.020708700147362768
59.468,0.0357295716697896
59.472,0.028702906522884264
59.476,0.01193738543428463
59.48,0.03401010052026235
59.484,0.042708937792823407
59.488,0.03846615218494876
59.492,0.023451724155942967
59.496,0.021073657741623033
59.5,0.023072432989262013
59.504,0.028084945372115158
59.508,0.038610403614633734
59.512,0.020252060384241176
59.516,0.020651003855010005
59.52,0.0324075170136252
59.524,0.03290057599942491
59.528,0.030278058174088386
59.532,0.030696418819213575
59.536,0.013600102623331719
59.54,0.021846929306759858
59.544,0.034133177407727554
59.548,0.02873504292148025
59.552,0.023648920767846537
59.556,0.03286707907983891
59.56,0.01605288463526419
59.564,0.04557944144826171
59.568,0.03655411226975445
59.572,0.014840876942623612
59.576,0.0089933003294856
59.58,0.04192381273458445
59.584,0.03545488732114767
59.588,0.04327036218025737
59.592,0.04225169318238209
59.596,0.02812189781488135
59.6,0.0295117253612853
59.604,0.021890360931637314
59.608,0.05053383289479821
59.612,0.017347999456087844
59.616,0.0016202563002402671
59.62,0.03774967602602805
59.624,0.03415313817120708
59.628,0.05017550169806776
59.632,0.019702698539026824
59.636,0.019214488758623492
59.64,0.020542045899436423
59.644,0.0313267334713532
59.648,0.031924436554704186
59.652,0.0131549485810386
59.656,0.019581411062013623
59.66,0.01875398353076333
59.664,0.05181515770438016
59.668,0.03131786516311303
59.672,0.03191071878537176
59.676,0.028745749580349794
59.68,0.03002969014429666
59.684,0.043678251859598116
59.688,0.044928443876377115
59.692,0.024553627486012947
59.696,0.00968808971771567
59.7,0.02074208386881204
59.704,0.043697769328016854
59.708,0.03483733341946349
59.712,0.012134671448073748
59.716,0.032732530704020164
59.72,0.023546552917609886
59.724,0.039180538650336195
59.728,0.03773869660833485
59.732,0.026518229077334605
59.736,0.025408893979741713
59.74,0.03530165980433353
59.744,0.042297790496882426
59.748,0.02441325478092047
59.752,0.030286702759479874
59.756,0.028942935422705623
59.76,0.032782285829798155
59.764,0.05096225307899689
59.768,0.03348774162171211
59.772,0.022733087487053917
59.776,0.018211401743370197
59.78,0.02427610729737955
59.784,0.05559680874031394
59.788,0.03316406404248192
59.792,0.021499583201424727
59.796,0.0053079018148635745
59.8,0.02089238478110776
59.804,0.03289880600172634
59.808,0.04323716222710692
59.812,0.028692124877539693
59.816,0.019948073870042778
59.82,0.025674981750657796
59.824,0.0413182361037467
59.828,0.04426757589864592
59.832,0.023699578314421536
59.836,0.011215651662377063
59.84,0.01882014360541266
59.844,0.04235964513562902
59.848,0.027516276868657985
59.852,0.01245062697087764
59.856,0.01909515214892662
59.86,0.03174559560930614
59.864,0.022619900654554864
59.868,0.04128124266074305
59.872,0.006097899940156613
59.876,0.012250782752993005
59.88,0.022584976134226567
59.884,0.04776115082719938
59.888,0.029968361380687557
59.892,0.03701348326824897
59.896,0.011848928959308782
59.9,0.031088692741644653
59.904,0.0427121018096376
59.908,0.0307318240766577
59.912,0.018003601807665554
59.916,0.009289359445108607
59.92,0.03173392009215545
59.924,0.03183921404446308
59.928,0.03639432866048566
59.932,0.02762486155701994
59.936,0.008971163877520344
59.94,0.0322597757276072
59.944,0.04639047989140681
59.948,0.032796649209877786
59.952,0.02011185190440817
59.956,0.03655910066882752
59.96,0.016006874324631958
59.964,0.018129335072820846
59.968,0.03476640907747407
59.972,0.024282690562392153
59.976,0.0022962772536940824
59.98,0.028657834004970833
59.984,0.03547128498679724
59.988,0.04452303124780388
59.992,0.029027389323955415
59.996,0.02876129305011461
60.0,0.029043101264526684
60.004,0.031250504196783976
60.008,0.05001388779949199
60.012,0.01321164402855163
60.016,0.011356783416695198
60.02,0.02529122439753189
60.024,0.04840580600044586
60.028,0.03121763081465586
60.032,0.035876221345276633
60.036,0.014519394179597161
60.04,0.026420046644449535
60.044,0.03519291293356564
60.048,0.019460550275599023
60.052,0.013295274368757907
60.056,0.006660288134688596
60.06,0.026274012900844385
60.064,0.0405629137400334
60.068,0.048349826380386825
60.072,0.013114126260906123
60.076,0.014297840948414868
60.08,0.020409077942095198
60.084,0.03282231271268163
60.088,0.030360801611479922
60.092,0.02928169527416405
60.096,0.016818363728418616
60.1,0.04111992757783775
60.104,0.03285781089557155
60.108,0.03299514778010825
60.112,0.02826328952047888
60.116,0.00210858289633652
60.12,0.031811981483352576
60.124,0.039919807084934596
60.128,0.04584222395333241
60.132,0.02404637275870824
60.136,0.02273783972060909
60.14,0.033399015677591765
60.144,0.028652286499650056
60.148,0.02308676691744846
60.152,0.034125055717363205
60.156,0.03255588529835923
60.16,0.022576660198465822
60.164,0.04673106054600722
60.168,0.037394805827067654
60.172,0.00775008523695501
60.176,0.017146171720009415
60.18,0.032301638670725545
60.184,0.03772162127045979
60.188,0.03474259027579105
60.192,0.019088565814094124
60.196,0.027004319806767978
60.2,0.025913131326619956
60.204,0.048504177788710266
60.208,0.030217718199063645
60.212,0.020245194589297317
60.216,0.018331086061535
60.22,0.030904142914489074
60.224,0.04782335150325341
60.228,0.03811954017360279
60.232,0.03779725112138894
60.236,0.02202455724143426
60.24,0.032056003073858697
60.244,0.042330829508326916
60.248,0.026536777697086116
60.252,0.01718861931676934
60.256,0.01535647169319506
60.26,0.032047597055804664
60.264,0.027100933245478805
60.268,0.045319699624737086
60.272,0.025180344233919277
60.276,0.03077857174006493
60.28,0.02243996545366629
60.284,0.04827700972695988
60.288,0.035450389176568106
60.292,0.01959086455428523
60.296,0.0216975085828311
60.3,0.03250079889286145
60.304,0.046703753541101845
60.308,0.033516597185591884
60.312,0.02758080137360022
60.316,0.031769984626063494
60.32,0.03510721562919579
60.324,0.03460676745465767
60.328,0.03882756317345244
60.332,0.02415878604204805
60.336,0.02456030718961001
60.34,0.031020634406571938
60.344,0.04046517954862622
60.348,0.033657960372959574
60.352,0.014470141328600732
60.356,0.0038545379939038393
60.36,0.03221118170751666
60.364,0.0416691551058608
60.368,0.031239848919666736
60.372,0.015118018679185078
60.376,0.015752561155689154
60.38,0.01836058112229852
60.384,0.043870070040234604
60.388,0.017877076337428948
60.392,0.011572110797185639
60.396,0.020549455338851556
60.4,0.015290996359416904
60.404,0.04039455969197329
60.408,0.02665504096894617
60.412,0.03879573539249545
60.416,0.015992692615638703
60.42,0.026354470403436466
60.424,0.04497912071204084
60.428,0.03759773096052531
60.432,0.04173945531172221
60.436,0.009244814792530398
60.44,0.034627220076019545
60.444,0.033511572567283536
60.448,0.03307875218906346
60.452,0.006549606098785698
60.456,0.03070340038083703
60.46,0.02099427295544297
60.464,0.026850418332808365
60.468,0.04435647518795451
60.472,0.022461583646940557
60.476,0.020935057905898828
60.48,0.02927896894308769
60.484,0.043384760892435405
60.488,0.0410440381317643
60.492,0.03418674676941443
60.496,0.027734579752913362
60.5,0.02189196729480001
60.504,0.03386257573738134
60.508,0.028317879131830374
60.512,0.03436581388993538
60.516,0.028559673574721618
60.52,0.02648687074889983
60.524,0.03597880392476375
60.528,0.03950709146004186
60.532,0.03716494216887417
60.536,0.021365226395533746
60.54,0.04005044085932166
60.544,0.03265477304409564
60.548,0.039462248773441795
60.552,0.018111229626088115
60.556,0.01762783819875883
60.56,0.02174835629728021
60.564,0.037192990992018234
60.568,0.03891721871796197
60.572,0.01857428567309577
60.576,0.01014514716185654
60.58,0.028127285376822984
60.584,0.043315915730270306
60.588,0.0426981875948408
60.592,0.013458026314344904
60.596,0.016275169785259988
60.6,0.031739566111027906
60.604,0.039247966208479076
60.608,0.03575124011240867
60.612,0.029681852176331784
60.616,0.02228735732935905
60.62,0.015729067929729758
60.624,0.03656148957229202
60.628,0.04145775998824158
60.632,0.017926043925508155
60.636,0.017083995611357018
60.64,0.033470386791483696
60.644,0.0323234252053589
60.648,0.03132386746059979
60.652,0.032965021718888564
60.656,0.01255304931218295
60.66,0.040281440297110095
60.664,0.05614142298718177
60.668,0.026998026404962704
60.672,0.02059062353234766
60.676,0.022279712451218375
60.68,0.044766752251539296
60.684,0.027258143752842523
60.688,0.03371421060281837
60.692,0.03627444338541404
60.696,0.021022633086137846
60.7,0.0365029002944867
60.704,0.04120895215295045
60.708,0.052631984456527225
60.712,0.01814233942177895
60.716,0.01888121093307211
60.72,0.028936077732346792
60.724,0.027041142692909526
60.728,0.01997806846548486
60.732,0.02333809017198909
60.736,0.03755798647833532
60.74,0.03333908330009697
60.744,0.03755757097618641
60.748,0.037920116515649985
60.752,0.028767433687578423
60.756,0.012699819279375042
60.76,0.032320520652274906
60.764,0.04710527228589234
60.768,0.03655710619414101
60.772,0.03778435862794864
60.776,0.02129257451519814
60.78,0.022414917566875397
60.784,0.05465324931523596
60.788,0.025892132170413994
60.792,0.03743552947814151
60.796,0.010241252919321183
60.8,0.01247621976269182
60.804,0.025631275815194338
60.808,0.031202427662284107
60.812,0.018059826833752457
60.816,0.008503071918553736
60.82,0.02980169904312857
60.824,0.04923014517639518
60.828,0.032779016782126455
60.832,0.01702831300915752
60.836,0.010504407395062799
60.84,0.02938941660100652
60.844,0.03562896015218053
60.848,0.032732410457245883
60.852,0.04101038339840514
60.856,0.01304829692646112
60.86,0.03472176145146879
60.864,0.04663521750070638
60.868,0.04302226090303931
60.872,0.031401553797927716
60.876,0.014425515498239186
60.88,0.026117691618441186
60.884,0.027716585893620804
60.888,0.029756505599511852
60.892,0.026947917560789205
60.896,0.02471854292413878
60.9,0.0052539511890688055
60.904,0.03545017847879857
60.908,0.035760413880024704
60.912,0.018868210510647757
60.916,0.02297531985906203
60.92,0.042132347078032845
60.924,0.03873640805857136
60.928,0.029999747986483846
60.932,0.02357702609282524
60.936,0.009269617099317519
60.94,0.037151174549575304
60.944,0.05138278725537778
60.948,0.03166266345289744
60.952,0.0269490402345902
60.956,0.02053767646828462
60.96,0.016550642736552146
60.964,0.033240835323109175
60.968,0.02598528252279982
60.972,0.025911097139212223
60.976,0.028783296525059496
60.98,0.03121958822628703
60.984,0.04083495377308881
60.988,0.038835277597252894
60.992,0.022114659916423123
60.996,0.014411133617998874
61.0,0.025997117822167785
61.004,0.05009439592112385
61.008,0.02444258231047753
61.012,0.023721589633382605
61.016,0.033958280997309874
61.02,0.019523418589082294
61.024,0.04577959740092375
61.028,0.03175922203471251
61.032,0.0154877384216348
61.036,0.02559144446125819
61.04,0.03015295931403555
61.044,0.05769034936234149
61.048,0.03953267970071929
61.052,0.025116075100759465
61.056,0.019872439785496784
61.06,0.037562299056640165
61.064,0.0427968680372388
61.068,0.03247109471350498
61.072,0.032304876043764905
61.076,0.019986929336769765
61.08,0.020087155946220927
61.084,0.04615971917377945
61.088,0.021903751027106295
61.092,0.02768468270117022
61.096,0.01422336872582377
61.1,0.07003392045083635
61.104,0.08416132713081054
61.108,0.07353680305103812
61.112,0.059893076259890016
61.116,0.05741005099723448
61.12,0.05896497467119403
61.124,0.08341867644844872
61.128,0.07809529160402114
61.132,0.06476750047622307
61.136,0.06638557256948617
61.14,0.06440618662173866
61.144,0.07047710713877506
61.148,0.0806862183703175
61.152,0.05083382732285408
61.156,0.060288458232871316
61.16,0.07883922492867206
61.164,0.07902230929474029
61.168,0.07307603931301118
61.172,0.06228606125284865
61.176,0.06567725088599197
61.18,0.06500964032526771
61.184,0.08002980013987082
61.188,0.07835477291976307
61.192,0.061245886745026935
61.196,0.06775563114921565
61.2,0.04905068203468939
61.204,0.022369870994948443
61.208,0.04186572041319544
61.212,0.01562062600000538
61.216,0.025753871356767856
61.22,0.03231085552540489
61.224,0.03582682503064311
61.228,0.03951734156843442
61.232,0.03830809091816432
61.236,0.02867578363883224
61.24,0.028774520044683317
61.244,0.04512709015394462
61.248,0.025134020990720818
61.252,0.026628370684975918
61.256,0.031189750565317212
61.26,0.019802708794592193
61.264,0.03830051610631379
61.268,0.033399312687949885
61.272,0.012112094662023674
61.276,0.029550702432817995
61.28,0.01829206986827705
61.284,0.04682200722976404
61.288,0.04290073219219801
61.292,0.023731301979549962
61.296,0.020593619808640485
61.3,0.037175074251251355
61.304,0.047922782099433396
61.308,0.03668021927967011
61.312,0.011478818433572097
61.316,0.02343450267648299
61.32,0.02424076691445919
61.324,0.032346630303921674
61.328,0.052876120400792766
61.332,0.023694477945954456
61.336,0.030341224027339457
61.34,0.031178857565778432
61.344,0.044794792410200804
61.348,0.0494227360575412
61.352,0.021243013192080048
61.356,0.004215813061604633
61.36,0.023020596830032714
61.364,0.0459636130943872
61.368,0.031320194651490614
61.372,0.009763835602612044
61.376,0.021266221530625296
61.38,0.036588088038852384
61.384,0.03151189220959745
61.388,0.024483514428079
61.392,0.02861595135176044
61.396,0.009682481122686468
61.4,0.03495878559624688
61.404,0.0448523480796246
61.408,0.02566438008908403
61.412,0.024665454541488767
61.416,0.005911011725103761
61.42,0.03898021214380816
61.424,0.025504369438059442
61.428,0.03771944811922413
61.432,0.0172964929841069
61.436,0.028166829900140265
61.44,0.026357208407299656
61.444,0.05012503247436292
61.448,0.027488889394815592
61.452,0.023154453586034095
61.456,0.018284229745520682
61.46,0.02480262110594514
61.464,0.045175463555898486
61.468,0.029921435261517693
61.472,0.010810819557419067
61.476,0.010156541696819128
61.48,0.02357451286703162
61.484,0.048876394387590116
61.488,0.03068712410054875
61.492,0.030475518867552443
61.496,0.027114911011574074
61.5,0.02667550717485261
61.504,0.042607325103618476
61.508,0.034602676009742525
61.512,0.02247426521471742
61.516,0.03625816459938879
61.52,0.020052872270118774
61.524,0.062520981938879
61.528,0.04798712918692033
61.532,0.017377750208004743
61.536,0.023571402125802353
61.54,0.028684674421103156
61.544,0.04635903851161991
61.548,0.023861994658291356
61.552,0.019967632185783322
61.556,0.03310065548268423
61.56,0.031194288439912322
61.564,0.052395534023265314
61.568,0.037221015446460594
61.572,0.02117572413651273
61.576,0.02625060826822037
61.58,0.04161529981316023
61.584,0.03842377796264841
61.588,0.04429158311742773
61.592,0.03072827250265763
61.596,0.020536578987243096
61.6,0.029250543918797358
61.604,0.044251996409089715
61.608,0.03391893822681728
61.612,0.02765854943070616
61.616,0.02020305694429463
61.62,0.02977255542560357
61.624,0.030248874548601562
61.628,0.03100860320015357
61.632,0.04487039225065824
61.636,0.026715747705812483
61.64,0.03548963991139882
61.644,0.042504360754736376
61.648,0.043165355684850526
61.652,0.009935608858157934
61.656,0.030033033909911935
61.66,0.04157140864074402
61.664,0.03810613649004769
61.668,0.04017653727930974
61.672,0.0327477174451413
61.676,0.00911268659340122
61.68,0.030815878145764856
61.684,0.03250891768078746
61.688,0.023505197494558594
61.692,0.02187329331273388
61.696,0.01673962795931093
61.7,0.023115023650203237
61.704,0.04977723937646156
61.708,0.029529540098698244
61.712,0.022940006061667233
61.716,0.02328428312472111
61.72,0.027045036998389078
61.724,0.04497050604780106
61.728,0.02987727823475212
61.732,0.02340596343845761
61.736,0.02099515979406053
61.74,0.04633742609988324
61.744,0.021195666947682844
61.748,0.0221599565560704
61.752,0.02706285151439572
61.756,0.03313521918297545
61.76,0.026523853566261395
61.764,0.031796501994445024
61.768,0.034332456549523285
61.772,0.02122334385725782
61.776,0.02493484673900169
61.78,0.040169537867539795
61.784,0.04074861024437942
61.788,0.039881386883476554
61.792,0.0187079798068632
61.796,0.03500989585527803
61.8,0.026269075998314982
61.804,0.046567080098676404
61.808,0.03775716746701953
61.812,0.02509378035941629
61.816,0.01926579670687639
61.82,0.0258510347586689
61.824,0.04446049490895373
61.828,0.03697747538119592
61.832,0.02706627171945786
61.836,0.03163172242106693
61.84,0.042903497656341105
61.844,0.022459392559576127
61.848,0.040061714189407197
61.852,0.027376176908650823
61.856,0.007826415528031747
61.86,0.03207044393359543
61.864,0.03370616187665703
61.868,0.04187765085790358
61.872,0.016760835801305867
61.876,0.016483638917890318
61.88,0.026032168349411553
61.884,0.03263286001615482
61.888,0.03369211128150896
61.892,0.02185212960600897
61.896,0.021553338497919895
61.9,0.025566285125013286
61.904,0.04586582101052728
61.908,0.04190444259501952
61.912,0.0282010111863782
61.916,0.01932081306722405
61.92,0.04196969595219583
61.924,0.03874262726070077
61.928,0.041130653765082716
61.932,0.017247094062941615
61.936,0.024280575719950393
61.94,0.03017756190909138
61.944,0.04101832930932556
61.948,0.03866349987753395
61.952,0.03971453139833998
61.956,0.02950130251375839
61.96,0.028984983491004618
61.964,0.040866533342572196
61.968,0.02789939035591943
61.972,0.030387612817523897
61.976,0.008090903592458813
61.98,0.024625862408732366
61.984,0.017434703542990582
61.988,0.027185540172231144
61.992,0.01031608148011883
61.996,0.012368067504499364
62.0,0.026164001745207187
62.004,0.05218511951888864
62.008,0.02302854706348072
62.012,0.03606749655301676
62.016,0.019717995492939552
62.02,0.026661451801045795
62.024,0.026252854291832384
62.028,0.026764953186433287
62.032,0.025803042685046254
62.036,0.01914725956610771
62.04,0.03491147177009525
62.044,0.03506420692146856
62.048,0.020027657842848202
62.052,0.006351759661073299
62.056,0.019504747386729054
62.06,0.03146473154697382
62.064,0.03365823309895868
62.068,0.040965398661053185
62.072,0.017455272586367723
62.076,0.020013198023480207
62.08,0.022901468551490785
62.084,0.021377420767927292
62.088,0.03285124914563061
62.092,0.01739270752275694
62.096,0.018304736175405376
62.1,0.030154593966176833
62.104,0.03783340562503086
62.108,0.03891103605284533
62.112,0.029201776386136007
62.116,0.0226018262493087
62.12,0.037887905861213565
62.124,0.040488115601288205
62.128,0.025506876044782585
62.132,0.030784233205950275
62.136,0.02091410568407884
62.14,0.040394143008899354
62.144,0.043494472567776166
62.148,0.02720768864489782
62.152,0.019921873246830212
62.156,0.038131142679070584
62.16,0.03727756834961308
62.164,0.018448376427375467
62.168,0.03039356576898207
62.172,0.014972755886671966
62.176,0.018447587992754592
62.18,0.036573424645325855
62.184,0.04410822269151809
62.188,0.03115067642315182
62.192,0.014965853459364836
62.196,0.021701079576102865
62.2,0.040774143081590185
62.204,0.04042965217307682
62.208,0.028934567028801064
62.212,0.03910772097649962
62.216,0.025720623944423284
62.22,0.03909282219659181
62.224,0.03536992665906937
62.228,0.0421082504083634
62.232,0.020375916437348176
62.236,0.021425906445823588
62.24,0.0267673153064591
62.244,0.020087484723374387
62.248,0.03661222014786092
62.252,0.024019555082536694
62.256,0.01412652042624855
62.26,0.022696634251180393
62.264,0.043525243012195854
62.268,0.043087851326442494
62.272,0.020141494625349046
62.276,0.025570740528901938
62.28,0.04394756416545704
62.284,0.04293084692917876
62.288,0.03237728895508679
62.292,0.020710433475041843
62.296,0.016180916396932688
62.3,0.03930296329448607
62.304,0.03625630339477414
62.308,0.025714805668933687
62.312,0.03082257533505322
62.316,0.01019470857361851
62.32,0.03229281740854428
62.324,0.05380416164601793
62.328,0.04864544636215449
62.332,0.024253449964863418
62.336,0.004663447605640709
62.34,0.02250695786913994
62.344,0.03692416486526551
62.348,0.04745876459241823
62.352,0.0178011871177048
62.356,0.02851998771355945
62.36,0.03447951556355548
62.364,0.03812815049612521
62.368,0.03229659349535002
62.372,0.015717351243023023
62.376,0.030596004616254925
62.38,0.018053203793879216
62.384,0.021880470058707153
62.388,0.040287542667907586
62.392,0.01741772140085069
62.396,0.014750589071005765
62.4,0.04465173455637743
62.404,0.03304054941084383
62.408,0.01944878266738255
62.412,0.02811899285850097
62.416,0.016352794620585906
62.42,0.024856825032687158
62.424,0.033207997494554636
62.428,0.034339361224634525
62.432,0.022987744121742305
62.436,0.016077274418278276
62.44,0.042123932011722674
62.444,0.04323345810589101
62.448,0.038683868223796825
62.452,0.029976540615754194
62.456,0.02860301800961538
62.46,0.039186999670038254
62.464,0.0366447602900615
62.468,0.030361556269115485
62.472,0.014325637029496564
62.476,0.016855740660199254
62.48,0.023175603361575654
62.484,0.03200023030446827
62.488,0.022464010587573444
62.492,0.02232627570031879
62.496,0.02087067409334547
62.5,0.019658639452677637
62.504,0.03433330989038868
62.508,0.03243963123200656
62.512,0.029590801268265556
62.516,0.02957711439549912
62.52,0.03686485043409686
62.524,0.04279490637267491
62.528,0.0328350630469425
62.532,0.018895863119808523
62.536,0.03959941275544493
62.54,0.03399875323131865
62.544,0.03168118695769302
62.548,0.022268020647559388
62.552,0.03668060850142438
62.556,0.026609880023073504
62.56,0.016331260261137813
62.564,0.05115659725184983
62.568,0.035151264892126693
62.572,0.018492441692896093
62.576,0.014714971915768173
62.58,0.040489465068379166
62.584,0.041951940181758254
62.588,0.04857370025758067
62.592,0.020538287188367966
62.596,0.031316425016227056
62.6,0.027264305516631906
62.604,0.03777524819574457
62.608,0.03779296874498368
62.612,0.03812104382314699
62.616,0.016339075075801988
62.62,0.0400400074964225
62.624,0.03131817034687767
62.628,0.044987546490783334
62.632,0.0290966598462216
62.636,0.02252798136296012
62.64,0.047304645339852444
62.644,0.02632621145085984
62.648,0.039902845935366395
62.652,0.028525816563843516
62.656,0.027249826725664436
62.66,0.03248967107791986
62.664,0.048983328559985724
62.668,0.03281339677492793
62.672,0.023546691208897175
62.676,0.017602436510076543
62.68,0.04002656159728096
62.684,0.04286235899354894
62.688,0.025587177359706052
62.692,0.026236690616797533
62.696,0.009629386645421706
62.7,0.03211846817343537
62.704,0.04328426904387954
62.708,0.0554394701104243
62.712,0.0154531292452456
62.716,0.029722176279067005
62.72,0.020640124415289944
62.724,0.033637154027840364
62.728,0.041807388047169027
62.732,0.01886651362772274
62.736,0.0338079780831985
62.74,0.03296753489182588
62.744,0.03662389654235128
62.748,0.030993615266660196
62.752,0.02688639946231023
62.756,0.017466291937867785
62.76,0.039606164860105667
62.764,0.05627319082180392
62.768,0.025680670980893498
62.772,0.030881735083025358
62.776,0.014314006496245426
62.78,0.03397990532512872
62.784,0.03695194203209878
62.788,0.03490632563063998
62.792,0.029060681651429214
62.796,0.02206183165683145
62.8,0.036066894150437304
62.804,0.03771645490768323
62.808,0.04306852417927693
62.812,0.020434128043556824
62.816,0.015558107994300931
62.82,0.030344308899630752
62.824,0.027814615906434196
62.828,0.03353562227349557
62.832,0.01927616076148604
62.836,0.016742980270914625
62.84,0.0397077525978774
62.844,0.04459237084982012
62.848,0.03360101300187453
62.852,0.03084074748333187
62.856,0.024022109456084826
62.86,0.03611122282606374
62.864,0.02815898389442842
62.868,0.03520553902592208
62.872,0.026132975033794813
62.876,0.016882114114087344
62.88,0.02787663520752474
62.884,0.044689214859241
62.888,0.0508780762335444
62.892,0.03293757982545658
62.896,0.021183443051691314
62.9,0.040802878217700435
62.904,0.040110804897262875
62.908,0.02342424444997301
62.912,0.028481927052693288
62.916,0.03340286270346573
62.92,0.03357202971420171
62.924,0.036608131353767275
62.928,0.03253650610153908
62.932,0.03151227031148611
62.936,0.022346580100182145
62.94,0.014969460383295762
62.944,0.04813333043522872
62.948,0.03235516459452633
62.952,0.042255713538748116
62.956,0.011386035729368834
62.96,0.009497546943223488
62.964,0.046225182507793214
62.968,0.025216809249148806
62.972,0.008128024096841074
62.976,0.014905834593834459
62.98,0.012034102118114984
62.984,0.04285418032771844
62.988,0.03736754456819102
62.992,0.022080720848141923
62.996,0.01710731283931934
63.0,0.03433517589469366
63.004,0.04773788085674817
63.008,0.031052169262784424
63.012,0.022645649777377732
63.016,0.01885341458030912
63.02,0.011910690735745688
63.024,0.035360374050762644
63.028,0.03650550373608669
63.032,0.015974046050880014
63.036,0.004190841561204379
63.04,0.03877738487224268
63.044,0.03241151230755952
63.048,0.046541933772737645
63.052,0.02807392085043032
63.056,0.01321941590004411
63.06,0.02242221861352929
63.064,0.022747136658007795
63.068,0.03814441067558653
63.072,0.026114768325414497
63.076,0.03052788339744268
63.08,0.03230157633407994
63.084,0.037702555374508985
63.088,0.02696224163127975
63.092,0.01610862601374959
63.096,0.021731485686887028
63.1,0.04684991421349162
63.104,0.04290135503708632
63.108,0.05247306067714428
63.112,0.016982517824928583
63.116,0.02962353485751005
63.12,0.03240548484960192
63.124,0.05571923746513256
63.128,0.03037015513591828
63.132,0.019072937379228716
63.136,0.02081603091219815
63.14,0.01628919474780132
63.144,0.030115785775293124
63.148,0.020539305131231603
63.152,0.012638619964281854
63.156,0.008983101830568496
63.16,0.012913125079401105
63.164,0.04015591719858937
63.168,0.025992323625688714
63.172,0.04514334720530145
63.176,0.021028607514872743
63.18,0.030287473601082013
63.184,0.03800739929951351
63.188,0.03404236360248232
63.192,0.016646673319852045
63.196,0.01851483326185946
63.2,0.015201677782335138
63.204,0.04904313194331789
63.208,0.028790120916361156
63.212,0.02188107575324933
63.216,0.023671381558812685
63.22,0.04515837551426742
63.224,0.04276066432396002
63.228,0.03831441147976566
63.232,0.03430657137653764
63.236,0.02137343030263033
63.24,0.02954869165667097
63.244,0.03447862791968088
63.248,0.03592536991084594
63.252,0.030593013635646434
63.256,0.004973763886067205
63.26,0.029073556640889932
63.264,0.037883736350765626
63.268,0.02688522719679399
63.272,0.020951603221339734
63.276,0.028895422722362764
63.28,0.03077140179591295
63.284,0.05039729456857288
63.288,0.026705756030270554
63.292,0.003872979760068389
63.296,0.015367274745456305
63.3,0.03741100261935311
63.304,0.05108307519170591
63.308,0.03923349123220065
63.312,0.007497709914958982
63.316,0.021317823297676994
63.32,0.03150463740364116
63.324,0.043538321147681296
63.328,0.04925656768842367
63.332,0.02674755569082106
63.336,0.016221148453128626
63.34,0.026866768725740207
63.344,0.03113680779893474
63.348,0.045135604067059805
63.352,0.02776795121100105
63.356,0.020481200792760126
63.36,0.025529856110813622
63.364,0.0378352011598116
63.368,0.04068665143032673
63.372,0.020679402310763505
63.376,0.02361024096055204
63.38,0.015330408303858043
63.384,0.03160297480017479
63.388,0.037589392645965426
63.392,0.010029476220857694
63.396,0.03345845836898726
63.4,0.03223164120872185
63.404,0.02838290653176001
63.408,0.04079995950817959
63.412,0.012373457261153253
63.416,0.02971087921161848
63.42,0.025979049268825206
63.424,0.03151922922946327
63.428,0.051043245039117544
63.432,0.01904623576139779
63.436,0.01241023931789324
63.44,0.0400103139223824
63.444,0.03981334520052503
63.448,0.041100117551141686
63.452,0.019165178866357803
63.456,0.022554899634237447
63.46,0.0298873644673135
63.464,0.045523434289602614
63.468,0.02314791001205293
63.472,0.028745226997296563
63.476,0.02753237855311304
63.48,0.042827987739220634
63.484,0.035451281145129486
63.488,0.02801134568162676
63.492,0.012490958226273056
63.496,0.03265479768010686
63.5,0.035587459210420336
63.504,0.04359823965415518
63.508,0.05271905599577957
63.512,0.0322234599193472
63.516,0.042049431163887686
63.52,0.03913851244739114
63.524,0.03788408302572256
63.528,0.02931357796161259
63.532,0.00408186238436347
63.536,0.02610026810272055
63.54,0.026783219860981887
63.544,0.03002050504348375
63.548,0.02456757392108456
63.552,0.024854390108265467
63.556,0.0028441281789508763
63.56,0.01984385198114303
63.564,0.023361887305301695
63.568,0.04417697472097719
63.572,0.016411138511162514
63.576,0.023901281021191708
63.58,0.025108476095268804
63.584,0.043361387582382324
63.588,0.038457655912027704
63.592,0.03012485383072073
63.596,0.014332409662939877
63.6,0.033021270705110496
63.604,0.027233434898781377
63.608,0.023023027591163963
63.612,0.019110498872638534
63.616,0.02283008027054394
63.62,0.036618742958292344
63.624,0.029298246894821772
63.628,0.02608928938881872
63.632,0.0032260476243745687
63.636,0.017682111471210245
63.64,0.02684126370824352
63.644,0.02913838958095201
63.648,0.026501930936987675
63.652,0.024064479040509172
63.656,0.020686817208994245
63.66,0.025304793609149633
63.664,0.02388786862345349
63.668,0.04173924853497177
63.672,0.03279671138146418
63.676,0.020293542975290856
63.68,0.03168439410048657
63.684,0.037039833927967274
63.688,0.04464808614447454
63.692,0.03277903488589845
63.696,0.027360811754094154
63.7,0.019473360878796735
63.704,0.02824821851765748
63.708,0.029975646293465354
63.712,0.03020040690846803
63.716,0.012361947389038909
63.72,0.022676371126972586
63.724,0.04648767625301484
63.728,0.028442768062309328
63.732,0.012220287092275762
63.736,0.025900349581447123
63.74,0.033063478215389006
63.744,0.03452244246133628
63.748,0.04119935761187043
63.752,0.028063071131914412
63.756,0.020755136178433754
63.76,0.03021072624314705
63.764,0.03608167648366142
63.768,0.02512685054065654
63.772,0.027276249477985855
63.776,0.012325959339312968
63.78,0.036775809208714136
63.784,0.03588687437206727
63.788,0.04410473281629277
63.792,0.022012724612207494
63.796,0.02037076830151509
63.8,0.014598970845916404
63.804,0.04312540812535343
63.808,0.05128045326302948
63.812,0.019559161591774597
63.816,0.007049267883812568
63.82,0.0256286582535743
63.824,0.035747210426339014
63.828,0.021187056506862728
63.832,0.02110818499950701
63.836,0.012013025627193074
63.84,0.033503824879410796
63.844,0.04690955783109754
63.848,0.01876063320840498
63.852,0.015707120739711634
63.856,0.0242763944471483
63.86,0.04187291621813683
63.864,0.037243591674552476
63.868,0.026918492535922708
63.872,0.020080068692504335
63.876,0.025804013961296342
63.88,0.020908876476534582
63.884,0.044758176338039767
63.888,0.028535396058375337
63.892,0.030606888525546987
63.896,0.014191232457256881
63.9,0.02597178650384557
63.904,0.034598709292158206
63.908,0.030115979647333903
63.912,0.02085110530377301
63.916,0.018098434401667737
63.92,0.023596438177410677
63.924,0.05212834875806001
63.928,0.03966607631888517
63.932,0.02429478231391159
63.936,0.011889174640678424
63.94,0.04099181562116168
63.944,0.041861275574217635
63.948,0.03438336161379686
63.952,0.02950462987321472
63.956,0.01498897471197256
63.96,0.02908825456855566
63.964,0.04351170976785326
63.968,0.03593932442358819
63.972,0.02428916460878707
63.976,0.018291752519334962
63.98,0.04302348298004754
63.984,0.048703612147082936
63.988,0.03562893918155014
63.992,0.016629327220768875
63.996,0.014067554784557354
64.0,0.04174254622068861
64.004,0.039673344290066206
64.008,0.0373487177748846
64.012,0.03192274317532143
64.016,0.02273018695722799
64.02,0.02475684666966775
64.024,0.028154643283332864
64.028,0.039882102772992166
64.032,0.014883071074354213
64.036,0.012388645668743738
64.04,0.027205469233031403
64.044,0.048117632782045144
64.048,0.03533801745551399
64.052,0.03449433604873705
64.056,0.018420334750872354
64.06,0.017401579460062405
64.064,0.03461765549330544
64.068,0.03967171851164231
64.072,0.024318422757063335
64.076,0.02587667340559719
64.08,0.03037132157816665
64.084,0.041323459763632386
64.088,0.03571853765074762
64.092,0.022665600032787826
64.096,0.024573272039328464
64.1,0.030783733796089122
64.104,0.03826424918579755
64.108,0.02202689853324119
64.112,0.03561467653155678
64.116,0.007651253872357237
64.12,0.03423746845468324
64.124,0.04613990675089805
64.128,0.03767492623782633
64.132,0.0245529593934034
64.136,0.022126530797538214
64.14,0.014718944367053777
64.144,0.041363497926367565
64.148,0.019962971825413744
64.152,0.03723218608517788
64.156,0.020544831599129645
64.16,0.017948222513723
64.164,0.04891314469947662
64.168,0.030656293608260575
64.172,0.03807121594962107
64.176,0.017224498971967095
64.18,0.019868347111210383
64.184,0.04069303353190133
64.188,0.028650979563414877
64.192,0.010300607490206422
64.196,0.019021190705098938
64.2,0.03228635606845281
64.204,0.041141731291544366
64.208,0.04161901183431038
64.212,0.019880029082492125
64.216,0.02727854158446759
64.22,0.028017154516258445
64.224,0.04869244058477176
64.228,0.049135429713926454
64.232,0.01768373807065797
64.236,0.02696138649178129
64.24,0.03564037284912444
64.244,0.02644207509404036
64.248,0.02633925655486303
64.252,0.02529287941620996
64.256,0.016056367683895567
64.26,0.039839108841273486
64.264,0.03644926128878485
64.268,0.023420364515770262
64.272,0.020579190499425477
64.276,0.03341395167132111
64.28,0.016531716193794125
64.284,0.03588988575318125
64.288,0.04103118369856492
64.292,0.017279979658072923
64.296,0.014031733255365551
64.3,0.03460407309492966
64.304,0.05107624620106149
64.308,0.025136033044377802
64.312,0.02032383188199842
64.316,0.021517894169086903
64.32,0.036566694806509016
64.324,0.028728499618480396
64.328,0.045998985280637505
64.332,0.021580108579485797
64.336,0.02939858656200626
64.34,0.03188827277198509
64.344,0.048719216225224786
64.348,0.02988420842041662
64.352,0.02259636709546329
64.356,0.019636766039683798
64.36,0.030004838570351904
64.364,0.04647031441986942
64.368,0.021765200579027425
64.372,0.04052909401995976
64.376,0.03300483933010953
64.38,0.023011693665979556
64.384,0.044330576502463054
64.388,0.043088586438826494
64.392,0.028074898294124417
64.396,0.012771572169318724
64.4,0.03458178009742406
64.404,0.03309667431658235
64.408,0.04172969705524565
64.412,0.02209157240936168
64.416,0.006082116610893796
64.42,0.04314511451897881
64.424,0.0582347979728846
64.428,0.04303094581176675
64.432,0.018892549667265193
64.436,0.02122385950405728
64.44,0.03328573260016796
64.444,0.03236177854097787
64.448,0.026645017643316823
64.452,0.020506171978770846
64.456,0.021110533757782535
64.46,0.01967755604176509
64.464,0.02992308356840539
64.468,0.03806367818590823
64.472,0.037399139651943754
64.476,0.02763743107193873
64.48,0.034098696142127384
64.484,0.048892239127995896
64.488,0.034009981486946464
64.492,0.02564170904323529
64.496,0.014463431234866
64.5,0.034746572866033415
64.504,0.05771158927942371
64.508,0.014982613706047313
64.512,0.03653044144149958
64.516,0.025403903782000355
64.52,0.01419596988896929
64.524,0.0380600797113228
64.528,0.047954241580959164
64.532,0.020779290135874134
64.536,0.02676693242708028
64.54,0.03715511151288412
64.544,0.04597285029514628
64.548,0.049941121363610244
64.552,0.018360498026390473
64.556,0.018272716262008302
64.56,0.05299335553583878
64.564,0.03412612010833317
64.568,0.03961217778661155
64.572,0.030403124106739978
64.576,0.01909960498066235
64.58,0.019319021388344848
64.584,0.03980257233890634
64.588,0.02619784297720664
64.592,0.021310269202325042
64.596,0.011135024525536536
64.6,0.02600514612662605
64.604,0.034067828330597766
64.608,0.03435749236817381
64.612,0.015842819737640363
64.616,0.02633925097268719
64.62,0.021221608615213466
64.624,0.04616310358672997
64.628,0.02921478544263846
64.632,0.025271809141801285
64.636,0.01598865718536625
64.64,0.04657509042656051
64.644,0.017571685868319618
64.648,0.02218164052461319
64.652,0.017168308611564074
64.656,0.012158260889517407
64.66,0.027628394820778522
64.664,0.03748962618590191
64.668,0.03939606645518347
64.672,0.025909757011504657
64.676,0.01772917330111975
64.68,0.03370626769273875
64.684,0.030514078237568933
64.688,0.04113498356869511
64.692,0.023152572804738526
64.696,0.01631480946026708
64.7,0.021607600318560103
64.704,0.03062885809648365
64.708,0.04052622592891481
64.712,0.011579127472142802
64.716,0.014213928314644226
64.72,0.018606895675354868
64.724,0.04351082329601362
64.728,0.037281195520985994
64.732,0.03250507822731741
64.736,0.015006929655585224
64.74,0.02215308165173782
64.744,0.05167617347658946
64.748,0.037666394828182355
64.752,0.03695714879687025
64.756,0.020098204045208484
64.76,0.030054226201213185
64.764,0.03125656367551824
64.768,0.029598940211034458
64.772,0.011149112562424929
64.776,0.01620001216465558
64.78,0.020327877493387422
64.784,0.044970009956118176
64.788,0.03782195880495803
64.792,0.02101810343383768
64.796,0.026864163345155567
64.8,0.014210920448752993
64.804,0.039342434354084105
64.808,0.03390947203880977
64.812,0.032826453076229604
64.816,0.011858657273260388
64.82,0.03829548804848507
64.824,0.035340754266246374
64.828,0.04494949316018729
64.832,0.023632024501635894
64.836,0.011927565952903937
64.84,0.01634703180742011
64.844,0.03741921558918759
64.848,0.04709404638366587
64.852,0.007092386442072704
64.856,0.01961936867497113
64.86,0.035603599983942
64.864,0.03897418031502975
64.868,0.03742906681597857
64.872,0.0028865323537594807
64.876,0.025892580411171207
64.88,0.03694996085008133
64.884,0.033075590334350334
64.888,0.026611165370629977
64.892,0.03179218235094524
64.896,0.003376082577619309
64.9,0.02482571836176449
64.904,0.04540589456172377
64.908,0.03747932718023467
64.912,0.00271585515011814
64.916,0.012634168971276217
64.92,0.026603019658097558
64.924,0.045328426628465104
64.928,0.026242547554906657
64.932,0.03169722779168204
64.936,0.025806040221647758
64.94,0.02387714843928163
64.944,0.044834427605974295
64.948,0.038032893724379575
64.952,0.020761342345689954
64.956,0.016940214301349097
64.96,0.039830621615780354
64.964,0.038507321936939544
64.968,0.035716841836683964
64.972,0.025082553312605886
64.976,0.016006103257033208
64.98,0.027769840939105384
64.984,0.02609588876506691
64.988,0.036762768922813015
64.992,0.021955668354886243
64.996,0.02417135743527001
65.0,0.018300471284506455
65.004,0.050661780145532374
65.008,0.051512794485468735
65.012,0.035097297126020166
65.016,0.028869384258225904
65.02,0.02312690534962846
65.024,0.02074178481521245
65.028,0.0318045648030429
65.032,0.023451928816895107
65.036,0.02112170105668904
65.04,0.023046986067863935
65.044,0.033147800269942865
65.048,0.036729843266015666
65.052,0.019318391969702604
65.056,0.016202678350109048
65.06,0.02897474257298424
65.064,0.03839199688380692
65.068,0.03818219642565182
65.072,0.008614104168225362
65.076,0.018638052368754203
65.08,0.03761868980363559
65.084,0.040848391890543005
65.088,0.038795341027445245
65.092,0.028702088380241367
65.096,0.0306439686596566
65.1,0.026607836430071127
65.104,0.030957481503276377
65.108,0.025153414305254133
65.112,0.01111459226137451
65.116,0.00045798181101572646
65.12,0.02983119008093756
65.124,0.042326908247127204
65.128,0.02383297891538971
65.132,0.022031483548559497
65.136,0.03173465648316569
65.14,0.022462313382260977
65.144,0.037472438589236996
65.148,0.03736275275140574
65.152,0.041961784398975584
65.156,0.02336668997064091
65.16,0.026188134931452726
65.164,0.03749758415707103
65.168,0.03354643590094843
65.172,0.010893263350075455
65.176,0.02133325693425743
65.18,0.029257299786647286
65.184,0.03367650195477887
65.188,0.036753127011924604
65.192,0.029108695353075004
65.196,0.021678692512220283
65.2,0.03022328562293652
65.204,0.030144153884139813
65.208,0.021623712739737573
65.212,0.018213571457549736
65.216,0.01567506404935
65.22,0.031192673180447234
65.224,0.04444817818212837
65.228,0.028164598243759942
65.232,0.018270420913612986
65.236,0.01866290234994339
65.24,0.022749357253166062
65.244,0.02863631429725897
65.248,0.03736904851132605
65.252,0.026552412867658422
65.256,0.017839524656776476
65.26,0.030984381933538422
65.264,0.04793718181284735
65.268,0.033503257465051596
65.272,0.02807796852859092
65.276,0.022888760108979354
65.28,0.03402224615888881
65.284,0.034062921891138714
65.288,0.029811351391655073
65.292,0.010706559321131149
65.296,0.004062878808618484
65.3,0.02139526633235262
65.304,0.036859754476423943
65.308,0.03817970868935658
65.312,0.013004666048217806
65.316,0.014313021530551778
65.32,0.034749573589460646
65.324,0.04112420906382154
65.328,0.0239960984381336
65.332,0.01775078687391008
65.336,0.007077564322273034
65.34,0.027085262612369345
65.344,0.028029174420119922
65.348,0.036722098438551946
65.352,0.022038502466495552
65.356,0.02301335858988185
65.36,0.03215553875976399
65.364,0.03092694425241426
65.368,0.04290229040118126
65.372,0.02833927721242385
65.376,0.016407303761248004
65.38,0.040131997886851296
65.384,0.046079347456945446
65.388,0.016017323017716655
65.392,0.017777080255393506
65.396,0.014428279586944865
65.4,0.029989069099828358
65.404,0.046919638898645484
65.408,0.03814199793207397
65.412,0.04140779303090275
65.416,0.02012694202950704
65.42,0.024434746098566072
65.424,0.03643266775347756
65.428,0.02703173572073957
65.432,0.014203239453359724
65.436,0.00886616567394701
65.44,0.035915624700721675
65.444,0.04396718306284406
65.448,0.030227607421383598
65.452,0.0277767390022368
65.456,0.011370839697830416
65.46,0.026433075201349743
65.464,0.036198781186150664
65.468,0.03198551208001996
65.472,0.021110903054679952
65.476,0.017350159914503983
65.48,0.035586166278965374
65.484,0.020033813137812887
65.488,0.03667544933163072
65.492,0.02786596151602838
65.496,0.024342690170785417
65.5,0.05029708490296992
65.504,0.028316232483468984
65.508,0.025451570381946016
65.512,0.03540594104477603
65.516,0.008480691382437554
65.52,0.02426150874089914
65.524,0.05214765725022145
65.528,0.023351139429933714
65.532,0.025492750324020586
65.536,0.014945625114247976
65.54,0.016452092298257698
65.544,0.040056792751109946
65.548,0.02831712748405802
65.552,0.023723084311900313
65.556,0.02000696244281086
65.56,0.03188037647799921
65.564,0.03211559158703618
65.568,0.03213287874227352
65.572,0.018273739317394382
65.576,0.0014887350207893855
65.58,0.03370894690864554
65.584,0.043891536034141
65.588,0.05016739111342321
65.592,0.029256524373621657
65.596,0.017029550112995357
65.6,0.03650352301205439
65.604,0.02613878560783494
65.608,0.048523554697711725
65.612,0.013490521590918902
65.616,0.013299961223528821
65.62,0.016851017988976476
65.624,0.037165712231884286
65.628,0.049043396537882825
65.632,0.01657453679140993
65.636,0.01344378918460722
65.64,0.03201493278011911
65.644,0.04655152198625093
65.648,0.03281278915137511
65.652,0.00894513225688733
65.656,0.030749636205693293
65.66,0.030266769688466425
65.664,0.030063587530572033
65.668,0.03571121886603157
65.672,0.031097550821562483
65.676,-0.0009018468022711362
65.68,0.028157008358447585
65.684,0.05008387654059575
65.688,0.022788268874931007
65.692,0.02108167018799681
65.696,0.012072071611089804
65.7,0.020448735915289312
65.704,0.0321891457188796
65.708,0.034661225835737566
65.712,0.01988707812971796
65.716,0.00950027932844822
65.72,0.035308046446717936
65.724,0.05287672902389092
65.728,0.03090634065589987
65.732,0.028768525109211865
65.736,0.010166054102749528
65.74,0.0259950678042579
65.744,0.026288976299751486
65.748,0.035470466230128596
65.752,0.021260006453848207
65.756,0.017448177295446798
65.76,0.03400663967230237
65.764,0.03467709849946789
65.768,0.03866335034806123
65.772,0.014415077810454553
65.776,0.02083025521458154
65.78,0.019265953093219906
65.784,0.023776775675134424
65.788,0.049171151200159496
65.792,0.022149628926346393
65.796,0.011280937054414127
65.8,0.06376638789844295
65.804,0.0873113597823897
65.808,0.08169448953713217
65.812,0.06759806314289456
65.816,0.04034133471978635
65.82,0.06053052069555997
65.824,0.07124994854995712
65.828,0.061241065445991484
65.832,0.05094171147470454
65.836,0.06406833383126927
65.84,0.07165273877557793
65.844,0.08759497237945713
65.848,0.07157603211727573
65.852,0.059646592050767035
65.856,0.050557713357505134
65.86,0.07301110100154039
65.864,0.07152944226073135
65.868,0.08432988975262327
65.872,0.048978865062057814
65.876,0.05629258731277951
65.88,0.07430139263978351
65.884,0.07760472001153042
65.888,0.0711165662723186
65.892,0.06849779571485455
65.896,0.051453841504909614
65.9,0.027445964691597213
65.904,0.029213359260778705
65.908,0.02847520829042263
65.912,0.019977219083914713
65.916,0.015162864312325441
65.92,0.02502929394388624
65.924,0.03759181456901536
65.928,0.010467062046793686
65.932,0.02674998366674403
65.936,0.01606204257538557
65.94,0.042807963422297264
65.944,0.04458811826028615
65.948,0.017220619009225772
65.952,0.009762588653193884
65.956,0.017524722400832842
65.96,0.018023490233039507
65.964,0.030498064918684783
65.968,0.022538075441827003
65.972,0.015231813122895326
65.976,0.016620436436110792
65.98,0.02018554174020392
65.984,0.035315814865001204
65.988,0.031883843147379194
65.992,0.029925394024801454
65.996,0.013453321351111377
66.0,0.02066717948279618
66.004,0.043195152442358886
66.008,0.040746748403761295
66.012,0.012676810261069024
66.016,0.0067820498820291356
66.02,0.029599871805609114
66.024,0.034184100999273895
66.028,0.03674513223941276
66.032,0.014645978779973333
66.036,0.030551809498328218
66.04,0.042792833380486506
66.044,0.03928903996262855
66.048,0.02985530097197322
66.052,0.019817411256872513
66.056,0.016363097213950968
66.06,0.01453529232431008
66.064,0.028693584949093374
66.068,0.03379378224926989
66.072,0.02391203927658231
66.076,0.015983676543094873
66.08,0.02699160028983815
66.084,0.03996034127698383
66.088,0.013087306494892995
66.092,0.02499916861104656
66.096,0.013092350794207952
66.1,0.024072170360694096
66.104,0.03434268128848769
66.108,0.02665598780562034
66.112,0.004390737973693666
66.116,0.018462592420571872
66.12,0.027022627012231105
66.124,0.03871982064423302
66.128,0.0286997319649278
66.132,0.0356330550606809
66.136,0.021317592178713894
66.14,0.008314805479344684
66.144,0.030922416327529925
66.148,0.044666200550084106
66.152,0.003806703117345968
66.156,0.016897596139077094
66.16,0.01654426503455353
66.164,0.03561596519464625
66.168,0.01413316777005105
66.172,0.02796847074794554
66.176,0.013185820402736262
66.18,0.031660683926503036
66.184,0.02751145265033696
66.188,0.03529578140778797
66.192,0.012522112744162551
66.196,0.010600198095291946
66.2,0.022649094120482556
66.204,0.03095444443080484
66.208,0.03394215696987708
66.212,0.015386577750090722
66.216,0.01971942984295136
66.22,0.02117973907764066
66.224,0.03278544304546484
66.228,0.01992593802806612
66.232,0.03302821449582505
66.236,0.018468792714105505
66.24,0.03213657512363669
66.244,0.04309195213649893
66.248,0.03651924107468883
66.252,0.022164224609342018
66.256,0.023453402054850123
66.26,0.029241709883577924
66.264,0.042208037124922125
66.268,0.04734754340503982
66.272,0.014359880061318943
66.276,0.01980946063051285
66.28,0.017999543760440266
66.284,0.024066773471852092
66.288,0.038689487536222686
66.292,0.022642891016384746
66.296,0.01076214147747381
66.3,0.032097502361225744
66.304,0.03069168903229934
66.308,0.02895466567918054
66.312,0.03027133372272233
66.316,0.015071417496134214
66.32,0.04408577125373152
66.324,0.049115337253791
66.328,0.0437562501319214
66.332,0.011020794711809077
66.336,0.014956402390602764
66.34,0.02462431457741836
66.344,0.03137316130687294
66.348,0.019686809153118375
66.352,0.01933166603638946
66.356,0.007412439206965734
66.36,0.030345757788602375
66.364,0.03813410075993157
66.368,0.028964131908293087
66.372,0.025662742464302685
66.376,0.013471539518678773
66.38,0.027686102461864846
66.384,0.019981484829576072
66.388,0.024635341668109254
66.392,0.01244530416094467
66.396,0.007091718502691897
66.4,0.03404302389684904
66.404,0.03596482473840435
66.408,0.022987439292544105
66.412,0.02108629246184787
66.416,0.03168207966254957
66.42,0.033575668317606014
66.424,0.040820968809381096
66.428,0.03457488573276653
66.432,0.019000313946717876
66.436,0.009781381923427104
66.44,0.020980378510365997
66.444,0.034357050908253244
66.448,0.03364496315931824
66.452,0.01697309043610291
66.456,0.01320941125862128
66.46,0.03491243489932251
66.464,0.029492534388893172
66.468,0.03858308525581041
66.472,0.034072225194626674
66.476,0.02673935416677755
66.48,0.0260769637905234
66.484,0.033275281795462526
66.488,0.032899396035635076
66.492,0.012835870505808443
66.496,0.018748459023648766
66.5,0.028639363119184864
66.504,0.03501170007964889
66.508,0.0410866715959676
66.512,0.026203744035426704
66.516,0.01564066984999637
66.52,0.021153000056467315
66.524,0.03375485506696432
66.528,0.02348841325401365
66.532,0.023878651531632496
66.536,0.028495701619798662
66.54,0.018466925349239244
66.544,0.030059776551720364
66.548,0.03096330275263044
66.552,0.02261487551754962
66.556,0.01100306036277486
66.56,0.04192388154934269
66.564,0.03770323518575244
66.568,0.022099715452238287
66.572,0.01838361217867491
66.576,0.0126267201743615
66.58,0.037728724572438664
66.584,0.027965811784897425
66.588,0.05123022465050628
66.592,0.018375811167003295
66.596,0.02234497554509065
66.6,0.026412795425432692
66.604,0.03149226238209771
66.608,0.029765591032959608
66.612,0.028908704282920337
66.616,-0.00840794542538514
66.62,0.030813714842538142
66.624,0.03298718084099417
66.628,0.015658791911853442
66.632,0.01695684405004642
66.636,0.010157988842301709
66.64,0.02084211515430019
66.644,0.041616403833683105
66.648,0.03112043148952413
66.652,0.014519655018223259
66.656,0.012482280273263185
66.66,0.024770194725581746
66.664,0.04730375634332969
66.668,0.03221905741078072
66.672,0.013134228549496238
66.676,0.021737473130482184
66.68,0.028169201976130168
66.684,0.043959977627117716
66.688,0.036090373720724954
66.692,0.021814834404529658
66.696,0.03317789184848976
66.7,0.011509845310093332
66.704,0.03744511189977738
66.708,0.030822828421671347
66.712,0.020423174511715613
66.716,0.019648491530796605
66.72,0.018214009243337024
66.724,0.04030466105326713
66.728,0.025246444832808836
66.732,0.01906822057249236
66.736,0.010157927829509247
66.74,0.01949759578354776
66.744,0.03329359541814265
66.748,0.041043830816190445
66.752,0.03403924537376275
66.756,0.016166629131540704
66.76,0.020486618519795618
66.764,0.03126225579298488
66.768,0.024215033249587466
66.772,0.03451056229483546
66.776,0.020935572053536265
66.78,0.015932954259263478
66.784,0.04699857831317185
66.788,0.029252996250871716
66.792,0.017131058343868872
66.796,0.029713410322064867
66.8,0.02594589147491279
66.804,0.04407548285641967
66.808,0.035783032482271514
66.812,0.027164626921597268
66.816,0.01276381668609788
66.82,0.02295946856152844
66.824,0.02543260825513197
66.828,0.0334453882057191
66.832,0.006540276855885497
66.836,0.01955325023079967
66.84,0.02952269079282021
66.844,0.046683788172899664
66.848,0.025644168689340146
66.852,0.026263704901678567
66.856,0.020676510198224543
66.86,0.03540971386405008
66.864,0.03142853061912872
66.868,0.03404077382653623
66.872,0.008083901877932035
66.876,0.014702568067601512
66.88,0.01502849233723704
66.884,0.030780212870658172
66.888,0.022205106839708104
66.892,0.013990444751933392
66.896,0.02051049989577443
66.9,0.039884907973119284
66.904,0.027945531310494532
66.908,0.01755329806765968
66.912,0.01191504348989398
66.916,0.022993252850843592
66.92,0.021857971019608822
66.924,0.0296335453011807
66.928,0.02576599318642131
66.932,0.02194525349623448
66.936,0.008742670658494413
66.94,0.028247136083580954
66.944,0.038423055186099515
66.948,0.021908168015885465
66.952,0.016358387546821312
66.956,0.012384461903912992
66.96,0.026706590153711466
66.964,0.0374010663151165
66.968,0.024903019006134855
66.972,0.01398239344311191
66.976,0.011067337777524583
66.98,0.019717079301052726
66.984,0.037049995441753275
66.988,0.040110036294557304
66.992,0.013242592734536447
66.996,0.023837750863284088
67.0,0.02961182301549138
67.004,0.0466482403290656
67.008,0.02131912102417989
67.012,0.015834019516341273
67.016,0.013185256971207536
67.02,0.026232521465313484
67.024,0.04895010927219873
67.028,0.01618842642167194
67.032,0.013113621888100165
67.036,0.029499319348824646
67.04,0.03045936892769273
67.044,0.0280781645103418
67.048,0.038668689730267304
67.052,0.018286941408727973
67.056,0.025984282566054055
67.06,0.023579771543246104
67.064,0.028349181518256425
67.068,0.03162956964816523
67.072,0.01954068816099795
67.076,0.0032577483002200515
67.08,0.02681125916754072
67.084,0.02846080886955103
67.088,0.01773392432143899
67.092,0.027852399285714854
67.096,0.015392067312831515
67.1,0.024876681353381353
67.104,0.04444046394754603
67.108,0.03656139759352737
67.112,0.017379301375444654
67.116,0.016642866879494345
67.12,0.02962492898558894
67.124,0.036023222213348534
67.128,0.02148807179104604
67.132,0.011901396156917272
67.136,0.02494055887366621
67.14,0.028141306690244262
67.144,0.0347531084131724
67.148,0.026654032563230946
67.152,0.016589822075884386
67.156,0.014379285042374925
67.16,0.02607529330783645
67.164,0.034431584337227684
67.168,0.021564714665267472
67.172,0.019658971629116548
67.176,0.013433300794525427
67.18,0.024749544284224587
67.184,0.034754752784369944
67.188,0.02798434235374452
67.192,0.015971557551765853
67.196,0.017634804109641546
67.2,0.023638016133886545
67.204,0.041288698511285325
67.208,0.03226817040688948
67.212,0.03631646965451639
67.216,0.030263327903674097
67.22,0.03448129334728451
67.224,0.0431132375410192
67.228,0.031810933537702146
67.232,0.01731577136864889
67.236,0.01896067619478126
67.24,0.033849888441344955
67.244,0.025191915661537723
67.248,0.033791200944732605
67.252,0.010012498455964566
67.256,-0.0018856903393811505
67.26,0.02537632576366096
67.264,0.035587637444533846
67.268,0.02676187869462212
67.272,0.04424804615028125
67.276,0.014656220905760372
67.28,0.00044069238018171544
67.284,0.024459613146930327
67.288,0.027751089949770696
67.292,0.008333051904666678
67.296,0.01931492548727773
67.3,0.03375688967966541
67.304,0.02483244441630862
67.308,0.023465029573820982
67.312,0.006943094544985141
67.316,0.024907991102483314
67.32,0.022484840272092653
67.324,0.03811110142454939
67.328,0.031109865363675604
67.332,0.015266166545151706
67.336,0.017079271983674708
67.34,0.025464071445537785
67.344,0.029213823575184872
67.348,0.03457314791959343
67.352,0.011427310699759758
67.356,0.004822664933407194
67.36,0.014935318729702858
67.364,0.03010423857462413
67.368,0.037585423333064215
67.372,0.030212007789018287
67.376,0.009464057197352625
67.38,0.021194898646400194
67.384,0.045002344925014745
67.388,0.016553187746703314
67.392,0.016444484420107323
67.396,0.026476849026954213
67.4,0.017255633086852525
67.404,0.04490259492190821
67.408,0.022683508843188538
67.412,0.024977556908877735
67.416,0.010035993427124097
67.42,0.016880850509652726
67.424,0.03427177920457616
67.428,0.03478990454004191
67.432,0.02368424476091651
67.436,0.0025559183495619912
67.44,0.015042116623639776
67.444,0.027685841774650357
67.448,0.024103206650237248
67.452,0.01682593741499839
67.456,0.013895072146161671
67.46,0.021957995310569817
67.464,0.035743137931302967
67.468,0.01386585443969171
67.472,0.00695597822107521
67.476,0.010878428732641289
67.48,0.015911413133951995
67.484,0.026544188744943093
67.488,0.034378365359132974
67.492,0.025642051644185572
67.496,0.015385396240641206
67.5,0.014314565182584962
67.504,0.031225294044093004
67.508,0.027579877442155475
67.512,0.007362590125609492
67.516,0.014967873673919767
67.52,0.02452821412514264
67.524,0.03314788443869051
67.528,0.0280617693890846
67.532,0.041860978382378164
67.536,0.020561438871040782
67.54,0.018564203001581785
67.544,0.04516292444413425
67.548,0.040029716533324364
67.552,0.020975644599897546
67.556,0.0053866662746625965
67.56,0.01631701057476031
67.564,0.029218211827685005
67.568,0.029402167773215887
67.572,0.014844524607975498
67.576,0.022351997089262773
67.58,0.029701044519765657
67.584,0.03358163397332261
67.588,0.023283654319086723
67.592,0.016735880394184405
67.596,0.02477322068740571
67.6,0.026763025735879027
67.604,0.03135881936017109
67.608,0.03437337596037751
67.612,0.019090538636212902
67.616,0.017515447122988033
67.62,0.023962336850015642
67.624,0.034305037512028104
67.628,0.029998224923388717
67.632,0.023201214398512318
67.636,0.020567098723468045
67.64,0.015448645227292009
67.644,0.04620281182379774
67.648,0.022002267216310552
67.652,0.020043723909690326
67.656,0.01988486299708917
67.66,0.017510007014180533
67.664,0.03199582068382551
67.668,0.04030000007961065
67.672,0.021289155600200907
67.676,0.005619260454722528
67.68,0.02220156101181839
67.684,0.02770665849280975
67.688,0.028676417889823447
67.692,0.0020964662447016183
67.696,0.01458849242077941
67.7,0.023724738325972175
67.704,0.04386550135455196
67.708,0.038417218804915026
67.712,0.019133102230876366
67.716,0.010365861057087585
67.72,0.026278416062650405
67.724,0.03485950743524563
67.728,0.030095637942096302
67.732,0.019091331998905038
67.736,0.023807497701854904
67.74,0.018695878292606705
67.744,0.03496013151801374
67.748,0.02527531186597425
67.752,0.01409187876504571
67.756,0.0076571189433496875
67.76,0.02433516530007989
67.764,0.036481726845506025
67.768,0.045311459040573286
67.772,0.013069318790579112
67.776,0.0178568187050522
67.78,0.018268332379512843
67.784,0.03247291442174881
67.788,0.023726919076201287
67.792,0.02286354699454148
67.796,0.029635223519083882
67.8,0.03656668305692173
67.804,0.030696165286252096
67.808,0.03287632761744777
67.812,0.011936508539546555
67.816,0.014471107396450956
67.82,0.023046859179600736
67.824,0.027348855144078827
67.828,0.037149216452033645
67.832,0.004732658416608445
67.836,0.015591774694051434
67.84,0.024934777458162305
67.844,0.03182801861090404
67.848,0.03358002753538488
67.852,0.012752817136821637
67.856,0.021313517106929743
67.86,0.029222781952224643
67.864,0.03260621339562634
67.868,0.022566677739808617
67.872,0.0005820166974913644
67.876,0.00770198346671764
67.88,0.03277881591427234
67.884,0.044808207415493774
67.888,0.022119374352784493
67.892,0.015531709749790297
67.896,0.02160891757718265
67.9,0.016084368901485967
67.904,0.046426279223904875
67.908,0.027064969227619706
67.912,0.014569144237179383
67.916,0.020125556299234036
67.92,0.020301635785402655
67.924,0.04326665063622215
67.928,0.029900892627666348
67.932,0.012907932365777728
67.936,0.016669881512690766
67.94,0.03668840204301198
67.944,0.026132298029722688
67.948,0.022960591574487182
67.952,0.024899089508958108
67.956,0.01290440617757373
67.96,0.02205681245605284
67.964,0.02583923388988877
67.968,0.031468853547955145
67.972,0.021653881179747224
67.976,0.014802525885727849
67.98,0.02561345622981096
67.984,0.046165452382452316
67.988,0.020528255108357964
67.992,0.002040797691977651
67.996,0.008844642681322422
68.0,0.01066731458248311
68.004,0.04470313257336814
68.008,0.03415937946446347
68.012,0.019851262118842083
68.016,0.010787396684955479
68.02,0.02649914577670343
68.024,0.036996020874927114
68.028,0.027787411857969554
68.032,0.0206380712706952
68.036,0.014653422399772284
68.04,0.02488058390246421
68.044,0.035175714549290256
68.048,0.022538093811753084
68.052,0.022286019384016326
68.056,0.017285414716157854
68.06,0.023117657504683344
68.064,0.03446703039109219
68.068,0.03259479982941094
68.072,0.016638721859198086
68.076,0.0026709928715321195
68.08,0.024393277559257298
68.084,0.028534590602707813
68.088,0.041715136516814987
68.092,0.010630710060213511
68.096,0.017719238317577615
68.1,0.02839764764768675
68.104,0.017124062653585154
68.108,0.026913166068998913
68.112,-0.0014091012089441114
68.116,0.015554519590512472
68.12,0.016014216939971432
68.124,0.01857001592325894
68.128,0.024283028114619864
68.132,0.029199359685327747
68.136,0.0013056931730019861
68.14,0.012424775647515268
68.144,0.04019392602746731
68.148,0.028968396432185566
68.152,0.0042436178847125566
68.156,0.015486574895519566
68.16,0.021123550487422448
68.164,0.02434357181118304
68.168,0.055269296398428036
68.172,0.03508548273734697
68.176,0.004146252987580326
68.18,0.021359838369439586
68.184,0.03925921278890547
68.188,0.029263501848541835
68.192,0.02402623833669556
68.196,0.0032210057779107192
68.2,0.038592287274113984
68.204,0.04262684901269189
68.208,0.037629434785355964
68.212,0.023186786027585525
68.216,1.4571753617650604e-05
68.22,0.02199333750086284
68.224,0.019243126377041238
68.228,0.0282719044828899
68.232,0.012846799359668858
68.236,0.012483495831582283
68.24,0.021470315069551948
68.244,0.025554472671786906
68.248,0.040485001989690045
68.252,0.02032577976209441
68.256,0.01752116699485414
68.26,0.027814948260076848
68.264,0.03102558868512668
68.268,0.031193878265378304
68.272,0.019085045292850964
68.276,0.021659086403854288
68.28,0.023859393462777177
68.284,0.0222567146907115
68.288,0.04589888810545453
68.292,0.02683211972095525
68.296,0.023823186403837578
68.3,0.030322398102916634
68.304,0.02191739247125933
68.308,0.03228924126543075
68.312,0.010967671630667341
68.316,0.00475219111515217
68.32,0.01979114423411568
68.324,0.0272009138031084
68.328,0.034302563942025834
68.332,0.014352218713214933
68.336,0.018112865382194667
68.34,0.015165485282484025
68.344,0.04067447460842129
68.348,0.03731968459712215
68.352,0.01721031387093715
68.356,0.02218771017613108
68.36,0.019815776197448887
68.364,0.010435071906585255
68.368,0.04090236071334459
68.372,0.024972301502587443
68.376,0.01820225980137703
68.38,0.02479130575164952
68.384,0.02585458343144545
68.388,0.03923523027498755
68.392,0.013869044440120952
68.396,0.01163430760171864
68.4,0.0033126032392278675
68.404,0.042113915051958266
68.408,0.03540409652123079
68.412,0.0150322631273272
68.416,0.014895368117351582
68.42,0.027980777264097777
68.424,0.0314997152062595
68.428,0.027604285361457915
68.432,0.022045690022522355
68.436,0.0211314996908511
68.44,0.01944134893076373
68.444,0.04401023497834222
68.448,0.03911930003711286
68.452,0.008111860351495923
68.456,0.010652410088383591
68.46,0.023919634366310817
68.464,0.029338045873433447
68.468,0.023694110706868846
68.472,0.00628877097072298
68.476,0.018224615936326488
68.48,0.005322204813499851
68.484,0.032314924444906225
68.488,0.014010326786739942
68.492,-0.003735279501637226
68.496,0.022762281388927805
68.5,0.017517657672895506
68.504,0.0222813532962969
68.508,0.029735608108607946
68.512,-0.0032704752323786494
68.516,0.006995581584497862
68.52,0.027089748181491367
68.524,0.03649346577798679
68.528,0.029391723454921255
68.532,0.03213471539893639
68.536,0.00898404378611134
68.54,0.030305717155411603
68.544,0.031684200381481065
68.548,0.01880223170435742
68.552,0.015366157763521595
68.556,-0.00046766834460667053
68.56,0.020698720388375554
68.564,0.02963881573289341
68.568,0.026650940621049533
68.572,0.023498367176052137
68.576,0.017137670966912023
68.58,0.025682243038235967
68.584,0.03343518952791147
68.588,0.03562689473197499
68.592,0.014583626274377207
68.596,0.010318967039422476
68.6,0.015138317548478407
68.604,0.030283801358921416
68.608,0.02347196509952472
68.612,0.014378888279408211
68.616,0.003860758048858687
68.62,0.027811007915668328
68.624,0.0503394641898197
68.628,0.03181846247616332
68.632,0.01568926412502589
68.636,0.018780907219407852
68.64,0.01774124244502855
68.644,0.03876425841643898
68.648,0.01658512610116833
68.652,0.015532339388600764
68.656,-0.0023631192883788957
68.66,0.02560731596202659
68.664,0.05256631236948289
68.668,0.03262408371253966
68.672,0.015503582930824036
68.676,0.002258342381591368
68.68,0.032733056393631124
68.684,0.027333390840015227
68.688,0.02672457510111015
68.692,0.008210855162417312
68.696,0.000589385849395975
68.7,0.01569177694561727
68.704,0.04090106621185971
68.708,0.0309389946352875
68.712,0.012960737147870705
68.716,0.01564345643663491
68.72,0.027137754058936897
68.724,0.03979061622561918
68.728,0.03471373092148067
68.732,0.012850376976461565
68.736,0.014587947881665597
68.74,0.023855405185171204
68.744,0.027395341613081093
68.748,0.015652903900798973
68.752,0.01615471077494756
68.756,0.02535222371675317
68.76,0.030949457165371633
68.764,0.03310073835739599
68.768,0.039308534137108206
68.772,0.013693793176469233
68.776,0.01604061490473954
68.78,0.013747970348906517
68.784,0.03877642253657089
68.788,0.03649836325653838
68.792,0.021352166584001728
68.796,0.010903141949509162
68.8,0.008266533365418953
68.804,0.05062951304474024
68.808,0.027727974038618666
68.812,0.024787171746393964
68.816,0.02205646226987456
68.82,0.021177558404532913
68.824,0.031639255601359134
68.828,0.030772066401703487
68.832,0.020812151526115284
68.836,0.004022173021070194
68.84,0.015340302586096848
68.844,0.03613341161909536
68.848,0.021872134136710568
68.852,0.011003865470989135
68.856,0.00296231846498597
68.86,0.009097011171552207
68.864,0.03738212975697535
68.868,0.022797224579850558
68.872,0.017171130176644404
68.876,0.008664473189651673
68.88,0.02539265346931559
68.884,0.01748261792889897
68.888,0.025649337269788536
68.892,0.004642770448532545
68.896,-0.0008521650082919073
68.9,0.03055091011123453
68.904,0.031265864269681885
68.908,0.019391090336942043
68.912,0.013256888437998092
68.916,0.020978620331873695
68.92,0.012493743509918859
68.924,0.028752609499984233
68.928,0.033653627714270995
68.932,0.028293678049585637
68.936,0.020256467839027237
68.94,0.018421777866985407
68.944,0.03170846304460067
68.948,0.01725983829235277
68.952,0.001576583789529521
68.956,0.013377693402893201
68.96,0.017996646912073408
68.964,0.03875386943976059
68.968,0.02849630773247315
68.972,0.01186783073429407
68.976,0.006846080916472159
68.98,0.015376045596117834
68.984,0.02860059116460412
68.988,0.03648263084148471
68.992,0.0027326094961049353
68.996,0.0183154672034341
69.0,0.01636223765133766
69.004,0.02044741600715338
69.008,0.031034552967521622
69.012,0.014956703906631758
69.016,0.005894049481894286
69.02,0.012423405974093455
69.024,0.010663001997513601
69.028,0.03511248885482486
69.032,0.012615324061274753
69.036,0.0059010038414825505
69.04,0.010772734796810799
69.044,0.057359344325613
69.048,0.03895049801468699
69.052,0.021265715627253184
69.056,0.019096357639282108
69.06,0.028763344284503372
69.064,0.024979977696526726
69.068,0.01807229983630467
69.072,0.006742432172641542
69.076,0.004372506221236502
69.08,0.020978968033240168
69.084,0.03374713474766157
69.088,0.03892865985063064
69.092,0.024827986874477972
69.096,-0.0047283994065703185
69.1,0.01957464313272098
69.104,0.03567994414091143
69.108,0.03925846582008288
69.112,0.025007989777001558
69.116,0.01816212854424084
69.12,0.015969695567666406
69.124,0.02280011303384103
69.128,0.02698538386908092
69.132,0.02702108031061548
69.136,0.004270782360474463
69.14,0.027822924503233086
69.144,0.031909641772821316
69.148,0.036086206481693105
69.152,0.011657354185082873
69.156,0.00801258859394429
69.16,0.015952435122663738
69.164,0.03459167060443026
69.168,0.03822904854030556
69.172,0.009456911003955088
69.176,0.008775359642692552
69.18,0.026647668632969204
69.184,0.027707724510360732
69.188,0.017669591845488435
69.192,0.019122450199112406
69.196,0.024694232450822848
69.2,0.024704974821339
69.204,0.0278300964277889
69.208,0.037334248957108136
69.212,0.012387310488440776
69.216,0.007371439752587295
69.22,0.01641446787517653
69.224,0.027908419445753216
69.228,0.018846545965938558
69.232,0.02558208938353323
69.236,0.029332548063650266
69.24,0.010617618494871946
69.244,0.0285787779644797
69.248,0.027493185435068557
69.252,0.01763958838882496
69.256,0.014053796055210063
69.26,0.009361715777775783
69.264,0.027052488833599418
69.268,0.020424798041326395
69.272,0.019455289730121197
69.276,0.00708435929026075
69.28,0.020526043095641596
69.284,0.046043385871522284
69.288,0.02726586268509948
69.292,0.012665761092040036
69.296,0.003854542705174306
69.3,0.022603242403079513
69.304,0.03243478683802885
69.308,0.02815166674558034
69.312,0.010126538766165004
69.316,0.007198807681557307
69.32,0.02162585828401378
69.324,0.042583090787472064
69.328,0.043378811791924654
69.332,0.006080093488021272
69.336,0.001770863581974879
69.34,0.016152693420615188
69.344,0.03949302384765842
69.348,0.0409187831562532
69.352,0.01823304979667926
69.356,-0.0002944996335144407
69.36,0.014695987615635016
69.364,0.0052181944929586555
69.368,0.02209070307998505
69.372,0.003191507880820406
69.376,0.02503677427374614
69.38,0.027697235330525722
69.384,0.030515582533375323
69.388,0.029829207603428436
69.392,0.009937267698585968
69.396,0.014314681504410738
69.4,0.015470616917780393
69.404,0.016507360163470465
69.408,0.024080412054029287
69.412,0.012550974709592346
69.416,0.012497488402101017
69.42,0.013671411496263117
69.424,0.02854245114386426
69.428,0.032994321302614475
69.432,0.007928301005066921
69.436,0.017870282893216398
69.44,0.013739905499164293
69.444,0.02746226508581185
69.448,0.040030392752067066
69.452,0.015739412503577067
69.456,0.00518516531683531
69.46,0.015247408863190006
69.464,0.039973509858150576
69.468,0.01992649255806015
69.472,0.020798718348420245
69.476,0.011042308858498011
69.48,0.017002593624452937
69.484,0.02408067287042802
69.488,0.030902088523100463
69.492,0.012659237584522002
69.496,0.015000971476214358
69.5,0.015275081746135219
69.504,0.027949818170099863
69.508,0.03122892723234788
69.512,0.017664074058010973
69.516,0.008568494520786748
69.52,0.02173326501508188
69.524,0.03188876414218931
69.528,0.0204590500425348
69.532,0.01634596230219224
69.536,0.014049748160115408
69.54,0.008665256702084836
69.544,0.03383163510626797
69.548,0.02969562617537891
69.552,0.018964046184452625
69.556,0.025418277567392074
69.56,0.02029161560220782
69.564,0.036431282363293266
69.568,0.015861428360133288
69.572,0.030748191753396895
69.576,0.0052176578656694846
69.58,0.01004454681261404
69.584,0.04139357105730991
69.588,0.020473243546244774
69.592,0.0053344840630337705
69.596,0.013852852175066488
69.6,0.01366852865804315
69.604,0.03416968509984792
69.608,0.025025476509696738
69.612,0.01666311598907844
69.616,0.010186519868446634
69.62,0.03081662031697241
69.624,0.03568689065962452
69.628,0.03065531108547455
69.632,0.003180798223704581
69.636,0.016433875614816858
69.64,0.015465515593701486
69.644,0.030275290853624022
69.648,0.016958532898373246
69.652,0.01280379127714414
69.656,0.009045180704022174
69.66,0.02343786189174576
69.664,0.024248803530950692
69.668,0.02164731101592643
69.672,0.010402854235376997
69.676,0.01163008586428732
69.68,0.016114350541506037
69.684,0.017180727416054652
69.688,0.032714157640541384
69.692,0.007907077232681855
69.696,0.007142556909095853
69.7,0.027674756667211045
69.704,0.024993128450150212
69.708,0.034050843231627964
69.712,0.008062614838298964
69.716,0.024286435653530124
69.72,0.01512808838296132
69.724,0.03138179024260298
69.728,0.027705291453380528
69.732,0.015617284803233863
69.736,0.02517882401223536
69.74,0.010725654562971879
69.744,0.026762294607331198
69.748,0.02288802060303216
69.752,0.009234447147952653
69.756,0.01644769909646692
69.76,-0.001759723400121111
69.764,0.02723969265434068
69.768,0.013686478910636212
69.772,0.0305613269210753
69.776,0.004324448993972734
69.78,0.0062962930359483655
69.784,0.03834737389005696
69.788,0.024226728168251107
69.792,0.019221127862599458
69.796,0.010488685688117257
69.8,0.014107893433680223
69.804,0.027528420428985553
69.808,0.017716547052699656
69.812,0.012751272108806182
69.816,0.002414109838821
69.82,0.023936371870807636
69.824,0.026522927651379372
69.828,0.024118217041997823
69.832,0.008755492790320863
69.836,0.018168774341228038
69.84,0.019019148058956943
69.844,0.008315650851614457
69.848,0.005625840366392396
69.852,0.019655769262298634
69.856,0.009694422283859125
69.86,0.019130549047130286
69.864,0.023065083188979766
69.868,0.021308022538052918
69.872,0.018293542333066404
69.876,-0.005877265546065966
69.88,0.015333556097521713
69.884,0.026110422721950046
69.888,0.026737099830932573
69.892,0.01193025566187206
69.896,0.009916185539257653
69.9,0.00891188575480338
69.904,0.024523489008040078
69.908,0.012433708355870862
69.912,0.02335209265824302
69.916,0.009469504518906185
69.92,0.010636610498909235
69.924,0.022598333449606524
69.928,0.01583526080675711
69.932,0.015952879059163882
69.936,0.018138360864076074
69.94,0.010074756874766728
69.944,0.025757839124943806
69.948,0.026105693260477958
69.952,0.022055293545267383
69.956,0.007174357149025661
69.96,0.029014292520791025
69.964,0.04039545507665404
69.968,0.03132338815156182
69.972,0.03395548890095503
69.976,0.011683359194250608
69.98,0.006425929919156028
69.984,0.028244002222550323
69.988,0.03598120249321275
69.992,0.0006344846513691594
69.996,0.02943801127724304
70.0,0.0074444066868229256
70.004,0.028392317611267093
70.008,0.018243747170588614
70.012,0.012570610783117261
70.016,0.004831785704684901
70.02,0.001522491686863428
70.024,0.02634186887231072
70.028,0.02055753516908531
70.032,0.0008496124955612461
70.036,0.0075379059511419206
70.04,0.025665340391577814
70.044,0.02236968847413729
70.048,0.020125415452506276
70.052,0.016422589295732766
70.056,-0.008326142896687006
70.06,0.02828392487522976
70.064,0.02243772044752953
70.068,0.03823205000395014
70.072,0.011285425980871917
70.076,0.010115200315758485
70.08,0.008908145855388072
70.084,0.02522921757634148
70.088,0.017315919060039632
70.092,0.002561534720526242
70.096,-0.0009752923844953514
70.1,0.015275250261584215
70.104,0.01670997504538385
70.108,0.01568004452899765
70.112,0.01573561915238295
70.116,0.0027547005920137684
70.12,0.0223497922653911
70.124,0.02836700328663373
70.128,0.041973506742032665
70.132,0.0028517248931570326
70.136,0.00409835688015278
70.14,0.04272096561335273
70.144,0.03845592839490586
70.148,0.027547464929737517
70.152,0.021285347177805447
70.156,-0.011111188963474657
70.16,0.032392296895775524
70.164,0.01809796679507618
70.168,0.021998665712690397
70.172,0.024449033133858065
70.176,0.009563990060661736
70.18,0.015560864768196885
70.184,0.008218435194709637
70.188,0.018763692930317946
70.192,0.005463484092645363
70.196,-0.0009918090440500845
70.2,0.017270495055269723
70.204,0.03346894154978657
70.208,0.011638838563098306
70.212,0.007186627711343773
70.216,0.011985329907718906
70.22,0.014037202885801103
70.224,0.020944696259203654
70.228,0.019127795416908115
70.232,0.016854305196653534
70.236,-0.005562923779822744
70.24,0.03156021708094886
70.244,0.02446284901745846
70.248,0.016988997942742005
70.252,0.014398251357480879
70.256,0.003804152843389533
70.26,0.025459397935807492
70.264,0.03698843198149608
70.268,0.02225678091420863
70.272,0.01758426254862747
70.276,0.010438273802089525
70.28,0.019137893901763427
70.284,0.03602202442814792
70.288,0.023570379417406764
70.292,0.011466107479623434
70.296,0.005217463335412084
70.3,0.026386575133165998
70.304,0.024813785345586002
70.308,0.02403139241253633
70.312,0.01676711167127809
70.316,0.015105419989075828
70.32,0.01910395115544044
70.324,0.03008361589531426
70.328,0.026253258325483517
70.332,0.00722784588481112
70.336,0.013333936747596722
70.34,0.008486459056826089
70.344,0.014197507183439402
70.348,0.02497898831944656
70.352,-9.217055401615666e-05
70.356,-0.00617604469613498
70.36,0.0081894135021751
70.364,0.026798555387733767
70.368,0.03256937112728772
70.372,0.010267635901729787
70.376,0.009191867308098876
70.38,0.023845248853182368
70.384,0.020931416040678358
70.388,0.029546210219261564
70.392,0.011188392712011963
70.396,0.02107817500455908
70.4,0.019373072045201285
70.404,0.013013954900161592
70.408,0.016281169191653216
70.412,0.016812435760065723
70.416,0.007548956565285241
70.42,0.014155698142045241
70.424,0.016569968899583027
70.428,0.034632638843427044
70.432,0.000656846872611359
70.436,-0.010899447107282773
70.44,0.02301454433666652
70.444,0.042838437580799346
70.448,0.022470594652957795
70.452,0.011368576423008944
70.456,0.0031406826372516587
70.46,0.019143689760133847
70.464,0.03091285685744574
70.468,0.02039814571598849
70.472,0.013845759487497142
70.476,0.01370571047066721
70.48,0.02004111013428174
70.484,0.027515196308085584
70.488,0.029109700621689716
70.492,0.00042357271491364444
70.496,0.003438650164981507
70.5,0.0545318187361425
70.504,0.0667154018085623
70.508,0.0778168799176633
70.512,0.05522533486612919
70.516,0.040298610683312995
70.52,0.05286521866124262
70.524,0.07116849266713288
70.528,0.05649553595813509
70.532,0.06714922005621239
70.536,0.04747561461234881
70.54,0.0532554540157184
70.544,0.042822579635383246
70.548,0.05838648334111231
70.552,0.04990270944203175
70.556,0.033536659309798135
70.56,0.047232681877291835
70.564,0.07396026282843107
70.568,0.06259130391245687
70.572,0.03728142504273022
70.576,0.035191760516725686
70.58,0.06103207662395852
70.584,0.06458469663298072
70.588,0.053171571198545355
70.592,0.052027089244703374
70.596,0.050767700278323766
70.6,0.017897878755665154
70.604,0.02522574816336807
70.608,0.016682826717417512
70.612,0.026581075697576274
70.616,0.008210371956522017
70.62,0.016514094091825363
70.624,0.005782588237445124
70.628,0.037580705488395316
70.632,0.005796257827277915
70.636,0.016600891374732238
70.64,0.01962574988462081
70.644,0.0168426514573893
70.648,0.022995964683740464
70.652,-0.00820456775255314
70.656,0.011793958715945439
70.66,0.026522140939966514
70.664,0.02690878959192969
70.668,0.027684750540909277
70.672,0.008566141869715526
70.676,0.01537856150223377
70.68,0.019257827505358115
70.684,0.014871213199734846
70.688,0.033040227522642816
70.692,0.003977084726383616
70.696,0.01223053628768885
70.7,0.009644657523059305
70.704,0.01888253906208151
70.708,0.020593938294353083
70.712,0.003150670798584973
70.716,0.017967438238558286
70.72,0.012274706480708037
70.724,0.026907233374358
70.728,0.017830594334013877
70.732,0.013021088886960632
70.736,0.007976533376753915
70.74,0.020617132003448654
70.744,0.023973881524297122
70.748,0.012261168335391813
70.752,0.015380207212793895
70.756,0.008974118800830412
70.76,0.013062624495450603
70.764,0.01572734843003628
70.768,0.03036469425143458
70.772,0.0010470862162964886
70.776,0.007051616558358794
70.78,0.019171259627883158
70.784,0.024146316345822108
70.788,0.026140931312980266
70.792,0.011291250438495083
70.796,0.009214649621020355
70.8,0.02409908701674914
70.804,0.024952083364108327
70.808,0.021879921735891462
70.812,0.0047358176381486275
70.816,-0.0005531836515630471
70.82,0.036734893470203096
70.824,0.023312429371112144
70.828,0.01956833438088544
70.832,0.017080906382000542
70.836,0.004646297353420725
70.84,0.0033673047525115633
70.844,0.025715088773660168
70.848,0.027365786846134
70.852,0.011287002671505255
70.856,0.0026154588289572264
70.86,0.015926586243530345
70.864,0.034262120698871884
70.868,0.03488236471696437
70.872,-0.0013347314954665086
70.876,0.023360051472896236
70.88,-0.002780972743450672
70.884,0.011328812926274728
70.888,0.017166852466686523
70.892,0.008209451522316868
70.896,0.004647263938543068
70.9,0.0046938672447254404
70.904,0.03010443525748062
70.908,0.017538888830133114
70.912,0.018772993718449163
70.916,0.0025629433984582124
70.92,0.008253371116065958
70.924,0.021175834670149607
70.928,0.038614753524164734
70.932,0.005745083720002422
70.936,0.005936530896418625
70.94,0.02230566079760591
70.944,0.01080686208797896
70.948,0.015040285043777541
70.952,0.0009062911377858487
70.956,-0.011549815886249978
70.96,0.010926525345727595
70.964,0.025196975726125972
70.968,0.019429775920221444
70.972,0.014357426767159138
70.976,0.00316744960356878
70.98,0.02352949898294151
70.984,0.016054041454775545
70.988,0.02249494131454535
70.992,0.0004637217953325518
70.996,0.006735844052247714
71.0,0.013170859918145308
71.004,0.020563365412395226
71.008,0.012186713970357508
71.012,0.009284105432863215
71.016,0.0028980713178371497
71.02,0.00736818247589421
71.024,0.034271076638520984
71.028,0.014245193251240268
71.032,0.01296731287247769
71.036,0.021720029782450502
71.04,0.018748406966402835
71.044,0.02120426571824065
71.048,0.007868954121835234
71.052,0.025977704944836828
71.056,0.014174067085877422
71.06,0.008096041469287597
71.064,0.02718382275656099
71.068,0.024668024286193586
71.072,0.011489463463990915
71.076,0.003581901780757955
71.08,0.010697685123962688
71.084,0.022436649934109886
71.088,0.024212477088008028
71.092,0.004991066818357463
71.096,-0.008007078173674652
71.1,0.01636302976717296
71.104,0.0194555839705028
71.108,0.028944920660220745
71.112,0.004834552903107684
71.116,0.017049395027525893
71.12,0.01452279736139426
71.124,0.0187775794948817
71.128,0.02077735802094532
71.132,0.005872418251847979
71.136,0.0056213533054350175
71.14,-0.00028015424395340903
71.144,0.021619146797268732
71.148,0.01563456190055903
71.152,0.027544535952696746
71.156,0.019932883610677892
71.16,0.0006759062374092351
71.164,0.0311905472600796
71.168,0.009470932863171964
71.172,0.010435585560201448
71.176,-0.005141269935853631
71.18,0.022915329081121254
71.184,0.023072538970672782
71.188,0.02260973046878533
71.192,-0.005362447022788319
71.196,0.004267587047967356
71.2,0.022682888155204427
71.204,0.034838294277457105
71.208,0.0035210414258575184
71.212,0.010613481140004717
71.216,-0.009219374521326922
71.22,0.01106833165380606
71.224,0.013630987270420898
71.228,0.021761916204387596
71.232,0.004173288135857829
71.236,-0.0042040501870625815
71.24,0.01633720429897001
71.244,0.022857541681171403
71.248,0.027537536443201602
71.252,-0.0007020963091758552
71.256,0.005302975254274753
71.26,0.02012998819405554
71.264,0.019267017363241466
71.268,0.010099185079899105
71.272,0.0008788185851212752
71.276,0.00647736410198034
71.28,0.008472652230463831
71.284,0.024776761222818314
71.288,0.022665188794633886
71.292,-0.005079009789732818
71.296,0.012936334144664403
71.3,0.018168144039916838
71.304,0.01411783624501056
71.308,0.03891493653131728
71.312,0.022171428630580192
71.316,0.015578466655232286
71.32,0.013690186809506174
71.324,0.04233353543351996
71.328,0.03317162582988728
71.332,0.01548143464408859
71.336,0.012219312258398349
71.34,0.014009696243106778
71.344,0.020794123904215676
71.348,0.03159130388160983
71.352,0.007428833230864326
71.356,0.00214803673557725
71.36,0.01393179016995949
71.364,0.022434280734348843
71.368,0.028497290242939496
71.372,0.010882777700689232
71.376,0.0032312266621382377
71.38,0.01828061641326617
71.384,0.03258957142209365
71.388,0.018911993333259068
71.392,-0.010111481258363102
71.396,-0.005103086684887178
71.4,0.0030550099330906213
71.404,0.012862936009743921
71.408,0.013056686304850781
71.412,0.014966297697193473
71.416,0.011119845221496854
71.42,-0.005118858881630764
71.424,0.03504881733298938
71.428,0.038922475309008095
71.432,0.0034437707079714303
71.436,-0.003853392398105504
71.44,0.01722336648835849
71.444,0.028913726530970334
71.448,0.007970215688851584
71.452,0.0007741730777206281
71.456,-0.0009250196586652422
71.46,0.004812230989487765
71.464,0.023207796311264867
71.468,0.009852912442350722
71.472,-0.0010692032481089122
71.476,0.009018790280677912
71.48,0.011821284759248103
71.484,0.029816541684365046
71.488,0.01791951553619943
71.492,0.014513177017791576
71.496,0.015881527851383644
71.5,0.009620208984306888
71.504,0.0212394191183336
71.508,0.019811147985987366
71.512,-0.003664647007524947
71.516,0.0055901160084614425
71.52,0.02733265615959236
71.524,0.0309308885824962
71.528,0.01283042260926605
71.532,0.00990369027626048
71.536,0.003269555530137037
71.54,0.007515190515098679
71.544,0.01883678932811341
71.548,0.021564510465449285
71.552,-0.001760343002414358
71.556,-0.010090853679270293
71.56,0.014443138588500735
71.564,0.02652112059250275
71.568,0.013743796905106347
71.572,0.0033456027762395852
71.576,-0.002332778643028271
71.58,0.020445408248152087
71.584,0.03328136026589755
71.588,0.014820613736784793
71.592,0.016656260297491395
71.596,0.011181866899431896
71.6,0.0031314410449826083
71.604,0.013128741420986837
71.608,0.010145965786674314
71.612,-0.001609884383814061
71.616,0.00361612239578303
71.62,0.0064850139281568955
71.624,0.02702133670035549
71.628,0.022793313912520118
71.632,0.010746267216485816
71.636,-0.002468124382730091
71.64,0.011679511388003957
71.644,0.03977421645973202
71.648,0.019260995510119058
71.652,0.004863736836226143
71.656,0.002259890547052148
71.66,0.023274429561129108
71.664,0.019034860273794578
71.668,0.011130786780691826
71.672,0.010516567452082431
71.676,0.005708776636525378
71.68,0.014042937515196837
71.684,0.01382712276208512
71.688,0.009014668143533756
71.692,0.008002355697639473
71.696,5.629856911975846e-05
71.7,0.006158715446983001
71.704,0.02079512590180966
71.708,0.0391452372028117
71.712,0.005612560039929475
71.716,0.002375135010263884
71.72,0.0077890620229192215
71.724,0.014023944390132704
71.728,0.016459706988666035
71.732,0.003931401197380453
71.736,-0.007998881807136166
71.74,0.009486424972473005
71.744,0.006356339365116424
71.748,0.016424047427320884
71.752,-0.004288682543061515
71.756,0.02288590280061023
71.76,0.0038210979497949812
71.764,0.025278904291028984
71.768,0.01574844683316002
71.772,0.010906251827561532
71.776,0.0011868783823605488
71.78,0.0035666041837780042
71.784,0.011048944939191405
71.788,0.020882396230081115
71.792,0.006977750022589907
71.796,0.004824553504666443
71.8,0.02363681884285585
71.804,0.019880274520835937
71.808,0.011286307969300744
71.812,0.023584793487801608
71.816,0.017139041495048832
71.82,0.01497226754505966
71.824,0.014147809193619377
71.828,0.023604802313592174
71.832,0.018639268427687188
71.836,-0.002197079632407212
71.84,0.017503246252906345
71.844,0.017381437719019253
71.848,0.02853380786386013
71.852,0.00775530469487362
71.856,-0.00242030279086843
71.86,0.016908996918976328
71.864,0.02123784143337727
71.868,0.004233048016317166
71.872,0.006672071864147462
71.876,0.0035543145564965488
71.88,0.019086520037817238
71.884,0.024542623633583636
71.888,0.03456527841311122
71.892,0.0007409190897409183
71.896,0.007139792881741658
71.9,0.006431436074816767
71.904,0.03859386233549135
71.908,0.03234718774840544
71.912,0.0034164906956337445
71.916,0.004138584696434697
71.92,0.008771154950561695
71.924,0.021964661988796094
71.928,0.017084063114615054
71.932,0.028329303562751935
71.936,-0.0002842272987032255
71.94,-0.001768107711793799
71.944,0.012501912443681587
71.948,0.015481146699940421
71.952,0.0060773210487147355
71.956,0.007027765488324646
71.96,-0.0006338823367148198
71.964,0.030801637841321058
71.968,0.011518523975113402
71.972,-0.004989100434881704
71.976,-0.00419779409674091
71.98,0.01397213265812681
71.984,0.025664906141766128
71.988,0.026147790699169518
71.992,0.006847222685446564
71.996,-0.005592008435155047
72.0,0.010122149025010706
72.004,0.026179098027541967
72.008,0.0264704203970789
72.012,-3.953214857756876e-05
72.016,-0.0027905042551298175
72.02,0.010473402559837336
72.024,0.020363019994031246
72.028,0.02053082017468321
72.032,0.011458612779723001
72.036,-0.0034194349928207248
72.04,0.017226388404771895
72.044,0.032556150980759084
72.048,0.026248986835596635
72.052,0.0010688953136636248
72.056,-0.009495416961913647
72.06,0.009948655965108532
72.064,0.015677317326876578
72.068,0.013626440559085783
72.072,0.004504843114090511
72.076,-0.005127640627018021
72.08,0.016130155152088654
72.084,0.013771934140199586
72.088,0.0020514641213355816
72.092,-0.004476758510822888
72.096,-0.007168033592751557
72.1,0.010881095040254932
72.104,0.012951978409022574
72.108,0.007016516474429135
72.112,0.003839755488403001
72.116,-0.00028777610827590366
72.12,0.0027398873898642883
72.124,0.02461250327931699
72.128,0.010048670353221066
72.132,0.0016759781548167626
72.136,-0.014318019881386247
72.14,0.009722677626829743
72.144,0.008591567414517028
72.148,0.02146709590894356
72.152,0.0007559909360137689
72.156,0.016426289258259542
72.16,0.014846757518597162
72.164,0.010232112939625674
72.168,0.020945610596749067
72.172,0.011114062334078696
72.176,0.004753554761048429
72.18,0.002202777664114468
72.184,0.02946748547738385
72.188,0.012724157198165126
72.192,0.008821863250808717
72.196,-0.0034410412890701764
72.2,0.01456584991570771
72.204,0.021324575847792696
72.208,0.006125276215214276
72.212,0.01681102439147167
72.216,0.008702038288854248
72.22,-0.005518673368146886
72.224,0.014821930739582254
72.228,0.0046262937739474114
72.232,0.012817153362463482
72.236,-0.002934289525170014
72.24,0.019558971650448415
72.244,0.009471733989651124
72.248,0.02422659441635182
72.252,-0.017241199908900207
72.256,0.004145051608486952
72.26,0.0036525447773022475
72.264,0.03216882583647479
72.268,0.015192824133403282
72.272,0.001177885841987458
72.276,0.0029816228497763567
72.28,0.014563275575745547
72.284,0.020435029265021176
72.288,0.01457016047775261
72.292,0.0044084470062988445
72.296,-0.00729997048403816
72.3,0.011647035221736903
72.304,0.02762455475386029
72.308,0.014705010575832279
72.312,0.002765403536139022
72.316,9.94469798463295e-05
72.32,0.008620664087171026
72.324,0.003780890108916385
72.328,0.015643611387822946
72.332,0.013673313881991125
72.336,-0.007230847870663087
72.34,0.021238797578135207
72.344,0.017538406814810115
72.348,0.022812903839588505
72.352,0.0023963710543922203
72.356,-0.004950227826389479
72.36,0.0019647881185842053
72.364,0.024856796822426336
72.368,0.008877708627630189
72.372,0.005581260670923134
72.376,-0.006448462975738541
72.38,0.004531422675074253
72.384,0.017453629868139017
72.388,0.020024080481592432
72.392,0.0033957777183266785
72.396,0.0027516526693867186
72.4,0.01698872756052768
72.404,0.016653745684630652
72.408,0.009109609084268404
72.412,-0.01639472608420526
72.416,0.003110328808816122
72.42,0.007661279674389548
72.424,0.020921839471513565
72.428,0.004369946813765877
72.432,0.0004152799505993585
72.436,0.0008760091948354573
72.44,0.0007956002457026826
72.444,0.02571718143252499
72.448,0.009002858407485945
72.452,0.007374637733699563
72.456,-0.0031423838675354197
72.46,0.006191100644665161
72.464,0.019620762776829788
72.468,0.016488245532535476
72.472,0.00671065150978226
72.476,0.0021024977831799224
72.48,0.008695068203184761
72.484,0.031845793832558957
72.488,-0.003563580165288592
72.492,-0.005767358690062887
72.496,-0.008053207597473444
72.5,0.0037707468670595276
72.504,0.018205484270528226
72.508,-6.480511185116833e-05
72.512,0.0010353307562483544
72.516,-0.011338124062359237
72.52,0.015373210484432617
72.524,0.010634513600471435
72.528,0.017924269269134648
72.532,0.019484185916193074
72.536,-0.0016103174739921942
72.54,-0.0005697339025695011
72.544,0.009666608919632643
72.548,0.015347387309033775
72.552,0.0013974083874945828
72.556,0.010614162083525367
72.56,0.006446400927917232
72.564,0.010000924301176271
72.568,0.01098677838050405
72.572,-0.00128067383330485
72.576,0.0014368136684644397
72.58,0.019783726745732297
72.584,0.007059550033617051
72.588,0.011447781065604876
72.592,0.007518784167308961
72.596,-0.01301794799169223
72.6,0.01307416079700929
72.604,0.03363360814101402
72.608,0.003193628791135052
72.612,0.014884913834853117
72.616,0.0022683701946936137
72.62,0.009074115418458222
72.624,0.01164683392410272
72.628,0.019665151722731915
72.632,0.0002908103144752313
72.636,0.0108520502392214
72.64,0.0040186919408852105
72.644,0.017098167620391333
72.648,0.028051767393579778
72.652,-0.006978835014791859
72.656,0.015788076387687863
72.66,0.013133461086594425
72.664,0.0048636805681107845
72.668,0.002296813062538974
72.672,0.0001580025796582658
72.676,-0.003365415678766617
72.68,0.014108735784616744
72.684,0.023949620764154952
72.688,0.022775083159017703
72.692,-0.003980370168343752
72.696,-0.0032458275231953345
72.7,0.009014448117624425
72.704,0.014606664224932262
72.708,0.014803442055185044
72.712,0.01193112643659125
72.716,-0.002461131674434164
72.72,0.010620327360020164
72.724,0.0060316553089419175
72.728,0.011602048844207815
72.732,0.007451555919889814
72.736,0.0016412577168343225
72.74,0.0033857772619709098
72.744,0.027382743064867026
72.748,0.01110787233702484
72.752,0.006851080840079195
72.756,-0.016894301189993955
72.76,0.0056006671654183415
72.764,0.020622651022508258
72.768,0.015558162711931244
72.772,0.010442784988839111
72.776,0.006275908101514724
72.78,0.00987271674244761
72.784,0.024629785973979683
72.788,0.01693670412816149
72.792,-0.008128555072572315
72.796,-0.00524080063062084
72.8,0.007544057164149326
72.804,0.03357302379591586
72.808,0.009429953516104577
72.812,-0.004315905300154259
72.816,-0.008227233679327267
72.82,0.006687215487523095
72.824,0.014618939784877232
72.828,0.0048137085628535935
72.832,0.013961296926514967
72.836,0.013612221418434897
72.84,-0.005355710299069496
72.844,0.027083511740364396
72.848,0.02062953877493332
72.852,-0.0034989104147266784
72.856,0.0034216097581706833
72.86,-0.005909578162498395
72.864,0.009091591198937788
72.868,0.016419200365045083
72.872,-0.0018981986955871949
72.876,-0.008502372533110302
72.88,0.01273324656886578
72.884,0.024280709850125304
72.888,0.029964864529693717
72.892,0.012037022863800272
72.896,-8.86961527551567e-05
72.9,0.013477674751661707
72.904,0.014626868132503554
72.908,0.012152140898006425
72.912,0.008798624511590147
72.916,-0.0056706432418948405
72.92,0.010334098144593714
72.924,0.019135482062444184
72.928,0.013582971367114031
72.932,-0.0035641714993205603
72.936,0.008272479322161469
72.94,0.004777487428226647
72.944,0.021698992217854624
72.948,0.002636390919162117
72.952,0.001897884727949055
72.956,-0.015030672902424396
72.96,0.01920258906506441
72.964,0.021600991529590073
72.968,0.007693089666795085
72.972,0.01414108908162514
72.976,-0.015844274635415455
72.98,0.025815426504748506
72.984,0.016648648555565564
72.988,0.01310562591731779
72.992,0.0026849171824554372
72.996,0.01579544580744132
73.0,0.010624891716832272
73.004,0.013600634003486928
73.008,0.007489964178092762
73.012,-0.007818284944798533
73.016,-0.002699242598847839
73.02,0.0020168386066442955
73.024,0.02835857779062567
73.028,0.0031684286542247742
73.032,0.010644739820592598
73.036,0.014837468456688934
73.04,0.001446284952048558
73.044,0.023349042178378278
73.048,0.009526231101740158
73.052,-0.004473485476387682
73.056,0.0031638288681129214
73.06,-0.003230988354419877
73.064,0.022914612784491833
73.068,0.0310934946995998
73.072,0.010297720877454888
73.076,0.0018897530643193607
73.08,-0.003254258576520606
73.084,0.028501295808664652
73.088,0.02142824346841034
73.092,-0.00723894412850869
73.096,-0.01284189061585584
73.1,0.002745577252405515
73.104,0.004542353579566352
73.108,0.012682454320100565
73.112,0.004793505044037761
73.116,-0.01900644578891757
73.12,0.0030218770144442254
73.124,0.005399450001561541
73.128,0.012957817900781952
73.132,-0.0020895422423761645
73.136,-0.010499292039166557
73.14,0.00074504047187014
73.144,0.013952769113412117
73.148,0.018883344300984452
73.152,0.011537033013339679
73.156,-0.007750763413966995
73.16,0.004266087075690673
73.164,0.013075629772808727
73.168,0.020917098057578614
73.172,-0.005744559783635424
73.176,-0.0031450144341415003
73.18,-0.0065282039152477316
73.184,0.02249865044992424
73.188,0.004585522841328326
73.192,0.003284248791526021
73.196,-0.01384615199265637
73.2,0.01256256425779807
73.204,0.017364481518804008
73.208,0.024821281281817383
73.212,-0.0008112947382340576
73.216,-0.004129573002878518
73.22,0.005532020485780178
73.224,0.020842144888990312
73.228,0.032803618893451986
73.232,0.018374220611015186
73.236,0.003671853444117572
73.24,0.008729154176364377
73.244,0.0096696172601585
73.248,0.007961924995165973
73.252,0.006240864109949653
73.256,-0.01086640473517924
73.26,0.004327997174753991
73.264,0.005088989297299984
73.268,0.00859721402075128
73.272,0.008287610310253855
73.276,0.003202011492839352
73.28,0.019362884407415095
73.284,0.017423412180944054
73.288,0.010654077589827178
73.292,-0.009671937365959414
73.296,-0.014301360190038805
73.3,0.015121007991862482
73.304,0.019998072587141025
73.308,0.017756889484424863
73.312,-0.0015407959563447648
73.316,0.00235905380969916
73.32,0.009406678059807789
73.324,0.0075462806533339866
73.328,0.00808463403538192
73.332,-0.007719198040840881
73.336,-0.0003096019279691673
73.34,0.004076628462338033
73.344,0.020134740804571793
73.348,0.023856919309697383
73.352,0.0063081645866961775
73.356,-0.0022514659265266317
73.36,0.0050094852746049474
73.364,0.02730484057301228
73.368,0.021600642717416914
73.372,0.0009782237387584588
73.376,0.004818875337208229
73.38,-0.002463999171524912
73.384,0.024873096186069796
73.388,0.009492377298059162
73.392,-0.004922480841442999
73.396,-0.008321387496451718
73.4,0.013412090813277888
73.404,0.01899317847625353
73.408,0.011212638936736947
73.412,0.008995505550654382
73.416,-0.006130031910943605
73.42,0.014740040437233856
73.424,0.010893970101802194
73.428,0.004585283721063478
73.432,-0.005680319707575171
73.436,-0.008353244051109751
73.44,0.010896147492209655
73.444,0.022592084954479733
73.448,0.009036135037330098
73.452,0.015941530385060527
73.456,-0.017725586023636726
73.46,-0.0011738538061762394
73.464,0.017025950641765382
73.468,0.005047588979671648
73.472,0.009444402459535938
73.476,0.003407491818893553
73.48,0.017851022586222808
73.484,0.0177314241932161
73.488,0.019648042911120468
73.492,-0.009250039130010237
73.496,0.0016065054148626697
73.5,0.001956585316507674
73.504,0.014114962918748994
73.508,0.024888725068296223
73.512,-0.0007406841490746156
73.516,4.278657027092722e-05
73.52,0.0012732781712544283
73.524,0.015134836168900852
73.528,0.013710726058599632
73.532,-0.006946691555420038
73.536,-0.013105654497610662
73.54,0.0018944708534106066
73.544,0.019002591319870112
73.548,0.013873558223527153
73.552,0.008948349448415865
73.556,0.007130230489766462
73.56,0.016427956587308445
73.564,0.008926692365377641
73.568,0.019351697912797297
73.572,0.015779476108258896
73.576,-0.006452595719709844
73.58,0.0014501788586850969
73.584,0.0033536181912862135
73.588,0.017543781741300904
73.592,-0.002934665695297389
73.596,0.0026234819535047513
73.6,0.005615858233616904
73.604,0.018857551212697766
73.608,0.014848506879984173
73.612,-0.0021269213993024673
73.616,-0.007955148479620673
73.62,0.0017321201036019098
73.624,0.01150486012180904
73.628,0.025300759764278747
73.632,0.0014739917207548833
73.636,-0.005573749120583726
73.64,-0.006643079859990084
73.644,0.013170852565207952
73.648,0.003662359922856978
73.652,-0.005378421007334629
73.656,0.0014206697219129056
73.66,0.0006233635292571711
73.664,0.012544151313128358
73.668,0.012717288229160082
73.672,0.008722488795014402
73.676,0.011634441743043303
73.68,-0.006266019868577577
73.684,0.018341239382268924
73.688,-0.0005007500595367257
73.692,-0.0021696788141106144
73.696,-0.021094605218399246
73.7,0.0010378565404036504
73.704,0.024876454168220354
73.708,0.014789164014050133
73.712,-0.004728550806489859
73.716,-0.01182632508220021
73.72,0.0059964722322000015
73.724,0.0120313381963108
73.728,0.016207489709911045
73.732,-0.004379031051653052
73.736,-0.011792283596162578
73.74,0.002646130858773285
73.744,0.006248419147746058
73.748,0.001998495396503675
73.752,-0.004596685261614899
73.756,-0.007102885155065526
73.76,-0.0005432845218629389
73.764,0.02343701904335974
73.768,0.0030123530758051596
73.772,-0.007713696041879263
73.776,0.007724663887009643
73.78,0.003728952607478779
73.784,0.019528846314020937
73.788,-0.0022103940327201557
73.792,3.687289218649902e-05
73.796,-0.0004259005073521281
73.8,0.0021814644128046947
73.804,0.008549503792000063
73.808,-0.001679703580278663
73.812,-0.010956939679109805
73.816,-0.008475932186071082
73.82,0.005057973061591192
73.824,0.020818299365762478
73.828,0.006218966201287815
73.832,-0.014127347116418864
73.836,-0.024898943006251267
73.84,0.014230717674928287
73.844,0.0160043807848968
73.848,-0.0018454936230063133
73.852,0.00488842675610791
73.856,-0.0003580784999613028
73.86,-2.3354758768058537e-07
73.864,0.021035351302847297
73.868,0.008786422877094583
73.872,-0.00866277870403296
73.876,-0.004467731711059973
73.88,0.009358942083282955
73.884,0.013578881488092316
73.888,0.022807739894845767
73.892,0.00927930213331253
73.896,-0.029681257638225912
73.9,-0.006083338543421476
73.904,0.008517739007257892
73.908,0.02390224655973558
73.912,-0.006813849035359996
73.916,-0.010149152662319524
73.92,0.015480209393357936
73.924,0.011964490001105985
73.928,0.009130807555613431
73.932,-0.013738723966746835
73.936,-0.0065340195405890625
73.94,0.013254612491881933
73.944,0.00429819672144466
73.948,0.004735413993269788
73.952,-0.022652970524544444
73.956,-0.0026482950575859782
73.96,-0.0007253720163157189
73.964,0.028558667319775816
73.968,0.011522603168013368
73.972,-0.010467860761405354
73.976,-0.0018422861961788816
73.98,1.1605343247888047e-05
73.984,0.0035138390453058888
73.988,0.006738316306195765
73.992,0.01181302822614913
73.996,0.005625850805938332
74.0,0.00927832501436074
74.004,0.010375001830899564
74.008,0.004608822817327406
74.012,-0.0025041333899681237
74.016,0.000984212786056959
74.02,0.007179523793957917
74.024,0.013426163011397308
74.028,0.019285853803443553
74.032,-0.018033393337778137
74.036,0.0036355950855567476
74.04,0.0028221952353978622
74.044,0.011761281208599117
74.048,0.002739755399213635
74.052,-0.007788805600354063
74.056,-0.01568641331513074
74.06,0.00022516052387320032
74.064,0.014966924255305183
74.068,0.009883455927147494
74.072,0.002611646015542182
74.076,-0.008780707861706498
74.08,0.01048102877523924
74.084,0.016848289905961027
74.088,0.002441425119019254
74.092,0.0070178694626815835
74.096,-0.00037208299179195686
74.1,-0.007950707871561435
74.104,0.009779779690502144
74.108,0.009059126075683387
74.112,0.0027042579802136393
74.116,-0.014703763928232071
74.12,0.005413219706352232
74.124,0.017686070481944736
74.128,0.026701347256098996
74.132,0.00571073581333279
74.136,0.01227152120933674
74.14,0.0013242415731960602
74.144,0.007045086123741227
74.148,0.009336683100065014
74.152,0.002556385585035377
74.156,-0.00892126822652961
74.16,0.0031578395913214145
74.164,0.007107301750830504
74.168,0.003970005290491961
74.172,-0.0017173492813895605
74.176,-0.00375993867320348
74.18,0.010663343663593089
74.184,0.006400382627525117
74.188,-0.002904271925123726
74.192,-0.013634900026113825
74.196,-0.00855090164921345
74.2,0.0013172816373597186
74.204,0.014465761737415383
74.208,0.011018814235991924
74.212,0.007351504535918451
74.216,-0.008930773112613994
74.22,0.005914953714722478
74.224,0.004810078193160677
74.228,0.022780670411789467
74.232,-0.0017744146846605253
74.236,0.008636832577774632
74.24,-0.009866852637161558
74.244,0.011403459065880358
74.248,0.003279639344221023
74.252,-0.005748807554248664
74.256,-0.007387788657073055
74.26,-0.0013789647554012796
74.264,0.013958745934564237
74.268,0.003513297091337164
74.272,-0.007886359830405948
74.276,-0.011337614762192822
74.28,0.008087554604376523
74.284,0.005891936180662416
74.288,0.004135622472513798
74.292,0.003188050366566777
74.296,-0.004515884563219992
74.3,0.012504231416912278
74.304,0.01862468070560971
74.308,0.0034345386679909863
74.312,-0.018270473157998676
74.316,0.009195172415014736
74.32,0.010079402729358549
74.324,0.009330651867556487
74.328,0.009768613340587361
74.332,-0.009486925548943221
74.336,-0.016790620131113897
74.34,-0.007946587798942034
74.344,0.0169693821051106
74.348,0.006755600803825715
74.352,-0.003000349489948366
74.356,-0.0027746514641055434
74.36,-0.00522658518467016
74.364,0.013649053207288913
74.368,-0.0012585503879991317
74.372,-0.002926946132973468
74.376,-0.01356425030830503
74.38,-0.00012964139390229728
74.384,-0.0017899821592363974
74.388,0.02502975317615495
74.392,0.004923261978961271
74.396,-0.00897776568120911
74.4,-9.557218734077173e-05
74.404,0.021318374457683077
74.408,0.006878605549327964
74.412,-0.011646922074001208
74.416,-0.021428522829088907
74.42,0.009030813327857585
74.424,0.011832969846711708
74.428,0.010174481070837139
74.432,-0.007761368403479647
74.436,-0.02558320538550285
74.44,0.0024169456922815387
74.444,0.01308238271063171
74.448,0.007763591833492737
74.452,0.0017320220118357292
74.456,-0.017017122231866133
74.46,-0.004448555551696339
74.464,0.01997582084352487
74.468,0.01249103188404328
74.472,-0.015454415231023397
74.476,-0.018864781727337063
74.48,0.007380130269258501
74.484,0.017127300644196805
74.488,0.012914767995657628
74.492,-0.016002085610920022
74.496,0.0046385582585741665
74.5,-0.00615938407850883
74.504,0.0036527112423535325
74.508,0.0171363770036521
74.512,0.006332821954572852
74.516,-0.0004461885249378676
74.52,0.0002689358550094776
74.524,0.01091743877520096
74.528,0.00447410279945004
74.532,-0.008645971366073087
74.536,-0.007086132140223638
74.54,0.01396847439548515
74.544,0.014346710926848978
74.548,0.004214891354508115
74.552,5.727519704696454e-06
74.556,-0.0041362504922423
74.56,-0.003330495583792231
74.564,0.027807255149483984
74.568,0.0170264237927484
74.572,0.0003744460810555048
74.576,-0.009433955731427416
74.58,0.012783529802210392
74.584,0.024522929392737758
74.588,-0.0011754372611025472
74.592,-0.012971973171212984
74.596,-0.009260330431729613
74.6,0.002694778418073486
74.604,0.007862437730784967
74.608,-0.004091294793552861
74.612,0.007455975662284864
74.616,-0.008802049675303512
74.62,0.0007735029523753491
74.624,0.02379279561269847
74.628,0.02045031093177877
74.632,-0.01093490686880454
74.636,-0.004278573178058645
74.64,-0.0013497928236081286
74.644,0.008743413436183936
74.648,0.0037201569383656513
74.652,-0.011050105942581429
74.656,-0.00829256131790561
74.66,0.0063684212113834385
74.664,0.021190643300068566
74.668,0.009289643864332873
74.672,0.006093484895176065
74.676,-0.0015802309664899074
74.68,0.01069095538034355
74.684,0.002903460117577871
74.688,0.013236422179345455
74.692,0.004350040618364392
74.696,-0.01774435075388879
74.7,0.0010834306262429815
74.704,0.007850598505896391
74.708,0.012579754639033436
74.712,-0.011629811226241564
74.716,-0.010932371352031874
74.72,-0.002680543128009899
74.724,0.01602390624627059
74.728,0.02116238287704697
74.732,-0.00509568086562924
74.736,-0.009017004224343825
74.74,0.005347254019811743
74.744,0.016799535679196696
74.748,0.007731235307974337
74.752,-0.013761146743904471
74.756,-0.0051348257835215055
74.76,0.007882521951669923
74.764,0.01422012358619026
74.768,0.0004970672969183808
74.772,0.0006527028078206331
74.776,-0.020890916240525643
74.78,0.004064663717642465
74.784,-0.001611015250603729
74.788,0.014208548946308807
74.792,0.004159128143563698
74.796,-0.004987117567425479
74.8,-0.009418495763597674
74.804,0.0036321515757193786
74.808,0.01743420734183313
74.812,0.008076757270962194
74.816,0.005962647221401345
74.82,-0.00995541459003221
74.824,0.017772803687454767
74.828,0.0026783693829630704
74.832,-0.00598282973267989
74.836,-0.024502726941353505
74.84,-0.007557941581156065
74.844,0.019519945225990373
74.848,0.0013334619209756978
74.852,-0.021467587741593568
74.856,-0.008543589948997562
74.86,0.002842583808457197
74.864,0.004694129828805196
74.868,-0.0005160753669079228
74.872,-0.005249842920753591
74.876,-0.024903575139972843
74.88,0.0006231688313542271
74.884,-0.006738285895090897
74.888,0.002132034298938947
74.892,-0.002043231585078939
74.896,-0.0012911886530743693
74.9,0.0028213067649697126
74.904,0.009001902364065093
74.908,0.013179578845537266
74.912,-0.0102336848902452
74.916,-0.0051818008647428766
74.92,0.00985266207340623
74.924,0.018777372029720685
74.928,0.010834821080386184
74.932,-0.008233660574822518
74.936,-0.016793309611718515
74.94,0.013616299174597323
74.944,0.014909648907957197
74.948,0.007443216769430296
74.952,-0.015627793539737554
74.956,-0.024343578047207902
74.96,0.002085918721332866
74.964,0.011620733470281759
74.968,0.0038364255789956193
74.972,0.0024955671906076397
74.976,-0.03471378080200678
74.98,0.0014147829356576718
74.984,0.019506452776708143
74.988,-0.0033975211998213996
74.992,-0.004543846770682875
74.996,0.006250237971082357
75.0,0.003559605634635151
75.004,0.021810723286544927
75.008,0.007085770807938968
75.012,-0.010873235651490374
75.016,-0.010133532754962976
75.02,-0.012806393461968784
75.024,0.004823599359936329
75.028,0.01416247219709436
75.032,0.004723625087607956
75.036,-0.006259094294710816
75.04,-0.0012969017461592052
75.044,0.006430465491751754
75.048,0.007014426520651424
75.052,-0.011110049749601777
75.056,-0.01969263228626887
75.06,-0.009443953013100618
75.064,0.012003018671654401
75.068,0.005055806757116607
75.072,-0.0009559256929737537
75.076,-0.014141162425078294
75.08,-0.009732792317987045
75.084,0.007418803751867551
75.088,0.01125993326655923
75.092,-0.017987929856986527
75.096,-0.0027089475221551028
75.1,-0.00579081815178311
75.104,0.004431946709593233
75.108,0.0035496649895895164
75.112,-0.014966313153786366
75.116,-0.022871086383136497
75.12,0.002193331232904142
75.124,0.01301547279409195
75.128,-0.0006493649393640062
75.132,0.000721511274466089
75.136,-0.011270003467887202
75.14,-0.0062145914750088675
75.144,0.00403590640341809
75.148,0.021092169295161493
75.152,-0.0035489713007530043
75.156,-0.008000902177795791
75.16,0.009013297191890472
75.164,0.01859090039791271
75.168,0.0017288771788610533
75.172,-0.004262219819685082
75.176,-0.010465936483784589
75.18,0.0024482863409242685
75.184,0.010310790271481093
75.188,0.0002338214854387937
75.192,-0.010557008670271983
75.196,-0.009268312640588654
75.2,0.037927495540423004
75.204,0.051682207813280055
75.208,0.04568335112525124
75.212,0.04018382333776501
75.216,0.0391296702050114
75.22,0.03498535302490363
75.224,0.03723923560187247
75.228,0.04702695921128887
75.232,0.03109955502119928
75.236,0.02455093841568059
75.24,0.03873580818720229
75.244,0.05321257078719004
75.248,0.04327706761953796
75.252,0.023903112798912197
75.256,0.025660801576722923
75.26,0.03349008022361721
75.264,0.06234277911007212
75.268,0.05134667097334074
75.272,0.026590003689544704
75.276,0.03501988464113849
75.28,0.042826671816380224
75.284,0.029376231570087154
75.288,0.04983316540465195
75.292,0.038805435597950924
75.296,0.03491482996873306
75.3,-0.002735139678676095
75.304,0.014095177402213617
75.308,0.0011966888334057498
75.312,-0.0045379946522146105
75.316,-0.007491186701343448
75.32,0.001007006308072167
75.324,0.00830877525783225
75.328,0.002499678311660291
75.332,-0.009185330520750287
75.336,-0.0051603797268872705
75.34,-0.012795432003763704
75.344,0.017249907532543234
75.348,0.005937439103513114
75.352,-0.011821054939696405
75.356,-0.02127526923176555
75.36,-0.009587353924443473
75.364,0.025570797091868613
75.368,-0.003516434156878614
75.372,-0.013136222726093862
75.376,-0.01963783377264077
75.38,-0.0005831455451524786
75.384,0.010119475314435293
75.388,-0.012315663083065934
75.392,-0.008646511177585931
75.396,0.0013033081576768052
75.4,0.011251018724869983
75.404,0.012497030244587707
75.408,0.011188889770646117
75.412,0.0030052996460679686
75.416,-0.010386606376426957
75.42,-0.005162784262420391
75.424,-0.0035859486540910125
75.428,0.0067449704985717
75.432,-0.0014838377466078788
75.436,-0.0055720867122704834
75.44,-0.009580645110896013
75.444,0.00831233313576851
75.448,0.01969258970905452
75.452,-0.022616597938117777
75.456,-0.008549667529902872
75.46,0.010263591688978014
75.464,0.008946912933914499
75.468,0.0034834429466801082
75.472,-0.0006073354300353256
75.476,-0.020539595389377635
75.48,0.00373478090583995
75.484,0.015332195973173764
75.488,0.0042424405278370415
75.492,0.0023200792326694064
75.496,-0.010306825524810555
75.5,-0.009324115792853976
75.504,0.0057867273996530955
75.508,0.012412384206002144
75.512,-0.007375562949452156
75.516,-0.017198259763508948
75.52,0.00158344722297498
75.524,0.004583705163856371
75.528,-0.009730728187992171
75.532,-0.007053695126206778
75.536,-0.0035248903313094063
75.54,-0.00328645083814878
75.544,-0.0017299193975283365
75.548,-0.005469725906535218
75.552,-0.0003419361284819752
75.556,-0.025345591100808786
75.56,0.0048247702213788015
75.564,0.004952775251213282
75.568,-0.00865091216456434
75.572,-0.003888873892174684
75.576,-0.017474632132412453
75.58,-0.0005708724258220866
75.584,0.0064270990663629285
75.588,0.02245374591592182
75.592,-0.005930616021157362
75.596,-0.013540673449452971
75.6,-0.006001950407694165
75.604,0.015583314503132575
75.608,0.00213082037658499
75.612,-0.0039059769359794027
75.616,0.0015122513408012024
75.62,-0.008498434545468848
75.624,0.012050139568630599
75.628,1.3979019586340697e-05
75.632,-0.007862230179577054
75.636,-0.01037509982430251
75.64,0.009553686376700569
75.644,-0.004058443387081916
75.648,0.0008288712041263835
75.652,-0.002172985054811386
75.656,-0.013336313758768698
75.66,-0.013590976494464904
75.664,0.013685308301245914
75.668,-0.0006870906980187461
75.672,-0.010358505602983719
75.676,-0.02537938036103365
75.68,-0.011781131867833599
75.684,0.0031381956067945836
75.688,-0.001573409260821643
75.692,-0.008205385636193616
75.696,0.001142341350940804
75.7,0.014543728041944684
75.704,0.005565593732570672
75.708,-0.0008003652919371293
75.712,-0.03212260739953458
75.716,-0.01878791554297163
75.72,-4.276833951311933e-05
75.724,0.0002127856747374205
75.728,0.004892762360491644
75.732,0.0046643755487510725
75.736,-0.019412648217173225
75.74,-0.004715085675288853
75.744,0.011582835940618682
75.748,-0.0029841408432415987
75.752,-0.012923349604624986
75.756,-0.006699360087511671
75.76,0.005513805768000073
75.764,0.008896064728813494
75.768,0.013143826405595091
75.772,-0.014362097033905515
75.776,0.004978874924610457
75.78,0.0009379166845379407
75.784,-0.005247717331531728
75.788,0.018194011199004035
75.792,-0.0017940388987178228
75.796,-0.016453289529047864
75.8,0.008681338834902765
75.804,-0.005379850040081125
75.808,0.008383697159293201
75.812,0.0024701220514379268
75.816,-0.014902092816605605
75.82,-0.007213961402768917
75.824,0.006640299771432811
75.828,0.00789011001358429
75.832,-0.006142722323926028
75.836,-0.01944544653707867
75.84,0.0005997674827435944
75.844,0.01479676257940783
75.848,0.003927385239660734
75.852,-0.008256090986125675
75.856,-0.02576086027973372
75.86,-0.009637748205032564
75.864,-0.0002009789810508613
75.868,0.015323699460515395
75.872,-0.021118482811561784
75.876,-0.0012493099654391857
75.88,0.0026443574532161902
75.884,0.005328287364234057
75.888,0.015329855484741932
75.892,-0.017202119809026167
75.896,-0.010368426912558026
75.9,0.0025889910535507885
75.904,-0.009810248986822815
75.908,0.003305206264160548
75.912,-0.017015471827132662
75.916,-0.005016885228051294
75.92,0.00011456131030371155
75.924,-0.0016501279358601085
75.928,0.0037319227056100664
75.932,-0.0056270879873691095
75.936,0.004889826960900538
75.94,-0.009600514120804938
75.944,-0.006194109425571559
75.948,0.0030899916659055575
75.952,-0.011829415869436543
75.956,-0.0273784235467571
75.96,-0.0030791606713301773
75.964,-0.002905559512766111
75.968,-0.007295333545747584
75.972,-0.012605863394801457
75.976,-0.014301225591570588
75.98,0.008028793147770764
75.984,0.01292867033727155
75.988,0.006739088781810947
75.992,0.003226502052649261
75.996,-0.006049552680349089
76.0,0.015603805895473834
76.004,0.007872575783934058
76.008,0.00029821097678411055
76.012,-0.011957883020002245
76.016,-0.01913188670487051
76.02,-0.007032123030281164
76.024,0.006906850142922363
76.028,0.005535879339847113
76.032,-0.011860098842410132
76.036,-0.01766765241833638
76.04,0.014460244162312376
76.044,-0.0019882984016357224
76.048,0.007225680672708187
76.052,-0.007113870458648367
76.056,-0.014541644621093364
76.06,0.0018569319103340746
76.064,0.012427497331029595
76.068,0.009930707140345985
76.072,-0.006900669111735832
76.076,-0.02851565921767292
76.08,-0.008534898291653447
76.084,0.006526618762322275
76.088,-0.004797445081048344
76.092,-0.018825353495325332
76.096,-0.013555025124822056
76.1,0.0014625859367694439
76.104,0.0017266690108233506
76.108,0.0035962266870998923
76.112,-0.02220245341264643
76.116,-0.007089189314073377
76.12,-0.007675302686086934
76.124,0.004133677819418752
76.128,0.0005118990299381452
76.132,-0.013135667018462291
76.136,-0.005480653217824826
76.14,-0.0021677469349465264
76.144,0.02132772430404894
76.148,0.002925121591408233
76.152,0.007337583375978209
76.156,-0.018181883715440973
76.16,-9.368890467698586e-05
76.164,0.02055340407122091
76.168,0.006324884109926586
76.172,-0.024309187801557608
76.176,-0.0180839582882819
76.18,-4.7799019019197087e-05
76.184,0.0205185452386249
76.188,0.027412036446531413
76.192,-0.013378097015103677
76.196,-0.001253303810898521
76.2,-0.0019684876136191343
76.204,0.0061104293062207975
76.208,0.010694998030333185
76.212,0.0036126396136304303
76.216,-0.02472742035170354
76.22,-0.0013980688037156506
76.224,0.0029206593342332174
76.228,-0.0023975154716741375
76.232,-0.00025368692261312255
76.236,-0.019473068294628873
76.24,0.011640369985023595
76.244,-0.002693497928979773
76.248,-0.0013852313115657578
76.252,-0.005345418794009528
76.256,-0.0027986043800746502
76.26,-0.007354840711694503
76.264,0.0028104215603257645
76.268,-0.008615731808476672
76.272,-0.019379031134324307
76.276,-0.01529399460364525
76.28,-0.018502121548374655
76.284,0.00880166934703687
76.288,0.006768672567832616
76.292,0.009293206379068806
76.296,-0.01342077736903304
76.3,0.0006475373410892993
76.304,-0.0034553919877584943
76.308,0.0026942153825298978
76.312,-0.02090809713121912
76.316,-0.00571319733142011
76.32,0.006964293032757472
76.324,0.004368585354419097
76.328,0.006792316495292152
76.332,-0.014969206044615043
76.336,-0.007152628857089283
76.34,-0.0013088520980398533
76.344,0.002352548834692685
76.348,-0.009347523570474546
76.352,-0.005436531062853147
76.356,-0.018783415847097217
76.36,0.005341368102792693
76.364,0.001716485882940677
76.368,0.0025449473769480653
76.372,-0.010468989366207833
76.376,-0.013320100942616677
76.38,-0.004671083813267373
76.384,0.011158929367660475
76.388,0.000164929092693374
76.392,-0.0190255528830024
76.396,-0.01996219585855672
76.4,0.00011411385266899346
76.404,0.006727703413595142
76.408,0.002274952457808157
76.412,-0.005998799874814947
76.416,-0.010655085376894552
76.42,-0.0200055923133056
76.424,0.01357417494497688
76.428,-0.0004340092305261397
76.432,-0.010978929675746476
76.436,-0.02674015924726169
76.44,-0.007483788675263598
76.444,-0.008662347577291406
76.448,-0.0034219022913326083
76.452,-0.005014165009553308
76.456,-0.014007063902873549
76.46,-0.0144619451868162
76.464,0.0007193837257608721
76.468,-0.005765888030882543
76.472,-0.004360791012314676
76.476,-0.026204507979104792
76.48,-0.011184515708142424
76.484,0.00189447043660552
76.488,0.012813094628625215
76.492,-0.009049151549321302
76.496,-0.027197999411610142
76.5,-0.011156579192317054
76.504,0.017207084450654997
76.508,0.011434076446337645
76.512,-0.01435797323673399
76.516,-0.008250383409280092
76.52,-0.006203070215019521
76.524,0.009624464763508728
76.528,-0.001217291688187573
76.532,-0.01511449941101503
76.536,-0.0025616616021789766
76.54,0.005256524629295129
76.544,0.005125213653346234
76.548,-0.005558684533980646
76.552,-0.014478192492017103
76.556,-0.0012053222078258104
76.56,-0.006665406563746193
76.564,-0.0024488424473085423
76.568,-0.01453784433575192
76.572,-0.002517872727861319
76.576,-0.022213862366100016
76.58,0.011202547301432018
76.584,-0.009188824814042512
76.588,-0.0027684606614189664
76.592,-0.02046254106805096
76.596,-0.0035533685133282977
76.6,-0.005625590051029602
76.604,-0.006651666436705264
76.608,-0.0006890581451546022
76.612,-0.011427469465889004
76.616,-0.010651121830904421
76.62,-0.011009196044182587
76.624,0.006519834416979299
76.628,0.007116966239314113
76.632,-0.010071325658624097
76.636,-0.029507361383342923
76.64,0.0003215930104835804
76.644,-0.004683032838980193
76.648,-0.004378847056044549
76.652,-0.008543976959184883
76.656,-0.010810285080135613
76.66,-0.007559531143918652
76.664,0.0038519060089985025
76.668,-0.0018244870285310112
76.672,-0.0004571771556490956
76.676,-0.0138700638958748
76.68,0.005640207194553323
76.684,-0.011792258698327802
76.688,0.014346342004633281
76.692,-0.01329670396378917
76.696,-0.025702904400240034
76.7,-0.010783229955161847
76.704,-0.011990788811488684
76.708,-0.011195700237133684
76.712,-0.016537604128691527
76.716,-0.018251920099610353
76.72,-0.010446965580409301
76.724,0.00145579609237878
76.728,-0.0023191622449026984
76.732,-0.01616095423493911
76.736,-0.009652359133682648
76.74,-0.008789089364950717
76.744,0.011297520319975725
76.748,-0.006508048943327583
76.752,-0.01395207064878404
76.756,-0.01865897002145556
76.76,0.0028702145540680088
76.764,-0.0028487874626856253
76.768,0.015378818513029979
76.772,-0.0034684581850941594
76.776,-0.004860376489542486
76.78,-0.0033300147947034203
76.784,-0.006565491323296078
76.788,0.010663727799448307
76.792,-0.014328442497303999
76.796,-0.03199824044995522
76.8,-0.011145402085131678
76.804,-0.0038396527392211867
76.808,0.004233121170268666
76.812,0.00017804306180058994
76.816,-0.010381305579090117
76.82,-0.008230464993097805
76.824,0.002613785458363365
76.828,-0.01058413358858849
76.832,-0.02272051808698081
76.836,-0.009948839764611701
76.84,0.0031774771294297757
76.844,0.00897957123261617
76.848,-0.00018027039983569023
76.852,-0.00028141905638291893
76.856,-0.02667996561471632
76.86,-0.010251919872696675
76.864,-0.003855913603582158
76.868,0.0057555869171413655
76.872,-0.014274716209084371
76.876,-0.016554938635535532
76.88,-0.006951294773392467
76.884,-0.013305924398041038
76.888,0.009971291071423388
76.892,-0.0012769759488596277
76.896,-0.0170179315898153
76.9,-0.010060779175401897
76.904,0.0028885120165763932
76.908,-0.007751377834253071
76.912,-0.005061685200905903
76.916,-0.019528459104434903
76.92,-0.009925917878256545
76.924,0.00497100775258137
76.928,0.007514984014962407
76.932,-0.011243449056409335
76.936,-0.01886727701361467
76.94,-0.011251740738674985
76.944,0.0007679703863286667
76.948,-0.004680278197190227
76.952,-0.004406074012153208
76.956,-0.015203020342511434
76.96,-0.0034529949429706074
76.964,-0.016167768346553004
76.968,0.002795895939922073
76.972,-0.018543291402711416
76.976,-0.01924811090424305
76.98,-0.008831177560934838
76.984,-0.0034311084274426806
76.988,0.001122529107187032
76.992,-0.020095957010671905
76.996,-0.00596253620115976
77.0,0.003698814690575601
77.004,0.003987739707279218
77.008,0.004380736410645963
77.012,-0.013526297822742036
77.016,-0.020696794700349592
77.02,0.004118212748442238
77.024,0.012668822830910994
77.028,-0.0030884364409681448
77.032,-0.005193362605149422
77.036,-0.01427346577713432
77.04,-0.01181763108925872
77.044,0.0051411695395924255
77.048,-0.012397329439015819
77.052,-0.005443449299716102
77.056,-0.014039082993585115
77.06,-0.008790651961562118
77.064,-0.005372526643502105
77.068,0.0008361748676245467
77.072,-0.025406953362547925
77.076,-0.009720324571102914
77.08,-0.007153691744336721
77.084,0.007219172085063745
77.088,-0.00034130514525600197
77.092,-0.017934310884953168
77.096,-0.02883471318259112
77.1,-0.012630417597308156
77.104,0.015597009377936358
77.108,0.006577311142014384
77.112,-0.010466652321479057
77.116,-0.04226029737282438
77.12,-0.015701085602602912
77.124,-0.008705096985952468
77.128,-0.004025665633348225
77.132,0.0029258819017778104
77.136,-0.025777319089690207
77.14,-0.015458917161755868
77.144,-0.0015910050812159302
77.148,-0.006551897065742174
77.152,0.008205245508223541
77.156,-0.021222145708586895
77.16,-0.006502175539715204
77.164,-0.007458602959820749
77.168,0.012109586097343673
77.172,-0.011707164481466279
77.176,-0.028811974582106027
77.18,-0.019768532464280626
77.184,-0.010339199587406802
77.188,-0.004678800049000828
77.192,-0.010793008335598311
77.196,-0.012729811639889656
77.2,-0.001612353144694525
77.204,-0.008691411236934756
77.208,-0.006684016135188638
77.212,-0.006736416719074478
77.216,-0.010837637906598736
77.22,-0.022149726342113773
77.224,0.0005324831771585633
77.228,-0.0027674273415024043
77.232,-0.016380379596304763
77.236,-0.023445518199871004
77.24,-0.009503225755028998
77.244,0.0011712467836070984
77.248,-0.011510693045664967
77.252,-0.012427856276686524
77.256,-0.005894355207700782
77.26,-0.005820801048024344
77.264,-0.0075180443881494585
77.268,0.0003359240326417908
77.272,-0.014736749919681567
77.276,-0.009484891805948645
77.28,0.005451824917075352
77.284,0.01872517825332906
77.288,-0.0007320959096787179
77.292,-0.022258494357149067
77.296,-0.011918318922178834
77.3,0.0038369168474338498
77.304,-0.00035913455255685584
77.308,0.002386604886968572
77.312,-0.021785013541904867
77.316,-0.017829360340466432
77.32,-0.012046511920535918
77.324,0.011442803568340156
77.328,0.003489566774791018
77.332,-0.02083728515140958
77.336,-0.029640645403144476
77.34,-0.0018859623801423244
77.344,-0.006775360573415092
77.348,0.0030779794449270186
77.352,-0.008176644295061514
77.356,-0.016015780911514815
77.36,-0.008707438152630306
77.364,0.005130202992862793
77.368,-0.004382331859962368
77.372,-0.011643675592182698
77.376,-0.019902740060702744
77.38,-0.010920002772528258
77.384,-0.00350257708560812
77.388,0.002672630449232866
77.392,-0.021389954290624784
77.396,-0.025830645703854915
77.4,0.006041275774000552
77.404,-0.008453962587853707
77.408,0.004096988190225765
77.412,-0.01974627837516609
77.416,-0.023751689703519208
77.42,-0.011017798560751899
77.424,-0.0017418942941332853
77.428,-0.007522257092669064
77.432,-0.010083009377915095
77.436,-0.01850292930578133
77.44,-0.0013719531965789974
77.444,-0.01088576683969195
77.448,-0.006184959060531795
77.452,-0.00874100207062655
77.456,-0.017508415943139437
77.46,-0.012731931737849114
77.464,-0.002511701264330546
77.468,-0.0008102261953257272
77.472,-0.017648392671190238
77.476,-0.015221978741270074
77.48,0.003965910692566197
77.484,0.0036151473777470593
77.488,-0.00904334988956313
77.492,-0.002755384881695964
77.496,-0.005991737126891423
77.5,-0.02586093653109987
77.504,-0.006078900244730557
77.508,-0.012536718999452044
77.512,-0.006576452980018873
77.516,-0.003221003193816345
77.52,-3.572816711026883e-05
77.524,-0.004504443141231506
77.528,-0.0013014803766506359
77.532,-0.01783087358244668
77.536,-0.01895154709825156
77.54,-0.025583334973284768
77.544,0.006347569303007105
77.548,-0.0020950045996793116
77.552,-0.007176176117210059
77.556,-0.037232831595055124
77.56,-0.008966902132598617
77.564,0.013482715527437157
77.568,-0.008761796573437147
77.572,-0.017155152756094864
77.576,-0.0077658844168837365
77.58,-0.005239425667207487
77.584,0.0003894039283941735
77.588,0.020118830384098403
77.592,-0.007959673870594482
77.596,-0.01676880150231625
77.6,-0.004540309895467107
77.604,0.015367295980437404
77.608,0.009394975938902723
77.612,-0.01925554294799979
77.616,-0.01778648755111205
77.62,-0.010459353749396195
77.624,0.00875709673164917
77.628,-0.0021062686972723866
77.632,-0.0030949253039343014
77.636,-0.021056145449730605
77.64,-0.009034725667868873
77.644,0.0007966110317353099
77.648,0.0006608408543698893
77.652,-0.019808420198080122
77.656,-0.01557300178477428
77.66,-0.009064416784758212
77.664,-0.005800887774675044
77.668,-0.0035319500788422603
77.672,-0.020657668426474277
77.676,0.0034445391040162435
77.68,-0.010310925237571811
77.684,-0.012384435173258435
77.688,-0.004537856476530606
77.692,-0.014440439748936659
77.696,-0.03217124806179985
77.7,-0.020177413029120555
77.704,0.001885322217234591
77.708,0.006517493653784219
77.712,-0.004473322198970819
77.716,-0.010724897897966839
77.72,-0.01621948585866083
77.724,-0.0007221826339032648
77.728,-0.0049736731802046035
77.732,-0.014931213713171422
77.736,-0.027068704546163492
77.74,-0.013360261817370326
77.744,-0.00986468946108769
77.748,-0.00954895480739407
77.752,-0.027318220989065077
77.756,-0.008023957869405194
77.76,-0.009385600882257865
77.764,0.0005626125643135105
77.768,0.008186875195126276
77.772,-0.005405255091333798
77.776,-0.02428330288254078
77.78,-0.012330638919928534
77.784,-0.004371023717506026
77.788,-0.01433194217680023
77.792,-0.02012297810011627
77.796,-0.02745550277409393
77.8,-0.00816881876389947
77.804,-0.004743350149917034
77.808,-0.0022638356060746146
77.812,-0.012143777682228506
77.816,-0.030055467271294836
77.82,0.0012705850561320342
77.824,0.0016679288129818797
77.828,-0.004282632494503732
77.832,-0.006277225956983433
77.836,-0.028378847449216
77.84,-0.003210577624525773
77.844,-0.008473628974926609
77.848,0.004134289903144349
77.852,-0.006327058316024365
77.856,-0.027373159928396347
77.86,-0.003057378127842076
77.864,0.0067795905913774004
77.868,-0.006343198795497756
77.872,-0.01841702586561395
77.876,-0.014007702251663996
77.88,-0.005298663558138812
77.884,-0.009395853792434196
77.888,-0.004856831762633467
77.892,-0.02753927440034542
77.896,-0.020798103149759942
77.9,-0.009046641935108362
77.904,-0.007407989553475218
77.908,-0.007953393051690995
77.912,-0.02470133545398006
77.916,-0.02772459074442104
77.92,-0.01073695821353156
77.924,0.008286295544220446
77.928,-0.009405117675241112
77.932,-0.006920369919947263
77.936,-0.02601712015556856
77.94,-0.0130552450795716
77.944,-0.0004953545361808991
77.948,-0.004952382511380943
77.952,-0.00802254452152227
77.956,-0.022711723846079897
77.96,-0.015082908050170991
77.964,-0.003650458327247212
77.968,-0.005505713550086642
77.972,-0.0017061732934604765
77.976,-0.015850956878419135
77.98,-0.023582046676234435
77.984,0.006660897989752284
77.988,-0.010614527824986245
77.992,-0.020262360230733512
77.996,-0.009329250862798039
78.0,-0.013262778138107001
78.004,0.0021710810150014567
78.008,-0.003032628848625674
78.012,-0.021142537129323583
78.016,-0.01515480967290196
78.02,-0.014454045957180084
78.024,0.006185509809784797
78.028,0.000587929141007637
78.032,-0.03742378668518663
78.036,-0.03344068281782217
78.04,-0.002882461407326233
78.044,-0.010819362998344066
78.048,-0.007997635789084837
78.052,-0.02059941052943581
78.056,-0.016180782086120178
78.06,-0.0062625574348578565
78.064,-0.006163764116966163
78.068,-0.008821733482122347
78.072,-0.010015081762162276
78.076,-0.010278894341942528
78.08,-0.013674894454180964
78.084,0.013426801140036578
78.088,-0.007182451831140456
78.092,-0.022423239868416867
78.096,-0.0167637923107226
78.1,-0.021549292840581227
78.104,-0.011107863974064556
78.108,-0.009302602977332682
78.112,-0.018199038289302343
78.116,-0.014246138103790155
78.12,-0.0160735870785866
78.124,-0.008190990759429768
78.128,-0.010394039862185674
78.132,-0.01951448899749348
78.136,-0.020677808131934396
78.14,-0.011388991434742366
78.144,0.002352516118099164
78.148,-0.0008580242453801899
78.152,-0.021798664383179817
78.156,-0.012957144484905486
78.16,-0.024012026238661943
78.164,-0.009749494059617295
78.168,-0.015079826243404464
78.172,-0.023244082092852142
78.176,-0.016180445884212902
78.18,-0.0227572882702715
78.184,0.0029630497659492378
78.188,-0.005076523730928751
78.192,-0.02104416646850174
78.196,-0.0255250657830906
78.2,-0.027756077770179084
78.204,0.0008690557865578662
78.208,-0.0026315494057175762
78.212,-0.01465902774038348
78.216,-0.028658200465539838
78.22,-0.007786007797760681
78.224,0.015519468425372244
78.228,-0.0003188829484020595
78.232,-0.029498474152338673
78.236,-0.007420724202328649
78.24,-0.014628864709230947
78.244,-0.008669018100930383
78.248,-0.0008392979948719792
78.252,-0.019643302530685587
78.256,-0.03526078594814387
78.26,-0.01300731746667707
78.264,0.008390230016684628
78.268,-0.009211464756634757
78.272,-0.014733389861789781
78.276,-0.029690867362082714
78.28,-0.023449681908080507
78.284,-0.000761737101682912
78.288,-0.012950212582953636
78.292,-0.01595410060660133
78.296,-0.018265061709989074
78.3,-0.01842189210012103
78.304,-0.0010394429425627856
78.308,0.00154850384301083
78.312,-0.019687996550902302
78.316,-0.02968610130010673
78.32,-0.01630867280296099
78.324,0.003741997664435022
78.328,-0.014122931228426078
78.332,-0.012946411832245312
78.336,-0.020038097764445956
78.34,-0.019797587550686904
78.344,0.008227898952666953
78.348,-0.013238337088242905
78.352,-0.034458561754695714
78.356,-0.012913000812338237
78.36,-0.007128410640826136
78.364,-0.006782218950705478
78.368,0.005303040957928743
78.372,-0.021670123124792107
78.376,-0.030506386231014232
78.38,-0.011113675099925379
78.384,-0.010060021737797865
78.388,-0.008697578897838138
78.392,-0.012384183076383688
78.396,-0.022661555393695517
78.4,-0.019650238871374123
78.404,0.001530686898670623
78.408,-0.01825833230870696
78.412,-0.019976560471594722
78.416,-0.025573392574388405
78.42,-0.007214755844672833
78.424,-0.005634867182396707
78.428,-0.002331629085717729
78.432,-0.01320658322127979
78.436,-0.01965708553526659
78.44,-0.010335804565058861
78.444,-0.01560732640347067
78.448,-0.026382456170892337
78.452,-0.03376787526900926
78.456,-0.03155521379302053
78.46,-0.03314278804050103
78.464,-0.00795766377087638
78.468,0.003511074215009064
78.472,-0.01875744516193844
78.476,-0.027370100183930948
78.48,-0.017338590612944516
78.484,-0.0029496198585641656
78.488,-0.01674282101653496
78.492,-0.025401880000913157
78.496,-0.019826990151225573
78.5,-0.020873982889886285
78.504,0.004861183859212475
78.508,-0.015613321197491759
78.512,-0.001519856330633139
78.516,-0.016314203554400768
78.52,0.0015212429801646447
78.524,-0.013799354688606793
78.528,-0.0022673303465270914
78.532,-0.0347408475566479
78.536,-0.011063095959432435
78.54,-0.01697055740761032
78.544,-0.013146345325598285
78.548,-0.0050755322237555685
78.552,-0.002456233247098736
78.556,-0.02833510392336657
78.56,-0.008673731962213608
78.564,-0.002435449414217036
78.568,-0.00917795611965057
78.572,-0.022666346701718673
78.576,-0.01790908908650739
78.58,-0.012024626095936379
78.584,-0.004918003410477794
78.588,-0.006791287148078207
78.592,-0.021352456499912655
78.596,-0.0300175689261092
78.6,-0.013379651630977398
78.604,-0.01064879005268339
78.608,-0.00235860133508169
78.612,-0.027038623691379784
78.616,-0.030525468454890625
78.62,-0.014230958097514686
78.624,-0.01079000216712946
78.628,-0.000301349936120578
78.632,-0.01683404004044603
78.636,-0.011696907076105868
78.64,-0.010325096253487917
78.644,0.002104155093114184
78.648,-0.011259354631834709
78.652,-0.03555620942009577
78.656,-0.03125889481662287
78.66,-0.005883750330886309
78.664,-0.009509108295327851
78.668,0.0041273255896713155
78.672,-0.031258597438501665
78.676,-0.010050117228968368
78.68,-0.0098990456183867
78.684,-0.0008756674270713471
78.688,0.0012833361489790057
78.692,-0.023921037052851597
78.696,-0.029264597935978565
78.7,-0.027555266328825656
78.704,-0.009057655798683957
78.708,-0.024244482413405644
78.712,-0.020662794226115746
78.716,-0.021441366600972445
78.72,-0.008639346369911573
78.724,-0.00955379645570658
78.728,-0.0032400858025882434
78.732,-0.02463301736972734
78.736,-0.0334726408317501
78.74,-0.022593296671082282
78.744,0.0001423656471239848
78.748,-0.0031092316666160745
78.752,-0.02753666143031377
78.756,-0.04241999082309353
78.76,-0.01080555426229666
78.764,0.0017892792311116285
78.768,-0.0051993294099575375
78.772,-0.00925645238129199
78.776,-0.05163084548547346
78.78,-0.012910824009142065
78.784,-0.005499799121142954
78.788,-0.013357860982884391
78.792,-0.011075376889518174
78.796,-0.03397518798746103
78.8,-0.022961089956119493
78.804,0.007720457750124825
78.808,-0.008853959555009144
78.812,-0.024154837422955492
78.816,-0.026535393563889943
78.82,-0.020934527742206246
78.824,-0.008703259885950543
78.828,-0.007260666524736522
78.832,-0.013510183934140104
78.836,-0.02478680513267444
78.84,-0.025822542130847472
78.844,-0.005007371390947193
78.848,0.007196775342458963
78.852,-0.015557194442257715
78.856,-0.033590149746605874
78.86,-0.02155968539136518
78.864,-0.008154048963385738
78.868,-0.013063665858073097
78.872,-0.016453964513393367
78.876,-0.031159547240811276
78.88,-0.022827572507859724
78.884,-0.004210719420506071
78.888,-0.012041375225303878
78.892,-0.013441928525097192
78.896,-0.0062055097682056845
78.9,-0.018086293383232834
78.904,-0.002517618264099931
78.908,-0.015397598261467561
78.912,-0.019120705002541042
78.916,-0.023414365220044416
78.92,-0.011299476263283306
78.924,0.009542164910724533
78.928,-0.004068802931377341
78.932,-0.010515600607929537
78.936,-0.014549892771706301
78.94,-0.0028708914730380952
78.944,-0.007433510588575126
78.948,-0.009408992372945334
78.952,-0.02301411334156143
78.956,-0.03843573843609895
78.96,-0.015223778017216099
78.964,-0.006440728138591405
78.968,-0.008213593432690113
78.972,-0.021349570555670404
78.976,-0.038423453348476286
78.98,-0.017736297932576882
78.984,0.01579996639290456
78.988,-0.002928223113601247
78.992,-0.02725994768692709
78.996,-0.037576942498569715
79.0,-0.04505071143937247
79.004,-0.0032169322964022955
79.008,-0.009030471064802986
79.012,-0.012663733708753393
79.016,-0.029829945134473103
79.02,-0.02729697095883124
79.024,-0.004754089074635347
79.028,-0.006753990953059596
79.032,-0.01794042814564277
79.036,-0.01971754622579864
79.04,-0.007832522529214573
79.044,-0.0163968964187157
79.048,-0.003280353933896446
79.052,0.003675205603995823
79.056,-0.03517464370395498
79.06,-0.00420228986291114
79.064,0.006693911738254173
79.068,-0.027771294826835522
79.072,-0.017677130262750126
79.076,-0.031229877871585463
79.08,-0.010823952117824115
79.084,0.0008236300062306034
79.088,-0.013147366260317199
79.092,-0.01345579979811153
79.096,-0.035252033107111266
79.1,-0.01821586151309107
79.104,-0.0040079796553691895
79.108,-0.008355185959219705
79.112,-0.009485092604816604
79.116,-0.004702757078032482
79.12,-0.012474020178208516
79.124,-0.010119676050008516
79.128,0.0006184627012750694
79.132,-0.02304630119573173
79.136,-0.027727414752030482
79.14,-0.012802678246218842
79.144,0.004902945537213627
79.148,0.0033579474272926197
79.152,-0.025661803809528465
79.156,-0.0228382162386675
79.16,-0.011535486343773677
79.164,0.00015996689684578003
79.168,-0.012493084138884617
79.172,-0.0061809779351531275
79.176,-0.015525417578409377
79.18,-0.023960847603485727
79.184,0.0007611982958661296
79.188,-0.020142449390946424
79.192,-0.02826758564872723
79.196,-0.028760330302599
79.2,-0.029292255263107716
79.204,0.005433280082907853
79.208,0.001632436531502985
79.212,-0.024590393090528934
79.216,-0.034662178995045534
79.22,-0.01817852843028402
79.224,-0.003468691562386376
79.228,-0.00631064465332752
79.232,-0.026596537324875116
79.236,-0.031187890032171695
79.24,-0.018532185586620047
79.244,-0.009226723729274484
79.248,0.009675133489167553
79.252,-0.008824120172712707
79.256,-0.03566485606600324
79.26,-0.0008756418895388418
79.264,-0.008733056961063168
79.268,-0.010057393329312513
79.272,-0.023742313588637085
79.276,-0.012923017246907045
79.28,-0.01577137618987978
79.284,-0.01768323552337931
79.288,0.007047221550037688
79.292,-0.020518638171396104
79.296,-0.012304513741364065
79.3,-0.013100022762851765
79.304,-0.004177986209071012
79.308,-0.026260787204317387
79.312,-0.02302863529514726
79.316,-0.03319839252348899
79.32,-0.026210155371398085
79.324,0.0013780613986330032
79.328,-0.030454430243487644
79.332,-0.03403489829417437
79.336,-0.009381585415510044
79.34,-0.018547923973813208
79.344,0.00043198826231310213
79.348,-0.017665245356773752
79.352,-0.014234555027136758
79.356,-0.023763282354153235
79.36,-0.021348013159938863
79.364,-0.00667228994322281
79.368,-0.010515724557916344
79.372,-0.03848902640143171
79.376,-0.029308433547600883
79.38,-0.010243937419072103
79.384,-0.01751407074071954
79.388,-0.0027419672099840324
79.392,-0.02447364092001727
79.396,-0.017429963934613272
79.4,-0.007747147722124722
79.404,-0.017037720278971893
79.408,-0.005924067680113085
79.412,-0.016884287791603614
79.416,-0.022446112180556206
79.42,-0.006864928989796994
79.424,-0.022194380220256806
79.428,-0.009049413352357979
79.432,-0.024186036745782586
79.436,-0.022268876524244436
79.44,-0.037280258026498536
79.444,-0.012893811268275445
79.448,0.010514748536133987
79.452,-0.017829161924169137
79.456,-0.034553036625408456
79.46,-0.020946388965205943
79.464,-0.0005029192060718142
79.468,-0.01521447060067084
79.472,-0.005758387119331038
79.476,-0.03758587348225062
79.48,-0.024829429816763754
79.484,-0.01255221900108338
79.488,0.001384937778073289
79.492,-0.03606157550771696
79.496,-0.0383597354494937
79.5,-0.01919876137630569
79.504,-0.007771546191499732
79.508,0.0018687318798203175
79.512,-0.014515102611793488
79.516,-0.023017649822327367
79.52,-0.01766293129255617
79.524,-0.009092594924385
79.528,-0.004678768869006855
79.532,-0.026467962757723545
79.536,-0.010808863378599364
79.54,-0.02422601637118485
79.544,-0.004233870189753874
79.548,-0.0050716627154462676
79.552,-0.02752870916879596
79.556,-0.03166295101535894
79.56,-0.02422684088250291
79.564,-0.003278804642044717
79.568,-0.005543075395706288
79.572,-0.03317768232106407
79.576,-0.016244044631143074
79.58,-0.023528187815021237
79.584,-0.005231722690531904
79.588,0.002283554120750703
79.592,-0.014086098160613594
79.596,-0.011487707507247657
79.6,-0.017169270034982916
79.604,-0.003248015175492403
79.608,-0.00850381373976121
79.612,-0.029032435315540506
79.616,-0.030285590376705026
79.62,-0.02051990908061127
79.624,-0.011310039747935464
79.628,-0.015462687889662232
79.632,-0.021072600007199845
79.636,-0.034900034825851224
79.64,-0.00895890016757278
79.644,-0.0008823898608093681
79.648,-0.01688587356583976
79.652,-0.0217849837271842
79.656,-0.03680100430232868
79.66,-0.010648700736229729
79.664,0.0006462391894618636
79.668,-0.008982465035921466
79.672,-0.016790357830653316
79.676,-0.03768872364390197
79.68,-0.02157676972032294
79.684,-0.012549378129146718
79.688,-0.009036370765658549
79.692,-0.014203823863131052
79.696,-0.029710704648201042
79.7,-0.011116898549707942
79.704,-0.015790934364852745
79.708,-0.004068873447605988
79.712,-0.02460876659630606
79.716,-0.03857093180169428
79.72,-0.009953103204641007
79.724,0.002813579050044609
79.728,0.003660356061382373
79.732,-0.015779189123576447
79.736,-0.01983479803781812
79.74,-0.02175386556004849
79.744,-0.0036053062887351954
79.748,-0.004392042822617108
79.752,-0.024051107309961184
79.756,-0.025483206850881474
79.76,-0.006849698833465348
79.764,-0.0004066880610104698
79.768,-0.016079232210745264
79.772,-0.017775287106489183
79.776,-0.021417210240726348
79.78,0.002145344407407792
79.784,-0.012812965474116282
79.788,0.001110896764073048
79.792,-0.04124017374452117
79.796,-0.02816311950257318
79.8,-0.01385509157108096
79.804,0.007495289418221434
79.808,-0.009420933166912298
79.812,-0.0263165175687447
79.816,-0.022215003206057557
79.82,-0.009430749323143667
79.824,0.0008967433937199145
79.828,-0.002861841513757509
79.832,-0.02395664557902787
79.836,-0.02122216459010407
79.84,-0.026460983490720597
79.844,-0.002106711030726369
79.848,-0.01580797054503707
79.852,-0.021884359634910453
79.856,-0.02024042289539658
79.86,-0.017964372820348816
79.864,-0.0058475480024369215
79.868,-0.010456856106096755
79.872,-0.040688226249292934
79.876,-0.03325783423979184
79.88,-0.038898313107478606
79.884,-0.0037682592137781093
79.888,-0.010198744985735869
79.892,-0.02006797004702538
79.896,-0.04081713077364196
79.9,0.0326401141777974
79.904,0.025663715676966802
79.908,0.03403273152220312
79.912,0.01469146738652791
79.916,0.019649088292843314
79.92,0.021633278448078986
79.924,0.03460798809837757
79.928,0.04229610309605742
79.932,0.02477269460008183
79.936,0.014668117954417801
79.94,0.014767999805176757
79.944,0.020269296631379757
79.948,0.025609346200539874
79.952,0.013029418561750076
79.956,0.026629049781825807
79.96,0.041721263829022456
79.964,0.027980255352330265
79.968,0.02073258596771992
79.972,0.008025780183196456
79.976,0.0147789122371265
79.98,0.02335414750501736
79.984,0.028992100477662843
79.988,0.03791307233273333
79.992,0.024154462543363557
79.996,0.006599826128552995
80.0,-0.01653253749935668
80.004,-0.016323407316117377
80.008,-0.00433571480661783
80.012,-0.008936114074317191
80.016,-0.030214171101731302
80.02,-0.011931663053468222
80.024,-0.009260520145157844
80.028,-0.017051979739983136
80.032,-0.03111377416567269
80.036,-0.027837369185509143
80.04,-0.02428508466116155
80.044,-0.007108013409340254
80.048,-0.009273018370100885
80.052,-0.035986041213916756
80.056,-0.020225572130093815
80.06,-0.01913649584408636
80.064,0.009082891748735685
80.068,-0.011321330312025864
80.072,-0.011852489954159398
80.076,-0.0317238658963878
80.08,-0.010243323933396987
80.084,-0.006917657406545443
80.088,-0.00480054873331179
80.092,-0.028826187468175765
80.096,-0.029386232042593947
80.1,-0.007333792587676037
80.104,-0.017296436526436594
80.108,-0.013127776801472413
80.112,-0.012846968506508698
80.116,-0.02764941039691771
80.12,-0.018766296267652104
80.124,0.002176825205547425
80.128,-0.022161500506284168
80.132,-0.017694225585251425
80.136,-0.03625221222067984
80.14,-0.016786300625067693
80.144,-0.010904573391652513
80.148,-0.019416214171221646
80.152,-0.023227040695705345
80.156,-0.02430762029043805
80.16,-0.030590068840470542
80.164,-0.010155403436994679
80.168,-0.011475289914715683
80.172,-0.04375982662937809
80.176,-0.01578591026748668
80.18,-0.013154063932798173
80.184,-0.014224838464530046
80.188,-0.0018242190972253634
80.192,-0.031330991338769716
80.196,-0.023090026364091076
80.2,-0.015920597078548548
80.204,-0.009920047742018058
80.208,-0.007414982434783284
80.212,-0.03164930651168999
80.216,-0.023559559975284403
80.22,-0.029975747245900807
80.224,-0.0025898471400239327
80.228,-0.008675587449462369
80.232,-0.03527713047586698
80.236,-0.020341131291302127
80.24,0.0003487145210464282
80.244,-0.01399694904192159
80.248,-0.021258176867353547
80.252,-0.018828531801659595
80.256,-0.02493641516356023
80.26,-0.02181834870678162
80.264,-0.013343917583571866
80.268,-0.004686098990855406
80.272,-0.028571842271857488
80.276,-0.029052738828048014
80.28,-0.02113470850191999
80.284,-0.007388375879091351
80.288,-0.01119262423500576
80.292,-0.037538947590181976
80.296,-0.030085136790509365
80.3,-0.016630593605355817
80.304,-0.009594502325995458
80.308,-0.0007294520211687909
80.312,-0.01664279019009076
80.316,-0.03688995706116961
80.32,-0.004955833916349316
80.324,-0.005273105423975355
80.328,-0.004951054240865636
80.332,-0.023199386399658156
80.336,-0.017654303581524824
80.34,-0.00641821707216369
80.344,-0.006315145479008525
80.348,-0.0024593218671151475
80.352,-0.024126158772215946
80.356,-0.03674026027589798
80.36,-0.028278557346432018
80.364,0.0040815568161103166
80.368,-0.010126566357203111
80.372,-0.03068527502301457
80.376,-0.020539946139044356
80.38,-0.02936981980392684
80.384,-0.02542897166097808
80.388,-0.01084431802581107
80.392,-0.03112020588905931
80.396,-0.02495785447864629
80.4,-0.017577504252257757
80.404,-0.006431725748656039
80.408,-0.016442463394676508
80.412,-0.012624590704239002
80.416,-0.025884905304637575
80.42,-0.011652726342433004
80.424,0.0011455766893636952
80.428,-0.008715550947265121
80.432,-0.030737321940158713
80.436,-0.04314733178616898
80.44,-0.009277901443633812
80.444,0.008396334010941276
80.448,-0.01325279916008719
80.452,-0.03929654443880176
80.456,-0.02017307934530566
80.46,-0.025295388513823274
80.464,-0.007974016613108117
80.468,-0.023048634539191398
80.472,-0.014407431874512128
80.476,-0.0171316279012367
80.48,-0.02711082339776228
80.484,-0.01626589691041277
80.488,-0.013701522513742515
80.492,-0.027810618427334583
80.496,-0.015243168944662822
80.5,-0.014477711787995787
80.504,-0.011698174078428363
80.508,-0.0135156421796659
80.512,-0.025391569493964483
80.516,-0.02902406626677604
80.52,-0.005034225293004761
80.524,-0.005863608373871013
80.528,-0.008159552970327237
80.532,-0.022362717488247707
80.536,-0.038867360687671465
80.54,-0.015655598178088034
80.544,-0.01610338080041221
80.548,-0.020653152101714436
80.552,-0.016604841614680965
80.556,-0.028116008517487173
80.56,-0.03161312765070872
80.564,0.00018248637739656445
80.568,-0.0020325322329460983
80.572,-0.014903295649181737
80.576,-0.03607144877752491
80.58,-0.015352911315746207
80.584,-0.02014576027149044
80.588,-0.04168454815058274
80.592,-0.035761702441293786
80.596,-0.03321946396182139
80.6,-0.02528262194534874
80.604,-0.006162013538746661
80.608,-0.014102024600158181
80.612,-0.04921896956862282
80.616,-0.028690034371527486
80.62,-0.023268224634015545
80.624,-0.00234095130382662
80.628,-0.011203011618752947
80.632,-0.019557863676354623
80.636,-0.03329892268171182
80.64,-0.008174881665489835
80.644,-0.0026196893574572397
80.648,-0.0072103361451816735
80.652,-0.02383159874628229
80.656,-0.024182652470836105
80.66,-0.019244352786178358
80.664,-0.006470196883794497
80.668,-0.014885870521528129
80.672,-0.035281015528639464
80.676,-0.04530475406530281
80.68,-0.02135732626018954
80.684,-0.008964773045518926
80.688,-0.0194987484474914
80.692,-0.029128266103556483
80.696,-0.019199360252430804
80.7,-0.013905463591690849
80.704,-0.0021259872899283116
80.708,-0.017755050326763763
80.712,-0.025160917394058038
80.716,-0.026204888807408486
80.72,-0.017343850890209875
80.724,-0.018781466075434877
80.728,-0.012731565676706955
80.732,-0.03523154656341738
80.736,-0.013496455789727083
80.74,-0.006870654477849314
80.744,-0.015519726045483526
80.748,-0.025355536519592933
80.752,-0.030575676591383234
80.756,-0.029145348867392975
80.76,-0.02685503764671389
80.764,-0.00831186027561771
80.768,-0.024760853443528495
80.772,-0.01891854182805177
80.776,-0.017094731686945662
80.78,-0.0017815295770659371
80.784,-0.010880423858769143
80.788,-0.022020009478949942
80.792,-0.019866313402989784
80.796,-0.024531265954325757
80.8,-0.01614310721597162
80.804,-0.015594695166606574
80.808,-0.0192552396744248
80.812,-0.03448866517036483
80.816,-0.026301491815175895
80.82,-0.013504884497270633
80.824,-0.006934648500668593
80.828,-0.024660244811944003
80.832,-0.03904891662609196
80.836,-0.03050783507945422
80.84,-0.025550401000038664
80.844,0.0010961549084875892
80.848,-0.008017684080687093
80.852,-0.03206376802172097
80.856,-0.054063463684209556
80.86,-0.01413667909915897
80.864,-0.017316072481946068
80.868,-0.0027621458063960304
80.872,-0.03156609287567989
80.876,-0.029969225931513934
80.88,-0.009705915764417811
80.884,-0.00422237843204394
80.888,-0.003109389605175983
80.892,-0.04933229634394882
80.896,-0.03320931223631854
80.9,-0.024345723660979347
80.904,-0.027164684541188238
80.908,-0.037370694342144496
80.912,-0.025564913461417486
80.916,-0.03312629739833662
80.92,-0.02476366706403102
80.924,-0.004234768817212541
80.928,-0.01873946483911372
80.932,-0.028290510149295237
80.936,-0.02330167706176181
80.94,-0.03186075507264786
80.944,0.0060378121729208496
80.948,-0.02479190234905329
80.952,-0.009612608820869045
80.956,-0.028766006164271597
80.96,-0.011141832365741728
80.964,-0.007157318301574375
80.968,-0.00799995549214952
80.972,-0.02075764088262589
80.976,-0.03231748383853865
80.98,-0.01884895180004918
80.984,-0.0028524632345473012
80.988,-0.020972946071694663
80.992,-0.024884583862418375
80.996,-0.010711850489943449
81.0,-0.021182285834025708
81.004,0.0036618030304781113
81.008,-0.01139861694013426
81.012,-0.029186318440881598
81.016,-0.03668522778419102
81.02,-0.006244701419498493
81.024,-0.014347167407188284
81.028,-0.01693097103464494
81.032,-0.020679370960491113
81.036,-0.04059334809949388
81.04,-0.022780513053038506
81.044,-0.008523911265403368
81.048,-0.012535245839574449
81.052,-0.027409695899268567
81.056,-0.030851882540656052
81.06,-0.024283873841345678
81.064,0.004133324433152107
81.068,-0.015561035964384616
81.072,-0.029522186545905202
81.076,-0.01998615011430223
81.08,-0.026119049106757598
81.084,-0.014166488080040633
81.088,-0.021306788582573448
81.092,-0.007999806330047078
81.096,-0.03454268052018377
81.1,-0.01339546653230768
81.104,-0.011247131496547037
81.108,-0.01939873501961146
81.112,-0.046611016886058856
81.116,-0.02819342566164402
81.12,-0.014644019611403115
81.124,-0.004484798325802968
81.128,-0.024733949301562724
81.132,-0.026918800831460102
81.136,-0.03834691145794533
81.14,-0.026329396678016936
81.144,-0.009365227657270676
81.148,-0.0014948564456113787
81.152,-0.02870374830804983
81.156,-0.03177357233911286
81.16,-0.02444849557833642
81.164,-0.023842138875882088
81.168,-0.008409569680347173
81.172,-0.029079039389554077
81.176,-0.04188973748006155
81.18,-0.015496718386460427
81.184,-0.016946298026809057
81.188,-0.0012646793792779366
81.192,-0.03600338405322248
81.196,-0.042223336098494144
81.2,-0.02136817503318116
81.204,-0.02614146561412594
81.208,-0.01826168453628173
81.212,-0.02969157497450745
81.216,-0.02576217331891604
81.22,-0.02589033488469808
81.224,-0.012046771556444695
81.228,-0.007006462804733816
81.232,-0.03710585476904756
81.236,-0.04756902215318411
81.24,-0.017836838455944005
81.244,-0.023250947952131798
81.248,-0.019130242080083893
81.252,-0.024335817756819825
81.256,-0.03866357324263859
81.26,-0.015933241931890677
81.264,-0.009086179737880552
81.268,-0.022634692886570495
81.272,-0.02920159534418293
81.276,-0.04292160424809445
81.28,-0.01448673511431198
81.284,-0.013566409587562665
81.288,-0.02944743212740635
81.292,-0.04542342055865818
81.296,-0.04555260691851701
81.3,-0.02414326889925554
81.304,-0.010384629493688692
81.308,-0.018968008016202062
81.312,-0.02487355229401242
81.316,-0.04086781716878345
81.32,-0.021783964131955432
81.324,-0.005223990721008495
81.328,-0.02086596203315094
81.332,-0.03245973077463992
81.336,-0.03457560451982307
81.34,-0.03406665541446227
81.344,-0.010858834054959004
81.348,-0.0030247686233697817
81.352,-0.012830734036104846
81.356,-0.0384554762206669
81.36,-0.023808610827825503
81.364,-0.007904349080342961
81.368,-0.004828112214693803
81.372,-0.03255678104754651
81.376,-0.030453091887233042
81.38,-0.028992282034491137
81.384,-0.006051291807709509
81.388,-0.01488153537155442
81.392,-0.030088451456054377
81.396,-0.022045186236393656
81.4,-0.012636280111406632
81.404,-0.019942368588144833
81.408,-0.0021558002606505994
81.412,-0.023281551374117963
81.416,-0.03743801551654877
81.42,-0.013477093871457147
81.424,-0.008333909370188972
81.428,-0.011910072087840291
81.432,-0.02692765101921422
81.436,-0.027054673803792024
81.44,-0.030842218380014438
81.444,-0.014928841069675184
81.448,-0.009434408769388721
81.452,-0.018097461693599055
81.456,-0.03282353704004617
81.46,-0.03518628867037067
81.464,-0.012435451194795366
81.468,0.0029825526835740475
81.472,-0.026406511232924552
81.476,-0.0281421415097331
81.48,-0.024580698929875106
81.484,-0.011768925453468635
81.488,-0.01478183726327297
81.492,-0.0172205581828683
81.496,-0.0147143913371677
81.5,-0.010878865167683481
81.504,-0.01110802782604484
81.508,-0.017213109987110824
81.512,-0.025268201579442387
81.516,-0.0322858871234983
81.52,-0.031104933413881732
81.524,-0.020323071357822787
81.528,-0.024955459597180152
81.532,-0.026009516904571307
81.536,-0.02382831942198238
81.54,-0.014568478631817209
81.544,-0.017719280145357376
81.548,-0.015399311791269648
81.552,-0.020418606523063265
81.556,-0.03138141027370443
81.56,-0.011861350674137862
81.564,-0.02087388004227704
81.568,-0.010752530680655618
81.572,-0.028512751003087963
81.576,-0.0484755566990828
81.58,-0.02437281784811812
81.584,0.004996191357271418
81.588,-0.03295820609387154
81.592,-0.022630596228840474
81.596,-0.03581402174581817
81.6,-0.01789636300443332
81.604,-0.0009335111498061238
81.608,-0.015192626886804455
81.612,-0.03160028935778581
81.616,-0.04510417495515884
81.62,-0.029453046782038948
81.624,-0.024648442408219888
81.628,-0.02718438409160327
81.632,-0.029270486283727262
81.636,-0.03170762486414041
81.64,-0.023278632651718676
81.644,-0.010695448056480898
81.648,-0.01158383644531665
81.652,-0.024346837600705086
81.656,-0.01970750787355744
81.66,-0.004301249086829807
81.664,-0.007847793908164254
81.668,-0.019256319855383636
81.672,-0.04131776477920849
81.676,-0.02132600778760302
81.68,-0.021400244592377424
81.684,-0.017802549582157955
81.688,-0.017978489265236843
81.692,-0.01997949699012059
81.696,-0.03164567676144131
81.7,-0.02248718531119715
81.704,-0.024936331402180975
81.708,-0.009284288072530568
81.712,-0.025663376724592554
81.716,-0.0416159510570438
81.72,-0.036978435354510404
81.724,-0.024090030277556344
81.728,-0.020523318695826773
81.732,-0.04432500598807827
81.736,-0.052604509099289466
81.74,-0.02937374956625232
81.744,-0.011804346290621439
81.748,-0.015514278180186436
81.752,-0.023592718199761643
81.756,-0.03227973438113194
81.76,-0.029547069536904655
81.764,-0.017528367313638153
81.768,-0.030560925788485238
81.772,-0.018802666567568835
81.776,-0.02937481685362329
81.78,-0.018292274045709937
81.784,-0.02547561123611169
81.788,-0.02055872077967048
81.792,-0.02861393294198282
81.796,-0.030901953235344348
81.8,-0.01319436404235127
81.804,0.0015741982978208554
81.808,-0.01567491934903463
81.812,-0.028124720251113264
81.816,-0.020805347032123424
81.82,-0.01771210031353989
81.824,0.003415397208840579
81.828,-0.021962462959802777
81.832,-0.022655930127606423
81.836,-0.04385379045188002
81.84,-0.015062801779201919
81.844,-0.0324350152096404
81.848,-0.008456873882293986
81.852,-0.03532123174906492
81.856,-0.020222062713152057
81.86,-0.04135369111261264
81.864,-0.020701192460801626
81.868,-0.013483602816767349
81.872,-0.02543354714441813
81.876,-0.037834050409733824
81.88,-0.018587296477668176
81.884,-0.0017419696229154097
81.888,-0.00584142606182329
81.892,-0.03063036320571878
81.896,-0.04256842356602626
81.9,-0.023874364077634765
81.904,-0.009471109391230255
81.908,-0.028152612179745948
81.912,-0.027590595327491047
81.916,-0.03742141000602039
81.92,-0.01590978123145894
81.924,-0.014630469591402405
81.928,-0.010244786187107321
81.932,-0.021553178307357753
81.936,-0.023929911471712296
81.94,-0.027908804165991882
81.944,-0.00943982420893566
81.948,-0.0168435246562631
81.952,-0.016241405197210203
81.956,-0.04355085024308818
81.96,-0.02576932449384689
81.964,-0.014942085357900974
81.968,-0.0263385403773257
81.972,-0.02185147414307941
81.976,-0.030062439050379784
81.98,-0.021519707661840724
81.984,-0.027386182487755366
81.988,-0.03357347031709335
81.992,-0.03836543217397487
81.996,-0.033716460646393685
82.0,-0.013979943250299685
82.004,-0.012776523465477621
82.008,-0.013884667226758428
82.012,-0.03148690779788841
82.016,-0.029516738933568782
82.02,-0.03301937994816001
82.024,-0.014657892889497964
82.028,-0.03184441713331494
82.032,-0.034412504065459655
82.036,-0.028326685398252328
82.04,-0.018016688257117344
82.044,-0.017263280257964923
82.048,-0.01746048185193219
82.052,-0.020757988413920514
82.056,-0.030225010471031946
82.06,-0.02223580610087029
82.064,-0.010269999924008634
82.068,-0.011719483869745216
82.072,-0.04454699611756801
82.076,-0.030991930667691753
82.08,-0.0259169537136454
82.084,-0.0013764340852615523
82.088,-0.02266350234414169
82.092,-0.0281605289542256
82.096,-0.027976695035545923
82.1,-0.014072338173436841
82.104,-0.014505093034978806
82.108,-0.01678885418243556
82.112,-0.029066537915151118
82.116,-0.04196002803129387
82.12,-0.027447957977199212
82.124,-0.025531692149174702
82.128,-0.022082337288065433
82.132,-0.026092722432714082
82.136,-0.026534646017517254
82.14,-0.009093836294611501
82.144,-0.018908041203170516
82.148,-0.0034752291986390044
82.152,-0.03881428856450919
82.156,-0.0319935121781689
82.16,-0.03308687055403424
82.164,-0.0179375928183976
82.168,-0.02537866814705903
82.172,-0.026132078392094655
82.176,-0.034559355605684315
82.18,-0.013152362080538875
82.184,-0.008028970476435828
82.188,-0.01106168746091566
82.192,-0.029663208878271608
82.196,-0.03010138745275559
82.2,-0.02960584487208357
82.204,-0.024052740340012327
82.208,-0.01897988694005784
82.212,-0.02860041193928788
82.216,-0.03244342730837909
82.22,-0.04069768468887473
82.224,-0.01613774703909905
82.228,-0.013920133118762418
82.232,-0.019653471155387035
82.236,-0.035744270778572486
82.24,-0.02719433922542749
82.244,-0.012304089097745803
82.248,-0.004679816921573456
82.252,-0.035934850409739025
82.256,-0.033283153118241975
82.26,-0.02039690563369364
82.264,-0.02167013128488663
82.268,-0.017097382975061963
82.272,-0.02602633475801766
82.276,-0.017303023283492334
82.28,-0.02634854039874986
82.284,-0.004540542336796332
82.288,-0.00596967587796521
82.292,-0.044166848417218026
82.296,-0.04945889407008228
82.3,-0.02362745862369569
82.304,-0.011296133137052558
82.308,-0.028687531977045523
82.312,-0.03988947191111681
82.316,-0.02917217034198205
82.32,-0.023400830652525614
82.324,-0.007074875994513189
82.328,-0.020297406362593164
82.332,-0.03488640005314052
82.336,-0.032657377136638466
82.34,-0.03350222363668241
82.344,-0.009829460569402187
82.348,-0.0018404364533395716
82.352,-0.020320114151785904
82.356,-0.02810221471003554
82.36,-0.02559433760412019
82.364,-0.01673854555805379
82.368,-0.010915870689009639
82.372,-0.03705708838279906
82.376,-0.05866661514196482
82.38,-0.02212413707741671
82.384,-0.018367761250583637
82.388,-0.019024751324977992
82.392,-0.03490069611793846
82.396,-0.02489254362703193
82.4,-0.028194120880362154
82.404,-0.0005805328980969457
82.408,-0.03083229815472318
82.412,-0.02688929211236068
82.416,-0.03215581498500353
82.42,-0.01877165451458008
82.424,-0.023889604703882895
82.428,-0.028533608638354552
82.432,-0.0301472835448253
82.436,-0.03543875562283684
82.44,-0.028033546241159335
82.444,-0.007456893325106482
82.448,-0.022869324599718938
82.452,-0.03372700392931913
82.456,-0.024745015253757406
82.46,-0.013744281826503326
82.464,-0.012973641382731747
82.468,-0.017592221179133654
82.472,-0.034489920407610154
82.476,-0.020654708555776585
82.48,-0.021149574288635616
82.484,-0.01111285144531856
82.488,-0.01359453825928365
82.492,-0.03826122637254723
82.496,-0.013237654040778802
82.5,-0.027746968796450968
82.504,-0.0031961053356369847
82.508,-0.009519671540292915
82.512,-0.03869283634173547
82.516,-0.03726889459544241
82.52,-0.017173195195262815
82.524,-0.012134544456809941
82.528,-0.013775070140277804
82.532,-0.026832150178566983
82.536,-0.02092190740651801
82.54,-0.019304814801390548
82.544,-0.00739782659954587
82.548,-0.018600513140337654
82.552,-0.020149318492195343
82.556,-0.024834906512354517
82.56,-0.019934773635233063
82.564,-0.02118076149980446
82.568,-0.02975117378411532
82.572,-0.033118969928791514
82.576,-0.02053422731319971
82.58,-0.019330115656446604
82.584,-0.012422192119137096
82.588,-0.017193319181586415
82.592,-0.022243064719083022
82.596,-0.018369085940922833
82.6,-0.012575984139047492
82.604,-0.014228833031368713
82.608,-0.01812628656124161
82.612,-0.026232571371002298
82.616,-0.02774116883806743
82.62,-0.02941783374524449
82.624,-0.018333984604683405
82.628,-0.015510380046046247
82.632,-0.03336712480453445
82.636,-0.04545069005427961
82.64,-0.0244334327255035
82.644,-0.024055879908286053
82.648,-0.003716320755892507
82.652,-0.03552350432845997
82.656,-0.03873008496250223
82.66,-0.01941469342148258
82.664,0.0063185017987505004
82.668,-0.019469247373572238
82.672,-0.033679924805751896
82.676,-0.028762504320172036
82.68,-0.018779969666525752
82.684,-0.016206786880938018
82.688,-0.009149908163641791
82.692,-0.03042834159568695
82.696,-0.029036484063155933
82.7,-0.031670951220708954
82.704,-0.01811342592512472
82.708,-0.017547199712948637
82.712,-0.031018826685970786
82.716,-0.03390440593784488
82.72,-0.02153201410767722
82.724,-0.016887068729854918
82.728,-0.020032072292920602
82.732,-0.0332328748243061
82.736,-0.027032556643238517
82.74,-0.03221444235657913
82.744,-0.010561473574747973
82.748,-0.03142046380457425
82.752,-0.022958560970553942
82.756,-0.0345846795300744
82.76,-0.02523994102832987
82.764,-0.014406563643076777
82.768,-0.0075695981955213945
82.772,-0.03857227154316381
82.776,-0.02934827826790882
82.78,-0.009187546128460334
82.784,-0.008954599121009592
82.788,-0.015061650751349109
82.792,-0.040125950149419144
82.796,-0.029579760118845444
82.8,-0.028669865232012457
82.804,-0.031677806644351554
82.808,-0.04048587409490816
82.812,-0.021195992057251704
82.816,-0.04778730589851426
82.82,-0.024715862813027307
82.824,-0.011233346797912193
82.828,-0.022310613785995904
82.832,-0.0322401757479262
82.836,-0.0376300038707333
82.84,-0.028463208232217662
82.844,-0.013384882949324528
82.848,-0.024116573426772852
82.852,-0.030786704706358758
82.856,-0.030192601474479965
82.86,-0.01967080987639798
82.864,-0.025586097987398415
82.868,-0.021918945049520543
82.872,-0.029628160865444314
82.876,-0.04122569155111901
82.88,-0.03303898855908692
82.884,-0.018707183431203152
82.888,-0.023398633326989687
82.892,-0.031006475014871974
82.896,-0.03663226307634042
82.9,-0.02246608610297475
82.904,-0.02030807706971905
82.908,-0.01733634361566934
82.912,-0.03749785188249406
82.916,-0.03783997986759449
82.92,-0.003777069279359807
82.924,-0.007256893962769672
82.928,-0.019617614495669795
82.932,-0.04263441364586871
82.936,-0.042472325993409166
82.94,-0.020173850070345237
82.944,-0.015651784532639372
82.948,-0.02060826765486615
82.952,-0.02995550394451123
82.956,-0.050065512017376246
82.96,-0.019849428366220917
82.964,-0.02168984595630491
82.968,-0.019952525965854957
82.972,-0.031901696394182076
82.976,-0.02885087263958104
82.98,-0.018865661721157227
82.984,-0.020789923161866314
82.988,-0.018032050469887713
82.992,-0.037452825140735974
82.996,-0.0382458875856752
83.0,-0.015931362874634102
83.004,-0.02405701896245858
83.008,-0.02051971293849334
83.012,-0.019704356898537178
83.016,-0.024280480043175613
83.02,-0.0225768181775246
83.024,-0.01431128549896828
83.028,-0.02161012202938372
83.032,-0.0378601314269447
83.036,-0.03290952831446766
83.04,-0.018294154049324808
83.044,-0.001255469515387575
83.048,-0.016537928553126975
83.052,-0.01998396289950074
83.056,-0.03440892242580146
83.06,-0.01963989993440509
83.064,-0.019168040026212075
83.068,-0.024012286860469665
83.072,-0.041521579978028786
83.076,-0.03411875392077349
83.08,-0.016725541833109696
83.084,-0.013170022545966689
83.088,-0.014793406684637092
83.092,-0.023453282201420584
83.096,-0.026395178395128616
83.1,-0.03205298641129667
83.104,-0.02835877330806834
83.108,-0.00037872072935161635
83.112,-0.040783613768846545
83.116,-0.020190720595636057
83.12,-0.02521315589008275
83.124,-0.02658660134668262
83.128,-0.012689481904255066
83.132,-0.04604953788641888
83.136,-0.04152924975995857
83.14,-0.04514972056937436
83.144,-0.014587646135891974
83.148,-0.015734165051660004
83.152,-0.0160600568301415
83.156,-0.04093411963200188
83.16,-0.03420885478426527
83.164,-0.004410754905120167
83.168,-0.01899373567762334
83.172,-0.029240925217928482
83.176,-0.03388745221844431
83.18,-0.018110325833488358
83.184,-0.018495573114228187
83.188,-0.012282933060814785
83.192,-0.04080487073802473
83.196,-0.033176404629948565
83.2,-0.027161490918350274
83.204,-0.01714368786284521
83.208,-0.032105880868488895
83.212,-0.042554302163867394
83.216,-0.03524206846964248
83.22,-0.026903331718231015
83.224,-0.028079100369297727
83.228,-0.02142807929858404
83.232,-0.019040671905765975
83.236,-0.03148481496886085
83.24,-0.01970957287009658
83.244,0.0001514091111636806
83.248,-0.014769596012241447
83.252,-0.030931816841134645
83.256,-0.03799582674148264
83.26,-0.016674444310427194
83.264,-0.01741709655551729
83.268,-0.019298137765675762
83.272,-0.03366569798688672
83.276,-0.04694979569404567
83.28,-0.025871625151770945
83.284,-0.024624794220658754
83.288,-0.017630636186620068
83.292,-0.04121247182472589
83.296,-0.025766319359809057
83.3,-0.03822261742721762
83.304,-0.021356125560069772
83.308,-0.011302915546231522
83.312,-0.029783924642533446
83.316,-0.05014556555686357
83.32,-0.032091717671719144
83.324,-0.004570134003039166
83.328,-0.02258414139272786
83.332,-0.01761502233415533
83.336,-0.025090445630994954
83.34,-0.03507659018182086
83.344,-0.017464518728488972
83.348,-0.02276985520399093
83.352,-0.036414388532112506
83.356,-0.03573405648312432
83.36,-0.027766660035013453
83.364,-0.00287938952643922
83.368,-0.026381448706845983
83.372,-0.037717417033596906
83.376,-0.05160901395052885
83.38,-0.04618942352406197
83.384,-0.018821810651576138
83.388,-0.01828968097262413
83.392,-0.02258376889855689
83.396,-0.05214711884975194
83.4,-0.02236108197043051
83.404,-0.019482811452669196
83.408,-0.015202424980505114
83.412,-0.03282691101133553
83.416,-0.034679924438210843
83.42,-0.03430717809505769
83.424,-0.03193371197966435
83.428,-0.033466582123510794
83.432,-0.04427142535593073
83.436,-0.04488884552780222
83.44,-0.01056232328838124
83.444,-0.009236954602763997
83.448,-0.007108257943656809
83.452,-0.02486751002871495
83.456,-0.040623619309189986
83.46,-0.02114790503922192
83.464,-0.010956851130932789
83.468,-0.000340031126506421
83.472,-0.039691501745937205
83.476,-0.04145204551424973
83.48,-0.04415675622726371
83.484,-0.012181464684952327
83.488,-0.013675311088860944
83.492,-0.028409437350901002
83.496,-0.021653802107042062
83.5,-0.03400585456984444
83.504,-0.010302711373365553
83.508,-0.022788262417633546
83.512,-0.031759348150176336
83.516,-0.04729065846803901
83.52,-0.03317097138922821
83.524,-0.009419357258962839
83.528,-0.022922217729871703
83.532,-0.044609100012642865
83.536,-0.02563232437643219
83.54,-0.013995101803899544
83.544,-0.012732120815228908
83.548,-0.03729127000446809
83.552,-0.03425314290583869
83.556,-0.04144968229262048
83.56,-0.03013792402075958
83.564,-0.014647406644307331
83.568,-0.02450936373440653
83.572,-0.03958790477579349
83.576,-0.03716368631156379
83.58,-0.031779720257926386
83.584,-0.021298618403979057
83.588,-0.021458885180795213
83.592,-0.04680928245449549
83.596,-0.01180417297924993
83.6,-0.03546828161015894
83.604,-0.01583518343172054
83.608,-0.022016357584640923
83.612,-0.02520322441024072
83.616,-0.035944968907239666
83.62,-0.03116914786794423
83.624,-0.018643059789313077
83.628,-0.020778020365742913
83.632,-0.023607974213179304
83.636,-0.04028190022200086
83.64,-0.02966221822746171
83.644,-0.015084181242553505
83.648,-0.012312110663288637
83.652,-0.022768357099433117
83.656,-0.05146169982477458
83.66,-0.014729489583443162
83.664,-0.027962926270389026
83.668,-0.0015250471485133248
83.672,-0.01788844309631514
83.676,-0.024972330313566875
83.68,-0.01899355655454636
83.684,-0.016700697546664714
83.688,-0.03243010129703842
83.692,-0.040167658474111384
83.696,-0.03170138283300965
83.7,-0.04034971868889068
83.704,-0.028622340894765598
83.708,-0.012728548504763886
83.712,-0.04586202854523228
83.716,-0.04387827650750289
83.72,-0.02759241521142844
83.724,-0.006242001948554666
83.728,-0.023816366743244013
83.732,-0.02558640360530428
83.736,-0.018189535369000007
83.74,-0.022374570489634996
83.744,-0.02015010835602056
83.748,-0.0223317064524621
83.752,-0.03285747453635251
83.756,-0.031164074191612674
83.76,-0.02443895941955831
83.764,-0.008904688162048868
83.768,-0.012840796857705413
83.772,-0.028627772458095266
83.776,-0.023566026858772033
83.78,-0.024134987499435708
83.784,-0.02686984723119481
83.788,-0.01586205158213632
83.792,-0.022704171813693504
83.796,-0.026557185908634214
83.8,-0.03519388276084615
83.804,-0.006115870565034164
83.808,-0.022214717107076797
83.812,-0.03525289494681545
83.816,-0.03464846326254415
83.82,-0.025713502686536854
83.824,-0.021811469074190716
83.828,-0.021601572897460463
83.832,-0.03828246670913968
83.836,-0.036721961897140915
83.84,-0.024664990245842188
83.844,-0.018239623311841577
83.848,-0.02669897073764503
83.852,-0.027617598581314573
83.856,-0.03982605897681305
83.86,-0.01395635458369254
83.864,-0.020273948024221368
83.868,-0.0049064245370932895
83.872,-0.03678089387806042
83.876,-0.039583717564939856
83.88,-0.03408645005908946
83.884,-0.02538797819426848
83.888,-0.022184231103336886
83.892,-0.02173827646471664
83.896,-0.0387770387663781
83.9,-0.03408283183084161
83.904,-0.01919811158604559
83.908,-0.025995515482149366
83.912,-0.03575523970997381
83.916,-0.02894528133145203
83.92,-0.035982494450784705
83.924,-0.01183040101297461
83.928,-0.015297215366233134
83.932,-0.055468137379013384
83.936,-0.033340762292295587
83.94,-0.01227934357738698
83.944,0.0031943893361048616
83.948,-0.0034269492563774352
83.952,-0.03523596445630548
83.956,-0.04825088221288626
83.96,-0.018172075886009897
83.964,-0.009349783992574157
83.968,-0.00869402913814309
83.972,-0.038591784359679415
83.976,-0.03547230904532773
83.98,-0.023100262627185758
83.984,-0.03958349174637847
83.988,-0.014707980048763785
83.992,-0.029353516704356084
83.996,-0.030922415039137403
84.0,-0.025190294998167086
84.004,-0.01825081064733492
84.008,-0.027915800498827
84.012,-0.02223388074336783
84.016,-0.028739068613097808
84.02,-0.03369270690977961
84.024,-0.015053023757020051
84.028,-0.026578847084785546
84.032,-0.03789795932287801
84.036,-0.04256091001208301
84.04,-0.03990303411507226
84.044,-0.0190651555639972
84.048,-0.021978213029328886
84.052,-0.03989222501935355
84.056,-0.04104141288404178
84.06,-0.019026749637773212
84.064,-0.017501934835460822
84.068,-0.012681324808964813
84.072,-0.04669522243063867
84.076,-0.041653933401748694
84.08,-0.027889045707884474
84.084,-0.015344999661534305
84.088,-0.033858966938191626
84.092,-0.022001841200610533
84.096,-0.03752275787463344
84.1,-0.02060408330008903
84.104,-0.024207331927467823
84.108,-0.02917176400077018
84.112,-0.03610089879916295
84.116,-0.03806495173385278
84.12,-0.03061532726502363
84.124,-0.01189796109942081
84.128,-0.021294642662640077
84.132,-0.039470041106265535
84.136,-0.03322991016717318
84.14,-0.02521958165885407
84.144,-0.02415974665302778
84.148,-0.024281845194960017
84.152,-0.019453310706426738
84.156,-0.03020313424985737
84.16,-0.02985770821816828
84.164,0.008430935796981585
84.168,-0.014947761524525666
84.172,-0.02614045140692929
84.176,-0.04936980320898422
84.18,-0.022142870193046865
84.184,-0.02539828248674306
84.188,-0.011662250988985674
84.192,-0.035548686871596846
84.196,-0.037883966327058115
84.2,-0.03050561716758182
84.204,-0.03030086234673096
84.208,-0.019434880666597626
84.212,-0.02323820130263475
84.216,-0.04547895700985491
84.22,-0.034678238918467295
84.224,-0.022481721344937027
84.228,-0.018378021136769597
84.232,-0.030553349078386152
84.236,-0.04552992842274365
84.24,-0.03305768862282722
84.244,-0.019094723148713296
84.248,-0.020185556164516286
84.252,-0.04018728971563248
84.256,-0.05008969812934615
84.26,-0.023791909909112327
84.264,-0.030708626408897117
84.268,-0.011151160617003124
84.272,-0.03262401231438007
84.276,-0.036544791301838825
84.28,-0.03283379749068166
84.284,-0.015504705353183842
84.288,-0.020784679594330523
84.292,-0.03840445426905083
84.296,-0.046956713565677946
84.3,-0.02680900342370068
84.304,-0.009457893051600951
84.308,-0.02397959755348431
84.312,-0.032783901313859366
84.316,-0.028538103089206866
84.32,-0.017895516895144924
84.324,-0.014429784357030857
84.328,-0.020861396511966335
84.332,-0.04209015368221061
84.336,-0.037219606697871506
84.34,-0.03285470327467479
84.344,-0.02812922563925481
84.348,-0.026778036748644804
84.352,-0.032492222588652905
84.356,-0.033689989341859204
84.36,-0.021468920637012962
84.364,-0.010405716288410055
84.368,-0.018489985220843975
84.372,-0.04036870361701377
84.376,-0.031139706152068857
84.38,-0.029751349270637245
84.384,-0.004893953702290666
84.388,-0.047659601154023165
84.392,-0.02757358050864239
84.396,-0.04081682568703631
84.4,-0.030148767642612852
84.404,-0.022125827556595378
84.408,-0.008448180665603763
84.412,-0.02802002035753765
84.416,-0.050413622178026044
84.42,-0.0301108826292233
84.424,-0.018281833159708657
84.428,-0.028358606462841163
84.432,-0.034007787338238775
84.436,-0.024597238885426063
84.44,-0.029969871376468227
84.444,-0.019419722494688207
84.448,-0.02494565723245562
84.452,-0.03206301662982455
84.456,-0.032857301951638454
84.46,-0.029889813381517926
84.464,-0.011289715241540318
84.468,-0.00954450751085421
84.472,-0.03472357104440123
84.476,-0.03928262273770122
84.48,-0.030152236738131128
84.484,-0.025074487409575304
84.488,-0.019142426868538516
84.492,-0.03627903585278705
84.496,-0.031158171998205704
84.5,-0.03567238803789581
84.504,-0.024184699895517303
84.508,-0.018700491738011537
84.512,-0.03903953841860033
84.516,-0.03551835160274265
84.52,-0.039938362922244085
84.524,-0.008102239978398967
84.528,-0.01581444072904735
84.532,-0.03009145272932436
84.536,-0.029098048240698615
84.54,-0.037272592768235725
84.544,-0.01745010772419868
84.548,-0.032702801336133173
84.552,-0.03804757042067861
84.556,-0.03652164075923739
84.56,-0.03394845239850489
84.564,-0.02259191867230145
84.568,-0.0195175894695464
84.572,-0.046799834382665884
84.576,-0.03210619795502878
84.58,-0.025899010694185303
84.584,-0.027811521524332312
84.588,-0.003911612481009245
84.592,-0.038722374137900833
84.596,-0.03806295299154776
84.6,0.0257878452655911
84.604,0.015154325466465479
84.608,0.02226772740557713
84.612,0.00561995077990695
84.616,0.000409436912613127
84.62,0.028937265706148223
84.624,0.01605478942342652
84.628,0.01995339024355842
84.632,0.0027832830945787347
84.636,0.015451175507810392
84.64,0.014124459073052455
84.644,0.03180647912988206
84.648,0.017667584869346303
84.652,-0.015338876892050098
84.656,0.008713591133440455
84.66,0.014470656482064742
84.664,0.036946169371912474
84.668,0.008477047303540201
84.672,0.012272256337349336
84.676,-0.0008872236333809318
84.68,0.021111135105419416
84.684,0.01949276303461779
84.688,0.02073318908450654
84.692,0.0018700398774102317
84.696,0.004809387777345976
84.7,-0.03824490024962246
84.704,-0.02364075954042503
84.708,-0.005716009787216626
84.712,-0.022489376419705404
84.716,-0.037723022917502215
84.72,-0.05005077881799322
84.724,-0.015906250853797967
84.728,-0.017181999718907583
84.732,-0.03351037675913528
84.736,-0.03528425916120862
84.74,-0.03399485592169603
84.744,-0.024610542228394712
84.748,-0.023497265939439876
84.752,-0.0031698943164680873
84.756,-0.03657773542151476
84.76,-0.034586351776033725
84.764,-0.03000062802232648
84.768,-0.011428518186693685
84.772,-0.03415580924171079
84.776,-0.04655746008060986
84.78,-0.025500441090742915
84.784,-0.01004743222277032
84.788,-0.02705268842856675
84.792,-0.03901047990276208
84.796,-0.04369843725585319
84.8,-0.024803988081357538
84.804,-0.018946695345731568
84.808,-0.01876548790297755
84.812,-0.0298187265417692
84.816,-0.035826965679286275
84.82,-0.03558579174645721
84.824,-0.012419679952227036
84.828,-0.02416849637708052
84.832,-0.04065939476015667
84.836,-0.036212054694201065
84.84,-0.028373515886158746
84.844,-0.03130450199187427
84.848,-0.027102363901899344
84.852,-0.03786332270968687
84.856,-0.04386799119056791
84.86,-0.017891085526677737
84.864,-0.023720039463414645
84.868,-0.030773351395346073
84.872,-0.03451406151056669
84.876,-0.03519939105261535
84.88,-0.030605244874296764
84.884,-0.02245893938367612
84.888,-0.011830243098192717
84.892,-0.02727488064710313
84.896,-0.048016633841400036
84.9,-0.029778689886207323
84.904,-0.014885632776483663
84.908,-0.02947215356171427
84.912,-0.043129849709503704
84.916,-0.03367047151757178
84.92,-0.02873077865619172
84.924,-0.03547832121788766
84.928,-0.02088243347779043
84.932,-0.04087918602167536
84.936,-0.03458870412782866
84.94,-0.03843358612932881
84.944,-0.028095881991855257
84.948,-0.02787056571837558
84.952,-0.02918811883248601
84.956,-0.045647357306789
84.96,-0.03528574586177096
84.964,-0.03355078759375825
84.968,-0.014847169949410651
84.972,-0.03712833012112654
84.976,-0.034489165676405566
84.98,-0.02588216963386315
84.984,-0.021681478028323323
84.988,-0.041697979731636
84.992,-0.0287352777061923
84.996,-0.027038793409944188
85.0,-0.015060186754789807
85.004,-0.036196700579357935
85.008,-0.02345281258372269
85.012,-0.031470586897530003
85.016,-0.04227140343184975
85.02,-0.030418280825687455
85.024,-0.02292462022207426
85.028,-0.029904494801674765
85.032,-0.024220377718283552
85.036,-0.03623191765233285
85.04,-0.02558153253223993
85.044,-0.015774637263072187
85.048,-0.027425562979221968
85.052,-0.04233767340845161
85.056,-0.03167759632357598
85.06,-0.04410645625276216
85.064,-0.014205814183538362
85.068,-0.02117365148005359
85.072,-0.023417619108169446
85.076,-0.028564131911108126
85.08,-0.018798701560829946
85.084,-0.018835462036699422
85.088,-0.021036308024041956
85.092,-0.03651377055935351
85.096,-0.05135318814407
85.1,-0.032010560131475484
85.104,-0.019934211126522893
85.108,-0.0212596250875722
85.112,-0.0397091702436022
85.116,-0.04338366435070279
85.12,-0.023667305262905013
85.124,-0.023617917052286157
85.128,-0.03293264219732302
85.132,-0.0351579439709952
85.136,-0.038399900959188306
85.14,-0.014998852888982537
85.144,-0.014939866640113507
85.148,-0.026993083365318648
85.152,-0.04850307290364621
85.156,-0.034526982515132365
85.16,-0.02359957961187772
85.164,-0.017064098466503613
85.168,-0.015319192238283014
85.172,-0.030558382314795393
85.176,-0.03957340460653306
85.18,-0.03810896865446184
85.184,-0.02179882183255158
85.188,-0.022116990320941762
85.192,-0.04214061440827465
85.196,-0.03027997374396944
85.2,-0.024512207626514834
85.204,-0.004452783061797109
85.208,-0.036192487820378406
85.212,-0.04002997957639956
85.216,-0.022498824171209186
85.22,-0.03453326213822115
85.224,-0.03634601675320224
85.228,-0.007770125610592326
85.232,-0.019485028035333973
85.236,-0.026331939295923652
85.24,-0.01764814321007908
85.244,-0.031397167822101994
85.248,-0.03758521586589888
85.252,-0.039260213124541754
85.256,-0.028361247328533654
85.26,-0.02898199722681715
85.264,-0.026679467407384284
85.268,-0.03394797063342864
85.272,-0.03244959809062645
85.276,-0.02127024798696091
85.28,-0.010876029768032636
85.284,-0.023840977181850805
85.288,-0.019255436236334012
85.292,-0.038816903652482575
85.296,-0.04596265929635607
85.3,-0.019654165449168034
85.304,-0.033398875366304315
85.308,-0.0234886709379293
85.312,-0.032633233479431145
85.316,-0.04149046568168031
85.32,-0.023433604475358496
85.324,-0.01855388271815318
85.328,-0.01568155684319372
85.332,-0.03662286250102585
85.336,-0.033974747826374996
85.34,-0.04414487767903295
85.344,-0.020662500411804445
85.348,-0.02247385096772112
85.352,-0.03256939791589672
85.356,-0.03656616465652238
85.36,-0.037436532467717
85.364,-0.02103916621342706
85.368,-0.013235775659969348
85.372,-0.038880105002558014
85.376,-0.038832425769526197
85.38,-0.016201804211645736
85.384,-0.011323904873219891
85.388,-0.02757696870675377
85.392,-0.03807183868687668
85.396,-0.03921543451729243
85.4,-0.026801918612558505
85.404,-0.017048981833277407
85.408,-0.015596700678782233
85.412,-0.03415070456685922
85.416,-0.034219155625296635
85.42,-0.015055395198845942
85.424,-0.022306545448883896
85.428,-0.025245904921848004
85.432,-0.0282282449935743
85.436,-0.052138778377892464
85.44,-0.03287313614399651
85.444,-0.023954802253700298
85.448,-0.032342259461228644
85.452,-0.031917086715926773
85.456,-0.0399485057493051
85.46,-0.034725606711489984
85.464,-0.02042517095989434
85.468,-0.0103726809039279
85.472,-0.03441622645140729
85.476,-0.040666322948795394
85.48,-0.025457968420069175
85.484,-0.030675305610322078
85.488,-0.024004597940644672
85.492,-0.03550967632827493
85.496,-0.035219036949958094
85.5,-0.026137223642368392
85.504,-0.021448527124751454
85.508,-0.02026975631652317
85.512,-0.04662913300475969
85.516,-0.029301960985954615
85.52,-0.01657886810569279
85.524,-0.018996547891040477
85.528,-0.010957131819968957
85.532,-0.03539857860915817
85.536,-0.027049475914565906
85.54,-0.022766277860755104
85.544,-0.018973621223419015
85.548,-0.029868338115354647
85.552,-0.04326193108711296
85.556,-0.03822537094519455
85.56,-0.029639063468950448
85.564,-6.290947438206476e-05
85.568,-0.02549526787518956
85.572,-0.025753745292915055
85.576,-0.04449695978108187
85.58,-0.03325696368645381
85.584,-0.010661311648948329
85.588,-0.02293370426041256
85.592,-0.0232641562969244
85.596,-0.043828519695154826
85.6,-0.030120940681687938
85.604,-0.01963210976196164
85.608,-0.027493505862738726
85.612,-0.02796714630146277
85.616,-0.03355225088497842
85.62,-0.022891591074752696
85.624,-0.008179183824161149
85.628,-0.0279185600096924
85.632,-0.044890294851872466
85.636,-0.04338282696707759
85.64,-0.023093792799735
85.644,-0.014974393755085552
85.648,-0.01562237023475823
85.652,-0.024497583721381083
85.656,-0.05704906210375303
85.66,-0.03739532783089067
85.664,-0.021262294396819474
85.668,-0.009045989993464626
85.672,-0.04081155015648886
85.676,-0.03692279820744772
85.68,-0.03086147220464254
85.684,-0.0029174201164958863
85.688,-0.02396226107067228
85.692,-0.045347796607643646
85.696,-0.041265050820792425
85.7,-0.028457814702139858
85.704,-0.014134769934660618
85.708,-0.04141422838651808
85.712,-0.032291543748557805
85.716,-0.03223018150020949
85.72,-0.022582446250166303
85.724,-0.018291971089130662
85.728,-0.02417504367100172
85.732,-0.03465800421126743
85.736,-0.044021196957231785
85.74,-0.036487546943973964
85.744,-0.02267676804985512
85.748,-0.030311723296474555
85.752,-0.029742368391177575
85.756,-0.0476630196465424
85.76,-0.025646727461856873
85.764,-0.025378783993806622
85.768,-0.033380049860201724
85.772,-0.04706245256409791
85.776,-0.03467586954442492
85.78,-0.03599831663505203
85.784,-0.016752057427624412
85.788,-0.02453422910551779
85.792,-0.04482612054102679
85.796,-0.033094504503096527
85.8,-0.02862405058641255
85.804,-0.02602337413186664
85.808,-0.02081049818201411
85.812,-0.03941369871550703
85.816,-0.040755745037208614
85.82,-0.04276951329998714
85.824,-0.014704951402945343
85.828,-0.010762648463997226
85.832,-0.0382009145270429
85.836,-0.052031563060811775
85.84,-0.034323582747129336
85.844,-0.02239040182634741
85.848,-0.016308010166949702
85.852,-0.039912669584410025
85.856,-0.03149820293676534
85.86,-0.02612370743107088
85.864,-0.015543774442076583
85.868,-0.01935254220648629
85.872,-0.036324371721562
85.876,-0.04017404707304206
85.88,-0.04181517873634043
85.884,-0.025918143933161532
85.888,-0.012927962595291121
85.892,-0.044819073906520436
85.896,-0.038378865571287446
85.9,-0.03408287995020298
85.904,-0.017981760360944718
85.908,-0.02294706649746815
85.912,-0.0309483647606741
85.916,-0.043722134792760756
85.92,-0.027616346888255972
85.924,-0.01977439468962178
85.928,-0.03527724067733927
85.932,-0.025715598002364427
85.936,-0.03886371765904514
85.94,-0.02790177604295278
85.944,-0.021333732962431375
85.948,-0.023986450204917395
85.952,-0.042316174597383356
85.956,-0.043757009401788144
85.96,-0.022810413855151566
85.964,-0.016083574947451905
85.968,-0.020140139319830493
85.972,-0.038234196101228496
85.976,-0.04524211734400555
85.98,-0.03339099319544604
85.984,-0.02036483057511118
85.988,-0.016126193605846908
85.992,-0.039261631771076666
85.996,-0.03998293334115237
86.0,-0.014079003914218808
86.004,-0.01927674776174233
86.008,-0.015468580125436324
86.012,-0.03701902615168328
86.016,-0.030969767890439967
86.02,-0.023818575744179372
86.024,-0.0271603426498754
86.028,-0.014216013075258448
86.032,-0.04284099168868395
86.036,-0.04236521545564928
86.04,-0.020523486014956727
86.044,-0.03510842979688206
86.048,-0.018806096330758273
86.052,-0.04063691168511622
86.056,-0.025486213596217958
86.06,-0.03365157903183969
86.064,-0.016322352269199005
86.068,-0.02241453608705117
86.072,-0.03760800229681008
86.076,-0.04427015242695778
86.08,-0.030147318685940318
86.084,-0.023769314311350615
86.088,-0.02583318383606604
86.092,-0.04934139451327643
86.096,-0.03428777188591063
86.1,-0.021204812018495764
86.104,-0.01563984121482903
86.108,-0.013927345981888387
86.112,-0.031914745732577084
86.116,-0.04508957188294317
86.12,-0.03437026525319173
86.124,-0.01326024391630343
86.128,-0.024613904776863812
86.132,-0.03160126520803954
86.136,-0.044508063080298275
86.14,-0.0446448251289504
86.144,-0.0345242839687695
86.148,-0.021483062548454907
86.152,-0.0341692687222601
86.156,-0.0272843298949487
86.16,-0.03745537863471566
86.164,-0.01354933573807871
86.168,-0.024537772070523753
86.172,-0.032393188917625285
86.176,-0.039268509199044746
86.18,-0.026875029829337066
86.184,-0.013520637346183403
86.188,-0.025468699047871676
86.192,-0.036875054040894355
86.196,-0.03980085193820185
86.2,-0.031049575067848223
86.204,-0.01826231988978744
86.208,-0.0286317784785311
86.212,-0.03202498441464924
86.216,-0.03842171755295842
86.22,-0.046050714872589694
86.224,-0.01834913933624884
86.228,-0.010147932647725072
86.232,-0.028869542694053736
86.236,-0.03867697331521514
86.24,-0.03620201292273612
86.244,-0.03586484131691854
86.248,-0.024749493479534774
86.252,-0.05255074219529782
86.256,-0.024759649750094762
86.26,-0.023350839975271816
86.264,-0.007601075980098232
86.268,-0.036633395847189616
86.272,-0.04128624753791785
86.276,-0.04797693556628726
86.28,-0.017464679773506124
86.284,-0.03003974460404647
86.288,-0.017972510705828226
86.292,-0.027530177671739715
86.296,-0.03439727527075881
86.3,-0.03160500159051487
86.304,-0.024969440677876504
86.308,-0.029907145862146566
86.312,-0.034676687387525204
86.316,-0.04458304666471982
86.32,-0.021482756117114366
86.324,-0.010619685576584647
86.328,-0.03633263804039728
86.332,-0.03211649497263686
86.336,-0.04160143617221091
86.34,-0.03927373110754867
86.344,-0.027337896397113336
86.348,-0.010302301509387038
86.352,-0.04339106301263729
86.356,-0.032303386170329886
86.36,-0.02530646073415172
86.364,-0.010657270838090701
86.368,-0.03397037948650914
86.372,-0.03291275003832319
86.376,-0.040224551616497656
86.38,-0.017696245029227564
86.384,-0.012012008752068818
86.388,-0.023373035877972133
86.392,-0.029697766163263493
86.396,-0.040238292915437554
86.4,-0.03155907641097613
86.404,-0.01806090889305381
86.408,-0.029217275356579784
86.412,-0.03613625451112745
86.416,-0.041203750700567615
86.42,-0.04131179719030473
86.424,-0.005379656156641854
86.428,-0.019651779351972085
86.432,-0.028098874476506216
86.436,-0.039415025371485016
86.44,-0.03921086574028984
86.444,-0.010955531579712918
86.448,-0.020342526959741047
86.452,-0.035037383170384497
86.456,-0.02314351356706648
86.46,-0.0358743384456789
86.464,-0.03169641162414299
86.468,-0.022730653570265418
86.472,-0.03438931134329526
86.476,-0.049939153148789536
86.48,-0.016571144692826396
86.484,-0.020314334170721825
86.488,-0.030961402333224995
86.492,-0.04577043357125217
86.496,-0.04378698167535328
86.5,-0.027473992439919683
86.504,-0.02553621601818523
86.508,-0.03019083866217569
86.512,-0.045721585214708794
86.516,-0.04254191609726022
86.52,-0.048358861538063735
86.524,-0.00959840927602208
86.528,-0.02890989743239441
86.532,-0.035105724606103714
86.536,-0.023313557409407958
86.54,-0.03483323330794428
86.544,-0.017991995481742764
86.548,-0.01736338859653685
86.552,-0.038054120746196386
86.556,-0.03921777243878114
86.56,-0.03317921509577919
86.564,-0.021885883086272005
86.568,-0.028659754783197423
86.572,-0.04109478217785034
86.576,-0.03602607125129506
86.58,-0.02423327647412575
86.584,-0.005486566439648368
86.588,-0.030090744924969548
86.592,-0.04038401387784562
86.596,-0.03776904792043556
86.6,-0.028443946687168462
86.604,-0.023783278057449918
86.608,-0.02484870294978411
86.612,-0.03676176471162346
86.616,-0.04260796607197632
86.62,-0.04002949850221068
86.624,-0.01999786291826075
86.628,-0.011861206019773474
86.632,-0.048504401779265294
86.636,-0.046060273692119263
86.64,-0.039665480782827424
86.644,-0.012368332053596998
86.648,-0.030648962791165107
86.652,-0.04059333490186898
86.656,-0.05108930354389325
86.66,-0.01384422173312697
86.664,-0.023530777107936295
86.668,-0.028231122636173396
86.672,-0.03492259984265554
86.676,-0.03129603747718581
86.68,-0.0174596377338782
86.684,-0.01825459157928662
86.688,-0.03789635385412524
86.692,-0.042272008312194194
86.696,-0.04396372994136487
86.7,-0.02939879890524978
86.704,-0.03109360003391544
86.708,-0.0335173566824214
86.712,-0.03234316683156043
86.716,-0.026872399195548655
86.72,-0.02427249251478292
86.724,-0.013085644689502313
86.728,0.00013159918173634433
86.732,-0.048510248999622245
86.736,-0.04349065007145117
86.74,-0.030726983935649755
86.744,-0.035714275551699926
86.748,-0.04132196229789317
86.752,-0.02838082065841202
86.756,-0.044599555396622546
86.76,-0.027900310609356327
86.764,-0.010076587167121098
86.768,-0.022816098713895384
86.772,-0.049208840355244574
86.776,-0.04187581184599867
86.78,-0.027375124255069785
86.784,-0.023467410191282397
86.788,-0.019098995774180397
86.792,-0.034454321358444034
86.796,-0.033340950191282456
86.8,-0.012270458748934815
86.804,-0.04101381972222046
86.808,-0.01902932581410993
86.812,-0.03420042638787619
86.816,-0.05155659265896241
86.82,-0.020468383959892252
86.824,-0.0302604021320865
86.828,-0.015721587485814818
86.832,-0.04702365373201905
86.836,-0.037667926483366934
86.84,-0.022955185103026784
86.844,-0.02151631635251657
86.848,-0.02612552268289619
86.852,-0.042274504927619666
86.856,-0.03336497811601177
86.86,-0.03601596591468787
86.864,-0.017648096631413118
86.868,-0.028039206754942318
86.872,-0.034947130697168934
86.876,-0.03684641287681555
86.88,-0.0303348497990833
86.884,-0.024509833130156842
86.888,-0.03812475155898337
86.892,-0.02916558080407395
86.896,-0.05101812183072052
86.9,-0.025516506122361567
86.904,-0.007108513572810216
86.908,-0.02200389283209171
86.912,-0.04479096900358418
86.916,-0.04536114349399274
86.92,-0.030200988859696166
86.924,-0.021920341864887907
86.928,-0.016202124016312214
86.932,-0.034262361093606176
86.936,-0.029540544449348154
86.94,-0.022694081384525347
86.944,-0.024326477142199696
86.948,-0.027799332905256047
86.952,-0.02963482218006196
86.956,-0.03972996553080264
86.96,-0.019972731518559557
86.964,-0.010745510540853454
86.968,-0.028174994804977038
86.972,-0.03330205559982007
86.976,-0.04580053624803694
86.98,-0.01805847197374979
86.984,-0.0227914330394085
86.988,-0.01937733604775152
86.992,-0.03488499771650487
86.996,-0.040683182751840394
87.0,-0.03603179745696501
87.004,-0.023435626055506767
87.008,-0.026327788395599277
87.012,-0.05132107341121555
87.016,-0.057469124947929065
87.02,-0.03409229349436615
87.024,-0.011727280214965968
87.028,-0.018135981496799222
87.032,-0.036588711212084395
87.036,-0.04800523600440964
87.04,-0.03808962939840815
87.044,-0.02573396736263097
87.048,-0.01576268743581208
87.052,-0.03597911066603511
87.056,-0.0378723599587177
87.06,-0.02746730263852328
87.064,-0.014919102553572226
87.068,-0.023256474938507115
87.072,-0.04035453318352516
87.076,-0.04746672640878216
87.08,-0.028569698480456818
87.084,-0.017641699836428493
87.088,-0.024728963483244614
87.092,-0.04186269666912614
87.096,-0.03994610877987575
87.1,-0.041997058150401084
87.104,-0.02863798546580646
87.108,-0.025963235513214347
87.112,-0.028030807548578764
87.116,-0.030288418572290362
87.12,-0.045026035470345664
87.124,-0.019361367894783446
87.128,-0.014662316386695563
87.132,-0.031745184507969516
87.136,-0.02557427006309429
87.14,-0.03385642750896982
87.144,-0.030057123179520917
87.148,-0.042612923051497456
87.152,-0.0338161720691331
87.156,-0.03596249963132023
87.16,-0.022532304039791097
87.164,-0.02096273680063039
87.168,-0.0295759705856508
87.172,-0.03538576116195581
87.176,-0.037154684076167774
87.18,-0.014653387732660578
87.184,-0.0017308821592928077
87.188,-0.027882439765164545
87.192,-0.030760372913102275
87.196,-0.03459387481734402
87.2,-0.03280286540469101
87.204,-0.021728681372361454
87.208,-0.026442754877228164
87.212,-0.04366689348070682
87.216,-0.038414299537917605
87.22,-0.030197304684758286
87.224,-0.018840688028649483
87.228,-0.033560249578410216
87.232,-0.03678602577119538
87.236,-0.03604254130248596
87.24,-0.02978685413137889
87.244,-0.023221796419082282
87.248,-0.025205252310211236
87.252,-0.03739143063961153
87.256,-0.05376893361473273
87.26,-0.021144027198470552
87.264,-0.02295550809790446
87.268,-0.03417250772154712
87.272,-0.04177350114915656
87.276,-0.04334024947482205
87.28,-0.016660388378049028
87.284,-0.029975476887410896
87.288,-0.030171101335858166
87.292,-0.02220859170854324
87.296,-0.042249158329108395
87.3,-0.025153352102210688
87.304,-0.015322404735974824
87.308,-0.030276317286336472
87.312,-0.02567501974683141
87.316,-0.03912728444995226
87.32,-0.04799715081135373
87.324,-0.022178459565341327
87.328,-0.01612256265121767
87.332,-0.029401797815696205
87.336,-0.026803608877857984
87.34,-0.02770547069743429
87.344,-0.028223598025835024
87.348,-0.030333563665530902
87.352,-0.04897283929844766
87.356,-0.03734746086927327
87.36,-0.02145828761090607
87.364,-0.012276151344175763
87.368,-0.02501439342868783
87.372,-0.012880172529151183
87.376,-0.04481937518422074
87.38,-0.045218371407291215
87.384,-0.026122505337824703
87.388,-0.0306635221912416
87.392,-0.03098624811847092
87.396,-0.0256270969184616
87.4,-0.04852282413912002
87.404,-0.02388813098744447
87.408,-0.03201143968321052
87.412,-0.02727680130466598
87.416,-0.03846961875208037
87.42,-0.025757525285494392
87.424,-0.026458024095110274
87.428,-0.02089886899433136
87.432,-0.03603851432292058
87.436,-0.050877137027931243
87.44,-0.022718294827662598
87.444,-0.018421627380895336
87.448,-0.026663565514665456
87.452,-0.04657619579154358
87.456,-0.029942200710717765
87.46,-0.02846500402395237
87.464,0.0017779350035040872
87.468,-0.022747633784569878
87.472,-0.031823834243623735
87.476,-0.039903500223452563
87.48,-0.03139583959754831
87.484,-0.011333469206761645
87.488,-0.0310123902395891
87.492,-0.03198824560020144
87.496,-0.034567003528492936
87.5,-0.030506594444767724
87.504,-0.0029258493818284347
87.508,-0.03140413204836903
87.512,-0.032818480365013294
87.516,-0.04388852795183924
87.52,-0.040336451092881656
87.524,-0.02738652786805003
87.528,-0.0349014100106141
87.532,-0.037273582647971676
87.536,-0.039170836132367465
87.54,-0.03470403304995075
87.544,-0.03030444471225047
87.548,-0.030877800379294575
87.552,-0.04442901022882448
87.556,-0.062336541630187106
87.56,-0.02500380709935217
87.564,-0.033214452413057864
87.568,-0.032294321662191657
87.572,-0.046381558491140056
87.576,-0.03112785783746922
87.58,-0.023808486078842065
87.584,-0.009560916379699956
87.588,-0.024750980382849813
87.592,-0.030040062500091957
87.596,-0.02569950260899881
87.6,-0.022192551957312335
87.604,-0.0232316775399818
87.608,-0.025244784537231602
87.612,-0.021920382049697797
87.616,-0.04307928027555193
87.62,-0.04094970013219242
87.624,-0.034233245359984205
87.628,-0.02414534175447651
87.632,-0.017758006982743903
87.636,-0.04400058740481154
87.64,-0.03297931565461136
87.644,-0.012197537550690196
87.648,-0.018871985882652667
87.652,-0.05779469639401877
87.656,-0.04827012521161924
87.66,-0.020609352093066434
87.664,-0.011700274048469064
87.668,-0.02898580084320211
87.672,-0.026222823409497872
87.676,-0.03281819185612
87.68,-0.03391716753328039
87.684,-0.020699975948724584
87.688,-0.014329290811399035
87.692,-0.04660444678121359
87.696,-0.04296220621794215
87.7,-0.036829436710202446
87.704,-0.02989180417057159
87.708,-0.028984149445415417
87.712,-0.04057974297506087
87.716,-0.033374236825130334
87.72,-0.023368416311113048
87.724,-0.01642834278360352
87.728,-0.03282693312504916
87.732,-0.028422967341048763
87.736,-0.043106755794344385
87.74,-0.02397763619132498
87.744,0.0030146811637133224
87.748,-0.024289017515684616
87.752,-0.04086762903377532
87.756,-0.04282250663756623
87.76,-0.030773717846978136
87.764,-0.0157866871101012
87.768,-0.01673322946486385
87.772,-0.05428061527223135
87.776,-0.027465149776554905
87.78,-0.015130660687683437
87.784,-0.019567231467969664
87.788,-0.02084238449118577
87.792,-0.03917731469078952
87.796,-0.032338241281666395
87.8,-0.03347313568658637
87.804,-0.015809679825379064
87.808,-0.027193665258641364
87.812,-0.05638719687675678
87.816,-0.038620507163017244
87.82,-0.027755988999199413
87.824,-0.030553792306676483
87.828,-0.02439174397993592
87.832,-0.039354582465891234
87.836,-0.047324049221062814
87.84,-0.03465437398372
87.844,-0.04094251527719293
87.848,-0.02465007838723065
87.852,-0.03344682616174529
87.856,-0.036260411921184524
87.86,-0.028039347110058295
87.864,-0.01622096648276684
87.868,-0.021549902476643675
87.872,-0.04587639324940675
87.876,-0.0434747756255057
87.88,-0.02241594299364596
87.884,-0.015427472369134217
87.888,-0.03384562160669149
87.892,-0.04158023996900651
87.896,-0.05438071374857283
87.9,-0.01660805640286343
87.904,-0.00595871337686966
87.908,-0.016187836805097534
87.912,-0.04554485768811558
87.916,-0.039671389128275954
87.92,-0.025559186152199466
87.924,-0.027855255182053243
87.928,-0.009292089508040464
87.932,-0.03467593442212387
87.936,-0.04267142802735128
87.94,-0.023700425398990355
87.944,-0.02607292308178608
87.948,-0.0228733109611114
87.952,-0.0293125596430373
87.956,-0.04881387634421715
87.96,-0.02526165317325546
87.964,-0.022729792015784952
87.968,-0.024422427194186656
87.972,-0.022802002969586135
87.976,-0.03206389441349346
87.98,-0.03721045397229491
87.984,-0.005090454879878756
87.988,-0.026720061406120547
87.992,-0.04873769450024516
87.996,-0.04551032106984087
88.0,-0.04452725869362006
88.004,-0.024029718008479948
88.008,-0.02584443068244035
88.012,-0.04569985036570359
88.016,-0.04630793391098375
88.02,-0.03446461312574485
88.024,-0.03918612031967345
88.028,-0.03872374204271789
88.032,-0.042730076650904225
88.036,-0.043026411387671715
88.04,-0.03956621293091386
88.044,-0.027046885384904067
88.048,-0.02525039194995111
88.052,-0.0269886541101121
88.056,-0.033850067681750265
88.06,-0.039957975962677764
88.064,-0.020010526221907278
88.068,-0.03793027166045194
88.072,-0.026363655610389402
88.076,-0.03706507536288388
88.08,-0.02839753254250453
88.084,-0.003923170417854099
88.088,-0.016229479526123886
88.092,-0.028466063150007638
88.096,-0.04209065591090649
88.1,-0.024197284169275003
88.104,-0.026393626267225336
88.108,-0.02508199333773038
88.112,-0.05459868869343969
88.116,-0.038907386403915806
88.12,-0.03445105167006908
88.124,-0.01036613921286448
88.128,-0.022958091321732182
88.132,-0.028197561197099902
88.136,-0.04180024885033916
88.14,-0.03226616737780365
88.144,-0.015245203501153135
88.148,-0.025353894453094213
88.152,-0.03130049474570479
88.156,-0.03655798620094703
88.16,-0.03733123845786138
88.164,-0.007840436683206636
88.168,-0.029542145924790267
88.172,-0.03994374959956668
88.176,-0.022192349146818766
88.18,-0.030313569994831983
88.184,-0.012114853722935203
88.188,-0.020055389071447657
88.192,-0.024579987343710544
88.196,-0.04265373761146106
88.2,-0.03783229789206535
88.204,-0.0095346432034949
88.208,-0.03596423265998745
88.212,-0.040516980857197904
88.216,-0.03677536202223086
88.22,-0.02849395211020155
88.224,-0.026905191704875576
88.228,-0.019815742823745555
88.232,-0.02218377437125093
88.236,-0.03631189435522555
88.24,-0.028949313349792997
88.244,-0.018341619769028213
88.248,-0.036062773904072185
88.252,-0.022096630940034608
88.256,-0.03995353534143663
88.26,-0.030585424153070043
88.264,-0.014553774309452622
88.268,-0.013886377336614289
88.272,-0.033154656609165015
88.276,-0.04979716618981808
88.28,-0.026649145389702766
88.284,-0.017946620005817128
88.288,-0.010569994315058723
88.292,-0.021518726624884313
88.296,-0.028649451047868056
88.3,-0.026454227609790878
88.304,-0.028279709327302144
88.308,-0.03814672794274259
88.312,-0.0379996559789767
88.316,-0.03872977345112709
88.32,-0.04219060079857592
88.324,-0.024182509956959017
88.328,-0.014354869835527083
88.332,-0.03906150406613971
88.336,-0.051000295154210604
88.34,-0.046535134561947286
88.344,-0.014353482370069379
88.348,-0.027877967423631085
88.352,-0.032267392371394685
88.356,-0.06319380715741037
88.36,-0.026384314840806656
88.364,-0.019729519202707803
88.368,-0.02313952123973954
88.372,-0.043942140887574824
88.376,-0.039956911580475804
88.38,-0.031379746760619005
88.384,-0.017951544615255822
88.388,-0.04067724736461473
88.392,-0.036057004908269505
88.396,-0.04583517859419405
88.4,-0.023869392741214034
88.404,-0.01973051886965594
88.408,-0.016338555125456594
88.412,-0.034602663496167675
88.416,-0.04015542753490133
88.42,-0.03057028228880429
88.424,-0.019070735029440636
88.428,-0.02309252978475652
88.432,-0.0363655058774338
88.436,-0.03549027995316914
88.44,-0.03226886727973265
88.444,-0.018649828783177995
88.448,-0.023941283765401656
88.452,-0.042059795658079616
88.456,-0.03219287648403811
88.46,-0.04244555899170839
88.464,-0.027716429242584637
88.468,-0.024360613977451744
88.472,-0.0400583495301009
88.476,-0.026683823705510205
88.48,-0.008410311158796924
88.484,-0.015909962235146576
88.488,-0.02318752109211797
88.492,-0.0408680095422084
88.496,-0.03474215839844533
88.5,-0.05219010812726959
88.504,-0.012542499351138818
88.508,-0.027480955550652886
88.512,-0.04370598101081709
88.516,-0.04341515074272715
88.52,-0.03823920474443861
88.524,-0.03511240117180184
88.528,-0.028588920863265165
88.532,-0.030718986464182425
88.536,-0.026296363073814305
88.54,-0.020042351472724314
88.544,-0.030160810399014353
88.548,-0.02490772222166185
88.552,-0.04610316294271384
88.556,-0.033249057385805095
88.56,-0.03649733727482588
88.564,-0.01983283801654903
88.568,-0.009866650424306228
88.572,-0.03303984350566336
88.576,-0.04372899158828047
88.58,-0.02543467270775457
88.584,-0.02834572733750007
88.588,-0.025374492129474218
88.592,-0.034707714684667185
88.596,-0.04736962485002326
88.6,-0.027292385312141138
88.604,-0.021088502732400028
88.608,-0.023077623060188904
88.612,-0.020258892483091047
88.616,-0.032783253825899604
88.62,-0.030386952358274665
88.624,-0.04069914548150731
88.628,-0.025172806675768867
88.632,-0.045208976151197657
88.636,-0.024476965658765518
88.64,-0.01706214963698508
88.644,-0.023336551319557534
88.648,-0.010293288875014687
88.652,-0.04991151897817975
88.656,-0.03911521953522042
88.66,-0.032380025102978154
88.664,-0.01605266005787521
88.668,-0.01731294503765331
88.672,-0.03723046754120629
88.676,-0.052340269393883254
88.68,-0.038854748253274875
88.684,-0.007898169012957043
88.688,-0.022381214793777443
88.692,-0.04025819018216299
88.696,-0.030927929226244804
88.7,-0.027786391155194278
88.704,-0.011321397758563051
88.708,-0.02943311357385943
88.712,-0.03618202951467732
88.716,-0.04477803269459973
88.72,-0.01839754454404232
88.724,-0.015540480507265739
88.728,-0.031564740709250985
88.732,-0.03652719103513827
88.736,-0.03484995399951403
88.74,-0.03774759750833283
88.744,-0.03974228699438326
88.748,-0.02663258675434283
88.752,-0.036014163009339975
88.756,-0.04266679183381845
88.76,-0.023934469037620275
88.764,-0.03162730471881785
88.768,-0.03185043910699259
88.772,-0.0353716341974975
88.776,-0.044712475862382514
88.78,-0.03788642250193844
88.784,-0.01629794567927129
88.788,-0.012931417989362428
88.792,-0.03328955240886088
88.796,-0.03336293156205529
88.8,-0.0432386136437424
88.804,-0.02393166404401643
88.808,-0.015324337625401018
88.812,-0.032613990148259
88.816,-0.03683018433791468
88.82,-0.03429839540908292
88.824,-0.008314517978375333
88.828,-0.028619052128820082
88.832,-0.03360073945381036
88.836,-0.048189111890427155
88.84,-0.025372997021384285
88.844,-0.02091422225215323
88.848,-0.025101527618952936
88.852,-0.03915717052297848
88.856,-0.033696575773553415
88.86,-0.023690404203676456
88.864,-0.023227205101026827
88.868,-0.013987761387215083
88.872,-0.03389111208388028
88.876,-0.04095786594148905
88.88,-0.03262324909437758
88.884,-0.020973554118482184
88.888,-0.024263250165041973
88.892,-0.042714595593791815
88.896,-0.03583407258391326
88.9,-0.02985533400651147
88.904,-0.02472711663384249
88.908,-0.029624886910182693
88.912,-0.03950604287405873
88.916,-0.0384702090817408
88.92,-0.034561851484722926
88.924,-0.047824599268768204
88.928,-0.022758105189883415
88.932,-0.0404347924363259
88.936,-0.03538237531884362
88.94,-0.01816749741129122
88.944,-0.011914391437850903
88.948,-0.035271009321478655
88.952,-0.029818721672418932
88.956,-0.03564713747710659
88.96,-0.03604339220127141
88.964,-0.013873309190005428
88.968,-0.021574699271264666
88.972,-0.03725729047708802
88.976,-0.03591964018225177
88.98,-0.03989927935845844
88.984,-0.020348429347609522
88.988,-0.006000100950057902
88.992,-0.034419521565027617
88.996,-0.055957480387197604
89.0,-0.033415569524797864
89.004,-0.01315501864141801
89.008,-0.024984886772789837
89.012,-0.03664704151498901
89.016,-0.03578949464662854
89.02,-0.040400820426494795
89.024,-0.03889024533791785
89.028,-0.036286996870229724
89.032,-0.03231772524388642
89.036,-0.02626106958333796
89.04,-0.04058422025033711
89.044,-0.013640848423453955
89.048,-0.034934645240070186
89.052,-0.03731381647385569
89.056,-0.04041455782791434
89.06,-0.026122611201016478
89.064,-0.012354505253990122
89.068,-0.02627664246716965
89.072,-0.042155097644403866
89.076,-0.02840460313295004
89.08,-0.047132545802479484
89.084,-0.010396856016568179
89.088,-0.0177108310231043
89.092,-0.043734188746392295
89.096,-0.03648382523679782
89.1,-0.03566425555947351
89.104,-0.04207804383763727
89.108,-0.010108319674663833
89.112,-0.03645537355240988
89.116,-0.037910426562076674
89.12,-0.018179515027493598
89.124,-0.02414286772838599
89.128,-0.02478614428459511
89.132,-0.04593912448472251
89.136,-0.03842166439435154
89.14,-0.04888919879371599
89.144,-0.015384724215540706
89.148,-0.015185671668666178
89.152,-0.047897732044366946
89.156,-0.0404921293433067
89.16,-0.03061752649884201
89.164,-0.014237642108694298
89.168,-0.017457321176852954
89.172,-0.031284405962420346
89.176,-0.042129032516490944
89.18,-0.04031201620949987
89.184,-0.028187349624929862
89.188,-0.01138808099071985
89.192,-0.033782458568195756
89.196,-0.037425496921803754
89.2,-0.026527677840764062
89.204,-0.018108847900700376
89.208,-0.031560905721759173
89.212,-0.036060675561863015
89.216,-0.038873744467851336
89.22,-0.02403368447721961
89.224,-0.02282185083947579
89.228,-0.03260094939094942
89.232,-0.03739071515812901
89.236,-0.046379763938143165
89.24,-0.016444111191088025
89.244,-0.02540057368955688
89.248,-0.012183290273564941
89.252,-0.02120618626043244
89.256,-0.04830334071028079
89.26,-0.025669877907727855
89.264,-0.033071438547936774
89.268,-0.015408093392981964
89.272,-0.03723640500151665
89.276,-0.040279680590840285
89.28,-0.039929622391135934
89.284,-0.01677061920716157
89.288,-0.0217235985492722
89.292,-0.026338081996672903
89.296,-0.02797357031710874
89.3,0.008158919862997502
89.304,0.026805498305177977
89.308,0.01500685969758972
89.312,-0.012289611796302063
89.316,-0.002599866288826581
89.32,0.02055697128971421
89.324,0.004454163614486528
89.328,0.02510819332774185
89.332,-0.009662892830276455
89.336,0.00045676670030898533
89.34,0.014387201700906412
89.344,0.012250857189868252
89.348,0.01578710805668764
89.352,-0.009001307364729948
89.356,-0.0034859539840045393
89.36,-0.004555989351523244
89.364,0.026692425507311875
89.368,0.022129332675351963
89.372,0.011785022473833371
89.376,-0.0035436776037682484
89.38,0.023470101392248845
89.384,0.03134089659993795
89.388,0.02276497399544751
89.392,0.01577769897394085
89.396,-0.004785225414598113
89.4,-0.03057652054868363
89.404,-0.02196397444078851
89.408,-0.019153905965183467
89.412,-0.032545015777960325
89.416,-0.03573430349271083
89.42,-0.03004887063765474
89.424,-0.011735088208000862
89.428,-0.02327505616389768
89.432,-0.04753942756319827
89.436,-0.043182063271927265
89.44,-0.02785416754744931
89.444,-0.015623855959480341
89.448,-0.03640751322005621
89.452,-0.031547530359998376
89.456,-0.03878461993680754
89.46,-0.02806240876099498
89.464,-0.014045741653255384
89.468,-0.015446776292108791
89.472,-0.03762249719861128
89.476,-0.04819600555965498
89.48,-0.03311946040147368
89.484,-0.009313806357568582
89.488,-0.018048291001038875
89.492,-0.03949855692445178
89.496,-0.043625145435566774
89.5,-0.028514755474661153
89.504,-0.023080172076951684
89.508,-0.020981999251440116
89.512,-0.033393445641976695
89.516,-0.035529808043430866
89.52,-0.02047862890841724
89.524,-0.012521914790595376
89.528,-0.02186856475893969
89.532,-0.03731897008715423
89.536,-0.042350676131807534
89.54,-0.01738288518693528
89.544,-0.016182163573020297
89.548,-0.03042780234307812
89.552,-0.041748335107820764
89.556,-0.045224376434477305
89.56,-0.0019386579940432712
89.564,-0.029383657820327494
89.568,-0.025408251496237013
89.572,-0.032733537306415206
89.576,-0.025578437983332633
89.58,-0.032684946786227
89.584,-0.016847966963103412
89.588,-0.01963880807890578
89.592,-0.03585743609845192
89.596,-0.031147771819281495
89.6,-0.03303747437634163
89.604,-0.029500592260149533
89.608,-0.022974158588602283
89.612,-0.027564442633680058
89.616,-0.038702562161638566
89.62,-0.020088535303500223
89.624,0.0020439753978457077
89.628,-0.025842484045772326
89.632,-0.022016879827088914
89.636,-0.04873630330714073
89.64,-0.023410513240366377
89.644,-0.018087588252995453
89.648,-0.014032274145014236
89.652,-0.03639761793744673
89.656,-0.04471528026860091
89.66,-0.04034293023235676
89.664,-0.020456888822211566
89.668,-0.02417714055678162
89.672,-0.04285241185481033
89.676,-0.03911937576007363
89.68,-0.014552186943453695
89.684,-0.021176088777336895
89.688,-0.014077208442241156
89.692,-0.032520438635960505
89.696,-0.04365971976643799
89.7,-0.04097913956007578
89.704,-0.01962520200059953
89.708,-0.01886740066094128
89.712,-0.0322281997913387
89.716,-0.04634317601900733
89.72,-0.03242605201114401
89.724,-0.01694460697662597
89.728,-0.01812970407917285
89.732,-0.033208251679237626
89.736,-0.03234034817828897
89.74,-0.011924994609416591
89.744,-0.02519622415019712
89.748,-0.025403432739340915
89.752,-0.045415532838288364
89.756,-0.029966634977133214
89.76,-0.028759516235085478
89.764,-0.021127239599935076
89.768,-0.024663799608707286
89.772,-0.0310654915613542
89.776,-0.04659173702065416
89.78,-0.02452126571641824
89.784,-0.00982135539416329
89.788,-0.03630291031534659
89.792,-0.04849651744973829
89.796,-0.02940973755797118
89.8,-0.030757917812910256
89.804,-0.011543335185415896
89.808,-0.03338069476570154
89.812,-0.031447729789986875
89.816,-0.040726561633800666
89.82,-0.02192531097898336
89.824,-0.025791814669485824
89.828,-0.04263263260653659
89.832,-0.02513960986299829
89.836,-0.04563849852037602
89.84,-0.02823772882823956
89.844,-0.017175828848699448
89.848,-0.020734529787736367
89.852,-0.020534655625754634
89.856,-0.03998178534071103
89.86,-0.01729126508895657
89.864,-0.02055294901167423
89.868,-0.020951998175593844
89.872,-0.03443014123127483
89.876,-0.0369915625373497
89.88,-0.01664729574668479
89.884,-0.010004828666472454
89.888,-0.018878122194437866
89.892,-0.04392885536486174
89.896,-0.04052989947069687
89.9,-0.0320569120849762
89.904,-0.01554691311965749
89.908,-0.0365943900016724
89.912,-0.04537480311835376
89.916,-0.03945702934211832
89.92,-0.04410696963228523
89.924,-0.00888493323484005
89.928,-0.019154889406384146
89.932,-0.028601368093436393
89.936,-0.05109203100209248
89.94,-0.02455381332518989
89.944,-0.017931798265799076
89.948,-0.012664425346680138
89.952,-0.04884282021887168
89.956,-0.025188066618287198
89.96,-0.024281726613776124
89.964,-0.025399784126560056
89.968,-0.015776401975931945
89.972,-0.026555832947418527
89.976,-0.04200057644396558
89.98,-0.027750737175289236
89.984,-0.018498185480756425
89.988,-0.022661455481624952
89.992,-0.029939477525929195
89.996,-0.043489572076965834
90.0,-0.030143282887304217
90.004,-0.027132741375040494
90.008,-0.027462561421390256
90.012,-0.03865689201330467
90.016,-0.03439152644709222
90.02,-0.039756117996959814
90.024,-0.011405473791818572
90.028,-0.01846854975185478
90.032,-0.026867714413055774
90.036,-0.039264324448485835
90.04,-0.021241775981699136
90.044,-0.02103563937973623
90.048,-0.03282323265891596
90.052,-0.03524796395454734
90.056,-0.023668515490602508
90.06,-0.04149191182600273
90.064,-0.02188358417170009
90.068,-0.025547746214247196
90.072,-0.028424718835387056
90.076,-0.04525153485914956
90.08,-0.03128409740592903
90.084,-0.03523263065857499
90.088,-0.030206525536431796
90.092,-0.03517788429781663
90.096,-0.024444552449639126
90.1,-0.026417133222953873
90.104,-0.022271013467523054
90.108,-0.019097579647182176
90.112,-0.041279253919433795
90.116,-0.04549985358381701
90.12,-0.01851205608719282
90.124,-0.014225392564326738
90.128,-0.016295421549996924
90.132,-0.013327141804549004
90.136,-0.042104206461615036
90.14,-0.023254998598055264
90.144,-0.029318524769586345
90.148,-0.018979621985268473
90.152,-0.030594272326530083
90.156,-0.05204347720295082
90.16,-0.027266736368060224
90.164,-0.033465549060534505
90.168,-0.014989177656570221
90.172,-0.028760601172862905
90.176,-0.041606340810519823
90.18,-0.01979323586090995
90.184,-0.02356315649825174
90.188,-0.022357126828480307
90.192,-0.03625886391597443
90.196,-0.03724870588128941
90.2,-0.037406906487091766
90.204,-0.012474486038807239
90.208,-0.019253916125970633
90.212,-0.02107584974132831
90.216,-0.045247364291840966
90.22,-0.03350399026111167
90.224,-0.01374906068817107
90.228,-0.026720526479701245
90.232,-0.041818506363271966
90.236,-0.044860161090775
90.24,-0.03378491139235754
90.244,-0.018715393771868913
90.248,-0.021202406863598804
90.252,-0.028727986084837835
90.256,-0.05170785959832755
90.26,-0.010942835897914512
90.264,-0.016848530229411806
90.268,-0.026458676984249023
90.272,-0.04098222976481767
90.276,-0.030691002392236683
90.28,-0.0073136216732911374
90.284,-0.01907148301975866
90.288,-0.0211993247401524
90.292,-0.030424914055896934
90.296,-0.035740051145440606
90.3,-0.013814388803185954
90.304,-0.02040443521054557
90.308,-0.02022939296923878
90.312,-0.040803430485096735
90.316,-0.04453098089642733
90.32,-0.01572790727843404
90.324,-0.005362289947921652
90.328,-0.028192324937683935
90.332,-0.023003161356343678
90.336,-0.03219334567264433
90.34,-0.02366480206715303
90.344,-0.017460008792818078
90.348,-0.01856717519788676
90.352,-0.029302520222709395
90.356,-0.034282186645565274
90.36,-0.03669222089036058
90.364,-0.011900489961974452
90.368,-0.008867235607682626
90.372,-0.03242284762832934
90.376,-0.036109674478951866
90.38,-0.024498083774027138
90.384,-0.010499255670064796
90.388,-0.022086805457136042
90.392,-0.04712751762056252
90.396,-0.024412834778674085
90.4,-0.020755976910548393
90.404,-0.012965293765783419
90.408,-0.028411183228449544
90.412,-0.02850303144262516
90.416,-0.05377354660701696
90.42,-0.026372785639716803
90.424,-0.014331881796006023
90.428,-0.021719484564645092
90.432,-0.04287075739480515
90.436,-0.03319717510947375
90.44,-0.016396229693651662
90.444,-0.015971532976191426
90.448,-0.009865203691488952
90.452,-0.024317741707295715
90.456,-0.039456286641761255
90.46,-0.029025044518675203
90.464,-0.013092069608397015
90.468,-0.03228166340559671
90.472,-0.028074979285022766
90.476,-0.0369393921502238
90.48,-0.018988936131626458
90.484,-0.012795992844304695
90.488,-0.015545893099982819
90.492,-0.03194177772449169
90.496,-0.044717948991910415
90.5,-0.02843297444935269
90.504,-0.009297566758126093
90.508,-0.0204814372368398
90.512,-0.03240470966191076
90.516,-0.04504226817583365
90.52,-0.01893248976480156
90.524,-0.01143966211980978
90.528,-0.014701819513872397
90.532,-0.035513516603616
90.536,-0.04273894550223971
90.54,-0.026788514603318672
90.544,-0.026509767667148253
90.548,-0.015523296001003982
90.552,-0.043463491545653606
90.556,-0.047121461179335196
90.56,-0.02875824850688503
90.564,-0.01493279885675548
90.568,-0.02623436872981865
90.572,-0.0294812560925563
90.576,-0.050359259021201905
90.58,-0.020597463459727017
90.584,-0.023268968151209102
90.588,-0.026836971775902232
90.592,-0.03922079685193075
90.596,-0.04362312239438962
90.6,-0.023954216520100043
90.604,-0.023386995556894233
90.608,-0.04609112564486646
90.612,-0.04632049746283578
90.616,-0.0363516418676302
90.62,-0.03261007303099513
90.624,-0.012157319407967906
90.628,-0.030962192242431116
90.632,-0.024867456266541757
90.636,-0.03801864746689723
90.64,-0.022770782966725744
90.644,-0.002921774191842568
90.648,-0.03455883272314916
90.652,-0.03807720801444023
90.656,-0.04278134827778452
90.66,-0.01772245163184753
90.664,-0.007697707280232568
90.668,-0.013933869103983351
90.672,-0.03269883830881993
90.676,-0.05870244099797481
90.68,-0.02261083055832526
90.684,-0.007827751787934796
90.688,-0.02421058907047583
90.692,-0.034861864069372535
90.696,-0.031787631620176116
90.7,-0.01853574328942819
90.704,-0.03486005962608925
90.708,-0.016255422993884747
90.712,-0.01960149406602181
90.716,-0.044327773491367
90.72,-0.027521129921080058
90.724,-0.03286184407943448
90.728,-0.02560028115593821
90.732,-0.03167648611429823
90.736,-0.041712960805170216
90.74,-0.02321713001802775
90.744,-0.0181364920302027
90.748,-0.022529860747482998
90.752,-0.041384969276857045
90.756,-0.03567057163541189
90.76,-0.03856364028840013
90.764,-0.022833277607541506
90.768,-0.016867111121699575
90.772,-0.03882034464754498
90.776,-0.03403863213560358
90.78,-0.015292466462052984
90.784,-0.02688582462201919
90.788,-0.009950623616431032
90.792,-0.03094699421823397
90.796,-0.03540889201103234
90.8,-0.028181007454941596
90.804,-0.01826333406659686
90.808,-0.010258899933218107
90.812,-0.03777324807209523
90.816,-0.03376114333841253
90.82,-0.03151312078332158
90.824,-0.008750893011371249
90.828,-0.008920510055555685
90.832,-0.03270693697393719
90.836,-0.04796628477816531
90.84,-0.022024565290655312
90.844,-0.01593635172119784
90.848,-0.05256871472257851
90.852,-0.028516429789256732
90.856,-0.03319870556875061
90.86,-0.01774981442200877
90.864,-0.010688291773756752
90.868,-0.02836592683181976
90.872,-0.0430507522439875
90.876,-0.03315896468690959
90.88,-0.035422737367780885
90.884,-0.005704511119145949
90.888,-0.03716466758736012
90.892,-0.03822013442902155
90.896,-0.027454322837382757
90.9,-0.037994413172686786
90.904,-0.026335168213536774
90.908,-0.009236731900777865
90.912,-0.027417472129541785
90.916,-0.03756209232634899
90.92,-0.038014614917292675
90.924,-0.017018169605340198
90.928,-0.02542005900403158
90.932,-0.03198624654183132
90.936,-0.018189256105449025
90.94,-0.020566868706835665
90.944,-0.012808608949374196
90.948,-0.022733127064207232
90.952,-0.046525249420488426
90.956,-0.03388539905254409
90.96,-0.030072657917865096
90.964,-0.013673493512938456
90.968,-0.018663439160119442
90.972,-0.03049025505225582
90.976,-0.029925627766460645
90.98,-0.03336585911297269
90.984,-0.011263637875410617
90.988,-0.023856866270210646
90.992,-0.04241365250025421
90.996,-0.0315846903304456
91.0,-0.022938560579621903
91.004,-0.010438691021532068
91.008,-0.0321973412694433
91.012,-0.02574579994363209
91.016,-0.027610022632871226
91.02,-0.022402321093014238
91.024,-0.018679041294285617
91.028,-0.021454233744071367
91.032,-0.03818000508350502
91.036,-0.0520059203395812
91.04,-0.029161179989948733
91.044,-0.010363060597451068
91.048,-0.02639552621475866
91.052,-0.0351607996530352
91.056,-0.0411663334186552
91.06,-0.021004381548275504
91.064,-0.02159465604113902
91.068,-0.029804466474131014
91.072,-0.03986146852168493
91.076,-0.041052370878680924
91.08,-0.036372594403770594
91.084,-0.03544802186001965
91.088,-0.0184458861429225
91.092,-0.029741028757150338
91.096,-0.03853657431434703
91.1,-0.03059871400235301
91.104,-0.010257339048448548
91.108,-0.01086510276372947
91.112,-0.0361900632405361
91.116,-0.03880775200147331
91.12,-0.015752729021583634
91.124,-0.01380581798059869
91.128,-0.031487526936551984
91.132,-0.018620187561643346
91.136,-0.026587169567592932
91.14,-0.035706261993786736
91.144,-0.017464754692492226
91.148,-0.019617820427527882
91.152,-0.026671141455911533
91.156,-0.03985791900708466
91.16,-0.021278010627447084
91.164,-0.0043012462223215205
91.168,-0.016556938966239075
91.172,-0.046676842241430656
91.176,-0.025879082026589065
91.18,-0.018902357196586346
91.184,-0.014847791717896
91.188,-0.029844523259017458
91.192,-0.03307349156079446
91.196,-0.04434300922478719
91.2,-0.02237784283793256
91.204,-0.00975406607923755
91.208,-0.023947302871189284
91.212,-0.02250064043927443
91.216,-0.055764186647469356
91.22,-0.021275005943254176
91.224,-0.008830082568307206
91.228,-0.01411814615532865
91.232,-0.032523561095041065
91.236,-0.025843030778933972
91.24,-0.034238929796437695
91.244,-0.01699439218217142
91.248,-0.017059564498015614
91.252,-0.02925877960949937
91.256,-0.03127360704824557
91.26,-0.024496436547178153
91.264,-0.01788364933750388
91.268,-0.02231664505233933
91.272,-0.03685114291178387
91.276,-0.04375580671769404
91.28,-0.01902128871817605
91.284,-0.021453086793880735
91.288,-0.024402947582172534
91.292,-0.03596495007890375
91.296,-0.038299059659747524
91.3,-0.035775436555817774
91.304,-0.017917475066002875
91.308,-0.0011496318210551387
91.312,-0.015738241163053248
91.316,-0.043796692525949414
91.32,-0.02512216283987324
91.324,-0.026523246677902304
91.328,-0.021543775356374636
91.332,-0.022034397157567016
91.336,-0.03613093159354002
91.34,-0.01819515247398
91.344,-0.018741385812297694
91.348,-0.01017340010598998
91.352,-0.032519423248587406
91.356,-0.04540946173681344
91.36,-0.020633815591671135
91.364,-0.007129636603381206
91.368,-0.021927161405085882
91.372,-0.027229055514560476
91.376,-0.034181644803587784
91.38,-0.028802032454935435
91.384,-0.011556652688107828
91.388,-0.021014639729095383
91.392,-0.035171188607563
91.396,-0.03094974873355314
91.4,-0.035441846421828516
91.404,-0.02297341019338633
91.408,-0.03336080683858949
91.412,-0.037045396650552995
91.416,-0.03527069475061602
91.42,-0.026709689383268474
91.424,-0.029017742486924958
91.428,-0.021926792941047685
91.432,-0.030928700400692975
91.436,-0.042504567828002875
91.44,-0.01716447455579813
91.444,-0.018376041297533074
91.448,-0.022954985221233546
91.452,-0.03586725040279782
91.456,-0.05131819518915577
91.46,-0.028842345572956413
91.464,-0.00861769494967045
91.468,-0.003768247133302354
91.472,-0.019233956800708142
91.476,-0.03683488425804001
91.48,-0.023271899444971385
91.484,-0.0224544060691722
91.488,-0.024156361788213846
91.492,-0.04098821941201651
91.496,-0.04014347080513428
91.5,-0.027725068237133426
91.504,-0.02519098184727166
91.508,-0.03365547011794517
91.512,-0.02837578359084548
91.516,-0.035396849279455314
91.52,-0.035896860472190754
91.524,-0.016893929118073907
91.528,-0.030897812332518575
91.532,-0.034176089728375394
91.536,-0.039461510578725455
91.54,-0.010417515864559652
91.544,-0.025949069099932505
91.548,-0.012679622714872947
91.552,-0.030578260667879643
91.556,-0.035678667745633365
91.56,-0.027617637190438377
91.564,-0.025797462464376305
91.568,-0.027838801777389316
91.572,-0.031222643601637984
91.576,-0.04089615479207489
91.58,-0.038451628815504554
91.584,-0.007087719877942909
91.588,-0.0170066889287626
91.592,-0.03907486833194196
91.596,-0.022485882863780993
91.6,-0.028052309424145393
91.604,-0.024987004796741277
91.608,-0.010166126307144236
91.612,-0.03544153807008376
91.616,-0.02202367542081911
91.62,-0.02364576940574387
91.624,0.00028792969469615404
91.628,-0.020340510279775726
91.632,-0.016581172453629965
91.636,-0.0305991675106818
91.64,-0.03479344324564601
91.644,-0.023234968037870802
91.648,-0.017271374000947068
91.652,-0.017632623361167582
91.656,-0.05320515755382699
91.66,-0.033296002589527356
91.664,-0.02180131412069069
91.668,-0.019643385904850603
91.672,-0.03560111079774745
91.676,-0.045619063117849086
91.68,-0.012162194377972717
91.684,-0.021875012945386504
91.688,-0.011771533089139837
91.692,-0.024277231487721686
91.696,-0.03512809528961274
91.7,-0.028679557910740894
91.704,-0.01785186072429324
91.708,-0.025789386442967986
91.712,-0.045789864433606844
91.716,-0.044691490969352106
91.72,-0.02537175514924582
91.724,-0.009712845122385804
91.728,-0.023632679146178323
91.732,-0.02640989886791443
91.736,-0.03588714364067739
91.74,-0.030559431582482355
91.744,-0.011061169898504227
91.748,-0.019302976766383966
91.752,-0.03499797938948822
91.756,-0.030198318128318167
91.76,-0.04569685603216116
91.764,-0.033483568844222655
91.768,-0.02897797223814822
91.772,-0.04151470658481063
91.776,-0.034970902206529965
91.78,-0.022830459194055137
91.784,-0.03580707146284658
91.788,-0.02117717721999394
91.792,-0.032622729016623275
91.796,-0.059909453567300756
91.8,-0.03102236347942989
91.804,-0.012539938995088845
91.808,-0.04147443384742496
91.812,-0.03033906583094812
91.816,-0.03908342971463455
91.82,-0.030297000679129465
91.824,-0.02467441801452508
91.828,-0.02011165775728423
91.832,-0.02360843436148423
91.836,-0.04785620758524468
91.84,-0.021639153774115287
91.844,-0.013261917517992165
91.848,-0.022151301214531818
91.852,-0.0232204111709003
91.856,-0.02437680351602938
91.86,-0.03308149903696875
91.864,-0.0022632238783283232
91.868,-0.011337686994384708
91.872,-0.017583538210185427
91.876,-0.03515609727233628
91.88,-0.036403800259705084
91.884,-0.011292399066134405
91.888,-0.01917371513502773
91.892,-0.016922947341676237
91.896,-0.03469642797871921
91.9,-0.022426770099755897
91.904,-0.015490798873586249
91.908,-0.0325183885101894
91.912,-0.02992239799574321
91.916,-0.05523178357346942
91.92,-0.03795185396156606
91.924,-0.025444567063197844
91.928,-0.0032963417852780383
91.932,-0.024413299708854853
91.936,-0.04259258240863346
91.94,-0.019421313345291635
91.944,-0.00022045582219214904
91.948,-0.02143799153452728
91.952,-0.03827847124120981
91.956,-0.026954130300561527
91.96,-0.028779307925426337
91.964,-0.00721765330763764
91.968,-0.022639293090904233
91.972,-0.030983281941764904
91.976,-0.038308766546781226
91.98,-0.029919946187323132
91.984,-0.015569382275084904
91.988,-0.018207525985041995
91.992,-0.025196789960783367
91.996,-0.03694668268029582
92.0,-0.019398102918608967
92.004,-0.013800623706137924
92.008,-0.03863514698297935
92.012,-0.044494450715714215
92.016,-0.031256487044546734
92.02,-0.03525472888434688
92.024,-0.02003203673018479
92.028,-0.01070971394431343
92.032,-0.021168437205458773
92.036,-0.03592950635077577
92.04,-0.013381667403365712
92.044,-0.023296722145300822
92.048,-0.017994895676001276
92.052,-0.015847816264104166
92.056,-0.05118609590002723
92.06,-0.026220476353426714
92.064,-0.008860332030289988
92.068,-0.02598564497332459
92.072,-0.051734370040319985
92.076,-0.03084395218635466
92.08,-0.019574820888435214
92.084,-0.0192013666060474
92.088,-0.026573658653282324
92.092,-0.0209049245367467
92.096,-0.02834809895964823
92.1,-0.03596799653042332
92.104,-0.021077283948843617
92.108,-0.012567953330885305
92.112,-0.027940517747640916
92.116,-0.019575488969242723
92.12,-0.021269594830624978
92.124,-0.0049479463037088445
92.128,-0.021529350194603253
92.132,-0.02927382990418809
92.136,-0.03162836493394167
92.14,-0.03141531492634886
92.144,-0.011242823903380043
92.148,-0.009268886937400508
92.152,-0.03447678991725571
92.156,-0.030446618442558356
92.16,-0.018346907880004162
92.164,-0.021112313661527302
92.168,-0.026406861283974695
92.172,-0.04161346694073435
92.176,-0.035181829454207794
92.18,-0.016384929719053726
92.184,-0.0020798098106366257
92.188,-0.022078559910375987
92.192,-0.032902704784742366
92.196,-0.055472751831927875
92.2,-0.024355420764603317
92.204,-0.032846184100276996
92.208,-0.015409230065952009
92.212,-0.024835305350785406
92.216,-0.02953798513106817
92.22,-0.029720823233294717
92.224,-0.0040927049556823015
92.228,-0.0037347529484660514
92.232,-0.026967460925004613
92.236,-0.032239627507209496
92.24,-0.01979121784319968
92.244,-0.01814174617239507
92.248,-0.019804399980761632
92.252,-0.03507379638624639
92.256,-0.044139172234240034
92.26,-0.017202162116208453
92.264,-0.01288398800416967
92.268,-0.012444448410615119
92.272,-0.021541685109941457
92.276,-0.04006225352637374
92.28,-0.027465596553519843
92.284,-0.0038651636810074722
92.288,0.0017762727366398487
92.292,-0.028092155395459444
92.296,-0.0379964198706527
92.3,-0.009268433993646635
92.304,-0.018006148299244653
92.308,-0.002827668694874743
92.312,-0.03988473050241681
92.316,-0.03635428255749518
92.32,-0.03597775567460648
92.324,-0.020698400772645596
92.328,-0.022986484667949062
92.332,-0.03141735972033936
92.336,-0.028397450699957836
92.34,-0.03845277619287277
92.344,-0.0012425645859238024
92.348,-0.017752678094600058
92.352,-0.04017793815645128
92.356,-0.024751125315935388
92.36,-0.021000628183506002
92.364,-0.011792013976828272
92.368,-0.016222580531037038
92.372,-0.030020073465533516
92.376,-0.03768336975148369
92.38,-0.019859592499992477
92.384,-0.011697912005343652
92.388,-0.021744374741204144
92.392,-0.02361650227798922
92.396,-0.04303957552800895
92.4,-0.024194538848565112
92.404,-0.005102576664171665
92.408,-0.015081991136785
92.412,-0.03582526825817656
92.416,-0.03186404327918432
92.42,-0.03702060386044532
92.424,-0.0015833575701193706
92.428,-0.012861312198230307
92.432,-0.032524222808632805
92.436,-0.0214936650871285
92.44,-0.01858769480439955
92.444,-0.016899850894390757
92.448,-0.022858558803461073
92.452,-0.026506535068268795
92.456,-0.02699434333484913
92.46,-0.03364941775826973
92.464,-0.009703240857335763
92.468,-0.020889707362013843
92.472,-0.034588229740890195
92.476,-0.03273186607300284
92.48,-0.02320893260359213
92.484,-0.016626435603623632
92.488,-0.02717903705509165
92.492,-0.037483865797994946
92.496,-0.041180841934469546
92.5,-0.0267878135285534
92.504,-0.025512308923140197
92.508,-0.008700999594807225
92.512,-0.018533501604237133
92.516,-0.02538341886191567
92.52,-0.02332933194841544
92.524,-0.013408960794365033
92.528,-0.006373771919116275
92.532,-0.03911339036141941
92.536,-0.0352939795810488
92.54,-0.03287163652903644
92.544,-0.009888336037252596
92.548,-0.0270664048678117
92.552,-0.028047964231427622
92.556,-0.024651251433697417
92.56,-0.03317648039036187
92.564,0.0005847806020904105
92.568,-0.017089406130235605
92.572,-0.034500928726133195
92.576,-0.03610606525015351
92.58,-0.029847002489569
92.584,-0.017287629044773038
92.588,-0.014909114768532189
92.592,-0.022439879936720242
92.596,-0.024386899832678468
92.6,-0.0365372765868531
92.604,-0.005400832944382988
92.608,-0.0030402025488333907
92.612,-0.03835608033964603
92.616,-0.032543238164724715
92.62,-0.018592181047863324
92.624,-0.01426369491546723
92.628,-0.003148840628449192
92.632,-0.019712264910241993
92.636,-0.03963885375964379
92.64,-0.020529027297163188
92.644,-0.021430626770598142
92.648,-0.0225043295830138
92.652,-0.017695768295738063
92.656,-0.024606914668851305
92.66,-0.021951926082500513
92.664,-0.010430121033816145
92.668,-0.017078350109126443
92.672,-0.03313328111500219
92.676,-0.03905340349937066
92.68,-0.020009676493159524
92.684,-0.016601478368724283
92.688,-0.0230075522005979
92.692,-0.03473560322944442
92.696,-0.04879014188476685
92.7,-0.02306629042132671
92.704,-0.018161707908671235
92.708,-0.01593384796487464
92.712,-0.029663253682941298
92.716,-0.04824065976560516
92.72,-0.028447147437155387
92.724,0.0028734484480417207
92.728,-0.014747355190583566
92.732,-0.03207039887491002
92.736,-0.03650316083198078
92.74,-0.01897981211860402
92.744,-0.009089499945569738
92.748,-0.023717315260461926
92.752,-0.022688020021577913
92.756,-0.031836864426338644
92.76,-0.028969899137125773
92.764,-0.019447805034454164
92.768,-0.027939525937926604
92.772,-0.015887179035470832
92.776,-0.03868536913107001
92.78,-0.029670810142643014
92.784,-0.01774134066067109
92.788,5.951166617734066e-06
92.792,-0.03427713394493665
92.796,-0.042426964219092776
92.8,-0.023012777818021815
92.804,-0.01691684892785377
92.808,-0.026237619992190216
92.812,-0.029280567788902038
92.816,-0.03946481117027481
92.82,-0.040542825353751935
92.824,-0.02550831601061959
92.828,-0.016096645812745537
92.832,-0.04597379047823147
92.836,-0.04241649936228066
92.84,-0.021872872913908038
92.844,0.0023755023369773833
92.848,-0.023610710277554046
92.852,-0.02564326427152223
92.856,-0.027606681554656082
92.86,-0.028883896643418755
92.864,-0.0067045409118302954
92.868,-0.01742950782643351
92.872,-0.013749854221442459
92.876,-0.034191528759123506
92.88,-0.020611486789424132
92.884,-0.012338509681882215
92.888,-0.01917951027311442
92.892,-0.026705710563211426
92.896,-0.02963115952815986
92.9,-0.037891783879229854
92.904,-0.013673265122954479
92.908,-0.021557771238022022
92.912,-0.03330199960456703
92.916,-0.027279128062690686
92.92,-0.028256128410875547
92.924,-0.025820789860469137
92.928,-0.0034736246107251855
92.932,-0.03510680592075497
92.936,-0.02882966205173836
92.94,-0.02593279654846399
92.944,-0.0061689542244910125
92.948,-0.008552514906115811
92.952,-0.03619106143657554
92.956,-0.041315357253881455
92.96,-0.0146584251229532
92.964,-0.016079260342917154
92.968,-0.01747584109736461
92.972,-0.025759578206943162
92.976,-0.047931180118646666
92.98,-0.016664271288105575
92.984,0.0014039378900642906
92.988,-0.015238479379569118
92.992,-0.02466669532370709
92.996,-0.029679998937672977
93.0,-0.027845947049243053
93.004,0.00011272197151969074
93.008,-0.016003613213132373
93.012,-0.02578124494108191
93.016,-0.0421579502043002
93.02,-0.013425497616282594
93.024,-0.016280269521695624
93.028,-0.019269863230190684
93.032,-0.010714281210730193
93.036,-0.027586306809488145
93.04,-0.021814615180381084
93.044,-0.019045017242199952
93.048,-0.011091177813333075
93.052,-0.03951849296973314
93.056,-0.039920063709948495
93.06,-0.01721396052151513
93.064,-0.012971146047729903
93.068,-0.018633257024991304
93.072,-0.038029748243714176
93.076,-0.02886038583564766
93.08,-0.01696144263268137
93.084,-0.006384123338662055
93.088,-0.02420806054355764
93.092,-0.024879427055729215
93.096,-0.030172527115670176
93.1,-0.02394095003862942
93.104,-0.027007181732096604
93.108,-0.028248007114290073
93.112,-0.026618435459121677
93.116,-0.02832969718568314
93.12,-0.02784536193368702
93.124,-0.016157071603506736
93.128,-0.004129961098346091
93.132,-0.041460841677483
93.136,-0.02158030030637366
93.14,-0.024462522450207115
93.144,-0.008851547678011981
93.148,-0.002392501821864325
93.152,-0.013183115975401427
93.156,-0.03656491505881959
93.16,-0.019577888676346487
93.164,-0.015566505324712406
93.168,-0.009996990951958997
93.172,-0.016850241437928685
93.176,-0.019776924870340613
93.18,-0.024847710259131767
93.184,-0.005719972238968796
93.188,-0.012802161371294328
93.192,-0.03066108803090551
93.196,-0.027485776133651923
93.2,-0.022171411061306108
93.204,-0.010694997066717147
93.208,-0.011231928693484817
93.212,-0.0364579670469761
93.216,-0.03692004141355512
93.22,-0.020605928612372384
93.224,-0.017950230636551923
93.228,-0.020245606750028906
93.232,-0.03663352492569312
93.236,-0.02509315863349767
93.24,-0.014936813816851184
93.244,-0.006178881067081941
93.248,-0.01965774771167679
93.252,-0.0314189856515158
93.256,-0.026490059519233715
93.26,-0.02608073051769426
93.264,-0.008050066324938305
93.268,-0.012596146338404356
93.272,-0.029224695354547987
93.276,-0.05065061479166583
93.28,-0.029473072151941913
93.284,-0.018979941928419095
93.288,-0.01026016973781859
93.292,-0.04134936744682084
93.296,-0.04361352205419308
93.3,-0.022000651894910718
93.304,-0.020645873538535087
93.308,-0.015843193502969977
93.312,-0.029745225038044432
93.316,-0.028337225831828246
93.32,-0.016107397085533107
93.324,-0.0037703190414725106
93.328,-0.023126623648355066
93.332,-0.023320984999499243
93.336,-0.03697106595745711
93.34,-0.02581159261496633
93.344,-0.020467149223925934
93.348,-0.017127802585054697
93.352,-0.03516462208325451
93.356,-0.022947947450660946
93.36,-0.014217141578204386
93.364,-0.003649556599192194
93.368,-0.0022140343594271496
93.372,-0.026115051925924903
93.376,-0.03462988251267376
93.38,-0.018087568199403062
93.384,-0.020848185826073257
93.388,-0.010819147026676492
93.392,-0.03451358740638421
93.396,-0.031688996998736084
93.4,-0.01651385698321269
93.404,-0.019771236121923108
93.408,-0.022485667279166822
93.412,-0.035401247614342574
93.416,-0.03182580744848082
93.42,-0.01188094985723884
93.424,-0.012647028132128828
93.428,-0.02666127048300523
93.432,-0.031495967188330865
93.436,-0.02762645945083794
93.44,-0.028606054725179714
93.444,-0.02362538566958601
93.448,-0.020837085387814883
93.452,-0.02559427121357228
93.456,-0.030217982950561766
93.46,-0.03403709461373285
93.464,-0.020051152948982635
93.468,-0.011885800689484017
93.472,-0.02068054617527106
93.476,-0.01967146874915028
93.48,-0.019720310113168632
93.484,-0.011573179595155351
93.488,-0.033468600198572895
93.492,-0.019279807198311117
93.496,-0.04199093234793819
93.5,-0.020931673405340172
93.504,-0.013171164376163341
93.508,-0.006695486926192727
93.512,-0.02776781648348484
93.516,-0.0398357365357109
93.52,-0.01715396956331706
93.524,-0.01822600338859258
93.528,-0.02325576057193804
93.532,-0.018559006420484282
93.536,-0.03108041672261687
93.54,-0.029841795844942853
93.544,-0.009175918259630473
93.548,-0.0012776734380844212
93.552,-0.0345628165053562
93.556,-0.04039445253442396
93.56,-0.016327200154201485
93.564,-0.01245145529495496
93.568,-0.0368668027652821
93.572,-0.032084418993257154
93.576,-0.01816047586865633
93.58,-0.01288419976615449
93.584,-0.014985775046525495
93.588,-0.026320600699951145
93.592,-0.027607301994955296
93.596,-0.028415448240485485
93.6,-0.018835364242979213
93.604,-0.012870358673710428
93.608,-0.019070338545944827
93.612,-0.024384862018562135
93.616,-0.03847417816429867
93.62,-0.01472881667132431
93.624,0.008596634026408798
93.628,-0.025688099364724392
93.632,-0.02527157568121954
93.636,-0.023615721693322815
93.64,-0.03193011237753724
93.644,0.002197118230352091
93.648,-0.011324655082458897
93.652,-0.03747279148856168
93.656,-0.023975065058550436
93.66,-0.018418433628162055
93.664,-0.010032744169405583
93.668,-0.016417616065749208
93.672,-0.039023159647009475
93.676,-0.03648163326730551
93.68,-0.03177587257987165
93.684,-0.020901179744656797
93.688,-0.01804308424792635
93.692,-0.020761546207330853
93.696,-0.019608011582557587
93.7,-0.02581840896865622
93.704,0.0011205215142491808
93.708,-0.013188519723944777
93.712,-0.021162890856431256
93.716,-0.04114045430289808
93.72,-0.02969357643315864
93.724,-0.013092723635129708
93.728,-0.015018450482525968
93.732,-0.019215076599980098
93.736,-0.034405169555461794
93.74,-0.013626634301606957
93.744,0.0001670788120778921
93.748,-0.014825766645406444
93.752,-0.012064841654011055
93.756,-0.03384035681691816
93.76,-0.029322548734231926
93.764,-0.00814388228219901
93.768,-0.008731900763193983
93.772,-0.03831872153274017
93.776,-0.043041094133490124
93.78,-0.020422854498922113
93.784,-0.00867649168405249
93.788,-0.025447322845431972
93.792,-0.009028140702594209
93.796,-0.026307525478097084
93.8,-0.022886810615002574
93.804,-0.028188064422839443
93.808,-0.02140976558748713
93.812,-0.02982968270731341
93.816,-0.03481887478353028
93.82,-0.021365799338749797
93.824,-0.01922073078175032
93.828,-0.0143694894891341
93.832,-0.025101595997053534
93.836,-0.02954270523227466
93.84,-0.026343876662830546
93.844,-0.0016209422970683614
93.848,-0.009000234056693021
93.852,-0.030826724394882647
93.856,-0.03164325090354856
93.86,-0.016992180556415905
93.864,-0.005509839150139548
93.868,-0.015402898226941703
93.872,-0.026344573329834673
93.876,-0.03967032994677126
93.88,-0.03840968664412424
93.884,-0.003059950017287913
93.888,-0.007903571686745294
93.892,-0.01885563683846893
93.896,-0.020252872918726135
93.9,-0.025715210782990907
93.904,-0.022778951576521465
93.908,-0.01040435193972674
93.912,-0.02133067396072018
93.916,-0.03899318466318068
93.92,-0.02389272595495446
93.924,0.010082278135627946
93.928,-0.0307650130593784
93.932,-0.025123992703035836
93.936,-0.04313691990373505
93.94,-0.010424421456862563
93.944,-0.010073108554211004
93.948,-0.02934608577747251
93.952,-0.023728292524143966
93.956,-0.01844448193156417
93.96,-0.0203402949344444
93.964,-0.005032053409178868
93.968,-0.013091487679553366
93.972,-0.027351774444710323
93.976,-0.03873453488933129
93.98,-0.007523335017436303
93.984,0.008111288197678446
93.988,-0.016380677565252393
93.992,-0.036010739500408236
93.996,-0.014503246268788525
94.0,0.020334371335572823
94.004,0.04520433557290862
94.008,0.024045366415461372
94.012,0.011546694145917698
94.016,0.019461883044125813
94.02,0.024397361299560945
94.024,0.03112217880772294
94.028,0.03712509540940357
94.032,0.003313525035384469
94.036,0.01993589248348247
94.04,0.01884928797561027
94.044,0.040034804714352994
94.048,0.02424296986487139
94.052,0.02001960584774254
94.056,-0.0041619632549917025
94.06,0.023145250475609967
94.064,0.019023232857131832
94.068,0.03408216446542106
94.072,0.013237987188855046
94.076,0.01211073474449681
94.08,0.025629293036132768
94.084,0.025438838394173303
94.088,0.03183155797974955
94.092,0.02123026961894613
94.096,0.0020748902076642203
94.1,-0.004047040995181932
94.104,-0.029717716358025476
94.108,-0.022165790991265
94.112,-0.023612611461417278
94.116,-0.027931586032827888
94.12,-0.024437414735727647
94.124,0.0021432064303528956
94.128,-0.019745730127213063
94.132,-0.031854944819496675
94.136,-0.007721545417373667
94.14,-0.02292701740885489
94.144,-0.015572821554062428
94.148,-0.013496263425950054
94.152,-0.020986296135999408
94.156,-0.03165694507991008
94.16,-0.00509815178970828
94.164,-0.018397897051703013
94.168,-0.0013920897142595343
94.172,-0.036662005012905785
94.176,-0.03475066649467636
94.18,-0.01863315240893233
94.184,-0.010682112714290856
94.188,-0.017820122739836294
94.192,-0.03534557412803283
94.196,-0.0350821451347263
94.2,-0.002973155124277857
94.204,-0.013258465301472113
94.208,-0.024408225257254616
94.212,-0.03629072738731695
94.216,-0.026130854008886477
94.22,-0.017501915958708564
94.224,-0.016183805147027455
94.228,-0.003831724244743453
94.232,-0.032129247359242795
94.236,-0.03350990093260077
94.24,-0.01807049035431499
94.244,0.0014027986440763047
94.248,-0.003178544509852107
94.252,-0.0252842051543786
94.256,-0.03653698345214371
94.26,-0.013050337319579936
94.264,-0.00954293376078884
94.268,-0.024791318416469452
94.272,-0.04258742529311911
94.276,-0.02658671414233535
94.28,-0.023018409450944997
94.284,-0.020012491968090754
94.288,-0.014263840366401812
94.292,-0.0324109495331255
94.296,-0.021901934577378487
94.3,-0.013615648245299226
94.304,0.0009689812038235785
94.308,-0.00461435063100538
94.312,-0.030923781854219737
94.316,-0.024706652939692684
94.32,-0.01221355996798385
94.324,-0.006526130956351659
94.328,-0.026399038083476805
94.332,-0.027831187154124908
94.336,-0.02986097576792987
94.34,-0.013116068732594705
94.344,-0.020283105590218106
94.348,-0.002641715134588841
94.352,-0.03564716803195586
94.356,-0.016776077663175265
94.36,-0.03155067917617149
94.364,-0.010305888435624707
94.368,-0.00590848704249087
94.372,-0.015915242436569256
94.376,-0.0312625971749157
94.38,-0.006849272755289992
94.384,-0.009313395421821635
94.388,-0.01880685876491985
94.392,-0.030011245411117268
94.396,-0.030041317602877864
94.4,-0.029869021201405506
94.404,-0.014323504471439052
94.408,-0.012670605531613333
94.412,-0.04160245295423687
94.416,-0.03510202832120222
94.42,-0.014166864744378296
94.424,0.0013118217214556898
94.428,-0.024874877889578404
94.432,-0.01624537802718644
94.436,-0.02496482716740251
94.44,-0.006197414307769301
94.444,-0.012757629161798519
94.448,-0.0200477128661939
94.452,0.00020045431919833365
94.456,-0.026453736164819757
94.46,-0.015984649630107782
94.464,-0.014895702576331337
94.468,-0.012687948496450685
94.472,-0.02722019990345576
94.476,-0.03701439167547166
94.48,-0.022709845161903417
94.484,-0.006640605295718538
94.488,-0.01550083036056962
94.492,-0.030853475505476763
94.496,-0.018284319511563105
94.5,-0.007222394843790935
94.504,0.006401952906123044
94.508,-0.012956552950204842
94.512,-0.015962871609043475
94.516,-0.01596790494106365
94.52,-0.014040482709829945
94.524,-0.01189559805212142
94.528,0.005653806577500947
94.532,-0.0227459763086143
94.536,-0.03611721087841403
94.54,-0.016853615647873025
94.544,-0.004339594748719983
94.548,-0.006879450900144652
94.552,-0.017566613794289265
94.556,-0.02579069422535815
94.56,-0.01988904517318573
94.564,-0.012560859940764958
94.568,-0.013857375495039901
94.572,-0.030692498423670972
94.576,-0.04081672803453129
94.58,-0.025770754210379075
94.584,-0.0012224866353936163
94.588,-0.011615252731959042
94.592,-0.026332311589132205
94.596,-0.024176389010403268
94.6,-0.020180144022870786
94.604,-0.008297154213822646
94.608,-0.0049126532925483826
94.612,-0.01829967355919285
94.616,-0.032631355873960606
94.62,-0.031392548436122034
94.624,-0.010251872920757344
94.628,-0.009580396033238736
94.632,-0.03771566339914641
94.636,-0.03414224626724883
94.64,-0.010022721530405784
94.644,-0.017035503313418104
94.648,-0.028940927550695154
94.652,-0.014441182775944202
94.656,-0.01584125765506767
94.66,-0.018129223648853467
94.664,-0.023204667330980377
94.668,-0.022708131211999077
94.672,-0.03189733247007377
94.676,-0.03426162759292052
94.68,-0.025507926266254543
94.684,-0.004345555471000571
94.688,-0.011620220777990282
94.692,-0.02515302184440627
94.696,-0.02564542870505096
94.7,-0.022406454307890285
94.704,-0.018224678560660443
94.708,-0.015549064648459884
94.712,-0.03228704809516441
94.716,-0.03371361930243745
94.72,-0.020376268370547755
94.724,-0.011450836778883188
94.728,-0.0016031286081442525
94.732,-0.006721238891689074
94.736,-0.02114631259188872
94.74,-0.0287362614656484
94.744,-0.0026746139369543086
94.748,-0.023245345884390013
94.752,-0.037070018989183134
94.756,-0.016939078250147628
94.76,-1.7404859327597305e-05
94.764,-0.02197700638781364
94.768,-0.012959358430566077
94.772,-0.03950440877236244
94.776,-0.019741046959969255
94.78,-0.015414512668331482
94.784,-0.02161802681294977
94.788,-0.00672747398054667
94.792,-0.019921091123154048
94.796,-0.026501801588131414
94.8,-0.020517625555412772
94.804,-0.017722957993704967
94.808,-0.009249092475019175
94.812,-0.03671165724304708
94.816,-0.010181615936276232
94.82,-0.015447881322198903
94.824,-0.017721313867947515
94.828,-0.0029772384966887267
94.832,-0.02550288454588386
94.836,-0.03487840636498693
94.84,-0.011975925460217984
94.844,-0.012677661998796587
94.848,-0.017341587953863858
94.852,-0.019395692361231214
94.856,-0.01856049840996514
94.86,-0.014850729970753897
94.864,0.0001406288625714746
94.868,-0.007221803097581845
94.872,-0.025878829377007646
94.876,-0.02311408056583475
94.88,-0.02289964320962605
94.884,-0.012576608814244203
94.888,-0.00737356382840276
94.892,-0.021001233856719658
94.896,-0.02890057707368338
94.9,-0.023681868726767905
94.904,0.006404825891205761
94.908,-0.004990965174131066
94.912,-0.02405820710555741
94.916,-0.02536558652200598
94.92,-0.012872318741252435
94.924,-0.01752337790378765
94.928,-0.013282613939498993
94.932,-0.021469947223363157
94.936,-0.022051923722094587
94.94,-0.02284013614299069
94.944,-0.007336836304084162
94.948,-0.009504743421753725
94.952,-0.01065081903832683
94.956,-0.02318375217838102
94.96,-0.028446129481031923
94.964,0.0038078164091492964
94.968,-0.004559175960080322
94.972,-0.014105503534348175
94.976,-0.015724804649096202
94.98,-0.025888607366714153
94.984,-0.009055543060147792
94.988,-0.010179436458305949
94.992,-0.01445621348705308
94.996,-0.018249718615288527
95.0,-0.02758460265810056
95.004,0.005819431725395974
95.008,-0.004503779241808366
95.012,-0.006350862193257933
95.016,-0.017085908179635366
95.02,-0.024497040275341758
95.024,-0.004677692596507653
95.028,-0.018789194446498965
95.032,-0.00405714860444692
95.036,-0.028016623476214447
95.04,-0.023212279864506406
95.044,-0.005895770462515847
95.048,-0.0038294893073281206
95.052,-0.028014460626649758
95.056,-0.027571754368840618
95.06,-0.022810255616603596
95.064,-0.011852532432387895
95.068,-0.0014787880577710293
95.072,-0.01931852137797167
95.076,-0.025356244977597153
95.08,-0.02766353086327683
95.084,-0.019450835909038806
95.088,-0.006746908330440379
95.092,-0.014197652399959598
95.096,-0.028154340552461563
95.1,-0.012335257488384557
95.104,-0.011386709000435794
95.108,-0.007449905386190197
95.112,-0.014423433530571324
95.116,-0.016708516426866653
95.12,-0.011581791024436763
95.124,-0.016612870833250908
95.128,-0.0056896451078624136
95.132,-0.015417871813062416
95.136,-0.015922499027002004
95.14,-0.0065794865934877215
95.144,-0.005209433827322699
95.148,-0.0032812071964121864
95.152,-0.030873676244078475
95.156,-0.03971252510139351
95.16,-0.015346598407106659
95.164,-0.01061408750727351
95.168,-0.005909429901502188
95.172,-0.019927429082192596
95.176,-0.02916253211819582
95.18,-0.02387083856624058
95.184,-0.004931827975637528
95.188,0.00048291425967448773
95.192,-0.029631602325382065
95.196,-0.023676833214705477
95.2,-0.012767234529498064
95.204,-0.014667603194213664
95.208,-0.024679756807947754
95.212,-0.03137606340836678
95.216,-0.023491379400951147
95.22,-0.01696901232592435
95.224,0.0035339679766787785
95.228,-0.01569897761353082
95.232,-0.03632786817937647
95.236,-0.025463331380785548
95.24,-0.021974076345576615
95.244,0.00714836738360094
95.248,-0.026920510575037613
95.252,-0.010761689626543228
95.256,-0.032505815954136784
95.26,-0.0056965211165435434
95.264,-0.005309559610957388
95.268,-0.0027901184736484758
95.272,-0.017620136367326865
95.276,-0.029319705647767463
95.28,-0.017188843808154525
95.284,-0.011255299075004067
95.288,-0.018843933495481587
95.292,-0.02838391186727805
95.296,-0.03485312221119364
95.3,-0.01852525017646056
95.304,-0.011742546711965363
95.308,-0.014050586012574608
95.312,-0.025827041577329603
95.316,-0.015160447993844592
95.32,0.004876934477225155
95.324,-0.008715409019467466
95.328,-0.01909576658449691
95.332,-0.030046420545278806
95.336,-0.029228091549907114
95.34,-0.018877808528565267
95.344,-0.021706184949946722
95.348,-0.022162918786038387
95.352,-0.024903028251534298
95.356,-0.02934517752078004
95.36,-0.02707470758193431
95.364,-0.010753591563940677
95.368,-0.011885878159304886
95.372,-0.02264770658791438
95.376,-0.02186940897127071
95.38,-0.008636676810096687
95.384,-0.02202696159520709
95.388,-0.002100206249755144
95.392,-0.021960784733518864
95.396,-0.02085292687676264
95.4,-0.018243876428762615
95.404,-0.012620943307159745
95.408,-0.004442211731728262
95.412,-0.02354888900430253
95.416,-0.032437346027129464
95.42,-0.029366816028341694
95.424,-0.013614077807387076
95.428,-0.00845411908320358
95.432,-0.012698689978372276
95.436,-0.02128923809145694
95.44,-0.0009703026622655386
95.444,-0.012376564994276324
95.448,-0.01766229917555482
95.452,-0.026566636052999824
95.456,-0.04330875602405461
95.46,-0.02110047067014272
95.464,0.006764163854031724
95.468,-0.0249244967927482
95.472,-0.027136995437468985
95.476,-0.03281638651501373
95.48,-0.008331927803114807
95.484,-0.0028858425495968793
95.488,-0.009034560378379995
95.492,-0.024927249131892176
95.496,-0.0208851757886963
95.5,-0.012479298220114461
95.504,-0.01043716261230375
95.508,-0.0325336759628212
95.512,-0.026249585999312437
95.516,-0.017914446282065816
95.52,-0.016513804334536728
95.524,-0.015362073568235405
95.528,-0.025189314603306895
95.532,-0.028753951970723314
95.536,-0.02733626809534721
95.54,-0.007074554725139369
95.544,-0.0012660349311449876
95.548,-0.0015597761436176982
95.552,-0.011869635286887574
95.556,-0.03200449337271209
95.56,-0.019748719841617707
95.564,-0.002849290575258066
95.568,0.003525961648027107
95.572,-0.02011980375291313
95.576,-0.017563463783326294
95.58,-0.017779674459695083
95.584,-0.008424641175193648
95.588,-0.0062802345001718995
95.592,-0.021096321409675652
95.596,-0.03254278654155148
95.6,-0.01670697609458326
95.604,-0.006139887135991143
95.608,-0.007215842735557702
95.612,-0.024952093849856707
95.616,-0.020189649431344613
95.62,-0.01734346517875824
95.624,-0.008024133232093167
95.628,0.008730992621817965
95.632,-0.013512666706952238
95.636,-0.03549396724115329
95.64,-0.003697495374986365
95.644,-0.012563825620474645
95.648,-0.00929794014748648
95.652,-0.028726380652936482
95.656,-0.016546772392533514
95.66,-0.012545690113144145
95.664,-0.004253733841810782
95.668,-0.021867738026523476
95.672,-0.023221007063559826
95.676,-0.023912181602106466
95.68,-0.012926015483915866
95.684,-0.0045731634848388564
95.688,-0.008070325951542034
95.692,-0.018845528143414787
95.696,-0.017000296118570363
95.7,-0.01984391058538185
95.704,-0.0042742426729598295
95.708,-0.0035744945617564505
95.712,-0.036545786279473275
95.716,-0.015615348833644117
95.72,-0.004668376359710609
95.724,-0.01609026532867428
95.728,-0.007697769887537946
95.732,-0.021713175789791553
95.736,-0.019089445838485604
95.74,-0.01664708301549289
95.744,0.0057373952333962305
95.748,-0.011510005324498682
95.752,-0.01946641385648662
95.756,-0.03959034665097214
95.76,-0.028841994645126323
95.764,0.020873361713723913
95.768,-0.009856580835643683
95.772,-0.01933029225001019
95.776,-0.027821373574807975
95.78,-0.03144549313477531
95.784,-0.006226668359763286
95.788,-0.006581850910210656
95.792,-0.015361906626849213
95.796,-0.020450399636044975
95.8,-0.021603254362072687
95.804,0.0016674492430334767
95.808,-0.003873735466050257
95.812,-0.03172333443621098
95.816,-0.01989845003295504
95.82,-0.024550227300865743
95.824,-0.0013721363772984671
95.828,-0.018668486794540973
95.832,-0.014440340976149116
95.836,-0.028780099361922853
95.84,-0.008151205804420122
95.844,-0.002612112638814421
95.848,0.006191901205894537
95.852,-0.016892665545107294
95.856,-0.02933880975307271
95.86,-0.019793487420373176
95.864,0.00565277946226536
95.868,-0.004328931935232223
95.872,-0.026286871329439056
95.876,-0.026469498689011987
95.88,-0.015312768398158002
95.884,0.004216075733758809
95.888,0.003790873867172301
95.892,-0.028369621387211864
95.896,-0.03422572545126025
95.9,-0.013033712310605768
95.904,0.00296627697250121
95.908,0.0018301498524324385
95.912,-0.017323333477334744
95.916,-0.030290393664834568
95.92,-0.019170442721005897
95.924,-0.01301826601013258
95.928,-0.014986263517218344
95.932,-0.03741085169114153
95.936,-0.03103804111211597
95.94,-0.009666960174544444
95.944,-0.010728643975429874
95.948,-0.030800846845971862
95.952,-0.02148910775383862
95.956,-0.024419969105899563
95.96,-0.01587613954141434
95.964,-0.012111484095638855
95.968,0.0033277905163085347
95.972,-0.03042236765943804
95.976,-0.019238309711082917
95.98,-0.030114269861216382
95.984,-0.00608368013587445
95.988,-0.00468291977252874
95.992,-0.01834816356113314
95.996,-0.03765678565640653
96.0,-0.02874543188022983
96.004,-0.014855647844124558
96.008,-0.0013167624237348154
96.012,-0.022974029610658222
96.016,-0.02714881908300496
96.02,-0.02764747710044194
96.024,-0.015712137426916878
96.028,0.0038455626038668214
96.032,-0.023613583916222602
96.036,-0.016053813081558368
96.04,-0.011545501662547414
96.044,0.009194494873395659
96.048,-0.023160632940616634
96.052,-0.016744163971394964
96.056,-0.02938783969540248
96.06,-0.018367786183736856
96.064,-0.007683945117885803
96.068,-0.00040039608263391785
96.072,-0.032647223607616876
96.076,-0.039576093988858904
96.08,0.012511039143398402
96.084,-0.011857088046026022
96.088,-0.012517048958441315
96.092,-0.023098024285118993
96.096,-0.020286466587989604
96.1,-0.015725083561013712
96.104,-0.004762399767516817
96.108,-0.0132372004055442
96.112,-0.04093830714474619
96.116,-0.012936471942575396
96.12,-0.022749140708041585
96.124,-0.006299021718577631
96.128,-0.0032763749478935955
96.132,-0.03991998248602674
96.136,-0.03170881017147917
96.14,-0.0013235607215140166
96.144,0.00836897865120848
96.148,-0.0036018092096496033
96.152,-0.03464764464538006
96.156,-0.02443957764862861
96.16,-0.023367797423794807
96.164,-0.008447645632542898
96.168,-0.009584859384918208
96.172,-0.021628362819564647
96.176,-0.02484394189949756
96.18,-0.012061193265615427
96.184,0.0078026690987321266
96.188,-0.012608718205124273
96.192,-0.015641911793759875
96.196,-0.03584102932950076
96.2,-0.013507883422474803
96.204,-0.012046591034534763
96.208,-0.010004617728011965
96.212,-0.012365209026297074
96.216,-0.023220876054405214
96.22,-0.012041813702237869
96.224,-0.0070505692968478705
96.228,-0.012640403883573001
96.232,-0.02584805940089697
96.236,-0.040545979999609794
96.24,-0.0094148596016966
96.244,-0.019840747955478598
96.248,-0.002266861924023039
96.252,-0.017039176431486624
96.256,-0.037474911194183974
96.26,-0.008414684343413182
96.264,0.005777185520550962
96.268,-0.006046969977586004
96.272,-0.025205537288119098
96.276,-0.028510909204655648
96.28,-0.016691640128263418
96.284,-0.0031202355619074987
96.288,-0.024489281084995887
96.292,-0.028319041005680445
96.296,-0.01994965680325709
96.3,-0.025743690300409048
96.304,3.714857566329208e-05
96.308,-0.010034802626809822
96.312,-0.0300509635159976
96.316,-0.020669804224307507
96.32,-0.014111146030497257
96.324,-0.0026663368559712718
96.328,0.0007406261135583063
96.332,-0.01922366477466284
96.336,-0.01909035128066093
96.34,-0.011517976241025796
96.344,-9.325519593087698e-05
96.348,-0.0006388588970958429
96.352,-0.012061917630687827
96.356,-0.01482457480882257
96.36,-0.025403919813127472
96.364,-0.005206815985118919
96.368,-0.004339590088729292
96.372,-0.015117267672928682
96.376,-0.03105510546510388
96.38,-0.005795849342697738
96.384,-0.015734514736303565
96.388,-0.005447236064377536
96.392,-0.022131488338413125
96.396,-0.017010185434769766
96.4,-0.01566509021402839
96.404,-0.0009344672661236214
96.408,-0.013012175476093416
96.412,-0.011358325585059528
96.416,-0.01583666210087372
96.42,-0.0062237689631736174
96.424,0.010711504923217511
96.428,-0.00924404179460706
96.432,-0.020805873376943885
96.436,-0.027066091444947836
96.44,-0.015875622805243537
96.444,-0.009855970620662116
96.448,-0.011873517103267377
96.452,-0.02171373452129883
96.456,-0.03896060538657121
96.46,-0.00799682420580117
96.464,0.011096957579924866
96.468,-0.007937893859408166
96.472,-0.010110947686339036
96.476,-0.0324576382866795
96.48,-0.017538054418072914
96.484,-0.0004873404149464784
96.488,0.0026352422011755644
96.492,-0.02135286787147505
96.496,-0.01716954339139684
96.5,-0.007196098177748251
96.504,0.002165682072562667
96.508,-0.0028131609409556436
96.512,-0.02647753891073093
96.516,-0.02106475704580501
96.52,-0.015102851634844993
96.524,0.0027609191440236573
96.528,-0.006112295973948053
96.532,-0.019941094592552434
96.536,-0.01666305795324334
96.54,-0.014208930567240811
96.544,-0.013578680395223294
96.548,0.0072764056175852205
96.552,-0.019593825278212098
96.556,-0.02717599007172601
96.56,-0.021382850551654085
96.564,-0.006278213739720153
96.568,-0.00423101307723148
96.572,-0.01200741731272675
96.576,-0.024223869344351244
96.58,-0.01118757717020571
96.584,-0.011599934102091376
96.588,-0.018420989956813082
96.592,-0.027974897198882902
96.596,-0.02390019864591405
96.6,-0.01742123620408275
96.604,-0.0009762604955605254
96.608,-0.019760760668884776
96.612,-0.031045707178468704
96.616,-0.01872656643821556
96.62,-0.006642520228241263
96.624,0.0002568398388560506
96.628,-0.02296872694958606
96.632,-0.013574290416226549
96.636,-0.01830545507689188
96.64,-0.017482109155606468
96.644,-0.016330052908094007
96.648,-0.008980128342311636
96.652,-0.006552233029919859
96.656,-0.021544023111568153
96.66,-0.031196378896445054
96.664,-0.013615872773921104
96.668,-0.009822932909902396
96.672,-0.028545357660207556
96.676,-0.013710785350486083
96.68,-0.008301903206157944
96.684,0.012712912107722052
96.688,-0.0007937872165769645
96.692,-0.013605486758176528
96.696,-0.025874546657921486
96.7,-0.0213290373555938
96.704,0.004530192615121578
96.708,-0.0074394798028668
96.712,-0.00045695705481032037
96.716,-0.026028568608879154
96.72,-0.019809066079777192
96.724,0.001864465657308489
96.728,-0.01091618210076746
96.732,-0.03424433844575012
96.736,-0.016397007282473005
96.74,-0.011447672846903147
96.744,-0.0030766992354569382
96.748,-6.283354157132683e-05
96.752,-0.0069508159812162115
96.756,-0.013685090633993244
96.76,-0.018538347239684835
96.764,-0.004178761567853047
96.768,-0.009110500846407462
96.772,-0.012047603279399844
96.776,-0.026205780870849894
96.78,-0.015604494032763799
96.784,-0.004810513741522
96.788,-0.023618602585426668
96.792,-0.008882924155117685
96.796,-0.019561822787961893
96.8,-0.001811735947227007
96.804,-0.00667978827908521
96.808,0.000527149016252523
96.812,-0.024880079352817122
96.816,-0.02088455155743562
96.82,-0.009201280391041717
96.824,0.0007532858010540055
96.828,0.0023110558499836453
96.832,-0.01812618789417042
96.836,-0.013633198957739403
96.84,-0.024113970076345692
96.844,-0.003618713626515277
96.848,-0.02604661793216143
96.852,-0.01716129614245076
96.856,-0.02779954380603456
96.86,-0.00367840327105101
96.864,-0.007867686806733493
96.868,-0.009000728099665815
96.872,-0.018617281428201765
96.876,-0.01567131669196333
96.88,0.006354736274142613
96.884,0.008081391012895145
96.888,-0.011854935866491792
96.892,-0.012345743443023813
96.896,-0.008212471195512779
96.9,-0.004494189471913556
96.904,-0.015519413019863764
96.908,-0.025651982641471702
96.912,-0.023774083302077986
96.916,-0.022035892495736734
96.92,-0.019691391144063042
96.924,-0.0008524128160407286
96.928,0.0064874746606509515
96.932,-4.243247979689169e-05
96.936,-0.014225297646849325
96.94,-0.010476597429923264
96.944,0.008127684931548394
96.948,-0.01348258857907651
96.952,-0.0351089415129873
96.956,-0.009255017140709575
96.96,0.001122815502444769
96.964,0.006019285989603803
96.968,-0.0003939211832392382
96.972,-0.017277767491415935
96.976,-0.02632610426233382
96.98,-0.002064853533677198
96.984,-0.007088009078325867
96.988,-0.004871935978425071
96.992,-0.031995656020174276
96.996,-0.026745959503066394
97.0,-0.011314526123057724
97.004,0.00508761233603495
97.008,0.003964217033753219
97.012,-0.015042719459802917
97.016,-0.02757484458687752
97.02,-0.021492133974892337
97.024,0.008870904740164044
97.028,0.00934776055317934
97.032,-0.019766744193347306
97.036,-0.016589867460150256
97.04,-0.02585894216982538
97.044,0.010765063504711344
97.048,-0.0062531450012888925
97.052,-0.014366153178899834
97.056,-0.0101139046763908
97.06,0.0033053138490814413
97.064,0.009393925015376892
97.068,-0.020283286135778962
97.072,-0.021017230437780154
97.076,-0.023609371128483422
97.08,-0.020691373573833917
97.084,0.008234311662697356
97.088,-0.0004739074347956873
97.092,-0.01122216907885169
97.096,-0.02580409121873386
97.1,-0.02033925301310757
97.104,-0.003527180598680072
97.108,-0.01659950386772906
97.112,-0.011110779252434599
97.116,-0.008900001774721524
97.12,0.011791972956121938
97.124,-0.00296954158587845
97.128,-0.010742416300419434
97.132,-0.009765332513689034
97.136,-0.013158135385941454
97.14,-0.02381373408310782
97.144,0.01330520870130265
97.148,-0.0023183983893788037
97.152,-0.02124145906429088
97.156,-0.01521045828252689
97.16,-0.006500934119043565
97.164,0.005046765525127282
97.168,0.0007515372333809995
97.172,-0.025810677585769427
97.176,-0.017275881005622024
97.18,-5.647784304555099e-05
97.184,-0.0036395669078209416
97.188,-0.00986873720119211
97.192,-0.010631826669605177
97.196,-0.015326935713400804
97.2,-0.01588790595880404
97.204,-0.0010838661827956772
97.208,-0.01334878079151011
97.212,-0.01607025849153973
97.216,-0.014798602209905452
97.22,-0.003522765998762413
97.224,0.005829631619254811
97.228,-0.006139174241960248
97.232,-0.022925515800714467
97.236,-0.024337075278203484
97.24,-0.010959894791308645
97.244,-0.005390091995627775
97.248,-0.006382417733266059
97.252,-0.020404602098128548
97.256,-0.01913713709416499
97.26,0.0027103504269021354
97.264,0.0052258195634047174
97.268,0.00307533839661078
97.272,-0.015219901712781262
97.276,-0.025492275691321415
97.28,-0.02636659856786665
97.284,-0.0031009780289747548
97.288,-0.014122946324448736
97.292,-0.018816637984539468
97.296,-0.02807268278171659
97.3,-0.01360191247612778
97.304,0.0014051177502245504
97.308,-0.0012024119209134306
97.312,-0.02949357260412877
97.316,-0.018197601981985737
97.32,-0.0024114661699130716
97.324,-0.004303989955558029
97.328,0.0034720143931132
97.332,-0.019207936586714904
97.336,-0.025344983162388562
97.34,-0.018893069465101945
97.344,0.010508576245193812
97.348,0.013343421225342857
97.352,-0.011199643071333795
97.356,-0.019880851300662458
97.36,-0.0036973771106293
97.364,0.005223172895167614
97.368,-0.00837422344597676
97.372,-0.02717008798996319
97.376,-0.02484826910116037
97.38,-0.02084263399543879
97.384,-0.009020834823615565
97.388,0.0010048414786532648
97.392,-0.010642552989178128
97.396,-0.018597559874209458
97.4,-0.018829264856735844
97.404,-0.005813031707905207
97.408,-0.0031510346190454755
97.412,-0.011932313938656278
97.416,-0.028128754948334517
97.42,-0.004144950025781698
97.424,-0.005309821983223164
97.428,-0.0009994875581592197
97.432,-0.028123019562487663
97.436,-0.026001378262207588
97.44,-0.00843010507754937
97.444,-0.01614820329463519
97.448,-7.558027097586111e-05
97.452,-0.01852589773780086
97.456,-0.007362869346019421
97.46,-0.011196835762289461
97.464,0.0071467135969321876
97.468,0.017583019653419362
97.472,-0.022465839801399604
97.476,-0.02213064529838705
97.48,-0.00973495437813993
97.484,0.0030837987924309833
97.488,-0.0015627143843151862
97.492,7.013201848541512e-05
97.496,0.0013490037059564336
97.5,-0.009856205241773278
97.504,0.006765062554314474
97.508,-0.0034947426655377056
97.512,-0.01528316480206652
97.516,-0.04283567393242209
97.52,-0.009487552464169933
97.524,-4.220853756834906e-06
97.528,-0.014144544848625904
97.532,-0.020724532225235272
97.536,-0.012534436888848803
97.54,-0.004563048662115103
97.544,-0.01702851500708214
97.548,0.0020326912595449486
97.552,-0.013167250494184234
97.556,-0.01997324963959216
97.56,-0.0011807579138867815
97.564,0.0017352274411109464
97.568,-0.0035499293947145365
97.572,-0.009791733898287521
97.576,-0.017289618760126187
97.58,-0.0040073216529267364
97.584,0.005472899604712673
97.588,-0.002977067029557632
97.592,-0.00034702934646069564
97.596,-0.015382596978369597
97.6,0.011187368508975915
97.604,-0.010894945230092731
97.608,-0.0030995059387482703
97.612,-0.024801007012772217
97.616,-0.00751757212867727
97.62,-0.022761456076108504
97.624,0.0066440657591876826
97.628,0.002288193515261391
97.632,-0.016365182233007605
97.636,-0.028666756303852257
97.64,-0.003022896934444812
97.644,-0.004289094647564329
97.648,-0.0008957214369293559
97.652,-0.022108112245630137
97.656,-0.020244046864742554
97.66,-0.006978015805121361
97.664,-0.00391306369557434
97.668,-0.009040250293134721
97.672,-0.018680497677231414
97.676,-0.01325376701390395
97.68,-0.01997230006807294
97.684,0.012865907398553325
97.688,0.007735487342527019
97.692,-0.009664240276550499
97.696,-0.015876249086418957
97.7,0.0033926304500178413
97.704,-0.007547660155325547
97.708,-0.012030248517185819
97.712,0.007778141211477255
97.716,-0.003640357041966963
97.72,2.1894608669564136e-05
97.724,0.013674467003456682
97.728,0.005033934008990241
97.732,-0.00984832419284074
97.736,-0.012860380117015334
97.74,-0.008728945194178684
97.744,-0.005486575791652165
97.748,-0.0033811467258519487
97.752,-0.027757215445684907
97.756,-0.012939896232724745
97.76,0.0007571182015427402
97.764,0.0017268069363770503
97.768,-0.0022848307014229985
97.772,-0.02551122712017859
97.776,-0.01258672523384578
97.78,-0.013862050822005199
97.784,-0.006197163791193996
97.788,-0.006801533230580921
97.792,-0.0034350658847784113
97.796,-0.008057811583002625
97.8,-0.01657753549402048
97.804,-0.003823543867346511
97.808,0.004120808157154101
97.812,-0.011633422183081724
97.816,-0.013565868034871136
97.82,-0.015581106798859577
97.824,-0.013230267882009043
97.828,-0.01633851285885246
97.832,-0.0030590550173419974
97.836,-0.01727113213446355
97.84,-0.011006983063818223
97.844,0.006079772095269471
97.848,-0.00037771471827261036
97.852,-0.008910906817044009
97.856,-0.03374277601997221
97.86,-0.014975001965052755
97.864,-0.00700747805543349
97.868,-0.006985136278049076
97.872,-0.022897360597426954
97.876,-0.021127320772301054
97.88,-0.01203853321579145
97.884,0.008908453138933514
97.888,-0.004889098001301662
97.892,-0.01481405209584466
97.896,-0.019998193353337447
97.9,-0.00370032821197691
97.904,0.016088126657602078
97.908,-0.009336609165096217
97.912,-0.016461426914439612
97.916,-0.026054015293631275
97.92,-0.005605117569145392
97.924,-0.005964857405200278
97.928,0.00728914748858142
97.932,-0.017624073283209737
97.936,-0.006640187137213035
97.94,-0.011978059528018763
97.944,0.004493844448464327
97.948,-0.010097829140846146
97.952,-0.014266802750272194
97.956,-0.02791432901110481
97.96,-0.013533508142914614
97.964,-0.0064725650499383265
97.968,-0.003460348431356756
97.972,-0.012228345712632125
97.976,-0.014946853421223035
97.98,0.0033454747200721505
97.984,0.00817926775659221
97.988,0.013255580613454526
97.992,-0.00012707261475160096
97.996,-0.007403838297547602
98.0,-0.0047369904176743464
98.004,0.009395329814205761
98.008,0.003768905801109757
98.012,-0.02021971026582673
98.016,-0.01701925180850545
98.02,0.0012012617435997264
98.024,-0.0015752012794643749
98.028,-0.013660563851452395
98.032,-0.017780932577228
98.036,-0.022874648907624372
98.04,-0.013735058475672898
98.044,0.0019601304834744307
98.048,-0.013759934446050276
98.052,0.0023914531231583897
98.056,-0.014914520456632493
98.06,-0.009192733583498825
98.064,-0.007042540490161487
98.068,0.005995399946483229
98.072,-0.0033127512032103314
98.076,-0.029188896878724852
98.08,-0.009626374669146386
98.084,-0.0031898986716469542
98.088,-0.0045722318410591975
98.092,-0.019195998468653906
98.096,-0.015467582239712186
98.1,-0.015325191823345224
98.104,-0.011001084235607781
98.108,0.003978758157756309
98.112,-0.0058568533535330826
98.116,-0.005928453275161592
98.12,-0.009832771236061012
98.124,0.0013707271258168547
98.128,0.0012556738839097589
98.132,-0.009515813557091763
98.136,-0.016665795893718832
98.14,-0.008474334422310888
98.144,-0.009056260984736185
98.148,-0.004923497998522965
98.152,-0.024422873245596145
98.156,-0.016294628512508028
98.16,-0.004499322847675024
98.164,-0.00358282829378274
98.168,0.0087875917575326
98.172,-0.010676844502879684
98.176,-0.006617382298967975
98.18,-0.011744739274706555
98.184,-0.0031842750418507792
98.188,0.005689691103511492
98.192,-0.010814170130247186
98.196,-0.02675134985139547
98.2,-0.0033570774808602526
98.204,0.008455120820060093
98.208,0.005661392987208826
98.212,-0.013912609261300621
98.216,-0.014645770271465509
98.22,-0.022579142090561135
98.224,0.005204448624095672
98.228,-0.009032159888493239
98.232,-0.015043004640459452
98.236,-0.019289377132782393
98.24,-0.01003117723505494
98.244,-0.0029285401444045936
98.248,0.003953486500572417
98.252,-0.004913858209937423
98.256,-0.016697923365772
98.26,-0.013304819490639073
98.264,-0.003078941542901693
98.268,0.006386857143957197
98.272,-0.005735251347888399
98.276,-0.012169302699521127
98.28,-0.01802872964638384
98.284,0.016572977045965276
98.288,0.00654844025610508
98.292,-0.013161533812802016
98.296,-0.012839642041833117
98.3,-0.01253023939504864
98.304,0.0012991086683128786
98.308,0.009079451934214087
98.312,-0.007556693740153105
98.316,-0.012333084405901532
98.32,0.00622542758516435
98.324,-0.011997043486349009
98.328,-0.0014232876493319713
98.332,-0.026068353107893683
98.336,-0.006809922841478858
98.34,-0.01352152756380499
98.344,0.016539775365119233
98.348,0.005304795276488399
98.352,-0.015332284830130145
98.356,-0.0038974640580565836
98.36,-0.013591907043283122
98.364,-0.0021057386375516463
98.368,0.002024398867537257
98.372,-0.018731814538300723
98.376,-0.019951274513012672
98.38,-0.011879760675912582
98.384,-0.008185328440675852
98.388,-0.001348739697840816
98.392,-0.008576282556783952
98.396,-0.014212666369589833
98.4,0.005817546497503143
98.404,-0.004662812282444427
98.408,0.0010361482421973353
98.412,-0.004988631449027726
98.416,-0.024389914232349635
98.42,-0.01206326657674784
98.424,0.0019558356532728962
98.428,-0.0005786107632037155
98.432,-0.016163592999585592
98.436,-0.035359145454827524
98.44,-0.0025755291099643866
98.444,0.006834664891597416
98.448,0.0015652307149000985
98.452,-0.020980789794937713
98.456,-0.019708999675845787
98.46,-0.011792378313367498
98.464,0.01339389942814193
98.468,0.01394535181617863
98.472,-0.013010536352111883
98.476,-0.028388174269914575
98.48,-0.018167707374337004
98.484,0.005011353117580205
98.488,-0.0009606653896256151
98.492,-0.00791157984881004
98.496,-0.007553868267821409
98.5,-0.0009005877768929948
98.504,0.009800685111830128
98.508,0.0006289439286266636
98.512,-0.007713396906110129
98.516,-0.013327341934668101
98.52,-0.0005672323882171242
98.524,0.004039792752169256
98.528,0.014805628582270344
98.532,-0.01870806131765505
98.536,-0.021803186239376635
98.54,-0.004730160322616579
98.544,0.006998397391179052
98.548,-0.0028171996195695535
98.552,-0.019508505487140324
98.556,-0.02662594440270811
98.56,-0.0125604216932056
98.564,-0.005871141110951657
98.568,0.010709555712366146
98.572,-0.00013507116930766908
98.576,-0.026316065880305887
98.58,-0.011251721777200723
98.584,0.0015792673721701125
98.588,-0.0009349336445884002
98.592,-0.008525937286130419
98.596,-0.017692256092309774
98.6,-0.004794874704643324
98.604,0.001166473494903349
98.608,0.009443540061377055
98.612,-0.0209157411698019
98.616,-0.00866334576336178
98.62,-0.000679917712073385
98.624,0.02302961954918773
98.628,0.0026449666302949845
98.632,-0.01872254118408838
98.636,-0.0170678148462499
98.64,0.014367773642208401
98.644,-0.013938089543609346
98.648,0.011690136831644118
98.652,-0.021000232075369017
98.656,-0.0025345834716853834
98.66,-0.003770828644668798
98.664,0.011565516732589529
98.668,-0.0005031515833006114
98.672,-0.01355503271035513
98.676,-0.007813392441459418
98.68,0.002454674091007987
98.684,-0.0037974531582884346
98.688,-0.003094371124062998
98.692,-0.007622286312946907
98.696,-0.019380400890203896
98.7,0.030444358202745155
98.704,0.04583559965795788
98.708,0.03893163356512675
98.712,0.006026713976122186
98.716,0.0037551999028605614
98.72,0.03978810880087387
98.724,0.04205624759547614
98.728,0.04534903294570195
98.732,0.03061747485822095
98.736,0.03456233341732536
98.74,0.03401772131873366
98.744,0.05469891768163412
98.748,0.057396968609641136
98.752,0.028340738114926083
98.756,0.03285709650035111
98.76,0.04651358528371583
98.764,0.0516914508072557
98.768,0.04954497883713661
98.772,0.01773282141292372
98.776,0.03952709379062567
98.78,0.04797528936393736
98.784,0.043750190325306894
98.788,0.05011520923014211
98.792,0.02063307455684789
98.796,0.021473467175667334
98.8,-0.005835402647872109
98.804,-0.003948241441084475
98.808,-0.00667139848567667
98.812,-0.008399278064023668
98.816,-0.015474435436718727
98.82,-0.0035565196614940732
98.824,0.0005400601796621976
98.828,0.0018527733899157941
98.832,-0.0041914622627631315
98.836,-0.018446265401770377
98.84,-0.003583559550910367
98.844,-0.0035375215499705544
98.848,-0.0056340576301220895
98.852,-0.006617841847927403
98.856,-0.012465272704431124
98.86,0.0073226441663855266
98.864,0.005913850284605473
98.868,-0.0024070067020607686
98.872,-0.01666660658315653
98.876,-0.009798542109586342
98.88,-0.007571950208389676
98.884,-0.006453848769044267
98.888,0.008299309940043046
98.892,-0.018038303691820468
98.896,-0.027325579251830864
98.9,-0.008297395388812813
98.904,0.0009778372017871882
98.908,0.0004444981219150826
98.912,-0.007584720581464046
98.916,-0.0063957966771705935
98.92,-0.00242096143658725
98.924,-0.003190970242818247
98.928,-0.007055512264540739
98.932,-0.011938386547881905
98.936,0.0028245318820562387
98.94,-0.003271272682454408
98.944,0.0013240851323048693
98.948,-0.004556318242792725
98.952,-0.0032422106939472327
98.956,-0.01570229237500224
98.96,-0.014841159794137877
98.964,-0.003503780223959918
98.968,0.012103247265557945
98.972,-0.00518188407403821
98.976,-0.016057205160954494
98.98,-0.0035147893680264387
98.984,0.0063156918399029935
98.988,-0.0034103960242523627
98.992,-0.01724044316022405
98.996,-0.018931369018716813
99.0,0.003929385228654034
99.004,0.0061663098317710245
99.008,-0.0014886299218931365
99.012,0.004982874024374407
99.016,-0.0141477630516218
99.02,-0.006780500334417945
99.024,-0.0034388227294873484
99.028,-0.0018357357999538035
99.032,-0.009101947372940376
99.036,-0.02192078379501991
99.04,-0.010937214781147526
99.044,0.0069639216865749285
99.048,0.003821325126049696
99.052,0.0008922412764323859
99.056,-0.011799356542910481
99.06,0.00803335617255319
99.064,0.011546184067608479
99.068,0.0009514870365905262
99.072,-0.00261007848038598
99.076,-0.02039521524540107
99.08,-0.0021325894567346716
99.084,0.011816715517994174
99.088,0.0019574221895417047
99.092,-0.02800887242557179
99.096,-0.012423201476107553
99.1,0.003284993145265224
99.104,0.009925862411013448
99.108,0.007791535776894615
99.112,-0.015508672991736867
99.116,-0.023618691344578235
99.12,-0.009801321341352595
99.124,0.011877933857392262
99.128,0.013290467756751922
99.132,-0.015094050178882209
99.136,-0.01031654781504497
99.14,-0.013971443723899165
99.144,-0.0006770542854885979
99.148,0.012029408234376147
99.152,-0.014782996504307346
99.156,-0.018945782168084804
99.16,-7.051198644864119e-05
99.164,-0.0018166476646735317
99.168,-0.0005056005200328216
99.172,-0.023186963485985673
99.176,-0.023678144617894116
99.18,-0.014511619612763314
99.184,0.016776877871931058
99.188,0.00959174278095747
99.192,-0.009850668551160192
99.196,-0.015562590712881418
99.2,-0.0016011486267751745
99.204,0.0007970001572888815
99.208,-0.0026421172575882817
99.212,-0.010566936948295807
99.216,-0.0021453675607814044
99.22,0.00869792547566329
99.224,-0.005578895026492036
99.228,0.018424956918181943
99.232,-0.0153088517617175
99.236,-0.013234385766327503
99.24,-0.005437779905012371
99.244,-0.010243818489402656
99.248,0.010645045272890206
99.252,-0.011623105460008061
99.256,-0.013276129583632446
99.26,0.004717164348837746
99.264,0.009980143983703685
99.268,0.021049868089767717
99.272,-0.015026388089332241
99.276,-0.009992991575943216
99.28,0.0032714879542982238
99.284,0.0008233257398886154
99.288,0.008447185374270645
99.292,-0.017043824609040015
99.296,-0.014702858975356177
99.3,0.005106207350732549
99.304,0.004754387788041267
99.308,-0.007912270768866959
99.312,0.007519406489825272
99.316,-0.021608694518679538
99.32,0.005458412290079862
99.324,0.008768885584098158
99.328,-0.0012832031836628268
99.332,0.0027364815951144445
99.336,-0.020103611050880925
99.34,-0.005636545672051556
99.344,0.004723047979911651
99.348,0.013299344102218901
99.352,-0.002696370184513821
99.356,-0.015982353555280687
99.36,0.01252187426812647
99.364,0.01999905239860321
99.368,0.0017780870465330001
99.372,-0.008219841031992333
99.376,-0.009358058730519718
99.38,-0.0023855752030858255
99.384,0.00835062679156885
99.388,0.00353488876333011
99.392,-0.010303748321050868
99.396,-0.02171815406791456
99.4,0.0003745737434099083
99.404,0.004557481832464769
99.408,0.008193047735342483
99.412,-0.002300565924950315
99.416,7.100901738219499e-05
99.42,-0.009429466874176791
99.424,0.0008898990498165593
99.428,0.004251484604441794
99.432,-0.0012781806863221635
99.436,-0.010923532725582647
99.44,-0.010679453569045504
99.444,0.01042063707679603
99.448,0.004089014106787104
99.452,-0.006612534298537603
99.456,-0.01528253036052301
99.46,0.0035113720532795613
99.464,0.013008649002459587
99.468,0.011908497317087168
99.472,-0.0011445080880282997
99.476,-0.002766691459404752
99.48,-0.014696181001780464
99.484,0.014164964553760068
99.488,0.008209211228056535
99.492,-0.009891854047872647
99.496,-0.012535505979298785
99.5,-0.010817398206986465
99.504,0.007137150486782719
99.508,-0.00032445534930941513
99.512,-0.015934379793666617
99.516,-0.025622631539326562
99.52,-0.0029598606336512226
99.524,0.006422517775221844
99.528,0.017968121971412114
99.532,-0.009404566382007085
99.536,-0.01759660018189404
99.54,-0.004984240743383394
99.544,0.0008282852301292722
99.548,-0.008072958484645697
99.552,-0.008592105172523843
99.556,-0.0009971456875781798
99.56,-0.0023136969940197776
99.564,0.0011232597952299441
99.568,0.0024593593333589675
99.572,0.000331482620623897
99.576,-0.007169487979429113
99.58,-0.012073193999202127
99.584,0.0003057918663375578
99.588,0.014358264083930894
99.592,-0.018407339964269052
99.596,-0.006495483225592743
99.6,0.0020975616476690082
99.604,0.013224734061446176
99.608,0.013179250382668959
99.612,-0.016367269973694483
99.616,0.006939859717710408
99.62,0.010844516883972696
99.624,-0.00263345347107752
99.628,-0.0028284225501785144
99.632,-0.0017275962904793095
99.636,-0.002224432876135541
99.64,-0.004551924340340095
99.644,0.024552401100849858
99.648,0.01682255285392837
99.652,-0.010052056433776524
99.656,-0.009782427505867814
99.66,-0.021103860617175285
99.664,0.024673163602929496
99.668,0.009732335734197007
99.672,-0.010300481131112486
99.676,-0.000813865146315847
99.68,0.005910029333090165
99.684,0.013481278677730149
99.688,-0.00822935927550865
99.692,0.004628441206437768
99.696,-0.025450077134448114
99.7,-0.0049774076880489005
99.704,0.0061986380422475035
99.708,0.009979109355514295
99.712,-0.0126317330220731
99.716,-0.010147473771356658
99.72,-0.025913355264776432
99.724,0.009994216505327303
99.728,0.00011357989854408109
99.732,-0.0042681987299240534
99.736,-0.0310801131480721
99.74,0.014690476003273997
99.744,0.0010594539886473273
99.748,-0.0005573008760490061
99.752,-0.007865890879640182
99.756,-0.010662095475768478
99.76,-0.006673020492938453
99.764,0.015212129845199547
99.768,0.015391582280829633
99.772,-0.021596774460550028
99.776,-0.0071781115751016426
99.78,0.00551969845173045
99.784,0.01591528870697971
99.788,-0.007260173677300981
99.792,0.004398266858837637
99.796,-0.011741513489143263
99.8,-0.0025360757806336563
99.804,0.010868460002891052
99.808,0.01797514343421995
99.812,-0.0071919572456537635
99.816,-0.013396452741495887
99.82,-0.018510945545807796
99.824,0.022298514761628613
99.828,0.002818560919346995
99.832,0.0031033762663397477
99.836,-0.015038741368617017
99.84,0.006411926650442197
99.844,0.00815080481068907
99.848,-0.0028610302534109906
99.852,-0.011007111528946276
99.856,-0.004599827578728161
99.86,0.006820476470818255
99.864,0.01232795797865774
99.868,0.002756698877548778
99.872,-0.00729677960931123
99.876,-0.006778384061817035
99.88,0.0025739420951572255
99.884,0.02834349777387691
99.888,0.007755345193568488
99.892,-0.010637500481304967
99.896,-0.009703974051744673
99.9,-0.003518121100646931
99.904,0.013798728912635127
99.908,0.002701327736268079
99.912,-0.014602858237648814
99.916,-0.01840496667721137
99.92,0.0017743967375023677
99.924,0.00567959183028657
99.928,0.004079057762659597
99.932,-0.014675885040678571
99.936,-0.011222249070542345
99.94,0.008652280775760714
99.944,0.011448443164158686
99.948,-0.00030347699496139236
99.952,-0.006438458942540439
99.956,-0.012673727646736438
99.96,-0.015525535195508366
99.964,0.010057182413582302
99.968,0.000952883762215884
99.972,0.010223028236171938
99.976,-0.010684416730413789
99.98,0.013962470830061769
99.984,0.017722391665414828
99.988,0.008755004521563095
99.992,-0.02437107488910978
99.996,-0.015172150464845244
100.0,0.008941342814504925
100.004,0.012125774572702756
100.008,-0.006986264159150368
100.012,-0.004810017079831709
100.016,0.0007153647396092346
100.02,0.0027886294362106092
100.024,0.011646432373907934
100.028,0.010357122683231714
100.032,-0.0014876613717499793
100.036,-0.011458391496838489
100.04,0.0008379804796457631
100.044,0.007944141285827525
100.048,0.012203306864607518
100.052,-0.004629725429144537
100.056,-0.011586510377035328
100.06,0.0005310864866654834
100.064,0.004693461475593081
100.068,0.007613156575289043
100.072,-0.01211950927866055
100.076,-0.011547297556051972
100.08,0.006386302399250195
100.084,-0.005989121405978463
100.088,-0.0032480410835362787
100.092,0.0024203336125035923
100.096,0.0022828352807203276
100.1,-0.006007376509367803
100.104,0.001502521230444212
100.108,-0.004051614630660017
100.112,0.005747840111652082
100.116,-0.0007765555757793408
100.12,-0.009280469305786045
100.124,0.010614192001004762
100.128,0.004628734499471105
100.132,-0.0077168126608162056
100.136,-0.0068438285258556174
100.14,-0.002838985303330068
100.144,-0.005610245388389522
100.148,0.011853068036530377
100.152,-0.0018644397157457672
100.156,0.0047328413745016795
100.16,0.0028925680853665483
100.164,0.024167221249578125
100.168,0.005942012747510685
100.172,-0.007512388402798324
100.176,-0.0005502403853473829
100.18,-0.004759396423143981
100.184,0.014143978446769704
100.188,0.007973249017968129
100.192,-0.013354299029633077
100.196,0.0035939911072194203
100.2,0.0006795052782542371
100.204,-0.0032365765557375945
100.208,0.0022547824851916493
100.212,-0.003276971143311349
100.216,-0.012002858049783906
100.22,-0.0020983693622193683
100.224,0.01792832400908562
100.228,-0.008398987321537882
100.232,-0.01503477098287221
100.236,-0.013497158833825913
100.24,-0.008811073028874388
100.244,0.018126658108354093
100.248,0.014745730395746762
100.252,-0.016679994058959105
100.256,-0.01728504098672796
100.26,0.00957800154663094
100.264,0.0090953628465706
100.268,-0.010799860796428523
100.272,-0.01978721991331519
100.276,0.0040113974045866
100.28,-0.010771525954896012
100.284,0.017768044550447358
100.288,0.0062234540204553586
100.292,-0.006246681574496772
100.296,-0.012018926779902067
100.3,0.002790273161961603
100.304,-0.00615885733306361
100.308,0.0015943687283729614
100.312,-0.004225527007012779
100.316,-0.013365407691249928
100.32,-0.00914146319301827
100.324,4.903540612129394e-05
100.328,0.01455214025346433
100.332,-0.001422433251789337
100.336,-0.003320636413705941
100.34,-2.662713331305546e-06
100.344,0.002301196716327999
100.348,0.002137664676131327
100.352,0.0029061645678267614
100.356,0.003202551287533408
100.36,-0.003894576501462595
100.364,0.0015786815767377081
100.368,0.005542043182916423
100.372,-0.002347011003257235
100.376,-0.018831166539470097
100.38,-0.0028501733164765027
100.384,0.009450306828929281
100.388,0.0070624633215252575
100.392,-0.00917418043326074
100.396,0.002388667549363942
100.4,0.00523336492776341
100.404,0.005895609222708047
100.408,0.013288420889539963
100.412,-0.010565143595607125
100.416,-0.0031173761467965105
100.42,-0.011083089152058792
100.424,0.006824118143621259
100.428,0.01075507421333627
100.432,-0.004946763671698424
100.436,-0.012072570273132969
100.44,0.004146220572076939
100.444,0.00618575462399933
100.448,0.012772068848826063
100.452,-0.006697522155752022
100.456,-0.023697548630130714
100.46,0.015429240737782235
100.464,0.025949854837498988
100.468,0.009054655073164318
100.472,-0.004109775603106621
100.476,-0.021134674837733985
100.48,0.008616603240340137
100.484,0.015070198584802078
100.488,0.005159913950866282
100.492,0.0026401303017609245
100.496,-0.010033752192359281
100.5,0.0052656300704631625
100.504,0.01736622926822289
100.508,0.002633397696494199
100.512,0.02357419491250489
100.516,-0.01566467640435934
100.52,0.0032665590526822228
100.524,-0.001993200738580213
100.528,-0.0005058381062591887
100.532,-0.00686753415431654
100.536,-0.003272226694471746
100.54,-0.002261872840340438
100.544,0.002067023465067064
100.548,0.005088810445541653
100.552,-0.009976149350525307
100.556,-0.008603928239020163
100.56,-0.003578252842924754
100.564,0.012216939093799317
100.568,0.004417165549022592
100.572,-0.0026129652894351625
100.576,0.004856807365707758
100.58,-0.010334730328594374
100.584,0.01989635451017798
100.588,0.011084417425147423
100.592,0.0011216169334867477
100.596,0.0018990936371222934
100.6,-0.012509884129118989
100.604,0.016838810332423897
100.608,0.015825486205519802
100.612,0.0014436600196094007
100.616,-0.004389420158089215
100.62,0.007731024943275733
100.624,0.010638738992306307
100.628,0.0036289416200974136
100.632,-0.0012139928433412472
100.636,-0.014773361122415576
100.64,-0.014282517561017158
100.644,0.00858201007092106
100.648,0.0014987916650703237
100.652,-0.012701919542364652
100.656,-0.012772154691095817
100.66,0.012262643904943082
100.664,0.011116862673179613
100.668,0.010723563763470226
100.672,-0.0019057669201854057
100.676,-0.009956017115833186
100.68,-4.530559105572242e-05
100.684,0.013933525081555858
100.688,0.019805736068490565
100.692,0.0034479300495641883
100.696,-0.011504118797312609
100.7,0.0016294311183709406
100.704,0.014432860042450632
100.708,0.02287606451399589
100.712,-0.002655554829771286
100.716,-0.0015075942780140295
100.72,0.0046564890782572425
100.724,0.013863455125313066
100.728,0.004362364050120985
100.732,-0.0164164597124982
100.736,-0.0007568068962457535
100.74,0.0118590690907075
100.744,0.021147602510822566
100.748,-0.003186236378708065
100.752,-0.005734684581479067
100.756,-0.010562349203572324
100.76,0.01126302963510387
100.764,0.007750189391151908
100.768,0.004317073682762217
100.772,0.010219995731183103
100.776,-0.007132678758144783
100.78,0.011275449190116296
100.784,0.010614430974981994
100.788,0.009658697842047667
100.792,-0.006876432080135419
100.796,0.004575868623333882
100.8,0.004756426338588478
100.804,0.007594487960016601
100.808,-0.0011280332550595955
100.812,0.008752598797360235
100.816,-0.0011009419506705156
100.82,0.006066146666295244
100.824,0.01865169012240494
100.828,0.00755078405046853
100.832,-0.013936019920380828
100.836,-0.006527394936043841
100.84,0.004281977401029171
100.844,0.010243462336769637
100.848,0.01498517915580215
100.852,0.0025863459274287634
100.856,-0.0009317122925326703
100.86,-0.014791144477684714
100.864,0.0110429419103064
100.868,0.00456344295969356
100.872,-0.00010861862654384154
100.876,-0.008618504310410223
100.88,-0.0003651804070802971
100.884,0.011907973174449672
100.888,0.0022682172833379064
100.892,-0.003918657885522511
100.896,-0.0077272445264962636
100.9,0.01772007387408649
100.904,0.009337184016389137
100.908,0.007745694033337249
100.912,-0.004839620626862089
100.916,-0.017531408306737734
100.92,0.015064174938093613
100.924,0.018730588964409284
100.928,0.00989694877598445
100.932,0.012650560767000957
100.936,-0.008571172604518737
100.94,-0.002679754532355163
100.944,0.00565089041265925
100.948,0.0007723595170273535
100.952,-0.0031900709341020055
100.956,0.0024002394317259677
100.96,0.010243511740505137
100.964,0.00943496878633877
100.968,0.022690688911105802
100.972,-0.022923741695276646
100.976,-0.008351874907906294
100.98,0.004432891297370531
100.984,0.01955418260612442
100.988,0.019645531113858306
100.992,-0.003801633421814411
100.996,-0.008214379088459586
101.0,0.01675183194805781
101.004,0.012691806903229576
101.008,0.017687193979665457
101.012,0.0019465912025967741
101.016,-0.008165209779530334
101.02,-0.0031936904327120787
101.024,0.01850730710724321
101.028,0.013335502299754755
101.032,0.011961324344040796
101.036,-0.00817877863482219
101.04,-0.004189817901334218
101.044,0.0010526409809342892
101.048,0.003311867592224342
101.052,0.0004237996809548046
101.056,-0.017492213794265986
101.06,0.014821274632581854
101.064,-0.0021204910922059655
101.068,0.026638697683170086
101.072,0.008510695914044838
101.076,-0.007596887529722732
101.08,-0.00247419425019491
101.084,0.01761682813569181
101.088,0.006828075817729247
101.092,-0.0074663004616693715
101.096,-0.011840282824071086
101.1,-0.00011046690888153951
101.104,0.004005779725881158
101.108,0.00036110988430363214
101.112,-0.0022885411968877846
101.116,-0.014460898915468087
101.12,0.016274878915510372
101.124,0.02043086680239494
101.128,0.01963087632442845
101.132,0.01792754152273466
101.136,-0.01235747229042895
101.14,0.010275653463419077
101.144,0.006259947691794245
101.148,0.009353126197686705
101.152,0.004921021908711675
101.156,0.0021487169963827915
101.16,-0.01605339440464523
101.164,0.013469334450960269
101.168,0.008915001364533366
101.172,-0.008615110895575671
101.176,0.0023875570595713507
101.18,0.021300656363958934
101.184,0.009821275074372955
101.188,0.014498920147268815
101.192,-0.00279685900847873
101.196,-0.011470527302896855
101.2,0.004611434317402232
101.204,0.014185285022902266
101.208,0.015485075859581813
101.212,-0.014630074213302646
101.216,-0.022275134984893752
101.22,-8.930365221941714e-05
101.224,0.005258895892408006
101.228,0.00912451366532508
101.232,0.0013342813376511693
101.236,-0.01842809080827508
101.24,0.012073478760385795
101.244,0.025011943534870136
101.248,0.0015747327683416686
101.252,0.009072976356795593
101.256,-0.0065214568629316716
101.26,0.007747497779780666
101.264,0.0023661094510075923
101.268,-0.0019157285430239646
101.272,-0.0056376072595398
101.276,-0.0031604220369269567
101.28,0.0018901570495282148
101.284,0.01704758357576024
101.288,-0.008695358825105543
101.292,0.0066597090685617255
101.296,-0.012229159949661627
101.3,0.018892582007043454
101.304,0.006878517400946491
101.308,0.004248352270676935
101.312,0.009493742825273372
101.316,-0.005505899523241595
101.32,0.0012102943643259988
101.324,0.012779702126896528
101.328,0.0055110314428138745
101.332,-0.00942339314448687
101.336,0.006403055005357913
101.34,0.010568106332621275
101.344,0.01786446444942638
101.348,0.0014328120698740565
101.352,0.0003042150666464252
101.356,-0.01514955549086151
101.36,0.004770529035748194
101.364,0.010954360909665305
101.368,0.01713522130388479
101.372,0.012659351160993346
101.376,-0.01650784087287325
101.38,0.007063354799892415
101.384,0.011871945123842991
101.388,0.01533286185003286
101.392,0.006748236718786725
101.396,-0.013228530118221546
101.4,0.010085137025329092
101.404,0.013567050423183862
101.408,0.015055402148282292
101.412,-0.005172415311251122
101.416,-0.018693832236956004
101.42,-0.003047619600765194
101.424,0.010091416144048689
101.428,0.0003347545822955326
101.432,0.0010525760718493491
101.436,-0.009691023576987182
101.44,-0.0047065345667756785
101.444,0.013109835898757832
101.448,0.00808899501883181
101.452,-0.006726242833534202
101.456,-0.0014897036603207132
101.46,0.006803805624428341
101.464,0.008956954185550314
101.468,0.020342400156012304
101.472,-9.046708217556296e-05
101.476,0.0033074889975470215
101.48,0.014796721280266677
101.484,0.006314924814692986
101.488,0.016281057705354898
101.492,-0.00032062038642384754
101.496,0.0026255326612828122
101.5,0.017043180869185253
101.504,0.026620596862856418
101.508,-0.007198806950917338
101.512,0.0011988015236529472
101.516,-0.005591911244105591
101.52,0.014678376027391277
101.524,0.015637642789482542
101.528,0.018293909370217284
101.532,0.004391702379864637
101.536,-0.009440829506592285
101.54,-0.0017846609884026414
101.544,0.013876273782540477
101.548,0.003766664532705022
101.552,0.0015959076601070792
101.556,-0.012046366020674316
101.56,0.002585311085778248
101.564,0.01170204933620711
101.568,0.02089324473840916
101.572,-0.008263982046834595
101.576,-0.01398511566976252
101.58,0.008285460530102182
101.584,0.023107729010941883
101.588,0.015829338820414027
101.592,0.022653487985273855
101.596,-0.00481409035570576
101.6,0.014542984373988448
101.604,0.007669008467616405
101.608,-0.005311978195818303
101.612,0.0013477110550650733
101.616,-0.010435406002997263
101.62,0.007867710088714655
101.624,0.017031618854095664
101.628,0.026145415807045852
101.632,0.0015523074897023019
101.636,0.00482438966962609
101.64,0.011102844320832621
101.644,0.0077122884761162275
101.648,0.002907653668002979
101.652,-0.006111745978195199
101.656,-0.0015091591526058968
101.66,0.014636305047857996
101.664,0.009324232296475764
101.668,0.0202571099710511
101.672,-0.005187547324829961
101.676,-0.008444256957325319
101.68,0.0026606384498525032
101.684,0.014615010245588358
101.688,0.0034213494429047777
101.692,-0.003496160887125817
101.696,0.0016497641161978922
101.7,0.009314268083325581
101.704,0.025895986617206858
101.708,0.0012561203146143028
101.712,0.007259165336472793
101.716,0.004992335181429221
101.72,0.013374472323448173
101.724,0.0233329525458021
101.728,0.023989501188393214
101.732,0.00878600875934685
101.736,0.0025181416630348273
101.74,-0.004506497136868547
101.744,0.004821621640533435
101.748,0.016494736397934043
101.752,0.014421815541080164
101.756,-0.012944039212647036
101.76,0.011815180817001154
101.764,0.014019022830536958
101.768,0.016657110115056165
101.772,0.012754287525515585
101.776,-0.0007148115955036127
101.78,0.016472677344431533
101.784,0.012735361695666846
101.788,-0.00026583332796406914
101.792,-0.0007642143834405988
101.796,0.005505943607623551
101.8,0.0290627475272638
101.804,0.03136913696805417
101.808,0.008530823128937475
101.812,0.009963547803267286
101.816,-0.0032385386377972057
101.82,0.021116411293157066
101.824,0.020009686261616616
101.828,0.009517728098518708
101.832,0.004484694380881938
101.836,0.0100154186769819
101.84,-0.0006546474379275332
101.844,0.018422024613014308
101.848,0.021534696132668063
101.852,0.002981531190509432
101.856,0.0029514270581913237
101.86,0.017354921190421937
101.864,0.01819104995593769
101.868,0.013471470671743093
101.872,0.015385543817692873
101.876,-0.0007236481221413813
101.88,0.003574126903647342
101.884,0.010366735650305506
101.888,0.018302543643184038
101.892,-0.0031897671073667783
101.896,0.011241751660591043
101.9,0.01632703434439011
101.904,0.024746604245387743
101.908,0.009770962477362945
101.912,0.010860977350676858
101.916,0.004020188481828309
101.92,0.015377411838880164
101.924,0.012798318908025132
101.928,0.024147697763085296
101.932,-0.0014812988296901888
101.936,-0.007416840571024803
101.94,0.016550721078569672
101.944,0.0176724802535501
101.948,0.019415863632243652
101.952,0.00445199086006332
101.956,-0.002193014973299405
101.96,0.0021572096355779993
101.964,0.010017908792645653
101.968,0.02084220319396865
101.972,-0.0037417352831687414
101.976,0.005977304638572886
101.98,0.004718269053617212
101.984,0.007405845478983077
101.988,0.011983529179141044
101.992,0.011019627328643727
101.996,0.00019169071744017108
102.0,0.01210556533936542
102.004,0.013295365457392235
102.008,0.017618678386703817
102.012,-0.00684854295677974
102.016,-0.0036948297518662092
102.02,0.00017993717241600142
102.024,0.005338290481649724
102.028,0.012372847144702307
102.032,-0.007676242995394461
102.036,-0.006850885673375198
102.04,-0.005829532857712769
102.044,0.01181448136337495
102.048,0.024536155502042432
102.052,0.013477951250551718
102.056,0.003662299882889155
102.06,0.008729275569137758
102.064,0.008725693950333995
102.068,0.008989818652071109
102.072,-0.011834602451732672
102.076,0.005634950079294708
102.08,0.0026347250627075493
102.084,0.01634222112358907
102.088,0.017726352665656937
102.092,0.004377581674966286
102.096,-0.011025134915487499
102.1,0.02917119929569716
102.104,0.02575714020408559
102.108,0.004771783046315507
102.112,-0.0038017186484515563
102.116,-7.873901751756615e-05
102.12,0.019247741519635236
102.124,0.012861994152610221
102.128,0.031215435936806864
102.132,-0.00014549540577550243
102.136,0.003737874635523465
102.14,0.00999645048490573
102.144,0.005923762517654758
102.148,0.007616685859031761
102.152,0.015748644516043474
102.156,-0.005728173611247408
102.16,0.024131624449030636
102.164,0.018832510710441147
102.168,0.014940861184761229
102.172,0.008803328654981027
102.176,-0.009285207584497981
102.18,0.018040069209674575
102.184,0.020333867230298265
102.188,0.021383561629066544
102.192,0.0002775608110854818
102.196,-0.003132401063514645
102.2,0.02380286384397074
102.204,0.015850518973287597
102.208,0.0231529467069417
102.212,0.002020056882279199
102.216,0.004147311583258596
102.22,0.011365030304920812
102.224,0.00299878869505759
102.228,0.01283152756210696
102.232,-0.002116881809798612
102.236,0.0011406986462413442
102.24,0.007915153275245406
102.244,0.012678038464394074
102.248,-0.0051454792545117915
102.252,0.01692228358015181
102.256,-0.0076785908992866945
102.26,0.03127172368612653
102.264,0.02751389796683272
102.268,0.026223284179976117
102.272,0.008010262775280096
102.276,0.013522073387856784
102.28,-0.008522440002995254
102.284,0.017613009841127913
102.288,0.006896015056375737
102.292,0.01890924805649962
102.296,-0.006203569633718852
102.3,0.01909480168489596
102.304,0.02485826857217896
102.308,0.012488598870115188
102.312,0.01584708007745384
102.316,-0.0013874148640178863
102.32,0.0008463547064735798
102.324,0.012210195372725545
102.328,0.01532433110040596
102.332,0.011683691919780375
102.336,-0.00569809633926601
102.34,0.008068235333146389
102.344,0.020998058889440674
102.348,0.009594652570948665
102.352,0.00633821113416562
102.356,-0.00031846301435969513
102.36,0.011023167946236343
102.364,0.0221433114575026
102.368,0.01060110991483458
102.372,0.0076688485900934375
102.376,-0.005687055215975169
102.38,0.009746423925227331
102.384,0.02665003293042681
102.388,0.016404851885421644
102.392,0.011963068418120653
102.396,-0.008506764587575131
102.4,0.0031033043565168155
102.404,0.02433182091344157
102.408,0.013621995554389345
102.412,-0.0005865710309555924
102.416,-0.0013204713973861393
102.42,0.009530207545179024
102.424,0.01948997532965288
102.428,0.021569128656130233
102.432,0.0027887851367871873
102.436,0.009743626645296035
102.44,0.000962705884907494
102.444,0.013796970849624465
102.448,0.017276512180046652
102.452,0.015546058505448752
102.456,-0.008690374303003023
102.46,0.0228634201011949
102.464,0.02393273470213874
102.468,0.015149894309794642
102.472,0.014690889898094632
102.476,0.010834760659486449
102.48,0.014779373350323243
102.484,0.006601095873693124
102.488,0.0012014376724325069
102.492,0.005084540146771201
102.496,0.004769450232718771
102.5,0.009586709935230331
102.504,0.01121229304149034
102.508,0.015866902733471126
102.512,0.009189947059633873
102.516,0.009027061729708505
102.52,0.005499799154368389
102.524,0.012315958702663068
102.528,0.01087826774955809
102.532,-0.0030415519850291485
102.536,-0.004123448957043859
102.54,0.014758996500053505
102.544,0.023016845159671655
102.548,0.022490966094600738
102.552,0.011994226621063333
102.556,-0.0012332465079393194
102.56,0.01371455157564757
102.564,0.0213427421855839
102.568,0.030756729997539423
102.572,-0.013839791464302045
102.576,0.0019374771979170837
102.58,0.009961365931682398
102.584,0.018048190006145454
102.588,0.013856188523001989
102.592,-0.007159113580670808
102.596,0.008581990879416735
102.6,0.018369094945235063
102.604,0.01848504655707001
102.608,0.026393014543011677
102.612,0.008120110790695639
102.616,-0.0010903672423198717
102.62,0.010904251528597515
102.624,0.016250494487580373
102.628,0.024352075752601274
102.632,0.004372146595727324
102.636,0.008229178189094582
102.64,0.011379689949996143
102.644,0.01898619325464652
102.648,0.027863407634123212
102.652,9.854207240065369e-05
102.656,0.00543665839708203
102.66,0.027004610257665703
102.664,0.030546834957547564
102.668,0.016933632834349635
102.672,0.017194172438758773
102.676,-0.005931512902565441
102.68,0.018810621778851705
102.684,0.019618772002852794
102.688,0.022215421036225567
102.692,-0.00971925084243139
102.696,0.010451981579086153
102.7,0.004862913364436947
102.704,0.022690980182003162
102.708,0.018978417741299575
102.712,0.01026038646229203
102.716,-0.002868185776270678
102.72,0.010616668293102944
102.724,0.022693271741479344
102.728,0.022868580641497636
102.732,0.004710506115830306
102.736,0.006298220443923527
102.74,-0.0022219570748258886
102.744,0.022616557731706104
102.748,0.024050001753903275
102.752,0.006137135930481019
102.756,-0.002929434038779245
102.76,0.006439654061040618
102.764,0.010188348812037442
102.768,0.00182417773754176
102.772,0.005096951163203658
102.776,0.004570418796435379
102.78,0.020666818913856196
102.784,0.017537374986430414
102.788,0.022496313772380146
102.792,0.0082285532174933
102.796,-0.0033523639503487274
102.8,0.015758627782635877
102.804,0.03458384986723317
102.808,0.011749035445136799
102.812,0.003998849354565825
102.816,0.008187918602997696
102.82,0.001159200959564859
102.824,0.026494053647680618
102.828,0.0112076192322982
102.832,0.008519727091952239
102.836,0.0022202544956553957
102.84,0.007447843700913606
102.844,0.02644432789479264
102.848,0.023932210173607797
102.852,0.013966129571180238
102.856,-0.004801442768006861
102.86,0.012075010567985899
102.864,0.027214120027806404
102.868,0.01716819287320078
102.872,0.0020096919591784624
102.876,0.004135997767734395
102.88,-0.00503314713809761
102.884,0.02124095827101783
102.888,0.025859782968832228
102.892,0.016508204722946007
102.896,-0.00160169917634197
102.9,0.013259874860020225
102.904,0.02239147025408116
102.908,0.009303097846781207
102.912,0.01908593776547273
102.916,-0.00487926446631687
102.92,0.022570457257651753
102.924,0.011697528724905063
102.928,0.026444084632206672
102.932,-7.948765227873324e-05
102.936,0.015438622038493352
102.94,0.019403367386703986
102.944,0.006650432213400764
102.948,0.014640779411584903
102.952,0.004220751133179774
102.956,0.0001295224875285778
102.96,0.0011605727922165202
102.964,0.022333904833141106
102.968,0.027862289084039413
102.972,0.004524476813968502
102.976,0.005113593734092734
102.98,6.205658022587213e-05
102.984,0.011058187245978358
102.988,0.010233806490127804
102.992,0.005150640389317703
102.996,0.0030076963081730273
103.0,0.015138692974418704
103.004,0.009429345174254021
103.008,0.0127803734517581
103.012,0.0033866042836735695
103.016,-0.008040323024386812
103.02,-0.0058175563500508926
103.024,0.03125182176412672
103.028,0.009851166903190508
103.032,0.009013041719146114
103.036,0.006127106533015312
103.04,0.01718761003079139
103.044,0.02250957660406761
103.048,0.011124518818388454
103.052,0.011326531184121472
103.056,0.010543026366378744
103.06,0.007924521883006706
103.064,0.022547571325776204
103.068,0.013850563636529532
103.072,0.0005051985412178831
103.076,0.002159773717646684
103.08,0.00046182921878554044
103.084,0.024809388551409958
103.088,0.028040896872928232
103.092,-0.00029956411493119606
103.096,-0.0013520173576119917
103.1,-0.0005670395370160359
103.104,0.01853401756216224
103.108,0.011562245012581181
103.112,0.013299491393978239
103.116,0.009781005583248152
103.12,0.0017666492779283317
103.124,0.005540850054770183
103.128,0.014573658542305391
103.132,-0.017443067036812275
103.136,0.016217059534647197
103.14,-0.0010491114013611736
103.144,0.016087953095713346
103.148,0.023638123141886097
103.152,0.010591331360555767
103.156,-8.52725572874787e-05
103.16,0.028415943722423117
103.164,0.027052456506416814
103.168,0.02388974724800591
103.172,0.01561043311659918
103.176,-0.0003079685940283951
103.18,0.011860714098002738
103.184,0.01699165420404364
103.188,0.015880592729151377
103.192,-0.006612999519598206
103.196,-0.0037697175797553432
103.2,0.009759797106648014
103.204,0.03300356234539475
103.208,0.0027266112457835553
103.212,-0.00739842107943557
103.216,0.010032137942501598
103.22,0.015426203639694028
103.224,0.025591749585602615
103.228,0.019438992128940315
103.232,-0.0077079408630393404
103.236,0.005237628478161064
103.24,0.013973620287232147
103.244,0.02828601248927243
103.248,0.02433017430492102
103.252,0.0066212411091533495
103.256,-0.023137085297893774
103.26,0.012851650144495495
103.264,0.01724431922370301
103.268,0.01964085351032011
103.272,0.0018063905301683603
103.276,-0.004917873057023384
103.28,-0.0008560377702998452
103.284,0.015955385793547643
103.288,0.021650165764952583
103.292,-0.002956195425416087
103.296,-0.00041638969599699927
103.3,0.010719938144733366
103.304,0.01183049926029544
103.308,0.01885288639718245
103.312,0.013999822547226348
103.316,0.005358623362752647
103.32,0.009127378894217657
103.324,0.01150970109287178
103.328,0.029595450405798834
103.332,-0.0017636178055661098
103.336,0.00724756461081429
103.34,0.010521306596861416
103.344,0.024120697328052627
103.348,0.022770348882485202
103.352,0.019948141094730976
103.356,0.007283367343439015
103.36,0.013533094626977821
103.364,0.0128672870695231
103.368,0.018194978375363408
103.372,0.00041106165503741396
103.376,-0.011435792270123295
103.38,0.009814298020020006
103.384,0.011272457366033732
103.388,0.012616190194838457
103.392,0.0036145474233159466
103.396,0.008440769752669134
103.4,0.04909461087506156
103.404,0.07391541486410313
103.408,0.06431659806026527
103.412,0.05473306940827636
103.416,0.03824225806624786
103.42,0.042970667911961434
103.424,0.049923820929845965
103.428,0.06503530127803617
103.432,0.05602891284608368
103.436,0.03337507804986012
103.44,0.04859548888313904
103.444,0.057233635023255236
103.448,0.047759756269324403
103.452,0.05743432861590579
103.456,0.04407611756836032
103.46,0.054658928194523504
103.464,0.06321098917855017
103.468,0.05005656147077919
103.472,0.030812955011350344
103.476,0.047536064028352476
103.48,0.05836587844320011
103.484,0.06810130435216893
103.488,0.05677359757115754
103.492,0.03937236827325626
103.496,0.05088739552248212
103.5,0.003837290351878745
103.504,0.00770934152563264
103.508,0.024674517671972266
103.512,0.01574654254763596
103.516,0.015190345861491752
103.52,0.016766141906110903
103.524,0.02438583134949458
103.528,0.005117021451244701
103.532,0.0072639675157899885
103.536,0.010795244780882722
103.54,0.014280194162196194
103.544,0.02835608839081079
103.548,0.02723843352384994
103.552,0.000512815770416509
103.556,0.010302157796866936
103.56,-0.0022837166531684966
103.564,0.014659321009603774
103.568,0.015253137376629174
103.572,0.005675092991472512
103.576,0.0013948131469925804
103.58,0.011380748203790241
103.584,0.035114601353753765
103.588,0.023081247354685405
103.592,0.01710260702064846
103.596,0.007845125007922064
103.6,-0.0049909968822512574
103.604,0.01741957605312194
103.608,0.02946624972261688
103.612,-0.001518244603075202
103.616,0.010613642572714146
103.62,0.024768864523793843
103.624,0.03135095084715481
103.628,0.023052284566981173
103.632,0.007445733138109101
103.636,-0.010637818206611326
103.64,0.020260729059345277
103.644,0.021865807712076767
103.648,0.019833002062078803
103.652,0.0025614142631981114
103.656,-0.005921964395592465
103.66,0.011710683741362422
103.664,0.014333681826608359
103.668,0.01887886123927827
103.672,0.007523491540766297
103.676,0.001869926614691265
103.68,0.019185053050900642
103.684,0.024967827361511145
103.688,0.034445680685451084
103.692,0.006624888584885177
103.696,0.001228128457523831
103.7,0.005514811979812951
103.704,0.018309969968292795
103.708,0.016674326242095645
103.712,0.008184257192926224
103.716,0.012046123937904628
103.72,0.009613464363391968
103.724,0.02543987349961872
103.728,0.025226624983399164
103.732,0.008449445294146051
103.736,0.013444139160387723
103.74,0.004794317432262708
103.744,0.019433660942972983
103.748,0.024017145363268634
103.752,0.015779713429850642
103.756,0.014401260928343467
103.76,0.016233773905633814
103.764,0.01738397023310719
103.768,0.01022478277009875
103.772,0.010070096439701836
103.776,0.000491252695184238
103.78,0.026484173670349005
103.784,0.01974932544375946
103.788,0.034854176607138465
103.792,0.008322075094752012
103.796,-0.0023387832264856615
103.8,0.026350675227715788
103.804,0.01484542239198396
103.808,0.031144342492585374
103.812,0.011185369935221692
103.816,0.0006579835598339045
103.82,0.022812543280097627
103.824,0.02428657899706411
103.828,0.02423354714808553
103.832,-0.0040158734558716335
103.836,0.00565721653900458
103.84,0.02912833156434399
103.844,0.023019408336443743
103.848,0.01193568726876579
103.852,0.014941705986444655
103.856,0.0035982921761101364
103.86,0.01964035832724208
103.864,0.014237565047956409
103.868,0.022159628211897375
103.872,0.007242084392036654
103.876,0.007562454726280714
103.88,0.007616883469294541
103.884,0.026067068602407824
103.888,0.018418389131234895
103.892,0.013732127037938795
103.896,-0.000485598758774782
103.9,0.013380751164609028
103.904,0.03602120386514733
103.908,0.012864125939911281
103.912,0.016712265734533667
103.916,-0.006525353081768034
103.92,0.02421224140399867
103.924,0.009984323759438226
103.928,0.02966023927990507
103.932,0.016033548137723418
103.936,-0.009670143012656994
103.94,0.017208035538736444
103.944,0.02011789489433058
103.948,0.024403708028675832
103.952,0.00903554124533688
103.956,-0.0021565280320099975
103.96,0.012904222742540862
103.964,0.03050719059379277
103.968,0.029770548346748374
103.972,-0.002812469620227428
103.976,0.0029982211721598664
103.98,0.016888259715473464
103.984,0.028876751517062253
103.988,0.02488596838808231
103.992,0.016600520408561144
103.996,-0.0041044924045403
104.0,0.0139551152397653
104.004,0.019189829454409273
104.008,0.017155126283830736
104.012,0.014994029031638673
104.016,-0.008754831704648528
104.02,0.014726015130524657
104.024,0.024406409333594874
104.028,0.03402984328721838
104.032,0.004858232281730766
104.036,0.013636912472463675
104.04,0.013648007446726299
104.044,0.03290339465446637
104.048,0.021353176950887426
104.052,-0.0022988707002957118
104.056,0.015303673447260592
104.06,0.013541913758650777
104.064,0.029086487838363366
104.068,0.010222412120904937
104.072,0.012363173974100094
104.076,0.006607185719719135
104.08,0.011958259348395932
104.084,0.028302755009837737
104.088,0.0173789659505604
104.092,0.0177720888646625
104.096,-0.002057490496735187
104.1,0.02163420855768011
104.104,0.030880185618186368
104.108,0.0032543411931078327
104.112,-0.003324287083792194
104.116,0.002935283307685697
104.12,0.022390910758678707
104.124,0.03390809586345719
104.128,0.023794824351257692
104.132,0.023092884723106173
104.136,0.0003143392170459388
104.14,0.003780089255726156
104.144,0.026367602353931006
104.148,0.009707756432641
104.152,-0.0006006698449786962
104.156,0.0052808040340920105
104.16,0.0023404000146753715
104.164,0.007595811104835978
104.168,0.02775610741204113
104.172,0.006052042523317402
104.176,0.015705383724573887
104.18,0.01910257099323644
104.184,0.011077065516066248
104.188,0.026025296703441742
104.192,0.01591831723156416
104.196,0.007690229058393282
104.2,0.013184016674050135
104.204,0.01202710511876454
104.208,0.015544628189148032
104.212,0.005345104099117307
104.216,-0.006926169892541443
104.22,0.011343276311045963
104.224,0.02504110726194829
104.228,0.04237849675547839
104.232,0.0010305139485876063
104.236,-0.003128657934249752
104.24,0.02088523985449572
104.244,0.009199597687216236
104.248,0.013829045111312211
104.252,0.01765054514959477
104.256,0.0003276855581301778
104.26,0.008530467121840368
104.264,0.009442882620749105
104.268,0.01448751207472504
104.272,-0.0031529980108583183
104.276,0.0005825330297369521
104.28,0.008492098294252202
104.284,0.006207119367013791
104.288,0.0333677312502509
104.292,0.006825729006543312
104.296,0.008287865526510962
104.3,0.03120958617641814
104.304,0.024165952590296795
104.308,0.02413522979262477
104.312,0.007975794149523556
104.316,0.004757523434757802
104.32,0.010092303920735173
104.324,0.029669316766609853
104.328,0.014654551457198215
104.332,-0.009223611705269502
104.336,0.02483231274107962
104.34,0.006287570029692829
104.344,0.01094223633981984
104.348,0.013897014608907783
104.352,0.014758768004117996
104.356,0.008109820496463662
104.36,0.004684972999396688
104.364,0.036989109535160894
104.368,0.023683876657376115
104.372,0.01707176173437405
104.376,-0.007203016183300267
104.38,0.025544736377845823
104.384,0.0294320493760815
104.388,0.016922342193929817
104.392,0.004501429560830942
104.396,0.009119004605468859
104.4,0.02864746741260501
104.404,0.01778811199079033
104.408,0.016302138029151675
104.412,0.019579593894130505
104.416,0.011617033456431959
104.42,0.011434546414167548
104.424,0.02116267521819727
104.428,0.027703162885022812
104.432,0.004778438258533918
104.436,0.001769679717132655
104.44,0.027541714524880495
104.444,0.016889160557096647
104.448,0.021973463515017264
104.452,-0.007174900749424914
104.456,0.013240518201400583
104.46,0.01754768373103033
104.464,0.01682513343432774
104.468,0.014168607924985763
104.472,0.023831618716362364
104.476,0.01441323204378762
104.48,0.013252110462459908
104.484,0.03447994240064913
104.488,0.016952505776270294
104.492,-0.000486459833739945
104.496,0.0007261353313363717
104.5,0.029993134731491993
104.504,0.03885235875578805
104.508,0.021056171475476157
104.512,0.01355877218070945
104.516,0.018428700094427042
104.52,0.015640598575176145
104.524,0.027466116937687225
104.528,0.019245476513022424
104.532,0.016604663618829514
104.536,0.005897144202312845
104.54,0.022997535561954146
104.544,0.028959692653796616
104.548,0.01790974124710379
104.552,0.007458649735485346
104.556,0.008924816826923377
104.56,0.023696996276089143
104.564,0.023624876928412298
104.568,0.02038711436299296
104.572,-0.003329552870529622
104.576,0.00730552020301812
104.58,0.006185547970640694
104.584,0.015559549284911572
104.588,0.030889454065873262
104.592,0.0031261738468780107
104.596,-0.006251577206707439
104.6,0.01632212673282713
104.604,0.02706814290231754
104.608,0.0287064705356401
104.612,0.0005633021285146485
104.616,0.015408730598913059
104.62,0.025413868684126602
104.624,0.03152334189131115
104.628,0.004393697041947239
104.632,0.013212692608754423
104.636,0.014683257562871772
104.64,1.96087089283023e-05
104.644,0.018886179474132996
104.648,0.03915478748909401
104.652,0.010631500558813319
104.656,0.008058099178020079
104.66,0.022705379079550843
104.664,0.0091170482284725
104.668,0.015107323609490124
104.672,0.025650342141271015
104.676,0.010320711126860315
104.68,0.016675805355580123
104.684,0.019774111971847322
104.688,0.0329304107840366
104.692,-0.0033374952650421213
104.696,-0.00010204115422818728
104.7,0.018487646606547795
104.704,0.01563899157192894
104.708,0.018490606829575734
104.712,0.009194608565993787
104.716,-0.017146021129535206
104.72,-0.0012621063019058153
104.724,0.02190345670878699
104.728,0.03271558799066414
104.732,0.016015793021988113
104.736,0.00840400906916098
104.74,0.014037420675148701
104.744,0.020711081716039078
104.748,0.024242098149201256
104.752,0.02811222115684809
104.756,0.009144597961537985
104.76,0.0350077655053984
104.764,0.02138198951520023
104.768,0.016731710089015098
104.772,-0.0010253947421462843
104.776,0.02078433800973027
104.78,0.02560515495474175
104.784,0.012730195873334993
104.788,0.03053483885432739
104.792,0.002545332592916118
104.796,0.017971492883116887
104.8,0.022801987452099912
104.804,0.03350924509982282
104.808,0.030839225200501617
104.812,0.00851745734968617
104.816,0.009055782792363194
104.82,0.012280519445362903
104.824,0.03338010334699892
104.828,0.023421521245489248
104.832,0.004774068049437847
104.836,0.0010102790489134525
104.84,0.017173223026436576
104.844,0.016709480044284568
104.848,0.033817098180420446
104.852,0.010035990029341278
104.856,0.023000422449509974
104.86,0.015364199372442945
104.864,0.022896604140015174
104.868,0.030681570403452818
104.872,0.013406617667295388
104.876,0.012835933600552237
104.88,0.022077723933034137
104.884,0.030377479539783377
104.888,0.03163323575321858
104.892,0.01859138948896159
104.896,-0.005373476651231482
104.9,0.014383918857729763
104.904,0.025815354314299443
104.908,0.0213117448134527
104.912,0.02037034359658311
104.916,0.01652280810757418
104.92,0.02594063612464331
104.924,0.031484023361491774
104.928,0.02679133350698251
104.932,0.0028186201704617393
104.936,0.004067201676110855
104.94,0.009545191822012487
104.944,0.016797192026700478
104.948,0.02646038472071438
104.952,0.01619601049906961
104.956,-0.0025980026213148974
104.96,0.030893331955759613
104.964,0.020799034866677522
104.968,0.01501904203007689
104.972,0.0234990415132086
104.976,0.00702865038624424
104.98,0.01904946838273956
104.984,0.010268837646216847
104.988,0.019522648368197722
104.992,0.01038790931296237
104.996,0.017800894205170947
105.0,0.013264370076291214
105.004,0.021095815207524037
105.008,0.02572950754510586
105.012,0.019654890185364277
105.016,0.023713386798135998
105.02,0.02142571019849088
105.024,0.0206875438481163
105.028,0.014408055439864063
105.032,0.012777367876204135
105.036,0.001200700373411588
105.04,0.010744953930958152
105.044,0.03665523030346512
105.048,0.02899709164070119
105.052,0.006657177160249924
105.056,0.005915722170349753
105.06,0.019969265179492095
105.064,0.024099993680266402
105.068,0.03007510947894855
105.072,0.006600689032357237
105.076,0.009027196563465019
105.08,0.021682396874323502
105.084,0.019368664419539293
105.088,0.022420225329069576
105.092,0.008299667027637994
105.096,-0.005163556555430113
105.1,0.014611870053981587
105.104,0.03065516480246746
105.108,0.027786248433139746
105.112,0.020072129893468627
105.116,0.0021553602298535635
105.12,0.030187822239481004
105.124,0.04907786492301915
105.128,0.02423341406629151
105.132,0.018487356307691542
105.136,-0.0002975339967510385
105.14,0.024313566071991623
105.144,0.024113413305090536
105.148,0.02591775334683154
105.152,0.009946931499256299
105.156,0.01611035059634347
105.16,0.025651959911561183
105.164,0.02371414483013091
105.168,0.0227512958845908
105.172,0.019426205793987593
105.176,-0.0029980205750661532
105.18,0.02924790563644123
105.184,0.04318202030020388
105.188,0.02305529889338564
105.192,0.0004949340837876477
105.196,-0.01317254293855605
105.2,0.024058325529855158
105.204,0.029489528703117242
105.208,0.015679986352273995
105.212,0.005040312986513297
105.216,0.020661435470399506
105.22,0.01688691902103375
105.224,0.030978289158970686
105.228,0.037112699219642026
105.232,0.020668515723131647
105.236,0.010167790684638859
105.24,0.01466764206710664
105.244,0.03834184400096512
105.248,0.023440260996978095
105.252,0.01888992297028323
105.256,0.013247421538570569
105.26,0.022231030992114702
105.264,0.035140603164310086
105.268,0.03362367735424848
105.272,0.009760395366524299
105.276,0.0044755134735435876
105.28,0.01769425899235654
105.284,0.02185458819811859
105.288,0.021165433811771522
105.292,0.00884903842928512
105.296,0.01174712391858297
105.3,0.012418974843186315
105.304,0.026859734172787125
105.308,0.0455016085648614
105.312,0.018729013612660637
105.316,0.029684471919506017
105.32,0.012942856574589545
105.324,0.03163331745363768
105.328,0.03304624866948418
105.332,0.01897323123193166
105.336,0.014664407340952645
105.34,0.03401025617069623
105.344,0.043543207186711425
105.348,0.03170173651849557
105.352,0.01564791072376146
105.356,0.02206375594323423
105.36,0.0313412239538007
105.364,0.03068210274422753
105.368,0.02954573022562526
105.372,0.005418351117676312
105.376,0.026543091328586024
105.38,0.019942808394354833
105.384,0.02861105001630336
105.388,0.012481215325003313
105.392,0.008113380285828975
105.396,0.019503865801268894
105.4,0.02207042777856313
105.404,0.024628553639167338
105.408,0.015646552408637132
105.412,0.005573773383484885
105.416,-0.008669065208047973
105.42,0.012150567100710217
105.424,0.031333387712154
105.428,0.017141242511135572
105.432,0.01610939293312266
105.436,-0.00042253381392765715
105.44,0.01308520836539651
105.444,0.020225419710893533
105.448,0.026964718086349242
105.452,-0.0069415941184550935
105.456,0.009554921557678547
105.46,0.009418882201651312
105.464,0.03418249478286189
105.468,0.03605072774492835
105.472,0.022677338925410517
105.476,0.00802168725888727
105.48,0.03138772705603651
105.484,0.018644288067285533
105.488,0.016306810809963854
105.492,0.015475006861714657
105.496,0.011626728172939476
105.5,0.009538289027513431
105.504,0.015741560547940035
105.508,0.023599430614759352
105.512,0.018542207534730206
105.516,0.006457625433639253
105.52,0.010609082806807094
105.524,0.027356821711582036
105.528,0.022345652962793047
105.532,0.01882652762558982
105.536,0.007981982684775396
105.54,0.0074308411183212734
105.544,0.033640023854110315
105.548,0.025283439271579864
105.552,0.00979870954113418
105.556,-0.0013348993566166395
105.56,0.027295652100843774
105.564,0.030362454157689376
105.568,0.012934960027974294
105.572,0.015672407985351706
105.576,0.005372653252525358
105.58,0.00674930324688185
105.584,0.02727026442514504
105.588,0.03557957769768416
105.592,0.011656809174257252
105.596,0.002229623230184956
105.6,0.017605500327580355
105.604,0.024741359264726613
105.608,0.008620748868359757
105.612,0.0182412034792486
105.616,0.007788062533233925
105.62,0.0325761467211082
105.624,0.027875098249472822
105.628,0.023455093674113126
105.632,0.007601574721728529
105.636,0.012794300952547244
105.64,0.017649103492725807
105.644,0.0361287092256335
105.648,0.019748163594596232
105.652,0.008423554796147682
105.656,0.014236412003671874
105.66,0.016592547829339187
105.664,0.03437627400106959
105.668,0.02168216368755179
105.672,0.012097063982605717
105.676,0.0051151092130376835
105.68,0.0080118108956012
105.684,0.031199621831294037
105.688,0.02623484290721751
105.692,0.01680032940482585
105.696,0.008057105885234714
105.7,0.030037916911493302
105.704,0.03031752290117598
105.708,0.019532340182092267
105.712,0.016399499093330553
105.716,0.004435573778214336
105.72,0.03376278313405966
105.724,0.01795241792442929
105.728,0.03200504508894681
105.732,0.009750850962406542
105.736,-0.001694371542626352
105.74,0.01624037113821506
105.744,0.019827832238437544
105.748,0.028240110349847664
105.752,0.011792808176916456
105.756,0.0041485982942369585
105.76,0.022761041383136876
105.764,0.023805121121574648
105.768,0.014731857226962174
105.772,0.00835820611142243
105.776,0.018349881286715886
105.78,0.010660519355161175
105.784,0.018303729801353058
105.788,0.027187481813561887
105.792,0.01622664056277947
105.796,0.018645405560913403
105.8,0.020825594697400612
105.804,0.01991323620186406
105.808,0.02072104808366084
105.812,0.012976608792043012
105.816,0.0019038723570959266
105.82,0.014072778795965213
105.824,0.036194953358211476
105.828,0.004276290834504114
105.832,0.01615577378818052
105.836,0.0041032404796340315
105.84,0.02477742389811248
105.844,0.017690089001213202
105.848,0.019407571063460638
105.852,0.020483320469647306
105.856,0.014907160756614184
105.86,0.017410465411868966
105.864,0.05116239252707626
105.868,0.006819967662463219
105.872,0.028119372286399838
105.876,0.01705042926460231
105.88,0.022682222346685977
105.884,0.01991901243373216
105.888,0.03877431426618947
105.892,0.026490450827720672
105.896,0.003692626412794054
105.9,0.0170901070409901
105.904,0.03722484876642793
105.908,0.023549198112995325
105.912,0.02278675095052462
105.916,0.012216333956627731
105.92,0.038012084850685315
105.924,0.03164499347976931
105.928,0.04172054816837598
105.932,0.004957873882535588
105.936,0.020951204904052306
105.94,0.0158279076707313
105.944,0.026059926779053343
105.948,0.04053934524131716
105.952,0.02582395737601407
105.956,0.0232349754700306
105.96,0.017602042296532467
105.964,0.03159056499256707
105.968,0.028240957725818364
105.972,0.015512304237952714
105.976,0.024068178845876295
105.98,0.02715132950997067
105.984,0.03370137679568739
105.988,0.02675809148954567
105.992,0.004411455843181079
105.996,0.011644148004830027
106.0,0.01654292978214191
106.004,0.038761325897424356
106.008,0.031098654323627153
106.012,0.01051786589737884
106.016,0.018322059954183255
106.02,0.020849369256585776
106.024,0.024049566934830492
106.028,0.015649569274468467
106.032,0.019950629142573666
106.036,0.024735159757032367
106.04,0.017360450762057136
106.044,0.03256900239329342
106.048,0.02907193468841593
106.052,0.015738950731868054
106.056,0.022649366692814886
106.06,0.02182201391309159
106.064,0.027868316141152566
106.068,0.014254629966891228
106.072,0.010488001282926903
106.076,0.008724038583987431
106.08,0.008520734575790325
106.084,0.03233667388260838
106.088,0.03143640042250058
106.092,0.012084432077338862
106.096,-0.002145366913089695
106.1,0.011532791615090679
106.104,0.020263906418566777
106.108,0.02143508933583194
106.112,0.014012448228201555
106.116,0.029973181372444042
106.12,0.029453747449205016
106.124,0.03110201413051188
106.128,0.033645480751581
106.132,0.021454626380642206
106.136,-0.0016476719199347897
106.14,0.023449821738761246
106.144,0.026858939780465746
106.148,0.03520574636476501
106.152,0.027539499596251044
106.156,0.02049341508990922
106.16,0.020230440800699502
106.164,0.03561183619085933
106.168,0.044601226551454265
106.172,0.010675418795791779
106.176,0.022771939793174836
106.18,0.025843651683567347
106.184,0.03047516082405487
106.188,0.030601998996079224
106.192,0.012157971418186395
106.196,0.01277687244840977
106.2,0.01750227599302958
106.204,0.018053729716518082
106.208,0.02935315791056828
106.212,0.007687000018144044
106.216,0.02484953185167396
106.22,0.02567513249929279
106.224,0.039583255749818386
106.228,0.03961442819613638
106.232,0.01788904411840638
106.236,0.012677336867042331
106.24,0.009336458584501887
106.244,0.027836706251019677
106.248,0.014786132199677149
106.252,0.0009156053883774933
106.256,0.006236452596097828
106.26,0.020806987968338082
106.264,0.016897048477687242
106.268,0.02237106471209389
106.272,0.019644090659658754
106.276,0.007434748328790888
106.28,0.03491468149637823
106.284,0.04107167237325271
106.288,0.03472948087458562
106.292,0.018885981302532856
106.296,0.018338733655177422
106.3,0.015196655311121632
106.304,0.02928321097973028
106.308,0.03141079350712599
106.312,0.015783170770137637
106.316,0.014905856379429453
106.32,0.02290501276586178
106.324,0.025762185351688192
106.328,0.016036791003441783
106.332,0.02203347307620599
106.336,0.021291436922890046
106.34,0.018030893333380666
106.344,0.026602089561359777
106.348,0.02217953040687145
106.352,0.020652573353842463
106.356,0.011368790861016418
106.36,0.03012947383162696
106.364,0.014568027792903438
106.368,0.021104092384774138
106.372,0.01098141738425991
106.376,0.01670509590347984
106.38,0.011033712561878099
106.384,0.029392096320580263
106.388,0.018429241097376585
106.392,0.016559955480865023
106.396,0.022700152921988622
106.4,0.023406293190292925
106.404,0.04647509152014411
106.408,0.028751458002584506
106.412,0.013105955280443532
106.416,0.01720197576432798
106.42,0.026537744790651165
106.424,0.026070251293016756
106.428,0.027186703542088603
106.432,0.016962443615488418
106.436,0.031600697633358404
106.44,0.029121363172104255
106.444,0.05476811921611982
106.448,0.029340541189807754
106.452,0.011102535573775557
106.456,0.011224959896016752
106.46,0.026873759886374943
106.464,0.03465982832671023
106.468,0.021070912463443302
106.472,0.010576689304689448
106.476,0.010675838897552699
106.48,0.018323357596406336
106.484,0.03343216075394131
106.488,0.022216063945488165
106.492,0.01235928120275095
106.496,0.016221395999674783
106.5,0.03126118374856089
106.504,0.0307236977001413
106.508,0.02016473501227032
106.512,0.018099000618277076
106.516,0.020177579031788916
106.52,0.03331012058740433
106.524,0.03336294815966054
106.528,0.026248413738902337
106.532,0.01743928940193281
106.536,-0.005084477453165306
106.54,0.012731860590382442
106.544,0.04420283970467961
106.548,0.02635939583492153
106.552,-0.0023201703675875575
106.556,0.014134069065652469
106.56,0.028699154982776365
106.564,0.03185132070591443
106.568,0.016073689072174487
106.572,0.020615256738287353
106.576,0.009036583613271162
106.58,0.019385615785030272
106.584,0.026328057042733145
106.588,0.023437543573209298
106.592,0.019035337883568183
106.596,-0.008432735230723732
106.6,0.021104157653341317
106.604,0.022456591396733713
106.608,0.039632061148560625
106.612,0.015510032953649465
106.616,0.021963492946998196
106.62,0.00570257913300732
106.624,0.03696521099177031
106.628,0.03320317807518629
106.632,0.024973343541351653
106.636,-0.004023574943560376
106.64,0.020698119692316854
106.644,0.025120700895743628
106.648,0.03945727577911221
106.652,0.023132774631968854
106.656,0.03095869361106164
106.66,0.031343840421001724
106.664,0.03147383711751796
106.668,0.0268298384512798
106.672,0.010184610585940897
106.676,0.00208731004705099
106.68,0.019281169565220278
106.684,0.03537707178987187
106.688,0.03376781032024376
106.692,0.01971111645552299
106.696,0.03187141516097894
106.7,0.0319019471947789
106.704,0.03389680091987262
106.708,0.02224287645718412
106.712,0.016506062597011904
106.716,0.0009468549099110653
106.72,0.008898565066042544
106.724,0.04232183184247454
106.728,0.018214052875725004
106.732,0.01836446396237619
106.736,0.0037961828832702646
106.74,0.022472320147894204
106.744,0.028482383412119637
106.748,0.02537054606565728
106.752,0.0013707373871960499
106.756,0.004676196521525046
106.76,0.03396899973500594
106.764,0.03393059721744149
106.768,0.02819088262650533
106.772,0.013944207426621646
106.776,-0.00021941280249522174
106.78,0.028770639083061343
106.784,0.03143230033165237
106.788,0.024589197435241284
106.792,0.016948615251387047
106.796,0.017513979405211832
106.8,0.03945255220028565
106.804,0.020228480201736815
106.808,0.023786556812199447
106.812,0.02283872661051482
106.816,0.004054527912892019
106.82,0.0372515765776939
106.824,0.0182346578239439
106.828,0.02562121105894109
106.832,0.0024718518512541632
106.836,0.0073664792836630405
106.84,0.01759794161849349
106.844,0.029215429857361846
106.848,0.024836939133867527
106.852,0.009566471272934658
106.856,0.011261151908361584
106.86,0.01974993661559063
106.864,0.02823746630138465
106.868,0.03445063547854608
106.872,0.02078931240311362
106.876,0.02553922371957492
106.88,0.026169399969198273
106.884,0.04239258757919413
106.888,0.026854443167139846
106.892,0.016544691833583917
106.896,0.020783081039418578
106.9,0.015099850698847192
106.904,0.024136751977176654
106.908,0.012602561184444028
106.912,0.01788032617108836
106.916,0.013937169116865008
106.92,0.039261467436580676
106.924,0.037523700533280205
106.928,0.04876603749656146
106.932,0.018229763558572674
106.936,0.01921805372295744
106.94,0.03739725363408222
106.944,0.0389770401281125
106.948,0.023599097213896976
106.952,0.024052562586219232
106.956,0.02837566334931465
106.96,0.005755706583749947
106.964,0.012883461948700263
106.968,0.032188796201731075
106.972,0.03230827454600249
106.976,0.016231242512624495
106.98,0.011634120056607451
106.984,0.041057528724569525
106.988,0.02465616522972688
106.992,0.016832630714430342
106.996,0.009434694564440453
107.0,0.017924887489894927
107.004,0.05144762919142331
107.008,0.026513342228974585
107.012,0.02319190760898863
107.016,0.006742258678475021
107.02,0.026991381424136568
107.024,0.026711094598354846
107.028,0.02603873108823551
107.032,0.0228674856967888
107.036,0.011821324605046896
107.04,0.015404576654747686
107.044,0.020712393492183307
107.048,0.04084114213638081
107.052,0.014290487401723263
107.056,-0.000989568833081907
107.06,0.022744222023859253
107.064,0.02491931460648773
107.068,0.022025790616793457
107.072,0.012417557521839784
107.076,0.01400224654072708
107.08,0.039138305665230314
107.084,0.038096737387046976
107.088,0.047126345085265975
107.092,0.013651269511697678
107.096,0.024196365582233127
107.1,0.02625118554569019
107.104,0.028429458573740216
107.108,0.023653364763343218
107.112,0.010573089639673773
107.116,0.01491847692491331
107.12,0.02009233722354503
107.124,0.017383780839199885
107.128,0.02220029284015897
107.132,0.02491747846757107
107.136,0.011262609386613125
107.14,0.021582078782034733
107.144,0.019084647411431774
107.148,0.030011635261171794
107.152,0.021647026197578086
107.156,0.013570957759924614
107.16,0.016156668849980814
107.164,0.03246377627245012
107.168,0.029053762562399534
107.172,0.03487853950918268
107.176,0.00498402983129991
107.18,0.027831947330163205
107.184,0.02849473878019234
107.188,0.03116279799349552
107.192,0.01731112659287123
107.196,0.023046314064795147
107.2,0.015612663091257997
107.204,0.03136038364578459
107.208,0.029847388864145813
107.212,0.03456072556897996
107.216,0.016272253603413667
107.22,0.029435522049506214
107.224,0.019575364203911677
107.228,0.031263345747301434
107.232,0.02746027620328761
107.236,0.0013777313725635097
107.24,0.016499030818718577
107.244,0.022798033838822545
107.248,0.025267887407927882
107.252,0.01455307185358943
107.256,0.005387069585245999
107.26,0.03779468605969698
107.264,0.032331424805910704
107.268,0.0265055315268839
107.272,0.025154804429521047
107.276,0.01553095764536272
107.28,0.026317581395501253
107.284,0.022366942537810446
107.288,0.028588388198036427
107.292,0.02048978823916732
107.296,0.009922185257550493
107.3,0.034494346254578936
107.304,0.049634384306270235
107.308,0.029476217653976858
107.312,0.027651616030692064
107.316,0.020118150909866732
107.32,0.008137990055776381
107.324,0.025689515547541366
107.328,0.02648139492253725
107.332,0.014985074649401195
107.336,0.018436729112538904
107.34,0.022499777634431537
107.344,0.033549440253182045
107.348,0.027836460991854294
107.352,0.018235943759915916
107.356,0.010199192023694417
107.36,0.02062189384092026
107.364,0.04338776376036993
107.368,0.021300933740419553
107.372,-0.0023420152240290135
107.376,-0.0047128361959366104
107.38,0.026296624373535974
107.384,0.04058919360317807
107.388,0.015701172447857785
107.392,0.03437189894150992
107.396,0.02698770909992127
107.4,0.024267264343176085
107.404,0.043637252478979684
107.408,0.039814193573361224
107.412,0.01582276214683529
107.416,0.017024036795294475
107.42,0.016260416138323807
107.424,0.034913421905038
107.428,0.028789245618702667
107.432,0.008923952746712246
107.436,0.011476601327650951
107.44,0.024740971564432293
107.444,0.03991438455692045
107.448,0.023155979623837173
107.452,0.012237131856951047
107.456,0.010741997712831193
107.46,0.02619683733985399
107.464,0.030681885154581826
107.468,0.04698057277353923
107.472,0.019568693978514677
107.476,0.018180599787154954
107.48,0.0293953660523013
107.484,0.0349956000113071
107.488,0.028000268733627227
107.492,0.020345430099804107
107.496,0.012547224369547598
107.5,0.03961275105494763
107.504,0.03808518558873502
107.508,0.027012289581191784
107.512,0.027024208702360712
107.516,0.010550212296633669
107.52,0.027611029604964657
107.524,0.02565569889509689
107.528,0.038023151222115845
107.532,0.017447785020100127
107.536,0.03381941183790979
107.54,0.020943834186926937
107.544,0.03471774552527463
107.548,0.031408730455707155
107.552,0.01563366574745423
107.556,0.007715874908901378
107.56,0.03217134348798183
107.564,0.03614629341393536
107.568,0.03212885006163053
107.572,0.022836606419248374
107.576,0.012150466290635117
107.58,0.010830900289387088
107.584,0.03192486584761878
107.588,0.033913518339307266
107.592,0.031118105219444876
107.596,0.005077669667191597
107.6,0.035485472745572545
107.604,0.041207491000446544
107.608,0.0307794984431333
107.612,0.002545176535324104
107.616,0.008448632071385173
107.62,0.004351065314900156
107.624,0.0338068319474732
107.628,0.01680773283408842
107.632,0.026772693090567602
107.636,0.01795047220982875
107.64,0.02670515809868127
107.644,0.03031664254069712
107.648,0.029247699539569107
107.652,0.028698384690057012
107.656,0.01281180449426952
107.66,0.025917241598591833
107.664,0.027028749015859752
107.668,0.04233622198600298
107.672,0.024873055189105975
107.676,0.022718877350303514
107.68,0.028404033553390176
107.684,0.04364961436567748
107.688,0.038040481133615814
107.692,0.022933137154257904
107.696,0.018526305972381325
107.7,0.009207465474956152
107.704,0.04714131587753245
107.708,0.02624271110777997
107.712,0.02062553537024279
107.716,0.01219153179933637
107.72,0.025198316481163267
107.724,0.03744057561428382
107.728,0.027381735080284422
107.732,0.025401465939775943
107.736,0.017317640064545843
107.74,0.03037893558351041
107.744,0.02484274279915766
107.748,0.042798329204928
107.752,0.027424529144009627
107.756,0.026812686205524974
107.76,0.023105619789291244
107.764,0.03019723582489858
107.768,0.027475626633076285
107.772,0.0092611721676587
107.776,0.010867822691265122
107.78,0.022761766458874393
107.784,0.022560660569204177
107.788,0.021819953234128366
107.792,0.014127776768643966
107.796,0.023759733289979434
107.8,0.020136810785552184
107.804,0.030428995416959016
107.808,0.03675031456974809
107.812,0.009333194968265457
107.816,-0.001127467341403808
107.82,0.021630061777305875
107.824,0.03425836929972736
107.828,0.03506900438207943
107.832,0.027545252236840807
107.836,0.002437146915778947
107.84,0.03861600665681362
107.844,0.02797275285553627
107.848,0.033066033884453325
107.852,0.027931641832689785
107.856,0.019403746568053864
107.86,0.027444568185468338
107.864,0.021250929614400442
107.868,0.028678242706569677
107.872,0.0021374314814528138
107.876,0.01036158313432706
107.88,0.013383685937811156
107.884,0.025935420588788394
107.888,0.034952152958652546
107.892,0.013051816326241661
107.896,0.017303424812594278
107.9,0.030404702876264036
107.904,0.0484044913683708
107.908,0.023885559954233637
107.912,0.03426839738574165
107.916,0.021635333155683743
107.92,0.025933704532637374
107.924,0.04247745992326351
107.928,0.024116436123978048
107.932,0.018465956651515802
107.936,0.022524897821060104
107.94,0.035738732223176396
107.944,0.04076171052271686
107.948,0.017127420680475416
107.952,0.012379216001429945
107.956,0.026069280462406946
107.96,0.016239195047665085
107.964,0.041336959933647346
107.968,0.03965567683924825
107.972,0.013490670110114563
107.976,0.006883169368347633
107.98,0.026067084981446918
107.984,0.04488078023619959
107.988,0.03007680440848576
107.992,0.015412486534379407
107.996,0.032706278918947784
108.0,0.025260865897133996
108.004,0.029704888355636682
108.008,0.030361680429161066
108.012,0.025754366731177605
108.016,0.025470053585996168
108.02,0.039495743770518725
108.024,0.039982686096244766
108.028,0.02226852995189416
108.032,0.01243004207963428
108.036,0.011399609449608833
108.04,0.01949124737994196
108.044,0.04370417308027999
108.048,0.029014033272193145
108.052,0.025039513296725713
108.056,0.02764255673898481
108.06,0.02823635653510602
108.064,0.025358072811564422
108.068,0.02931814885579624
108.072,0.009027883183997758
108.076,0.014803875405477881
108.08,0.02998784769185689
108.084,0.04700912238766812
108.088,0.012698936006928972
108.092,0.026229344205326646
108.096,0.013697687109237147
108.1,0.07185291986917085
108.104,0.06312485559885966
108.108,0.07886170444721953
108.112,0.06885586355186285
108.116,0.04394725872077358
108.12,0.0551326785051093
108.124,0.08242406197088167
108.128,0.06830253964197489
108.132,0.06092497780302783
108.136,0.045239977739357895
108.14,0.06425985169482971
108.144,0.07185351950427596
108.148,0.07900138018392003
108.152,0.05419246452610211
108.156,0.06643227822430793
108.16,0.06342765132806634
108.164,0.07946851038467023
108.168,0.0825604962384462
108.172,0.06979181242941503
108.176,0.06225193033590698
108.18,0.07638958986877831
108.184,0.0805869936528171
108.188,0.06952344962335007
108.192,0.05736469235441377
108.196,0.059646989190178495
108.2,0.024122851759083505
108.204,0.04123596874637184
108.208,0.02938950031960988
108.212,0.02575365600522654
108.216,0.0091417060093444
108.22,0.02452024954911095
108.224,0.03395292383630589
108.228,0.0360934225496433
108.232,0.024096582225521142
108.236,0.005050421977589405
108.24,0.003709333702980804
108.244,0.031124224027320437
108.248,0.03665679552587923
108.252,0.02144177935029835
108.256,0.009473682119738955
108.26,0.03320098980939146
108.264,0.03969348490543817
108.268,0.030730310489920625
108.272,0.037619664498225
108.276,0.012553424191534338
108.28,0.03113991394706077
108.284,0.034149936525221566
108.288,0.034834860792397074
108.292,0.028512027879800977
108.296,0.016223397616718628
108.3,0.022543616809976363
108.304,0.03511962954847434
108.308,0.028498620514208487
108.312,0.018196371809281856
108.316,0.011792657129155445
108.32,0.025689590822833803
108.324,0.03911516431819355
108.328,0.041579513727373896
108.332,0.02165940326303161
108.336,0.017512921075923046
108.34,0.03725735504610372
108.344,0.041574678717775614
108.348,0.039095611103535224
108.352,0.032842151847457035
108.356,0.023257627084024797
108.36,0.023007244722202905
108.364,0.047969731115913114
108.368,0.026395957386239878
108.372,0.024798952188477788
108.376,0.026397140751056383
108.38,0.01574480134974983
108.384,0.03179044622320379
108.388,0.037059703491879044
108.392,0.033142871014635436
108.396,-0.0009570066115684311
108.4,0.03422342089929406
108.404,0.03216836628410519
108.408,0.015971631969487518
108.412,0.01604560807306787
108.416,0.00010371649172470979
108.42,0.032264451966002174
108.424,0.03898690192786059
108.428,0.033661882062437816
108.432,0.023213758653317845
108.436,0.01476566199707589
108.44,0.018607400328704726
108.444,0.04854758382310378
108.448,0.03190927969240726
108.452,0.016004732072670984
108.456,0.02943785910088465
108.46,0.027893232018098162
108.464,0.03361485426028645
108.468,0.022578255635471074
108.472,0.001976870617558437
108.476,0.0013847210006722541
108.48,0.030226368280164742
108.484,0.03251394740014953
108.488,0.04818385928355826
108.492,0.004716820551148616
108.496,0.02441677452851464
108.5,0.025342895084686016
108.504,0.0340646554255768
108.508,0.023618141455538366
108.512,0.029116955488175774
108.516,0.010798493468383418
108.52,0.03144491263797082
108.524,0.02994808585058965
108.528,0.03311947472314512
108.532,0.020664242601082808
108.536,0.008307862762251678
108.54,0.027871262793902434
108.544,0.040724242384882786
108.548,0.030256945772299385
108.552,0.022677562565228366
108.556,0.0033433950069604607
108.56,0.03608122639177977
108.564,0.02751059873405908
108.568,0.041125960267078494
108.572,0.017923084531478808
108.576,0.015497513737741995
108.58,0.025447769615120627
108.584,0.021825635971570456
108.588,0.0379989736245789
108.592,0.0050826634861537295
108.596,0.014345232948923373
108.6,0.01980026367836065
108.604,0.029967696231508377
108.608,0.026179479454998846
108.612,0.032216450066729525
108.616,0.026629603731377207
108.62,0.029909090667758726
108.624,0.021132026993317135
108.628,0.02761563293596293
108.632,0.018935380154930376
108.636,0.017790726929715606
108.64,0.02400370931796497
108.644,0.03136416346745803
108.648,0.03099721871985881
108.652,0.030494553994163714
108.656,0.01855130745540854
108.66,0.023480910717192625
108.664,0.03044524272332979
108.668,0.03528571658068258
108.672,0.013272034405749221
108.676,0.000788218980981973
108.68,0.034416595915825826
108.684,0.03396701401641259
108.688,0.03728750638910332
108.692,0.02768486070499716
108.696,0.01580749822378531
108.7,0.0404570961905293
108.704,0.04508444885762869
108.708,0.04783887300996034
108.712,0.022115282397979247
108.716,0.026364348626373796
108.72,0.026464520091960403
108.724,0.04095736678351966
108.728,0.044790884835488126
108.732,0.026985402337751575
108.736,0.01744536323503113
108.74,0.03587060627133729
108.744,0.04805642735162442
108.748,0.029518565186188273
108.752,0.015432456175444115
108.756,0.003593825360344272
108.76,0.02267101116821416
108.764,0.019274553931028907
108.768,0.022704391433301024
108.772,0.009206029220752449
108.776,0.03448141997806105
108.78,0.024187176196835764
108.784,0.04882300189248949
108.788,0.023055109314550584
108.792,0.015211023120376829
108.796,0.025283155513155423
108.8,0.01289969302031768
108.804,0.041733088070216265
108.808,0.039897523815918184
108.812,0.021438516354816424
108.816,0.026807728113206808
108.82,0.022336308532270848
108.824,0.035460326611039164
108.828,0.027884420575396755
108.832,0.004836474372684422
108.836,0.019726947448525947
108.84,0.017576208211310996
108.844,0.016474065885817686
108.848,0.028181946630001318
108.852,0.023157596422253884
108.856,0.013556513931575375
108.86,0.01617360368320245
108.864,0.034795632181074856
108.868,0.03873947774697046
108.872,0.013098677596010846
108.876,0.026768301721710464
108.88,0.022590567060253454
108.884,0.025537491159361093
108.888,0.044551659936254366
108.892,0.02644904020555679
108.896,0.01467717520693737
108.9,0.038180020028582465
108.904,0.03327247369331836
108.908,0.02583126302134275
108.912,0.028046262726713816
108.916,0.026723124112023454
108.92,0.028712124122976343
108.924,0.038287668562993024
108.928,0.02602614971924918
108.932,0.02731564402228743
108.936,0.018578709751769194
108.94,0.03099516550512927
108.944,0.03357192599727719
108.948,0.04056579971354562
108.952,0.02546645256662742
108.956,0.024008761918647273
108.96,0.03282605918218563
108.964,0.03476129859678911
108.968,0.03889042903279111
108.972,0.01814361223461549
108.976,0.007976639342443909
108.98,0.03396711041465069
108.984,0.04398692265961199
108.988,0.0302531919224855
108.992,0.022443834842666224
108.996,0.010440612831866244
109.0,0.04312283992974424
109.004,0.033285295926663176
109.008,0.032666336027984896
109.012,0.009418004182072184
109.016,-0.0019568556203739852
109.02,0.038141024418175865
109.024,0.040299691817423926
109.028,0.03582528770567998
109.032,0.013856330029231527
109.036,0.011559750362468882
109.04,0.025098376370549146
109.044,0.03328643300034967
109.048,0.023746743934068566
109.052,0.020110762924196137
109.056,0.014016058837746514
109.06,0.047269443586872656
109.064,0.045313393648743136
109.068,0.029236431629123417
109.072,0.014196132856929675
109.076,0.02122324790052578
109.08,0.01992388101020992
109.084,0.023460940780226612
109.088,0.0411113063634164
109.092,0.011423413395142551
109.096,0.0012583572275280223
109.1,0.03454132747307794
109.104,0.03945454829833796
109.108,0.026828653796245917
109.112,0.011702473813807193
109.116,0.02152718592824744
109.12,0.0352294653187316
109.124,0.04136096235119664
109.128,0.03883199115672458
109.132,0.01696319956415998
109.136,0.03536247143170128
109.14,0.02047475267912312
109.144,0.04221525183730672
109.148,0.024790911741862428
109.152,0.02103621260416094
109.156,0.017658025717366174
109.16,0.034452297770117775
109.164,0.03829445161697573
109.168,0.03825580677828926
109.172,0.026240821196705157
109.176,0.014149197912348827
109.18,0.039172560063521086
109.184,0.035924127949022444
109.188,0.03888692883444608
109.192,0.013134720756805935
109.196,0.014300612573320744
109.2,0.03310156183353067
109.204,0.03969062462856152
109.208,0.026334594853431172
109.212,0.02828777735031164
109.216,0.020841839478202066
109.22,0.03376570686270642
109.224,0.02820132597364864
109.228,0.034894794310721976
109.232,0.027904538488010704
109.236,0.009651881427741744
109.24,0.03831308779251272
109.244,0.03314899682258212
109.248,0.01993677501785561
109.252,0.019549462192866806
109.256,0.030729782503667293
109.26,0.013301228513788519
109.264,0.030631297561525616
109.268,0.0355894048230655
109.272,0.026744407427677468
109.276,0.014962964551405899
109.28,0.030075683699294906
109.284,0.0541952981918291
109.288,0.031788796309258696
109.292,0.010995488674618515
109.296,0.02573487511322977
109.3,0.03507249176159871
109.304,0.03895906220696168
109.308,0.03684783312864807
109.312,0.025905895212936507
109.316,0.009430101053246211
109.32,0.027355997339523343
109.324,0.04377484162551147
109.328,0.03161541130470696
109.332,0.0207426194872905
109.336,0.01990897634239295
109.34,0.0182170305476286
109.344,0.04549109945040257
109.348,0.02471902578323329
109.352,0.0309276478271674
109.356,0.02804192154448035
109.36,0.031877891888933946
109.364,0.03357635585057039
109.368,0.0264708900653105
109.372,0.02557685721549456
109.376,0.024146828757405467
109.38,0.02369784567674625
109.384,0.033236218604019756
109.388,0.03423248090489702
109.392,0.03292948314752718
109.396,0.026524253990319505
109.4,0.022651120271554824
109.404,0.036783546435277585
109.408,0.03508055339922832
109.412,0.022363353594268748
109.416,0.030548150893875345
109.42,0.026497535923042756
109.424,0.0354312464900904
109.428,0.034088380305749504
109.432,0.01984813976608657
109.436,0.01781812026238222
109.44,0.03728681169758963
109.444,0.029685862007924682
109.448,0.028167064848373224
109.452,0.004658701005168693
109.456,0.011944071564158217
109.46,0.013290765377991768
109.464,0.025486025693630503
109.468,0.056352726540545156
109.472,0.006506322073232278
109.476,0.010707916686222344
109.48,0.031020236320650128
109.484,0.04164902783424045
109.488,0.04007623070366752
109.492,0.029695027265403896
109.496,0.006028021864314514
109.5,0.014243134434765768
109.504,0.032504084149276566
109.508,0.038443970523894366
109.512,0.021002830495560603
109.516,0.02179638280352305
109.52,0.01864883899636923
109.524,0.02758247889972243
109.528,0.03314360206342474
109.532,0.031144574400757033
109.536,0.03164655323736576
109.54,0.02643650831450694
109.544,0.04193653079690254
109.548,0.04816205624368848
109.552,0.01259454322351087
109.556,0.024468047459441807
109.56,0.022319661504898815
109.564,0.04173536879001426
109.568,0.03695450753344266
109.572,0.029267503304346815
109.576,0.029982281241823804
109.58,0.021579253050646337
109.584,0.044697570687931176
109.588,0.03356624304223056
109.592,0.03132156421502684
109.596,0.004359516744957038
109.6,0.022707159807468714
109.604,0.026394078289438294
109.608,0.036112291663796245
109.612,0.03575792820820603
109.616,0.010403560236299195
109.62,0.0301252589454366
109.624,0.036053671561770764
109.628,0.04025221460437191
109.632,0.017264366881546738
109.636,0.02388103565136161
109.64,0.02144431846625684
109.644,0.03992815791026598
109.648,0.02810236409591369
109.652,0.015620334422043781
109.656,0.027940332805352866
109.66,0.026449198548086698
109.664,0.03439425196089699
109.668,0.03511421253591184
109.672,0.02086861876314085
109.676,0.01325118064301934
109.68,0.030182139306729083
109.684,0.04528370600057775
109.688,0.0237360250472499
109.692,0.0122146704854085
109.696,0.0141404187036486
109.7,0.028666510869726537
109.704,0.025108644158949325
109.708,0.04191848115896464
109.712,0.029723816524336595
109.716,0.0204748275672029
109.72,0.028414133148136747
109.724,0.039380324737732036
109.728,0.03466572386920303
109.732,0.021413339355789554
109.736,0.019825322646556454
109.74,0.028138647056586804
109.744,0.03100190790962718
109.748,0.03127920143512418
109.752,0.027835365394956624
109.756,0.03049783777117794
109.76,0.0345939938781393
109.764,0.03529857521532653
109.768,0.029797784766632817
109.772,0.017975872210577552
109.776,0.007223925791505114
109.78,0.04396861916689148
109.784,0.046157593799709004
109.788,0.046769766777944935
109.792,0.01890021881415771
109.796,0.018028979813090883
109.8,0.019645558270647363
109.804,0.03851372419550952
109.808,0.009071509836693085
109.812,0.022386275377389717
109.816,0.018151386135853143
109.82,0.029604233377207936
109.824,0.04049972777914475
109.828,0.04791904243222481
109.832,0.012386858559456206
109.836,0.013274185936684052
109.84,0.030982178902329557
109.844,0.05266053144151141
109.848,0.0356534678389702
109.852,0.03720091414272527
109.856,0.019786034630881147
109.86,0.019903200749786958
109.864,0.0440793723075697
109.868,0.0325261345774137
109.872,0.029686344279474756
109.876,0.014347824345476441
109.88,0.023626686632645277
109.884,0.030615302052010476
109.888,0.0497373038613416
109.892,0.01974029144480405
109.896,0.02195779461688087
109.9,0.027030112199609796
109.904,0.04553481051360031
109.908,0.043876383104614496
109.912,0.024713115288488057
109.916,0.013146470610974495
109.92,0.02652283870136434
109.924,0.03428143391596489
109.928,0.042310797889270765
109.932,0.016977552183593755
109.936,0.02145956710484026
109.94,0.02965545917925653
109.944,0.0417565135839837
109.948,0.041312148250600464
109.952,0.027901469024989294
109.956,0.020306163592551968
109.96,0.024494231587814254
109.964,0.03277086693399171
109.968,0.0421465172812216
109.972,0.02385934268855573
109.976,0.012047555706378596
109.98,0.027373292097319465
109.984,0.030997545870010034
109.988,0.03278540162975803
109.992,0.015729915189599177
109.996,0.017107980183377176
110.0,0.035342950425515766
110.004,0.04486355364473775
110.008,0.03075034768419716
110.012,0.02112727500704918
110.016,0.020756596831483242
110.02,0.020132130966945105
110.024,0.019417911749190345
110.028,0.045544405154194986
110.032,0.03159218056473684
110.036,0.020427399094571922
110.04,0.023346295314565464
110.044,0.04200521608038282
110.048,0.04396937263596876
110.052,0.024119216134277807
110.056,0.011344484426147824
110.06,0.02387242021136126
110.064,0.042127258725562694
110.068,0.04930583795848699
110.072,0.003907621825513151
110.076,0.008692903697400096
110.08,0.028845385002610767
110.084,0.05074115544100544
110.088,0.03164873201664712
110.092,0.013592288986577439
110.096,0.03895964382318707
110.1,0.042292448989515605
110.104,0.03206808172343692
110.108,0.0389311464700865
110.112,0.020722578194395515
110.116,0.0009009874770756071
110.12,0.0352845528843557
110.124,0.033295528763389926
110.128,0.026278981639530234
110.132,0.025973864172849043
110.136,0.019905413160711732
110.14,0.026808503100931906
110.144,0.028909001030752318
110.148,0.03650335685928876
110.152,0.024438154943730916
110.156,0.02846537211857056
110.16,0.028081943331374388
110.164,0.034887243548527666
110.168,0.028743782302541692
110.172,0.021269724807731455
110.176,0.01598995172720728
110.18,0.025360113523259942
110.184,0.03754660126320508
110.188,0.02336600537913867
110.192,0.024536792709833548
110.196,0.019874417510978466
110.2,0.024947209083680852
110.204,0.04148026883190593
110.208,0.03886483705107864
110.212,0.01679985465956231
110.216,0.023911666341944592
110.22,0.029505256299205664
110.224,0.04682561535953385
110.228,0.04270112641713309
110.232,0.010813472004643283
110.236,-0.001831006754031344
110.24,0.03856652791844149
110.244,0.039531148908005596
110.248,0.032471271752737126
110.252,0.031064977692656492
110.256,0.01851230086135059
110.26,0.03255271400643499
110.264,0.04171672341892626
110.268,0.03102598808923536
110.272,0.02484716159463231
110.276,0.02264230476240035
110.28,0.025638943340535365
110.284,0.029364520990305606
110.288,0.05482277014890268
110.292,0.0064768836782179776
110.296,0.01176270860019822
110.3,0.038642378084640355
110.304,0.03585631903653035
110.308,0.046431557388434394
110.312,0.018732702580379772
110.316,0.003530147000388128
110.32,0.038519462089001075
110.324,0.04611369616442398
110.328,0.04127442826975994
110.332,0.015806436621688243
110.336,0.030105479816764535
110.34,0.017880935174030783
110.344,0.04336518202454903
110.348,0.04412595638002506
110.352,0.019525047750037213
110.356,0.011436925948107062
110.36,0.03069433258828909
110.364,0.03469042274541296
110.368,0.03872217185167424
110.372,0.034390812871689776
110.376,0.023508231296364507
110.38,0.03729772618915291
110.384,0.048902782526390576
110.388,0.025684520567556022
110.392,0.029325611296578492
110.396,0.025495509798535106
110.4,0.034053853706488946
110.404,0.04343558908359978
110.408,0.030969955198459607
110.412,0.0022461297774158985
110.416,0.014367562506406823
110.42,0.042488365887535275
110.424,0.02754051071241798
110.428,0.03541310627124358
110.432,0.027270164940024696
110.436,0.011030839418183865
110.44,0.02622508855775938
110.444,0.04145731691053575
110.448,0.0425530856956371
110.452,0.017895044608939138
110.456,0.023720506238536287
110.46,0.028566167833361644
110.464,0.03759117350288255
110.468,0.025990746115113626
110.472,0.0281931834133115
110.476,0.011754226846781537
110.48,0.03288683471737501
110.484,0.05133986021793466
110.488,0.04714089278318249
110.492,0.017342784447526377
110.496,0.024150267738497974
110.5,0.03247950451003335
110.504,0.05292748805030985
110.508,0.03264056390952124
110.512,0.008382687156003715
110.516,0.009596706828990637
110.52,0.025841039528894477
110.524,0.03537699753665636
110.528,0.028274319688434565
110.532,0.02374628778306161
110.536,0.017628514142620216
110.54,0.019061971283529676
110.544,0.038690250940435746
110.548,0.030622879646354403
110.552,0.021543473193086332
110.556,0.02453528428219175
110.56,0.03352533121903494
110.564,0.027468485101583992
110.568,0.03156594632245756
110.572,0.020054179694412214
110.576,0.019535449091755933
110.58,0.028951119960988085
110.584,0.026840530385776558
110.588,0.04295076505235416
110.592,0.015018367967018862
110.596,0.025256126401877223
110.6,0.04077442404783613
110.604,0.0415447418245913
110.608,0.05167186188947499
110.612,0.01218351807599607
110.616,0.020443370235039598
110.62,0.030144296338054273
110.624,0.03686949291518033
110.628,0.053956420553447584
110.632,0.010098682142982313
110.636,0.026830915941909637
110.64,0.028051818668077325
110.644,0.04955997284317068
110.648,0.040476112545354555
110.652,0.04098069053928591
110.656,0.031380806671080966
110.66,0.026161145960810296
110.664,0.042871532758375235
110.668,0.049129884599210694
110.672,0.01968481536070752
110.676,0.025780481911574837
110.68,0.044199728355354816
110.684,0.03568912387484288
110.688,0.0431691061151251
110.692,0.009543498668569125
110.696,0.01082839292370243
110.7,0.0395912018377264
110.704,0.05750007590718407
110.708,0.04552042155598826
110.712,0.006744983875720326
110.716,0.027055866962769525
110.72,0.023015959207709373
110.724,0.04238786272035276
110.728,0.03874487270057574
110.732,0.02330728990515564
110.736,0.028148361349573638
110.74,0.0253347310908343
110.744,0.03264761287765042
110.748,0.03786050155301533
110.752,0.03208303927927522
110.756,0.009852913365384474
110.76,0.02742450718143716
110.764,0.023086581254375238
110.768,0.027578532537108964
110.772,0.037725597969651053
110.776,0.015066973065949247
110.78,0.027132826745345524
110.784,0.037096025876549484
110.788,0.027168605972047257
110.792,0.01978734047359083
110.796,0.028712449861346242
110.8,0.028079222280418092
110.804,0.043920914003426896
110.808,0.04836264733435863
110.812,0.014382061487022126
110.816,0.012389649381358451
110.82,0.030732644477820807
110.824,0.037845188251325164
110.828,0.03783942715585363
110.832,0.023140269637744498
110.836,0.013278461114738606
110.84,0.02824639964952832
110.844,0.03970084120790662
110.848,0.03606753237971083
110.852,0.02221046164228459
110.856,0.01951592482740522
110.86,0.041764875908168145
110.864,0.05410808051673879
110.868,0.04175187009390794
110.872,0.023824385932330345
110.876,0.024074286511673267
110.88,0.030635207266583506
110.884,0.03312262371581323
110.888,0.03660488344361847
110.892,0.01869398807504797
110.896,0.018366367180776843
110.9,0.019580777162681785
110.904,0.046931916509068416
110.908,0.022052701061798078
110.912,0.027164961204650357
110.916,0.03180895570379556
110.92,0.024380863255492994
110.924,0.03429430417655436
110.928,0.03827377860974583
110.932,0.029969460429101775
110.936,0.02208922889353953
110.94,0.03607869587040655
110.944,0.03210943798963541
110.948,0.04388303450793895
110.952,0.021987650327709257
110.956,0.013177637787199407
110.96,0.0233872632045935
110.964,0.035666621400428145
110.968,0.04818927504319172
110.972,0.03003299650674078
110.976,0.016560181550126826
110.98,0.0344932050117534
110.984,0.04991304816195251
110.988,0.04545930738188119
110.992,0.028562654090043972
110.996,0.026329690744800946
111.0,0.037293224156111415
111.004,0.04379768798215686
111.008,0.029818395227676108
111.012,0.030748135491593703
111.016,0.012235312755629998
111.02,0.018453347625348275
111.024,0.03404538529663724
111.028,0.029268418640382536
111.032,0.012703019105071442
111.036,0.01970812354492915
111.04,0.02641986000891859
111.044,0.03065796525753956
111.048,0.026259526762008087
111.052,0.03343341297509416
111.056,0.011140501959831236
111.06,0.03626700577996558
111.064,0.06014105142612884
111.068,0.0481686052566109
111.072,0.02514376289865398
111.076,0.011921847999543047
111.08,0.02473042641148379
111.084,0.04111134512271945
111.088,0.03838445202665825
111.092,0.03358482221061868
111.096,0.02681631930057434
111.1,0.034869644026386246
111.104,0.057124891109806245
111.108,0.04288286549556599
111.112,0.027585432550161573
111.116,0.016198382768888398
111.12,0.036888301950889074
111.124,0.041173534324254434
111.128,0.035639770389689844
111.132,0.016483738015778446
111.136,0.002891552717675782
111.14,0.020729901496416854
111.144,0.04967445071725117
111.148,0.033108180216077365
111.152,0.019499905462635365
111.156,0.021526671748805883
111.16,0.03535344773953753
111.164,0.05032969985561522
111.168,0.04327585259437196
111.172,0.02298884260680862
111.176,0.0285653032763169
111.18,0.03389385296012453
111.184,0.043445816345134426
111.188,0.025030507410778065
111.192,0.025391335818191953
111.196,0.03139117695213489
111.2,0.019551242995518484
111.204,0.041360107330726224
111.208,0.04393888473102801
111.212,0.026224915099006187
111.216,0.01936163514474839
111.22,0.012521412242783355
111.224,0.030256897090071344
111.228,0.029918381014649595
111.232,0.020883285050021377
111.236,0.0177876022896008
111.24,0.031692098271435425
111.244,0.04641865728572278
111.248,0.035816737685340584
111.252,0.02158802886698213
111.256,0.012413798103056269
111.26,0.03443127286434203
111.264,0.030069635343159054
111.268,0.036498676256471144
111.272,0.023236448320624024
111.276,0.007055038580980881
111.28,0.036951885218099154
111.284,0.036563201500153054
111.288,0.03558921698826808
111.292,0.02908242752611774
111.296,0.02032627601367784
111.3,0.016405409355551695
111.304,0.04360008818425841
111.308,0.025495703541181185
111.312,0.03050848056233947
111.316,0.03126478090041353
111.32,0.03979787398520634
111.324,0.04285567539173695
111.328,0.04144972844329287
111.332,0.02489781213483357
111.336,0.029703748670383542
111.34,0.03868203221744457
111.344,0.028208898053145925
111.348,0.04158389936525644
111.352,0.02031547152619026
111.356,0.02121383621884796
111.36,0.021040874791402042
111.364,0.0591159668403453
111.368,0.03391663072202431
111.372,0.01935183672489079
111.376,0.025042226519714494
111.38,0.03142798774047829
111.384,0.040337028525006015
111.388,0.04459473964371387
111.392,0.024841576045074178
111.396,0.02627585196409486
111.4,0.025590364682712897
111.404,0.033664370512521795
111.408,0.03463944621942299
111.412,0.04423731788906336
111.416,0.02755793316992225
111.42,0.028998639760486482
111.424,0.0429515657963961
111.428,0.033222640172548834
111.432,0.03326069503751671
111.436,0.00885947008725065
111.44,0.03451899281799903
111.444,0.04496386060928015
111.448,0.022971718191013964
111.452,0.024467397221854124
111.456,0.012514747769504002
111.46,0.044383118393429476
111.464,0.046844489448892794
111.468,0.03702208000916918
111.472,0.016111965610046436
111.476,0.019853691243275802
111.48,0.013410744602900718
111.484,0.022719650106313417
111.488,0.039269496242793446
111.492,0.014813432589811852
111.496,0.024238343135321916
111.5,0.02331860862947397
111.504,0.03367640250932323
111.508,0.02695989121538818
111.512,0.0267799583859857
111.516,0.01787236668252977
111.52,0.037345645092749104
111.524,0.04913319784700113
111.528,0.033127667987819624
111.532,0.021075304059743113
111.536,0.0257189739729073
111.54,0.03190829545816288
111.544,0.04129407782286703
111.548,0.02594101565970909
111.552,0.03381359159022913
111.556,0.02443740881279436
111.56,0.03419262370618262
111.564,0.04130418766470464
111.568,0.025912169858560034
111.572,0.03272942422784337
111.576,0.030167305569301917
111.58,0.025422434051421035
111.584,0.024162447300243507
111.588,0.032925475885152246
111.592,0.008771905400030606
111.596,0.015088134822770521
111.6,0.034806876746152265
111.604,0.04332187997435614
111.608,0.03756857223811989
111.612,0.03028631033773714
111.616,0.016707752880578797
111.62,0.030731405014276788
111.624,0.05217021552714299
111.628,0.022017786759014883
111.632,0.031509768540846694
111.636,0.028830025685645404
111.64,0.02463051858535214
111.644,0.04587130937089056
111.648,0.0481588198189702
111.652,0.026727816401318067
111.656,0.01773330627253592
111.66,0.020410042970975935
111.664,0.0369316171476189
111.668,0.04777482231420549
111.672,0.02956404611776605
111.676,0.03506315807416643
111.68,0.028239557691657896
111.684,0.03203916287299063
111.688,0.035007514787427245
111.692,0.019401217866825356
111.696,0.03258047961337511
111.7,0.020640735683787412
111.704,0.03881429326044492
111.708,0.034796667135059085
111.712,0.021418621028584946
111.716,0.029726799500331837
111.72,0.0291214242261614
111.724,0.04009384374431484
111.728,0.04490014988453839
111.732,0.027920261407642175
111.736,0.02120186402317111
111.74,0.020418692685247007
111.744,0.05403488687453372
111.748,0.034046597690433666
111.752,0.015893846629436985
111.756,0.024719064908764323
111.76,0.023741985368846592
111.764,0.03766775837004956
111.768,0.037114992052587545
111.772,0.030624825096396115
111.776,0.001948841232673651
111.78,0.042999183850609315
111.784,0.03703154902668393
111.788,0.055566274871509044
111.792,0.03906230393370731
111.796,0.01640355508996271
111.8,0.02984052130654077
111.804,0.041279981067207615
111.808,0.040286403609736586
111.812,0.024708515451123157
111.816,0.032021573725421665
111.82,0.026856557314475175
111.824,0.044918152252139555
111.828,0.03501983266684395
111.832,0.014748776801078636
111.836,0.009156844369890001
111.84,0.026216828598775707
111.844,0.05262184322324165
111.848,0.040820310808025735
111.852,0.021787611220498188
111.856,0.022191468848152793
111.86,0.04246230954204743
111.864,0.03935159689238323
111.868,0.03045617087033133
111.872,0.018592276443184487
111.876,0.018063259825286608
111.88,0.022886175987384957
111.884,0.032402851377737796
111.888,0.04106471186074212
111.892,0.03751277719471126
111.896,0.019999702797216246
111.9,0.019316896737089653
111.904,0.04263268022791729
111.908,0.039970979958530356
111.912,0.020156594987580885
111.916,0.023080598896095775
111.92,0.03787998272275186
111.924,0.0427942543316641
111.928,0.0350217402698505
111.932,0.012678231146365076
111.936,0.01881347321127981
111.94,0.024796797156258633
111.944,0.035921059216589946
111.948,0.03803111359618798
111.952,0.016659687318941758
111.956,0.03923936175985775
111.96,0.023508551057361982
111.964,0.042841295999746856
111.968,0.026046905336025702
111.972,0.026681952190691843
111.976,0.005228661629465043
111.98,0.019535187371220005
111.984,0.028557406511267786
111.988,0.031501059745190914
111.992,0.024451453009303986
111.996,0.03092035379888318
112.0,0.03279658116594688
112.004,0.031043058365157403
112.008,0.03932701351940648
112.012,0.018147265187454506
112.016,0.02889046000155942
112.02,0.02377161954831624
112.024,0.04021241927432222
112.028,0.028963577806955205
112.032,0.011825528164919087
112.036,0.013755923414081673
112.04,0.02538022351456215
112.044,0.048154431718137936
112.048,0.034421766705033024
112.052,0.0213436570123978
112.056,0.01086017021128097
112.06,0.022961411966554646
112.064,0.034901098539904016
112.068,0.03242382747412455
112.072,0.03262757542688542
112.076,0.030710213438691767
112.08,0.02399785786481347
112.084,0.017725654834932963
112.088,0.03733688735922403
112.092,0.022246010355689853
112.096,0.02428556635967913
112.1,0.03375626649305307
112.104,0.04186635200792352
112.108,0.038371348059848084
112.112,0.03370704336025303
112.116,0.035021501727898474
112.12,0.029193008674730184
112.124,0.05363992723955417
112.128,0.036302913558583304
112.132,0.021237049160338965
112.136,0.030705522544913117
112.14,0.045140954666244265
112.144,0.03752788330224393
112.148,0.03142814125418623
112.152,0.01730912020398469
112.156,0.00917745145270984
112.16,0.029834950153967435
112.164,0.039303344655008
112.168,0.03371159952236408
112.172,0.0078206688001724
112.176,0.016333973863839956
112.18,0.02460735875418388
112.184,0.03757583396638087
112.188,0.027306688427083142
112.192,0.01660302953652345
112.196,0.018293826670868714
112.2,0.020476876549861207
112.204,0.046835173990703485
112.208,0.043444849928907375
112.212,0.02892926349318327
112.216,0.02625116377095761
112.22,0.04271386684661578
112.224,0.040747837049384096
112.228,0.03405102770216691
112.232,0.005306198920766451
112.236,0.016463918071712096
112.24,0.02402417767594734
112.244,0.03418745180130768
112.248,0.03835479195030648
112.252,0.02250189230094792
112.256,0.024393690952997246
112.26,0.0312286352205765
112.264,0.04215725993903859
112.268,0.04421740352581044
112.272,0.02423594404353865
112.276,0.019872739900461622
112.28,0.02860840277669667
112.284,0.03905782589622356
112.288,0.0319310168086091
112.292,0.007397188550813335
112.296,0.012149980481217553
112.3,0.02797753045720172
112.304,0.03741498526022208
112.308,0.0381271545419166
112.312,0.031020026154996425
112.316,0.02022315054647336
112.32,0.022473890269060805
112.324,0.041857527600748776
112.328,0.0386565331487855
112.332,0.014248989093456592
112.336,0.018175523428017683
112.34,0.03866676937332138
112.344,0.032936018725802194
112.348,0.03403837844706985
112.352,0.019346061059920913
112.356,0.021832113152159573
112.36,0.029002431679286036
112.364,0.038180765254751295
112.368,0.040772847456216
112.372,0.02350940543182557
112.376,0.031029403943641745
112.38,0.037940377387953944
112.384,0.048453551220269106
112.388,0.02528953275284798
112.392,0.0249832986858164
112.396,0.027656509317472905
112.4,0.03471473194927708
112.404,0.02614254806911156
112.408,0.033172121849357965
112.412,0.029275787394091705
112.416,0.011343255800676412
112.42,0.04488440924691109
112.424,0.033843587742446196
112.428,0.028525530552548937
112.432,0.02133095767516318
112.436,0.014380975043629247
112.44,0.019643920372121593
112.444,0.044998841534386005
112.448,0.04219701183980572
112.452,0.036355999530907034
112.456,0.02076504155358404
112.46,0.02990924151722469
112.464,0.02977841503011589
112.468,0.03245472022681833
112.472,0.011991559752319846
112.476,0.013653407200260825
112.48,0.028339580134260474
112.484,0.032883257998431135
112.488,0.044182785764259824
112.492,0.020776851847836755
112.496,0.026378239817871376
112.5,0.02924390079274985
112.504,0.05270577891012339
112.508,0.038395720388365806
112.512,0.006388747016439024
112.516,0.010556550033141297
112.52,0.0373154987788928
112.524,0.03969812279964003
112.528,0.03725284343631024
112.532,0.02215513464671176
112.536,0.015783124445902907
112.54,0.030846025707203767
112.544,0.05134903021512342
112.548,0.044665847815654997
112.552,0.026636278281202026
112.556,0.027173331671611286
112.56,0.04326537004881915
112.564,0.052671232751664264
112.568,0.043247557506620654
112.572,0.023486105777647252
112.576,0.010093373098412416
112.58,0.02772284936400951
112.584,0.04490710161548565
112.588,0.03257645828704549
112.592,0.04002205230931666
112.596,0.029044170758427905
112.6,0.04413080088714999
112.604,0.04423694639487597
112.608,0.030078631716731183
112.612,0.014397674559085218
112.616,0.026323707451264524
112.62,0.03391614787336072
112.624,0.03216493322718994
112.628,0.03471760926229992
112.632,0.024069754184210167
112.636,0.025708495944912965
112.64,0.03351881564953415
112.644,0.04052353823882435
112.648,0.03386256913361652
112.652,0.016559178264592234
112.656,0.018032622856091564
112.66,0.023785633121714847
112.664,0.04344407094989014
112.668,0.04591057355977923
112.672,0.01618169075463521
112.676,0.025005676696986417
112.68,0.026419237147755202
112.684,0.04025919232583105
112.688,0.02761799354942484
112.692,0.028136277924630484
112.696,0.019886632855272653
112.7,0.018604206078062124
112.704,0.028614741586102464
112.708,0.047742278100398744
112.712,-0.000829381528038655
112.716,0.03133283393366713
112.72,0.03794145097037669
112.724,0.043703828262860185
112.728,0.038073451855642745
112.732,0.016490334185643354
112.736,0.01914378893494381
112.74,0.03764885576668516
112.744,0.039064528100026544
112.748,0.03880090267088995
112.752,0.024301408521234236
112.756,0.020541992287662344
112.76,0.03653767724218637
112.764,0.04109352318383881
112.768,0.026656674488911944
112.772,0.031242506440808785
112.776,0.015712045142444474
112.78,0.02314404492287691
112.784,0.04339355381801203
112.788,0.024408427312040487
112.792,0.027450589785508038
112.796,0.01575409730671682
112.8,0.06672311558355416
112.804,0.07465582990469921
112.808,0.07215273671882005
112.812,0.06759271079307494
112.816,0.06160108576950458
112.82,0.07300268895400813
112.824,0.08763318182573926
112.828,0.08063869734099964
112.832,0.06682813697778735
112.836,0.06425203325534584
112.84,0.06140878015477665
112.844,0.08225996671928926
112.848,0.07842906050716354
112.852,0.06547176723491921
112.856,0.07293668202264963
112.86,0.07564218146782267
112.864,0.06692647421132011
112.868,0.06925401987013538
112.872,0.06281122307156066
112.876,0.06763620415999903
112.88,0.07642016660305008
112.884,0.07965175256648722
112.888,0.07258600030973694
112.892,0.077486784978754
112.896,0.050179513936136226
112.9,0.03165224647694443
112.904,0.05101220712007811
112.908,0.038007857492759534
112.912,0.024761346969403953
112.916,0.03107182417924345
112.92,0.02672265856946244
112.924,0.0370950420827281
112.928,0.03033706568584546
112.932,0.03611028043710294
112.936,0.009400656090156449
112.94,0.02796977117497008
112.944,0.042803624280172495
112.948,0.03367565800968192
112.952,0.04488645259886161
112.956,0.02241140571184813
112.96,0.03108053116977872
112.964,0.051499696473182775
112.968,0.028285011530366982
112.972,0.03187637492112048
112.976,0.012199384823808647
112.98,0.02448134329321701
112.984,0.0424070985714915
112.988,0.0331336513779441
112.992,0.031445657467067026
112.996,0.013444512143409464
113.0,0.024144529638523995
113.004,0.05081191244292884
113.008,0.022652320007427194
113.012,0.02072716387322498
113.016,0.018801855886912473
113.02,0.012353256171513873
113.024,0.04274587177598216
113.028,0.023994803868332148
113.032,0.013333180355926904
113.036,0.0249304670515199
113.04,0.027090337781437084
113.044,0.05395041065419064
113.048,0.0489757074673308
113.052,0.037712164442979285
113.056,0.020397268081906648
113.06,0.03858611507290768
113.064,0.05500637159085285
113.068,0.04317601695634874
113.072,0.013457512044005656
113.076,0.020596694556850672
113.08,0.021249509702581857
113.084,0.036485307025548724
113.088,0.036385510211820724
113.092,0.02363195865964419
113.096,0.021168749388870343
113.1,0.026978089702164035
113.104,0.02391189817907747
113.108,0.03944906977950655
113.112,0.0272484950955228
113.116,0.013632742692044328
113.12,0.03308043441807287
113.124,0.04702794407162446
113.128,0.022766096897707477
113.132,0.025960356469364385
113.136,0.021275940515289644
113.14,0.02399556686510164
113.144,0.04409978565226092
113.148,0.02598900289795158
113.152,0.03925906983107155
113.156,0.018220380284917598
113.16,0.03465004397900258
113.164,0.04104265802439703
113.168,0.026540319380689244
113.172,0.013241809667879717
113.176,0.02664809710906823
113.18,0.040478402015752514
113.184,0.05537732012763763
113.188,0.0434500693582807
113.192,0.03619267995249117
113.196,0.01996405465341431
113.2,0.02320587847727955
113.204,0.04185122655709055
113.208,0.04689463030392006
113.212,0.020241999940274067
113.216,0.022325283082085902
113.22,0.042207975446895786
113.224,0.0423723076620423
113.228,0.02005120608214885
113.232,0.0127496952516457
113.236,0.030879086009081975
113.24,0.024622242859717706
113.244,0.02592634092751018
113.248,0.03410977684831303
113.252,0.022651397646330666
113.256,0.01715698415830573
113.26,0.025254249703606846
113.264,0.03772970311677684
113.268,0.03753186504688992
113.272,0.010505578089446901
113.276,0.015482342165879914
113.28,0.024702804454565387
113.284,0.04672097446755544
113.288,0.04454339815955172
113.292,0.040890560842102165
113.296,0.024092421699843894
113.3,0.02937390969109223
113.304,0.058215076317071776
113.308,0.044044714272747025
113.312,0.01716434491151201
113.316,0.025760889394556584
113.32,0.03414432189866154
113.324,0.04478638415632828
113.328,0.0331119291950671
113.332,0.02132117666634769
113.336,0.02416844323689136
113.34,0.0199500955295426
113.344,0.02175439467772268
113.348,0.026384939770227548
113.352,0.025267595434961033
113.356,0.006675157134176123
113.36,0.026835394334160066
113.364,0.02523368186498722
113.368,0.04154025120397299
113.372,0.034975536478869036
113.376,0.03363360287091968
113.38,0.031452218403923315
113.384,0.029199128953351777
113.388,0.04752334092167429
113.392,0.03340526340732889
113.396,0.021989412446837008
113.4,0.04060308487949568
113.404,0.04338531353944614
113.408,0.018864233794557088
113.412,0.02395411087972349
113.416,0.01817715367383565
113.42,0.039612890751141674
113.424,0.037481043895114745
113.428,0.041209393370369406
113.432,0.02050152833194786
113.436,0.02306300061901106
113.44,0.030383184285709103
113.444,0.05471049669111938
113.448,0.03804317952213525
113.452,0.019334544421714957
113.456,0.026496241264092495
113.46,0.028102475878725424
113.464,0.03244658989036746
113.468,0.03751854898587124
113.472,0.014545449296305881
113.476,0.005224141470713919
113.48,0.027636785269996432
113.484,0.036720409869338916
113.488,0.05953256451391169
113.492,0.021745152042204147
113.496,0.023710863640777267
113.5,0.038889493169612745
113.504,0.058119542569300464
113.508,0.03950052007055389
113.512,0.02915498188449412
113.516,0.02268899370959111
113.52,0.02980179369386599
113.524,0.029911030759101426
113.528,0.02593621255493178
113.532,0.026750559260344878
113.536,0.034509356143512526
113.54,0.027604028538892763
113.544,0.03936975475581768
113.548,0.04052450802622979
113.552,0.024962276319863502
113.556,0.018982685503726966
113.56,0.02800807789567512
113.564,0.03884815760474088
113.568,0.057173617201732474
113.572,0.020477756826404032
113.576,0.01955691291890348
113.58,0.029087909623001493
113.584,0.04252977667669534
113.588,0.048426994533202955
113.592,0.016196972698707506
113.596,0.024816386120867576
113.6,0.03486010013362333
113.604,0.03770483255364951
113.608,0.029934173536268715
113.612,0.03191327829784113
113.616,0.02452178195912655
113.62,0.0400511056780597
113.624,0.0456201084441539
113.628,0.028331620946796466
113.632,0.009919823358824222
113.636,0.01654967476194554
113.64,0.028255133379234413
113.644,0.03933314007672779
113.648,0.026716634223578933
113.652,0.03339748827238422
113.656,0.014274491290233147
113.66,0.044740886146902005
113.664,0.04007518413763552
113.668,0.04505112205920668
113.672,0.03802476042622161
113.676,0.015409154878305947
113.68,0.017226590844359808
113.684,0.04714049971991252
113.688,0.024746534805580506
113.692,0.016252089678327194
113.696,0.02138811872770664
113.7,0.04095862193145063
113.704,0.0464663697420735
113.708,0.025783188705039668
113.712,0.02085493462718668
113.716,0.009427107087559793
113.72,0.025367814274061436
113.724,0.036848536321253816
113.728,0.014394893095335742
113.732,0.018424786085953195
113.736,0.02824773113352228
113.74,0.025820087572262312
113.744,0.04903989302676755
113.748,0.0574218650003729
113.752,0.02494468392430972
113.756,0.022864000017132416
113.76,0.033863358397670934
113.764,0.04815146118868417
113.768,0.05411610969465523
113.772,0.03166220771311488
113.776,0.022956732324759505
113.78,0.030990218924494998
113.784,0.037626153948008625
113.788,0.04641979105711578
113.792,0.020785536619093544
113.796,0.02071920311480227
113.8,0.013511537002923856
113.804,0.03399926082663987
113.808,0.04769674359768275
113.812,0.026497079725733133
113.816,0.032219936514324365
113.82,0.016135083900508978
113.824,0.03898302532688084
113.828,0.0383652003191385
113.832,0.01939701431230371
113.836,0.012975820040159399
113.84,0.031927357282055216
113.844,0.03427399384219207
113.848,0.027126124522618433
113.852,0.023907481507897916
113.856,0.014055881521839932
113.86,0.022790746280849997
113.864,0.04165539606539282
113.868,0.025874053747846754
113.872,0.028917745658463147
113.876,0.01585538557640457
113.88,0.019377826322370083
113.884,0.045887620627052476
113.888,0.04511056309039686
113.892,0.029013798693261747
113.896,0.015036274461384776
113.9,0.042298537685585016
113.904,0.034330678060550714
113.908,0.03453773564426216
113.912,0.0404715836047814
113.916,0.016703119542211892
113.92,0.0229858685744272
113.924,0.04646678431160008
113.928,0.028683443472833317
113.932,0.027014805950583563
113.936,0.029529180741564166
113.94,0.024044796943013796
113.944,0.04811915021484989
113.948,0.030919433433326062
113.952,0.019859350430039113
113.956,0.01979123560939563
113.96,0.016850473584610573
113.964,0.04100263529526314
113.968,0.03444542227881846
113.972,0.030034905555646772
113.976,0.03572271080786562
113.98,0.019050325702975046
113.984,0.035375324783214354
113.988,0.03538957181883352
113.992,0.024914618910625647
113.996,0.02618674561681001
114.0,0.026753118424124672
114.004,0.04109770453637326
114.008,0.02886444347795863
114.012,0.00989076372691297
114.016,0.00713301259526871
114.02,0.025420854423532632
114.024,0.04352919129252712
114.028,0.050736463638427244
114.032,0.008752205544708663
114.036,0.026067939304504816
114.04,0.02141212631594571
114.044,0.033635277298137076
114.048,0.029751190830169756
114.052,0.016611301049350484
114.056,0.019431782842820065
114.06,0.03247645118307257
114.064,0.0442547874539074
114.068,0.03562924661501148
114.072,0.0240560555059022
114.076,0.033484798045274114
114.08,0.03420471860902476
114.084,0.04610345047649781
114.088,0.035082242149109134
114.092,0.02830447874475312
114.096,0.021275241183602175
114.1,0.02805500424293897
114.104,0.035673941834110955
114.108,0.027449558711596073
114.112,0.013376872059645538
114.116,0.013178798963779412
114.12,0.019860837071940064
114.124,0.05743063703922111
114.128,0.029258703834992256
114.132,0.024601805497140018
114.136,0.003920464124572649
114.14,0.04359538793564241
114.144,0.053600937561512886
114.148,0.025448835208356734
114.152,0.035916978122443724
114.156,0.025088919991337732
114.16,0.035623324829615714
114.164,0.036562692449084215
114.168,0.021161702192112598
114.172,0.007684925528529597
114.176,0.03610309021305226
114.18,0.039499611728214
114.184,0.025789595747531438
114.188,0.03670255950775225
114.192,0.018386414269672764
114.196,0.018855957823988245
114.2,0.032207346389518846
114.204,0.03519377457562838
114.208,0.0344664072611757
114.212,0.023984057628538443
114.216,0.012433879616530377
114.22,0.04342735300770917
114.224,0.03877611846842549
114.228,0.027198568964185002
114.232,0.02947151973170727
114.236,0.022480100748872276
114.24,0.037089616457292376
114.244,0.03290134694060796
114.248,0.028704736055572447
114.252,0.03812843035448838
114.256,0.02198311687141266
114.26,0.02196691780779604
114.264,0.030434241767575206
114.268,0.028339460966467906
114.272,0.028290376084032388
114.276,0.0166054168049048
114.28,0.025341137077106755
114.284,0.05338922669995583
114.288,0.030141613398087356
114.292,0.029458818803070178
114.296,0.020149898937205188
114.3,0.02007587799648302
114.304,0.027018984700266924
114.308,0.03488267319102749
114.312,0.0411161461604502
114.316,0.028164264964183866
114.32,0.03451425877706883
114.324,0.0382197765274192
114.328,0.05216968501885741
114.332,0.02203541593844114
114.336,0.010640040622546336
114.34,0.023747656818187985
114.344,0.03500074777226753
114.348,0.03747964352518519
114.352,0.03946068731502962
114.356,0.023210418330769707
114.36,0.030125837605539343
114.364,0.03770495071140911
114.368,0.03171924898995075
114.372,0.029226053074902714
114.376,0.00939933596936331
114.38,0.027383853878616974
114.384,0.03060818267081271
114.388,0.04366683741732727
114.392,0.023725527673813553
114.396,0.023230206079676186
114.4,0.03304988761752162
114.404,0.034056648278441126
114.408,0.03575267602294035
114.412,0.03677773542501572
114.416,0.016123675259572905
114.42,0.029372666244937614
114.424,0.030402555354079007
114.428,0.04391288057103912
114.432,0.011337039759611006
114.436,0.017612598085878516
114.44,0.03155233532894557
114.444,0.033664158766129174
114.448,0.03808683227959949
114.452,0.02413270294472285
114.456,0.02160987916861546
114.46,0.04342991605091767
114.464,0.03196626976181603
114.468,0.030372213812902407
114.472,0.030162243447468613
114.476,0.03638680111662507
114.48,0.038232259741865365
114.484,0.045068391257446494
114.488,0.03353305399398904
114.492,0.022620294379591874
114.496,0.01481333034439575
114.5,0.030521468179402645
114.504,0.053245395333113045
114.508,0.03202940009406579
114.512,0.025610046722761116
114.516,0.037576840927563915
114.52,0.04370328442902851
114.524,0.04280975757125855
114.528,0.04048776332595602
114.532,0.02069361905958307
114.536,0.013992955959023057
114.54,0.01575405080933313
114.544,0.05162238412421766
114.548,0.03369824154945225
114.552,0.02199378754016373
114.556,0.02049443912039764
114.56,0.035691520209328725
114.564,0.039261440498118194
114.568,0.029043828088009052
114.572,0.022326147546372067
114.576,0.015974656918583914
114.58,0.032477143507275145
114.584,0.04226704220953009
114.588,0.03233961363650463
114.592,0.03080097654423001
114.596,0.024171012006526875
114.6,0.03144365753364711
114.604,0.03991422634755408
114.608,0.04127627937068014
114.612,0.0301730086763878
114.616,0.01678299176827801
114.62,0.026119051640424946
114.624,0.046933732318736876
114.628,0.042674454960218454
114.632,0.010392617087858264
114.636,0.019471084454606116
114.64,0.02869083817631819
114.644,0.04697163077237935
114.648,0.03199491614605052
114.652,0.034345120815370084
114.656,0.011321747883379064
114.66,0.040655400081749775
114.664,0.02755645839189198
114.668,0.033841252666194734
114.672,0.008519250145062062
114.676,0.012052124965012472
114.68,0.026458496604364414
114.684,0.04019090165247679
114.688,0.033420515152650467
114.692,0.015616368809960455
114.696,0.0322608633589533
114.7,0.02788928417076796
114.704,0.025858949453087678
114.708,0.043802510072817644
114.712,0.019172835076753776
114.716,0.02916592478509731
114.72,0.023597788319974156
114.724,0.02661734839026573
114.728,0.030598387123499937
114.732,0.026485419228695004
114.736,0.016132724075473216
114.74,0.022553364086504605
114.744,0.04464240450653301
114.748,0.030179453197726844
114.752,0.030844694376721254
114.756,0.015513290867228552
114.76,0.03270791493566555
114.764,0.03561665091330664
114.768,0.03935975081396458
114.772,0.013948557500693504
114.776,0.027217084739613664
114.78,0.016099262399541178
114.784,0.04093512845989774
114.788,0.037836536901814946
114.792,0.009067695126098884
114.796,0.006444329798206722
114.8,0.024940680199019065
114.804,0.025302784609800597
114.808,0.038308511865873106
114.812,0.02030633073743353
114.816,0.027523996525339024
114.82,0.032072497743782874
114.824,0.039182091569052634
114.828,0.024979277234484152
114.832,0.028185730839246
114.836,0.01723114391989306
114.84,0.03191048130782004
114.844,0.03317310929452493
114.848,0.040402067005204385
114.852,0.021089506149865617
114.856,0.02099989987157505
114.86,0.024434191768683625
114.864,0.035133481425049407
114.868,0.04302760753064661
114.872,0.027993611407274594
114.876,0.028779522246378506
114.88,0.037031008773966236
114.884,0.03695096957057988
114.888,0.048813874477729904
114.892,0.0078640634862327
114.896,0.015264052368216131
114.9,0.030620665506578274
114.904,0.03324502259612872
114.908,0.025928959579354517
114.912,0.024662789174327075
114.916,0.009960014838397098
114.92,0.04248826032577489
114.924,0.02550359756459649
114.928,0.02887376181811807
114.932,0.009683372130482286
114.936,0.020913907459748915
114.94,0.03653643144556859
114.944,0.04023844280572137
114.948,0.022748382668347278
114.952,0.0317177285247572
114.956,0.02434942182145305
114.96,0.015777744896731352
114.964,0.03573664056725728
114.968,0.03466491540091876
114.972,0.017532581824096415
114.976,0.0061085529058982745
114.98,0.04029647166519436
114.984,0.04304807909715081
114.988,0.03598865705954699
114.992,0.02408058694950692
114.996,0.01268707883114802
115.0,0.0493006335719428
115.004,0.033820182361641526
115.008,0.02760479159825978
115.012,0.040501711367109644
115.016,0.007501163538232504
115.02,0.028962288872446344
115.024,0.03552221309731342
115.028,0.03790702559801948
115.032,0.030466751837595576
115.036,0.012816269991253466
115.04,0.03228602512137876
115.044,0.037235229927183644
115.048,0.026983975635422822
115.052,0.020259022022595892
115.056,0.018663403499562258
115.06,0.012905598277213872
115.064,0.04087857680188834
115.068,0.03192445596054563
115.072,0.020606868999204137
115.076,0.017342285629503056
115.08,0.029573103846155274
115.084,0.03644044706978026
115.088,0.02586116451971939
115.092,0.0075818506662846865
115.096,0.014115213333705853
115.1,0.024611336500366628
115.104,0.041762456806647745
115.108,0.037424512735843414
115.112,0.02052942275017148
115.116,0.01781556189366272
115.12,0.027222455278661895
115.124,0.04348206896507259
115.128,0.048645453335514434
115.132,0.02129681977117894
115.136,0.023821256559281564
115.14,0.01200458518389419
115.144,0.0360770994542001
115.148,0.04010470466077174
115.152,0.027387985704534844
115.156,0.006596086736436548
115.16,0.01658232043707801
115.164,0.03665646962971258
115.168,0.033249824649993515
115.172,0.02147890686484123
115.176,0.020942965434855146
115.18,0.028730301988820338
115.184,0.05224696825873973
115.188,0.04652340623905336
115.192,0.017819928219072835
115.196,0.012960690699027177
115.2,0.022678842663394993
115.204,0.0493632692342406
115.208,0.026692849302215948
115.212,0.027911055005084864
115.216,0.020710620070930812
115.22,0.01963049623470883
115.224,0.046210457602628915
115.228,0.04267215635134034
115.232,0.015878200715424076
115.236,0.01756388816165795
115.24,0.029555831478078127
115.244,0.043420397439376236
115.248,0.04449134925698397
115.252,0.017068520111573778
115.256,0.02585351093236417
115.26,0.029230864691124018
115.264,0.03318446307669356
115.268,0.03153983461662833
115.272,0.038249990992559595
115.276,0.013643223814262306
115.28,0.022413135226811643
115.284,0.03171869228034228
115.288,0.03074353267403896
115.292,0.017887544599969024
115.296,0.028240096910556053
115.3,0.030724116571468153
115.304,0.033753326260528044
115.308,0.038648752835529106
115.312,0.02616396763254728
115.316,0.020462686037900916
115.32,0.02068641431052253
115.324,0.039620631024932566
115.328,0.017779773690676955
115.332,0.016700234899942306
115.336,0.02268290338023268
115.34,0.023529809103145092
115.344,0.03393557165382992
115.348,0.030811864037307155
115.352,0.011507594631259997
115.356,0.023677692253883317
115.36,0.027896827662823292
115.364,0.03334819070920385
115.368,0.04238508921663166
115.372,0.016954234166688294
115.376,0.023591992668619412
115.38,0.019507339814193825
115.384,0.03435962997137442
115.388,0.035000853132058696
115.392,0.03250140736585936
115.396,0.0144268472416239
115.4,0.040860142845247034
115.404,0.03802199192800978
115.408,0.027966922515526797
115.412,0.026021946737908752
115.416,0.019907760165342018
115.42,0.026683058334002824
115.424,0.040945197374766935
115.428,0.037727878041673865
115.432,0.0172580962191732
115.436,0.01616756573916789
115.44,0.02619941674926994
115.444,0.025074640085028223
115.448,0.039914830420514295
115.452,0.015222487541312599
115.456,0.008087334312411217
115.46,0.03294783273098048
115.464,0.028020921537778572
115.468,0.03923842976685454
115.472,0.03495737231526575
115.476,0.009620485918739617
115.48,0.027378920809549977
115.484,0.042858540683278996
115.488,0.04384615962916766
115.492,0.026198642003671106
115.496,0.023265489438744767
115.5,0.021477203376565814
115.504,0.042387035907291995
115.508,0.03102099707851484
115.512,0.026479183350956344
115.516,0.00934770560285846
115.52,0.024366443251881906
115.524,0.031343793140179266
115.528,0.03480199613162658
115.532,0.02058993878273719
115.536,0.024894025382357004
115.54,0.01697510774708986
115.544,0.056465117923736666
115.548,0.02970937451077602
115.552,0.021637360890000762
115.556,0.008903273693323931
115.56,0.025265968900339095
115.564,0.04692042721792586
115.568,0.033179760780159384
115.572,0.01901527208488771
115.576,0.02005604980884887
115.58,0.007180790886841891
115.584,0.042407643276597275
115.588,0.034698561040668194
115.592,0.013501054979943378
115.596,0.013883692622881633
115.6,0.028974563386981764
115.604,0.03693588828846864
115.608,0.04518414450716536
115.612,0.02492660419274203
115.616,0.007932937114116122
115.62,0.02149017500914016
115.624,0.04102139161730201
115.628,0.039264225700652425
115.632,0.021425447476313895
115.636,0.008030190934813676
115.64,0.025614181483239153
115.644,0.032447258222539924
115.648,0.03704755484600668
115.652,0.018311722014896736
115.656,0.014277807878875672
115.66,0.02654688349494021
115.664,0.023720637359558774
115.668,0.04468388353676007
115.672,0.024108996794233874
115.676,0.01294023903010628
115.68,0.03780189652915903
115.684,0.03221806956704672
115.688,0.053722241040990854
115.692,0.015002898012729141
115.696,0.023137462887848327
115.7,0.02092416763061811
115.704,0.0411296175322476
115.708,0.039001862459499735
115.712,0.03743842250582427
115.716,0.017164026316404346
115.72,0.04304956615794421
115.724,0.039931910601990896
115.728,0.028185315494284057
115.732,0.012159185820841039
115.736,0.01792990877518138
115.74,0.027476910246256554
115.744,0.03633453184135569
115.748,0.027377902718990307
115.752,0.03088388311449297
115.756,0.030667909023046724
115.76,0.029866498055153873
115.764,0.029912301083475385
115.768,0.023859414033721688
115.772,0.03545954919538603
115.776,0.015997358609835144
115.78,0.020276989804193284
115.784,0.03280257927251312
115.788,0.043836881749123154
115.792,0.03189063790580483
115.796,0.021789141823854278
115.8,0.01825912463424356
115.804,0.043304103226588044
115.808,0.03810895430482019
115.812,0.02444163040196646
115.816,0.012735094390219776
115.82,0.02051771879645889
115.824,0.03579800412876159
115.828,0.02453453736724412
115.832,0.02425330898471683
115.836,0.02612714408539285
115.84,0.024433277643395427
115.844,0.032221469411757894
115.848,0.02920779178018245
115.852,0.010226892995784085
115.856,0.026063691152900713
115.86,0.016018722641105564
115.864,0.028520118724954455
115.868,0.03069535129021096
115.872,0.027258867688760468
115.876,0.01989944360128936
115.88,0.04004875870780781
115.884,0.044579335713251796
115.888,0.037340302453798394
115.892,0.010009500613637453
115.896,0.025572356455305874
115.9,0.023462243186980553
115.904,0.03377009308667115
115.908,0.0468564933045996
115.912,0.021568510568148687
115.916,0.010907543472390771
115.92,0.03222373351111296
115.924,0.0506452279805133
115.928,0.026263750629410648
115.932,0.019675072476434446
115.936,0.0033100322986174407
115.94,0.013796859750390167
115.944,0.030319906149145856
115.948,0.025950058392084696
115.952,0.028602921286431507
115.956,0.01839833591088087
115.96,0.02761553572235851
115.964,0.028579943297012526
115.968,0.03247766183221027
115.972,0.015769302796487254
115.976,0.017022807133902636
115.98,0.032941901696930107
115.984,0.03934107599043958
115.988,0.03691482274897861
115.992,0.027301345712728405
115.996,0.01739028721078633
116.0,0.02009805095799515
116.004,0.019196468150071137
116.008,0.022032868694452895
116.012,0.02097268395180381
116.016,0.030366140465497057
116.02,0.016430306918369365
116.024,0.04690674495648673
116.028,0.036483862701392436
116.032,0.012973174726964048
116.036,0.011176432859535394
116.04,0.01948401504664577
116.044,0.03777059823628432
116.048,0.03435816734035168
116.052,0.015141997708555524
116.056,0.019039006661888642
116.06,0.022421620765750057
116.064,0.032706847540222315
116.068,0.03738879122301249
116.072,0.03287234730934368
116.076,0.025306264340287134
116.08,0.03679055058122121
116.084,0.04635085998562355
116.088,0.033809593344201846
116.092,0.02432950649376335
116.096,0.004741212964158428
116.1,0.029347912660301647
116.104,0.039717997674771514
116.108,0.035999811736937386
116.112,0.02499002090714485
116.116,0.018081371529233396
116.12,0.018901064794357655
116.124,0.0245601817398859
116.128,0.03882030996621848
116.132,0.01525283716713045
116.136,0.006395932483536038
116.14,0.028299604595881832
116.144,0.030175893391247637
116.148,0.026501134067424808
116.152,0.022722723699042897
116.156,-0.0016767589161200448
116.16,0.021618445415728542
116.164,0.03029209238341942
116.168,0.02639454380829514
116.172,0.0119624839860447
116.176,0.02614812362543454
116.18,0.02043775923625124
116.184,0.03062918393774169
116.188,0.037225005128072385
116.192,0.02322897026989209
116.196,0.02553106285023033
116.2,0.02005388600134588
116.204,0.025232942256093422
116.208,0.027956361253676332
116.212,0.02217484999566188
116.216,0.02249569487396917
116.22,0.028114738160500627
116.224,0.03589741894309086
116.228,0.0402730851459318
116.232,0.004791445404512536
116.236,0.026842116371521358
116.24,0.03919466075410159
116.244,0.03246162152043171
116.248,0.025131534241886234
116.252,0.017363815852676216
116.256,0.0173456345282154
116.26,0.015698148450466246
116.264,0.04175768254391989
116.268,0.04426611284091139
116.272,0.022890727542777968
116.276,0.005558148073972834
116.28,0.029929627341691856
116.284,0.04129190446511371
116.288,0.03962126408182974
116.292,0.01780378197637889
116.296,0.020787225684823954
116.3,0.02033653843138255
116.304,0.0341678599035294
116.308,0.04203339633641543
116.312,0.021155457703902224
116.316,0.007265840121060166
116.32,0.025131813250856592
116.324,0.022322340025735278
116.328,0.035483901758180496
116.332,0.005992157350297379
116.336,0.01263139074912964
116.34,0.026150068968978833
116.344,0.03519314451877847
116.348,0.04591102815654883
116.352,0.008194599873924017
116.356,0.020950699188125907
116.36,0.03986476956430839
116.364,0.03418373419247585
116.368,0.02070847442690809
116.372,0.025838452938313307
116.376,0.025031361018357907
116.38,0.018723374830449124
116.384,0.03007206241733059
116.388,0.0408822425297302
116.392,0.02633889396439548
116.396,0.009008186052413497
116.4,0.029119586606679997
116.404,0.026803089530727565
116.408,0.037671487754748295
116.412,0.028449376059575548
116.416,0.0297109466036498
116.42,0.025937218335301222
116.424,0.0338714078375726
116.428,0.03643765319066304
116.432,0.022486472238387584
116.436,0.008035865476831572
116.44,0.0264126441249652
116.444,0.03355993655725511
116.448,0.028667160689405995
116.452,0.022214164440985073
116.456,0.015410993869347774
116.46,0.02556010506004139
116.464,0.02799157473937088
116.468,0.0345146576398486
116.472,0.01494392379222291
116.476,0.010066146465119732
116.48,0.023237647314735727
116.484,0.048857840300692436
116.488,0.023418269759305516
116.492,0.012902317181070027
116.496,0.02213378333514686
116.5,0.04473701956570238
116.504,0.04436551104816362
116.508,0.026406910082309658
116.512,0.0286601311076319
116.516,0.015717930406951956
116.52,0.024132062787724905
116.524,0.021527862251549602
116.528,0.022184615650992195
116.532,0.0313385410175745
116.536,0.012120196852387466
116.54,0.014853320538776582
116.544,0.039640961835632024
116.548,0.0300644299078234
116.552,0.03213920615843177
116.556,0.02297683170090643
116.56,0.024257131033545175
116.564,0.050898158290037326
116.568,0.03396030522306938
116.572,0.02093802709822102
116.576,0.016570196107389655
116.58,0.029438369979034665
116.584,0.03003758557075621
116.588,0.04008594328475758
116.592,0.020799888224992073
116.596,0.02474065205972515
116.6,0.029537291893628453
116.604,0.027873749047172762
116.608,0.029668368628813713
116.612,0.01709565066120827
116.616,0.02237593819896727
116.62,0.030239410863922112
116.624,0.03368091904101586
116.628,0.035262851522441255
116.632,0.013664312574054364
116.636,0.005879813100780212
116.64,0.017037602990894962
116.644,0.026992310716810308
116.648,0.03280748764412021
116.652,0.019176391543295063
116.656,0.013525078906236492
116.66,0.038856916688292026
116.664,0.03314768900217761
116.668,0.033056893488512394
116.672,0.010848077851237582
116.676,0.010301977674940389
116.68,0.011362164816852306
116.684,0.024613291030883853
116.688,0.038964291263495036
116.692,0.025629481648081653
116.696,0.031239176910657286
116.7,0.03185597767842003
116.704,0.028379331852087242
116.708,0.035983027837315204
116.712,0.014886491454324483
116.716,0.02390763696972773
116.72,0.022267863953017806
116.724,0.038787159428746595
116.728,0.023390120923115654
116.732,0.018902615465899584
116.736,0.017143540102337495
116.74,0.02411889448839917
116.744,0.03148056282400403
116.748,0.04196764051107571
116.752,0.021352095966436776
116.756,0.008718947725860888
116.76,0.020050967205784215
116.764,0.033651175460165925
116.768,0.030643090785532158
116.772,0.019743227310588682
116.776,0.016248267520602752
116.78,0.024426856384992663
116.784,0.038505985581113386
116.788,0.015322038396352315
116.792,0.014995327458890026
116.796,0.008266429670111644
116.8,0.033942115287684954
116.804,0.03523628764003931
116.808,0.025882640867745783
116.812,0.027487639157364564
116.816,0.0019243707139679801
116.82,0.029966925459133112
116.824,0.019684503268821894
116.828,0.04045415203028151
116.832,0.019171705541234492
116.836,0.024857054062068604
116.84,0.026551925935354614
116.844,0.0328681501944745
116.848,0.035926762904756424
116.852,0.019352656737956057
116.856,0.01640062092813444
116.86,0.016420258115841833
116.864,0.0180226111655245
116.868,0.03218282625604806
116.872,0.016694496339220436
116.876,0.006848035547839465
116.88,0.01972813730859026
116.884,0.0435010472100283
116.888,0.030966309364598245
116.892,0.014659565446521125
116.896,0.0052523005618000905
116.9,0.01793707868720331
116.904,0.02835967172333748
116.908,0.04551603838450986
116.912,0.02343992103022646
116.916,0.01707369188680839
116.92,0.017077884778407375
116.924,0.03496345887959026
116.928,0.009559638745496327
116.932,0.016540797834370742
116.936,0.013453016345916943
116.94,0.02681277343979495
116.944,0.015614053246474809
116.948,0.027190985131017302
116.952,0.02981352643890048
116.956,-0.007908126874617803
116.96,0.029061854099260733
116.964,0.03467801661685608
116.968,0.02780395922574122
116.972,0.004990305112800545
116.976,0.01597123077627859
116.98,0.026440896462413134
116.984,0.029230248816875824
116.988,0.025253692319511058
116.992,0.020527794541070954
116.996,0.012632820190676904
117.0,0.02395697138372764
117.004,0.033698705584488294
117.008,0.03021047853731623
117.012,0.013070457297468828
117.016,0.01458737489737925
117.02,0.020277808294532806
117.024,0.03604859542748527
117.028,0.019958533494070008
117.032,0.025073299274297817
117.036,0.024886617460956037
117.04,0.027849581061368058
117.044,0.03601599943007576
117.048,0.028095780877776276
117.052,0.024288482044378702
117.056,0.01457670011174022
117.06,0.03784598573436666
117.064,0.03190458818794331
117.068,0.034425225567187696
117.072,0.024072423662983414
117.076,0.007270965112279412
117.08,0.029942402100336763
117.084,0.03634557698926406
117.088,0.021639438222524385
117.092,0.024313942599676567
117.096,0.0034096367223061756
117.1,0.029414457198237886
117.104,0.03402112268223723
117.108,0.045885462604661004
117.112,0.02032479305456562
117.116,-0.012097275718236624
117.12,0.02165935016280788
117.124,0.04639586049896578
117.128,0.02870633997013054
117.132,0.01297190293367283
117.136,0.00010782227210012763
117.14,0.02348116779349406
117.144,0.02321694728962092
117.148,0.034276273151095674
117.152,0.017342553767620617
117.156,0.008483985888009811
117.16,0.015164282298578248
117.164,0.04169174251152194
117.168,0.036054414567569665
117.172,0.0352514367989264
117.176,0.009886031526180786
117.18,0.032917218346626795
117.184,0.02406676725244463
117.188,0.028231011538237268
117.192,0.013306751355812309
117.196,0.023544926875512302
117.2,0.012935069497246031
117.204,0.01795761844130142
117.208,0.022180749662302213
117.212,0.020637652012506034
117.216,0.017006703904687677
117.22,0.03851901149444369
117.224,0.05382448656568041
117.228,0.03104354852011702
117.232,0.029372604040467307
117.236,0.010835660080942694
117.24,0.029030242278503558
117.244,0.04813942025117986
117.248,0.03805344342352858
117.252,0.011655999839862891
117.256,0.017635017357063073
117.26,0.019760341324111502
117.264,0.041073393980853135
117.268,0.014945310441774343
117.272,0.004933348528418894
117.276,0.02447885956135165
117.28,0.021004590558685338
117.284,0.033425378826924985
117.288,0.03046557829409025
117.292,0.025741251863717046
117.296,0.00750835063758303
117.3,0.0019481895493725088
117.304,0.028742539163529632
117.308,0.02088064875243607
117.312,0.018910675502861046
117.316,0.0032739201861719767
117.32,0.02435304926346016
117.324,0.04417710308843428
117.328,0.03808113978956387
117.332,0.022615191310772127
117.336,0.016049607453610247
117.34,0.03391285990009403
117.344,0.02893017567914624
117.348,0.035113920209220155
117.352,0.01906853071554274
117.356,0.021914744520197392
117.36,0.035149881898607016
117.364,0.03629181036397176
117.368,0.030129487736547392
117.372,0.00973336648840297
117.376,0.015593749525011448
117.38,0.028821651221174114
117.384,0.03161196589340274
117.388,0.034341530181952594
117.392,0.03479555314228428
117.396,0.01974642620316114
117.4,0.01701454604068746
117.404,0.022039694042957157
117.408,0.033375712939554415
117.412,0.02721846044346678
117.416,0.03388177982686021
117.42,0.03362660712976964
117.424,0.03186095377677964
117.428,0.03810599210869752
117.432,0.010179084442422128
117.436,0.023302079547343583
117.44,0.028469574457923467
117.444,0.041980931190874364
117.448,0.023589589845457143
117.452,0.02193083997685656
117.456,0.019431891379722753
117.46,0.034783994370971016
117.464,0.043957007565602745
117.468,0.029636148065838416
117.472,0.02965457515591534
117.476,0.02998948255258898
117.48,0.03384111021996458
117.484,0.04030858347874512
117.488,0.04210936389371736
117.492,0.022974077059204363
117.496,0.02400518101849219
117.5,0.05767879454434785
117.504,0.06818079735836702
117.508,0.06624662333671906
117.512,0.06302063990846077
117.516,0.06285201643734509
117.52,0.06758555485893075
117.524,0.07570674324846603
117.528,0.0661964253783866
117.532,0.05886575110238522
117.536,0.06213504370181341
117.54,0.051187056784580034
117.544,0.08367083205019937
117.548,0.08744599604540929
117.552,0.06581708511951341
117.556,0.06052565739057559
117.56,0.06110339512281113
117.564,0.06608090629923638
117.568,0.07542589677773577
117.572,0.06872692525418674
117.576,0.05779553313630722
117.58,0.07880780885830578
117.584,0.07365392813920141
117.588,0.07199054315230097
117.592,0.0644634524409079
117.596,0.06485369852876473
117.6,0.03714304925134672
117.604,0.04445226549588854
117.608,0.038749064225551605
117.612,0.011736777157472383
117.616,0.020689139066650306
117.62,0.009780875234562001
117.624,0.025479912524427963
117.628,0.039346598452612756
117.632,0.025455368545320864
117.636,0.009209768186387838
117.64,0.014374664343501863
117.644,0.04073503304386532
117.648,0.036544884367323054
117.652,0.009356695563330282
117.656,0.018144317384797166
117.66,0.03374030974714648
117.664,0.03356426226015593
117.668,0.035270716581649576
117.672,0.020154097124528123
117.676,0.014431508572203402
117.68,0.021552244598577165
117.684,0.03044545395266385
117.688,0.038663111803876285
117.692,0.012803186247389204
117.696,0.004873930331428715
117.7,0.02100348200920449
117.704,0.03878534133099238
117.708,0.03450265874908381
117.712,0.019593264764483573
117.716,0.005294141332633352
117.72,0.013370083466098566
117.724,0.024524785133866377
117.728,0.03835982281682746
117.732,0.006726284679459436
117.736,0.010088201743527814
117.74,0.029044970959357725
117.744,0.0422414081934369
117.748,0.011297373833816921
117.752,0.012021179431840522
117.756,0.023224595506723386
117.76,0.028760908137647048
117.764,0.027447170040012604
117.768,0.03923890771487519
117.772,0.012199240247263494
117.776,0.006493369050955836
117.78,0.027833233488962415
117.784,0.03339010275692836
117.788,0.025709521541983537
117.792,0.012810602852362532
117.796,0.01577366104531605
117.8,0.007061648787600367
117.804,0.026077826624916485
117.808,0.0346352853416596
117.812,0.017797498061014612
117.816,0.008031822658721405
117.82,0.022065144817838837
117.824,0.034047709348661796
117.828,0.021383657880555323
117.832,0.015190735072265179
117.836,0.014370153921234379
117.84,0.022718548988153314
117.844,0.017705234489177053
117.848,0.03411211428880533
117.852,0.017959983039168587
117.856,0.014860298554657016
117.86,0.01579593666942153
117.864,0.03856754624774047
117.868,0.02765229891164011
117.872,0.011544286380918777
117.876,0.012108257669017061
117.88,0.01641878095645373
117.884,0.030627245198591932
117.888,0.027314563277053863
117.892,0.024934824173180485
117.896,0.01627621480849134
117.9,0.014554518967651824
117.904,0.03376507254480454
117.908,0.026613618505716634
117.912,0.02140949202783165
117.916,0.02483665731138486
117.92,0.014929606912476854
117.924,0.039771218671304856
117.928,0.028142351150772293
117.932,0.03395792892613465
117.936,0.011213124769922679
117.94,0.018077501495312828
117.944,0.037556316861108406
117.948,0.029786754934535354
117.952,-0.0013810590059223499
117.956,0.017621339984126752
117.96,0.02063477236587618
117.964,0.0315592884995047
117.968,0.017939165596555354
117.972,0.023196152888839826
117.976,0.02869417809315186
117.98,0.027635195798401107
117.984,0.04288210312382655
117.988,0.032089080128910596
117.992,0.008237849463505946
117.996,0.014572692315391805
118.0,0.02318677490636418
118.004,0.029093903809439606
118.008,0.020820571868575923
118.012,0.01748939518205097
118.016,0.0038863319885624036
118.02,0.030034927468820045
118.024,0.03658865225247576
118.028,0.023915104591821324
118.032,0.016497640869916334
118.036,0.01910942797829277
118.04,0.01934932306617302
118.044,0.039538611612058475
118.048,0.026700602073054355
118.052,0.011570891495325107
118.056,0.002531320124520127
118.06,0.03229199366291649
118.064,0.03590565416221331
118.068,0.048449414606626606
118.072,0.013185705019211619
118.076,0.004947394711534948
118.08,0.003691642752215042
118.084,0.035414712518965705
118.088,0.019094402069263217
118.092,0.023444002191922234
118.096,0.01859076371963665
118.1,0.0036469166391574007
118.104,0.024209747233384028
118.108,0.0420356092421975
118.112,0.02065609440226789
118.116,0.01105777107585282
118.12,0.020858534133067028
118.124,0.04433111076850724
118.128,0.03236290820895146
118.132,0.026103084641052165
118.136,0.01822737909055333
118.14,0.030231536350308473
118.144,0.03190880925753239
118.148,0.03315383733158564
118.152,0.011803278509719767
118.156,0.012294615550910017
118.16,0.01918941308424882
118.164,0.033293395639082214
118.168,0.022074727371791968
118.172,0.014185161268631218
118.176,0.010044308286215192
118.18,0.02694369975999956
118.184,0.02892083221460829
118.188,0.03249687325882435
118.192,0.020883025835314595
118.196,0.011337017993760608
118.2,0.006981078567320529
118.204,0.02925730205583041
118.208,0.030047523996681928
118.212,0.01460195399671217
118.216,0.011986527807938421
118.22,0.01835155813207175
118.224,0.03843925983283691
118.228,0.03645061001156889
118.232,0.005047270322997276
118.236,0.03442693826408642
118.24,0.02788984652663444
118.244,0.03247145229983205
118.248,0.022258960368595468
118.252,0.01124245046415762
118.256,0.024208821209476716
118.26,0.032282752102355955
118.264,0.02814430199181988
118.268,0.03402412426174556
118.272,0.015740157096324054
118.276,0.01191444653283358
118.28,0.021559696087631478
118.284,0.023644196592781788
118.288,0.02681208170854489
118.292,-0.0007779253931211941
118.296,0.00423962491019512
118.3,0.02500885897392901
118.304,0.027851718600753757
118.308,0.0262640272256939
118.312,0.03149320360461711
118.316,0.01391655196446098
118.32,0.029271744213998176
118.324,0.020094168608163612
118.328,0.03898445916834599
118.332,0.022422583537598365
118.336,0.011189551173997076
118.34,0.01968565032190539
118.344,0.026325293073073214
118.348,0.0417001418629441
118.352,0.003439756236630242
118.356,0.017612906072055793
118.36,0.023575401310747847
118.364,0.02728091382991369
118.368,0.037892384730380965
118.372,0.019163037718615796
118.376,0.01051993769357001
118.38,0.006045872444805513
118.384,0.033154545028580326
118.388,0.02004708819612596
118.392,0.019705915578633708
118.396,0.0038222454999438157
118.4,0.020630535066221097
118.404,0.02653104319746307
118.408,0.02468367558812408
118.412,0.02686340330679156
118.416,-0.007670224350619849
118.42,0.030375411792826823
118.424,0.01741386516135638
118.428,0.025704189743187215
118.432,0.008007615254081685
118.436,0.008656534748377314
118.44,0.021800085625856738
118.444,0.027342192219487006
118.448,0.015571016026917156
118.452,0.012448294453654784
118.456,0.011768562646949116
118.46,0.02471877008716064
118.464,0.03630110535684202
118.468,0.025483901801525065
118.472,0.012073215610586843
118.476,0.00702518213845411
118.48,0.026776046454090697
118.484,0.02728357912379274
118.488,0.031021139478037307
118.492,0.023471031390399088
118.496,0.011081486665729811
118.5,0.02344270660207153
118.504,0.024090758288278873
118.508,0.023846744143728484
118.512,0.025658147985008914
118.516,0.003980406159238191
118.52,0.01793783672396701
118.524,0.03453793976883834
118.528,0.030889409486031555
118.532,0.012392326786960506
118.536,0.008080096144697766
118.54,0.013316209693721031
118.544,0.021115811352148225
118.548,0.03186800441766217
118.552,0.04243176009990236
118.556,0.016680214982674104
118.56,0.025183404250601487
118.564,0.042193863099593165
118.568,0.019915053448842042
118.572,0.025223811150857166
118.576,-0.004165763524218005
118.58,0.025187496324001416
118.584,0.03296819277210544
118.588,0.0247969005938624
118.592,-0.00044310376929302883
118.596,0.006831416396301544
118.6,0.01283434645155228
118.604,0.033960212878195756
118.608,0.04284793312005758
118.612,0.010863424715994685
118.616,0.014345741506017648
118.62,0.024536777271975587
118.624,0.019985880908042385
118.628,0.020756178039207464
118.632,0.008206547360436578
118.636,0.006231668067441813
118.64,0.013847774428897595
118.644,0.018965320668958015
118.648,0.03358351028560533
118.652,0.008413760968555329
118.656,0.017254741758673333
118.66,0.016365820397155815
118.664,0.022845278269024
118.668,0.016328315704099428
118.672,0.018271545376913126
118.676,0.007766229762656598
118.68,0.009795749824535583
118.684,0.03355674856120083
118.688,0.026005018132803353
118.692,0.016431494403132532
118.696,0.01704998396139863
118.7,0.007345650593534333
118.704,0.03217360431329301
118.708,0.021817750103038512
118.712,0.011120644677484623
118.716,0.027755104099754214
118.72,0.03665311139130587
118.724,0.030974879181565884
118.728,0.024753764885110174
118.732,0.008391194145979396
118.736,0.024650970168465885
118.74,0.014449994510448703
118.744,0.02583122929965639
118.748,0.027390696378528912
118.752,0.01932803491385723
118.756,0.008114331121798336
118.76,0.022917235145629607
118.764,0.0356331676989679
118.768,0.019579105504094176
118.772,0.01918415040889047
118.776,0.011679566550848753
118.78,0.018574939431794286
118.784,0.020008886457606484
118.788,0.026080603860913175
118.792,0.018481760909809873
118.796,0.02456628931325185
118.8,0.013744516177643731
118.804,0.038384519681333565
118.808,0.035385173920549164
118.812,0.01616524425254356
118.816,-0.0030428353546458273
118.82,0.0168545020801264
118.824,0.029704511586393725
118.828,0.014608116486657559
118.832,-0.0019189459740848527
118.836,0.008845896397763932
118.84,0.02481462841780669
118.844,0.03672619732912142
118.848,0.010039510291805297
118.852,0.012640728616079872
118.856,0.007871977973880756
118.86,0.028897678317913816
118.864,0.04237601985211782
118.868,0.032016961477644164
118.872,0.01251098407772949
118.876,0.01451452864080881
118.88,0.033010624743255994
118.884,0.027428868703293807
118.888,0.017108658331590566
118.892,0.0018919498467146988
118.896,0.005654184844986489
118.9,0.032554943765165885
118.904,0.03078017040820989
118.908,0.020833641902562903
118.912,0.029101073546581993
118.916,0.007734316597937541
118.92,0.011870620095015544
118.924,0.024832180625110608
118.928,0.02410354434943915
118.932,0.016151517937386554
118.936,0.0008884451814731055
118.94,0.02622053997002776
118.944,0.040130868266255934
118.948,0.03078620398652301
118.952,0.008657474876192305
118.956,-0.00294206932897431
118.96,0.022540286530779403
118.964,0.024466396332709195
118.968,0.029654688922474918
118.972,0.006336146825625437
118.976,0.003503846585138118
118.98,0.023027880149809946
118.984,0.035540744041934996
118.988,0.02344341055148889
118.992,0.022672976022054862
118.996,0.006792209204383607
119.0,0.009299226567072471
119.004,0.0310739307856319
119.008,0.031806064462625544
119.012,0.0258193672864531
119.016,0.02353574166054289
119.02,0.03575654498367284
119.024,0.020224391428005847
119.028,0.027278884898797588
119.032,0.01566284797330642
119.036,0.011292184939391358
119.04,0.010508644090286925
119.044,0.025618018938659767
119.048,0.01953593401045023
119.052,0.018374200265571572
119.056,0.01050823517229153
119.06,0.034024509886905516
119.064,0.027487702679250697
119.068,0.02106879054365339
119.072,0.0031596993836455305
119.076,0.01365532263862196
119.08,0.023465614046139404
119.084,0.0213891274590987
119.088,0.039839841497720664
119.092,0.0030066790443820397
119.096,0.017722132318916353
119.1,0.032790839317981664
119.104,0.02151807734275992
119.108,0.041709864608918006
119.112,0.025061382489182226
119.116,0.010253118218398876
119.12,0.02032750415053062
119.124,0.016363906819179028
119.128,0.011514571714172
119.132,0.013934522549154737
119.136,0.014068211943124322
119.14,0.03102737038412087
119.144,0.03577595560897491
119.148,0.03468070323262158
119.152,0.013586940812382526
119.156,0.00820263170963651
119.16,-0.00031370938314925073
119.164,0.028762316320983274
119.168,0.02485537990920566
119.172,0.00951775885731487
119.176,0.0036309355027857905
119.18,0.031551572948010066
119.184,0.014008216658988102
119.188,0.024223856189534473
119.192,0.011498888501341278
119.196,0.016353750811930357
119.2,0.03075486439280653
119.204,0.019834202218999532
119.208,0.03323538899769074
119.212,0.0047975991531087284
119.216,0.009700191843048054
119.22,0.01956175663761603
119.224,0.012828169708808686
119.228,0.025854941895373962
119.232,0.008672587499462894
119.236,0.0076129446105703295
119.24,0.017705260622672334
119.244,0.029749351600998678
119.248,0.026370962932582783
119.252,-0.0012777129410943572
119.256,0.009499445339177653
119.26,0.012073628337157761
119.264,0.04071096483038887
119.268,0.027325005873670906
119.272,0.009575329609369819
119.276,0.023839738950672325
119.28,0.006803725445732609
119.284,0.024617332254946833
119.288,0.027587714398453287
119.292,0.02591010757106101
119.296,0.011328115371959754
119.3,0.02182343345601769
119.304,0.024370906558928564
119.308,0.027190632401079537
119.312,0.019756766262576227
119.316,0.01072786586503392
119.32,0.026487391722099962
119.324,0.031745163902999085
119.328,0.009572851865897253
119.332,0.014538801461505326
119.336,0.021274546425712908
119.34,0.012658111059834087
119.344,0.021978548170652114
119.348,0.02838711606754357
119.352,0.012413488150602597
119.356,0.0024660645213947915
119.36,0.01952906586619675
119.364,0.048103408264656
119.368,0.02407025300362148
119.372,0.011740414705777009
119.376,0.006155960885522423
119.38,-0.004781504677393748
119.384,0.023004562818715227
119.388,0.023672427565491143
119.392,0.001434250961699952
119.396,0.01625815846922686
119.4,0.019957805692315686
119.404,0.03088791697057016
119.408,0.031081307514223888
119.412,0.02031096265600775
119.416,-0.0004452483651389682
119.42,0.0010210792582564868
119.424,0.02293636272585683
119.428,0.03774962746786245
119.432,0.0249497115047738
119.436,0.013347140992563919
119.44,0.014482596065051643
119.444,0.04259357354185534
119.448,0.03662211341155235
119.452,0.015591836047313323
119.456,0.003811603830404786
119.46,0.01842058314791718
119.464,0.03286251105264976
119.468,0.01989801876939842
119.472,0.010656348739936842
119.476,0.017941782769361946
119.48,0.019333368806970074
119.484,0.02931628570270705
119.488,0.03350821689039584
119.492,0.002632603055420764
119.496,-0.0031010001858770963
119.5,0.01907736489985408
119.504,0.03283493863522616
119.508,0.029533011320152482
119.512,0.002611607615485104
119.516,-0.004247490366012744
119.52,0.022961486088712388
119.524,0.024953726403278108
119.528,0.025586800132918537
119.532,0.028464898754304437
119.536,0.010299128576354137
119.54,0.025126389310690396
119.544,0.030292698788141986
119.548,0.02063517812931965
119.552,0.00379827205954587
119.556,0.013511121185882158
119.56,0.02146254968865536
119.564,0.037480294565878515
119.568,0.021648695526763614
119.572,0.016678671863868698
119.576,0.014825227093684192
119.58,0.013986850559773372
119.584,0.019962902057324775
119.588,0.02552335248098836
119.592,0.007539718799869596
119.596,-0.008927556233403676
119.6,0.0005723967145714222
119.604,0.02374357050496839
119.608,0.02376005510704909
119.612,0.02351304743169899
119.616,0.007399247492679624
119.62,0.03416475471913634
119.624,0.030244866535280038
119.628,0.013835414845482702
119.632,0.014364523997064962
119.636,0.013517989074898182
119.64,0.013577832665500944
119.644,0.030121801273124752
119.648,0.02057893240631241
119.652,0.0211660929327182
119.656,0.012739540766700728
119.66,0.015812295609200052
119.664,0.031561811547162415
119.668,0.020077934967252083
119.672,0.022677563818393642
119.676,0.00833628085852336
119.68,0.02252414174358286
119.684,0.018322968687327267
119.688,0.025150400501216363
119.692,0.013012000566435799
119.696,0.01604182506943435
119.7,0.01615778617013174
119.704,0.017204874819574043
119.708,0.035697415318086616
119.712,0.014618196528626778
119.716,0.011093405166738417
119.72,0.00728801575738465
119.724,0.013753547361425119
119.728,0.022975850311900657
119.732,0.006209495612157241
119.736,0.009717573904379316
119.74,0.01021641916933592
119.744,0.029931148291619566
119.748,0.027466437985427333
119.752,0.006775560941636707
119.756,-0.0035258377313662666
119.76,0.015299377610531118
119.764,0.03428282059967141
119.768,0.028141072175849415
119.772,0.02696169706570197
119.776,0.006812990711324138
119.78,0.013650113096528716
119.784,0.029837449738609436
119.788,0.033377360226898065
119.792,0.006522681825711864
119.796,-0.015086781245663108
119.8,0.02407222546774936
119.804,0.04776922266353997
119.808,0.025438872637991956
119.812,0.0060590295624009215
119.816,0.010854363357633881
119.82,0.018877601161759437
119.824,0.035302769701839994
119.828,0.02058669637171098
119.832,0.006933879932580319
119.836,0.012538029975065
119.84,0.02983001803722346
119.844,0.00950475527692548
119.848,0.023766004206972665
119.852,0.0072096139512452095
119.856,0.005293911123473138
119.86,0.017942448628874712
119.864,0.038986030578152385
119.868,0.033865681459740865
119.872,0.007791060491581422
119.876,0.0069161022131972024
119.88,0.017909788680623526
119.884,0.020735810031222088
119.888,0.02557700789453203
119.892,0.016952123114823282
119.896,0.00425784041578402
119.9,0.0040362039231848085
119.904,0.03973035247927795
119.908,0.02347155068202119
119.912,0.015750432386712105
119.916,0.016914635487007192
119.92,0.019971215928252527
119.924,0.03806322091943399
119.928,0.01644574501332957
119.932,0.005820242794915773
119.936,0.008073547702441545
119.94,0.016899759464571548
119.944,0.03252008932352646
119.948,0.035493080223488
119.952,0.01111659174438999
119.956,0.00748181193577076
119.96,0.025976611117769638
119.964,0.012364984208498953
119.968,0.01723681974215626
119.972,0.01484333945279247
119.976,0.0018588780958476115
119.98,0.01830219678680608
119.984,0.019298825035585776
119.988,0.0255887312211277
119.992,0.006079997827677305
119.996,0.01818319630877991
