timestamp_sec,voltage
0.0,-0.0011472063289982915
0.004,0.0002080304691995192
0.008,-0.00216445643754773
0.012,0.0021599536291599056
0.016,-0.016299757943257165
0.02,0.018338315380553798
0.024,-0.00017186019935194752
0.028,0.013965965741739797
0.032,-0.02377122825789616
0.036,-0.013857546335021682
0.04,0.0018386082226251482
0.044,0.02188293370070997
0.048,-0.00901067993733818
0.052,-0.006322467271027374
0.056,-0.012086342590942316
0.06,-0.003116790595929406
0.064,0.014771489666637166
0.068,0.017406992542589192
0.072,-0.009302098836047285
0.076,0.0018020829411385213
0.08,0.0053545382458019914
0.084,0.014590678726508467
0.088,0.005236827061547445
0.092,0.005258926490248894
0.096,-0.012716397807647939
0.1,0.020143430198227542
0.104,0.010553855217546655
0.108,0.00843648423445084
0.112,0.01130595155454775
0.116,-0.011744013890334318
0.12,0.01854634279696888
0.124,0.0033081066548467583
0.128,0.03232894338755551
0.132,0.0250209732572051
0.136,0.04869946498693001
0.14,0.08734315376793322
0.144,0.14329111884759987
0.148,0.1519112851184157
0.152,0.158655228109373
0.156,0.12401442386713625
0.16,0.0908739817700133
0.164,0.05720836523197714
0.168,0.03751479575268773
0.172,0.018699384988778187
0.176,0.006746045544796697
0.18,0.00861018266716807
0.184,0.026288010416605858
0.188,0.015646236874890567
0.192,0.008881641377609127
0.196,0.0045570733887684
0.2,0.0016527584585137502
0.204,0.013320103114571017
0.208,0.02244989765273002
0.212,0.0030127236363211877
0.216,0.005715693110272757
0.22,-0.003487089710751042
0.224,0.031849749448947064
0.228,0.017613802062547212
0.232,-0.00257615495145197
0.236,-0.005437587219803339
0.24,0.005782635259980365
0.244,0.015650782557989743
0.248,0.01478146075350654
0.252,0.017350833130775123
0.256,0.020713682926130017
0.26,0.026987014611621257
0.264,0.030785674633715933
0.268,0.009257180917535022
0.272,0.01097987726115422
0.276,-0.002439307073039718
0.28,0.010723489316557694
0.284,0.011731816209036544
0.288,0.0230113797356054
0.292,-0.010852302328264979
0.296,0.0042965344966745716
0.3,0.004803817658160236
0.304,0.005126554055216817
0.308,0.023387087711188203
0.312,0.0075578694955886075
0.316,-0.009485123125149906
0.32,0.024580657136485214
0.324,0.024895091582811658
0.328,0.014443788375525103
0.332,0.007586053315787145
0.336,-0.013158911131535516
0.34,0.015971455669045086
0.344,0.021865156875558466
0.348,0.02009873558640175
0.352,0.005321985337097537
0.356,-0.0007858718233730091
0.36,0.015264310062833924
0.364,0.0345029096527977
0.368,0.02198644801958306
0.372,0.010263491462041353
0.376,0.004540223578543511
0.38,0.022168938682813347
0.384,0.022930217749310353
0.388,0.008416670305303882
0.392,0.008585156407876247
0.396,-0.016464781812000513
0.4,0.019994972166475163
0.404,0.021197088199661655
0.408,0.05229512760309474
0.412,0.014668344878703651
0.416,0.012280829417114485
0.42,0.004162403662298751
0.424,0.020240297038839304
0.428,0.022034848769963877
0.432,0.03644499728274517
0.436,0.0046218844236979835
0.44,0.007886035800743516
0.444,0.021725602698125682
0.448,0.0034996777635183697
0.452,0.012035454341653977
0.456,0.011500857125624278
0.46,-0.003604191805612632
0.464,0.015191245625676378
0.468,0.026229823723913595
0.472,0.015184814153304336
0.476,-0.0012278733593770541
0.48,0.028975834208747858
0.484,0.023806169102454543
0.488,0.012401964677090526
0.492,0.03200528663820824
0.496,0.014250009706170325
0.5,0.00061107256696326
0.504,0.04324367472979729
0.508,0.01550510197846455
0.512,0.014499385797345943
0.516,-0.0016845085985256573
0.52,0.021998418175899072
0.524,0.04359263591397108
0.528,0.030442127431659957
0.532,0.014660679150089895
0.536,-0.0002610920116427797
0.54,0.021758069845648317
0.544,0.03574357987178763
0.548,0.01259474120273305
0.552,0.017584701955737775
0.556,0.011763681359287674
0.56,0.01947891809404222
0.564,0.03700078733552353
0.568,0.03011856077042585
0.572,0.02832765429270518
0.576,-0.01793577649425677
0.58,0.023116565743975245
0.584,0.02837189196020741
0.588,0.01446817978735373
0.592,0.005413134231685698
0.596,0.023286340069857088
0.6,0.01961639908259542
0.604,0.032933769615867844
0.608,0.028258668656210007
0.612,-0.0007357254677590602
0.616,0.004493586674294919
0.62,0.026334511356168273
0.624,0.032834023114496104
0.628,0.034968934545372726
0.632,0.010594126980080784
0.636,0.007842316497660064
0.64,0.024344949376737594
0.644,0.03991583825651771
0.648,0.019134787516523664
0.652,0.016215015314537805
0.656,0.012173743295526784
0.66,0.0029455984148841104
0.664,0.03154715979787276
0.668,0.02508084666798084
0.672,0.01188702535837121
0.676,0.008416723086689218
0.68,0.02139380124257531
0.684,0.03867170068407003
0.688,0.03262924028943844
0.692,0.021447681293947276
0.696,0.018131837076326682
0.7,0.020576853390330378
0.704,0.03584228300205697
0.708,0.032791391710996605
0.712,0.002722098288348334
0.716,0.013738001074479356
0.72,0.03741159354391423
0.724,0.020441007130934656
0.728,0.00704736757917682
0.732,0.020240024299960278
0.736,0.020312992556926337
0.74,0.011622428978270793
0.744,0.03014804687515395
0.748,0.029260491370652512
0.752,0.012127148398143897
0.756,0.012737052756303973
0.76,0.02844240509279143
0.764,0.019331806286796323
0.768,0.03062809055937483
0.772,0.0035292254896360266
0.776,0.0061088608212626185
0.78,0.020189257653510876
0.784,0.0476242015898146
0.788,0.029993223792186774
0.792,0.024539596695162487
0.796,0.017463724335138847
0.8,0.03758614277825188
0.804,0.028531643476827403
0.808,0.03132869100487296
0.812,0.0147663802229876
0.816,-0.005006080066525196
0.82,0.030684394283885585
0.824,0.039203548322559505
0.828,0.0220684233881814
0.832,0.009673902634715126
0.836,-0.010850536793937013
0.84,0.01804284780495002
0.844,0.026945197177834848
0.848,0.038072263306866444
0.852,0.029976681605775667
0.856,0.0014486765719100916
0.86,0.017543843973972
0.864,0.02859181890144831
0.868,0.032987394823825525
0.872,0.003722697862894326
0.876,0.024644708444426712
0.88,0.019753011420680016
0.884,0.018217499837463222
0.888,0.010157262199530814
0.892,0.018377085576810115
0.896,0.012804516598235066
0.9,0.008520399659515964
0.904,0.026699440488641417
0.908,0.019733440264066995
0.912,0.01559144854638584
0.916,0.02493489151694803
0.92,0.007323223803663004
0.924,0.028004551809008207
0.928,0.03248347237980634
0.932,0.01816213774030257
0.936,0.015085988637601959
0.94,0.02912373491395072
0.944,0.035397881034958174
0.948,0.0217241987112817
0.952,0.014830371210289893
0.956,0.01930169847608563
0.96,0.026293930953530945
0.964,0.04824630031033559
0.968,0.01285958218438222
0.972,0.007201240395547319
0.976,0.024298535742040522
0.98,0.02418470860950301
0.984,0.024852023411827167
0.988,0.03933191926565506
0.992,0.014689874116456373
0.996,0.0037626360684579136
1.0,0.05662152534917072
1.004,0.032422782952598664
1.008,0.01411365024127866
1.012,-0.007368755361663357
1.016,0.007626043356557194
1.02,0.016450271889132437
1.024,0.04327096386243468
1.028,0.039716348419419
1.032,-0.0026127988913195073
1.036,0.00017301506068997073
1.04,0.01832880733214487
1.044,0.033304097575311824
1.048,0.039588908267309666
1.052,0.003947682507803613
1.056,-0.0059752526059730325
1.06,0.026616398364864933
1.064,0.0392704994275805
1.068,0.019548244846818615
1.072,0.014430715039490652
1.076,0.007440607531308678
1.08,0.027624514837713658
1.084,0.017379675811317552
1.088,0.027571276090071716
1.092,0.012766375378517027
1.096,0.027757396245830283
1.1,-0.014291311323217395
1.104,0.032374730734554324
1.108,0.025690069396828157
1.112,0.006533887359888352
1.116,-0.007822289899886405
1.12,0.013644017025787509
1.124,0.02245935960917577
1.128,0.027526980831238123
1.132,0.013580644184959157
1.136,0.018866602299905905
1.14,0.03840109933211264
1.144,0.03592057379192802
1.148,0.01275217787759286
1.152,0.010994799106498105
1.156,-0.009718701309836836
1.16,0.02357138589501412
1.164,0.026744370261551676
1.168,0.025604212437374273
1.172,0.000952475298703178
1.176,0.010919222513383151
1.18,0.02590371317971061
1.184,0.009993637474517654
1.188,0.017349603081196537
1.192,0.015139953097616949
1.196,0.022658266730474025
1.2,0.023266725814427
1.204,0.027603979999711162
1.208,0.005990364656001725
1.212,0.0016451028140728107
1.216,0.0011654059065540597
1.22,0.016276012580652897
1.224,0.02742832652688896
1.228,0.015039248172362248
1.232,-0.012279887806091176
1.236,-0.0006450350479580719
1.24,0.0030925764496349747
1.244,0.016733569040609582
1.248,0.0305175882710291
1.252,0.012862835101677728
1.256,0.005390196892711759
1.26,0.022489548667312453
1.264,0.025792376341992274
1.268,0.018779816847311132
1.272,0.006223036777353768
1.276,-0.021777118758667315
1.28,0.01217651216740952
1.284,0.016126286241791687
1.288,-0.0005683230712748358
1.292,0.001113146891882832
1.296,-0.0003617010232384991
1.3,-0.00770399335648584
1.304,0.027333207291892446
1.308,-0.0027226287121716597
1.312,-0.006114001895641438
1.316,0.004497391243919042
1.32,0.009803179741676712
1.324,0.030801096965870144
1.328,0.015627336430847443
1.332,0.003167951547668532
1.336,0.005999109923854783
1.34,0.010346088024994845
1.344,0.014444144056805523
1.348,0.01419451973424594
1.352,0.0006401434230065449
1.356,0.008050561495312768
1.36,0.037105348618114736
1.364,0.019764998101793448
1.368,0.021379158065114322
1.372,-0.010794689110246981
1.376,-0.003934162085670925
1.38,0.00948888025560652
1.384,0.025733743250582086
1.388,0.030074344644518452
1.392,0.020992394119980967
1.396,-0.012940189688056236
1.4,0.019276293874021244
1.404,0.020603025382187952
1.408,0.03464762878000348
1.412,0.019537845263995518
1.416,-0.004898719004759325
1.42,0.007466040314958938
1.424,0.023532662926168835
1.428,0.037853504313722044
1.432,0.03274773891209178
1.436,0.05049581562120053
1.44,0.07961878068056454
1.444,0.13774309441876825
1.448,0.15784856466670544
1.452,0.1421537532645386
1.456,0.12220088334660593
1.46,0.08733877056719398
1.464,0.0818085129854307
1.468,0.050632749779129384
1.472,0.030330685355376353
1.476,0.0031799493557998952
1.48,0.015293500846427405
1.484,0.0049031830367174106
1.488,0.012526011777553268
1.492,0.012743509196268845
1.496,-0.010416374184569085
1.5,0.03255820814628662
1.504,0.014337256235459464
1.508,0.015307750296921947
1.512,0.017340324921141608
1.516,0.006697008433951035
1.52,0.011152352416816284
1.524,0.0028869216118458645
1.528,0.01755022121928853
1.532,0.01945489568088027
1.536,0.00652074261489525
1.54,-0.005517097970354493
1.544,0.016407279298177653
1.548,0.01820545865262497
1.552,-0.007990459958436554
1.556,-0.0028435735451188215
1.56,0.0025237078528686763
1.564,0.01128111330613097
1.568,-0.008113841745274629
1.572,0.0017247236298837789
1.576,-0.007363837788755712
1.58,0.012975300842872066
1.584,0.01974576721439529
1.588,0.003860528226752178
1.592,0.0007032945691509084
1.596,-0.010243421000701879
1.6,0.014619184289421935
1.604,0.006144873221760148
1.608,0.011099182088702237
1.612,-0.02607222486550095
1.616,-0.023690955273619318
1.62,0.0019581961063653047
1.624,0.022783430753227057
1.628,0.02778265286668244
1.632,-0.010226989558933296
1.636,-0.016125640518537532
1.64,-0.011626435815716119
1.644,0.010057546593730435
1.648,0.01607692619174241
1.652,-0.018573868647993846
1.656,0.005406325952361164
1.66,-0.005846860924319268
1.664,0.03482970439415807
1.668,0.0012079306712349793
1.672,-0.013960940096720798
1.676,-0.0317415850172192
1.68,0.004024236020868061
1.684,0.028575468042507955
1.688,0.011485822761340869
1.692,0.0030224566661744877
1.696,-0.00757618606947112
1.7,0.015806290304032137
1.704,-0.002120085534640692
1.708,0.00428546882264093
1.712,-0.021267679917069602
1.716,-0.033895947908495844
1.72,0.030204991986975484
1.724,0.02309916181464219
1.728,-0.003032387451900961
1.732,-0.021315720010906668
1.736,-0.025754623193341975
1.74,0.01672801916862695
1.744,-0.005695106312814727
1.748,-0.02547564921535904
1.752,-0.0059245250353034936
1.756,-0.008484343351630539
1.76,-0.014144960697993102
1.764,-0.020021074771111133
1.768,0.020467236173394243
1.772,0.0047972736418004005
1.776,-0.02419978621130301
1.78,-0.003868516776292517
1.784,0.014697051698302363
1.788,0.012467697750635203
1.792,0.0013060433118016954
1.796,-0.011782725038379032
1.8,0.013207690312084821
1.804,-0.026858743552984017
1.808,-0.00487084049112448
1.812,0.0006707750231935063
1.816,-0.013970976597876737
1.82,-0.010200068209660879
1.824,0.005914902828865414
1.828,-0.007249886125040093
1.832,-0.016036267994265566
1.836,-0.0112473812519607
1.84,-0.01946743414716685
1.844,0.009936574486878954
1.848,0.01901020150732746
1.852,-0.010736286306864299
1.856,0.00338382046822306
1.86,-0.01744447492845857
1.864,0.005179665473813931
1.868,-0.0033252233046881675
1.872,-0.01578353684095937
1.876,-0.0327916298468969
1.88,-0.012196493308173254
1.884,0.009650559461098603
1.888,-0.017726353913432576
1.892,-0.029076290024969406
1.896,0.008452168339274327
1.9,0.002696429637955248
1.904,-0.01282452509713502
1.908,-0.010311814139251255
1.912,-0.033695343193636915
1.916,-0.018937672948415894
1.92,-0.02848887498840172
1.924,-0.00908889657501129
1.928,0.0072224473078220525
1.932,-0.024954172350097753
1.936,-0.028559658075924726
1.94,-0.01902637583426287
1.944,-0.013086291251608794
1.948,-0.002675091500866704
1.952,-0.008795152870936395
1.956,-0.02313524601492546
1.96,-0.015519206506972878
1.964,0.006813946221463163
1.968,-0.008404851494865112
1.972,-0.017416885390541252
1.976,-0.012381777460483833
1.98,-0.013384222962751068
1.984,-0.013202690196001178
1.988,-0.016421945212747657
1.992,-0.01079670438456758
1.996,-0.03960432751207861
2.0,-0.006204827384493429
2.004,-0.004561976917771074
2.008,-0.006629631064423562
2.012,-0.017786167481117145
2.016,-0.033078997254751705
2.02,0.004031129775240212
2.024,-0.015286362224436106
2.028,-0.02077421395433854
2.032,-0.018244350151499673
2.036,-0.009177680866227379
2.04,-0.01186433945915482
2.044,-0.002019400490060534
2.048,-0.01648703506625518
2.052,0.008565515462085633
2.056,-0.03906646701573247
2.06,-0.008540256071219252
2.064,0.00037352405980635786
2.068,-0.00861652303086198
2.072,-0.03365619951064061
2.076,-0.009204339148818757
2.08,-0.012327590300858261
2.084,0.0018369082036242658
2.088,-0.015010308398063518
2.092,-0.02311230585879043
2.096,-0.014599115677725772
2.1,-0.017545980951402505
2.104,-0.017632590207343965
2.108,-0.0005301597745332749
2.112,-0.02037762427051062
2.116,-0.03127181504685962
2.12,-0.025570555486088112
2.124,0.0032721063663799614
2.128,-0.015241237750344102
2.132,-0.03648119865122062
2.136,-0.024852875748530085
2.14,-0.017138046394253172
2.144,0.0109626911242306
2.148,-0.010966007926957712
2.152,-0.02250332256115375
2.156,-0.024836030057875165
2.16,-0.03053560853360575
2.164,0.008848461987570498
2.168,-0.009156426031964544
2.172,-0.014766884844659059
2.176,-0.035439546362045264
2.18,-0.0236299167060385
2.184,-0.006382406164468249
2.188,-0.010095212844395594
2.192,-0.030778644160515817
2.196,-0.025187854087637875
2.2,-0.014398431019605546
2.204,-0.013974718450374072
2.208,0.0014922086906036507
2.212,-0.01764356922432111
2.216,-0.04271385644135825
2.22,-0.031059658226962734
2.224,-0.011937010771048674
2.228,-0.023723134659937483
2.232,-0.010416582449888231
2.236,-0.016727761781228277
2.24,-0.009516325076399934
2.244,-0.0018830923085389568
2.248,-0.01260095386847558
2.252,-0.03920819870318548
2.256,-0.01990100381121003
2.26,-0.031303868746738586
2.264,-0.016614329225315826
2.268,-0.0004349421215705928
2.272,-0.039128993575668444
2.276,-0.03705890750470638
2.28,-0.004913586004234319
2.284,0.0003840736207750342
2.288,-0.011745370033866337
2.292,-0.01285329599596879
2.296,-0.03045007437481746
2.3,-0.012013699356485694
2.304,-0.01806409769996615
2.308,-0.0070910225063614525
2.312,-0.012400920167625838
2.316,-0.01985844992819783
2.32,-0.00985117136989431
2.324,0.00479030979724134
2.328,0.007129812585163032
2.332,-0.020621513701500456
2.336,-0.03566820610972058
2.34,-0.029938064938095768
2.344,-0.00799069556499639
2.348,-0.010881162434268175
2.352,-0.031232381565004345
2.356,-0.020115291711282016
2.36,-0.028678134213923276
2.364,-0.014680911139627984
2.368,-0.022907967696228815
2.372,-0.025726126611098698
2.376,-0.02614570154500487
2.38,-0.014616748093937234
2.384,-0.009603181492845824
2.388,-0.03307639487085995
2.392,-0.028969177732509597
2.396,-0.034693592404397997
2.4,-0.03219849405606586
2.404,-0.006540299255449665
2.408,-0.013296308318882398
2.412,-0.033926885415537206
2.416,-0.02139916044483118
2.42,-0.01005526127887652
2.424,-0.008909196643676379
2.428,0.004860253986162856
2.432,-0.022853196017356994
2.436,-0.011839669161662843
2.44,-0.02843483754683076
2.444,0.00825211274650194
2.448,-0.013996736956089283
2.452,-0.008517132513226486
2.456,-0.01946264285225823
2.46,-0.022796978437152424
2.464,-0.00800212775828437
2.468,-0.01819953343964742
2.472,-0.006325943347414209
2.476,-0.04395013558115922
2.48,-0.024552981626781267
2.484,-0.031957705191891235
2.488,-0.008161741515027642
2.492,-0.010404346278683044
2.496,-0.03895564051396253
2.5,-0.005418167298960646
2.504,-0.004345472093469867
2.508,-0.013756193271810706
2.512,-0.024565939944646908
2.516,-0.02808743490594719
2.52,-0.017901111244280527
2.524,-0.01405183474417048
2.528,-0.006701195385369141
2.532,-0.01572490639906272
2.536,-0.037108363600413724
2.54,-0.017834015785967643
2.544,-0.013753033060089345
2.548,0.0022039585332936096
2.552,-0.03188169896514563
2.556,-0.026800293219566194
2.56,-0.007256290916346131
2.564,-0.0186005429773343
2.568,-0.02316147022830061
2.572,-0.023173848691489012
2.576,-0.007057025430451794
2.58,-0.015346010001654841
2.584,-0.0022898982555567306
2.588,0.007676320281853532
2.592,-0.01611498108274118
2.596,-0.03899817148858522
2.6,-0.02501973052933726
2.604,-0.017348327666596997
2.608,-0.007464566519823194
2.612,-0.026962051702253256
2.616,-0.03636229722678876
2.62,-0.011093365566213705
2.624,-0.021626435538400365
2.628,0.00225572578517216
2.632,-0.02579237453195176
2.636,-0.032261134836316915
2.64,-0.021068519481653305
2.644,-0.010102488482159087
2.648,-0.014052824594439775
2.652,-0.010884900668304744
2.656,-0.01519887933922158
2.66,-0.005313305111567334
2.664,-0.0026980630643431433
2.668,-0.012626548959854739
2.672,-0.031404201722833126
2.676,-0.04280638055436454
2.68,-0.03146758932140889
2.684,-0.022434123189700415
2.688,-0.0030441821259382974
2.692,-0.03180229962604261
2.696,-0.037254805262578364
2.7,-0.03175390690056128
2.704,-0.014455186712249237
2.708,-0.000777319988009598
2.712,-0.026046841114036816
2.716,-0.038117430579751116
2.72,-0.015563623812372685
2.724,0.011835370401512552
2.728,0.0007960919897199134
2.732,-0.00475478172594496
2.736,0.025970498865821662
2.74,0.08137197058600057
2.744,0.13690142354099863
2.748,0.1378697423150309
2.752,0.12903753301491067
2.756,0.09387933970518675
2.76,0.09249286625882562
2.764,0.04703622213810361
2.768,0.01123102471780625
2.772,-0.008470595571690871
2.776,-0.025131827314075504
2.78,-0.00506574549942428
2.784,-0.0161004929631267
2.788,-0.01946171938466616
2.792,-0.030737028474581343
2.796,-0.008713033368551185
2.8,-0.028017966467508107
2.804,-0.008756902354724061
2.808,-0.00500935681708184
2.812,-0.032831120851846786
2.816,-0.015291300938419823
2.82,-0.03650871586903788
2.824,-0.0037845552768641794
2.828,-0.015892748509863896
2.832,-0.02644646593838497
2.836,-0.01859517233929434
2.84,-0.01720411890586187
2.844,-0.026750289051310272
2.848,0.005286496998510004
2.852,-0.032346514769721356
2.856,-0.020126865822468056
2.86,-0.009849064692622565
2.864,0.0036451412888581277
2.868,-0.024047616378535218
2.872,-0.031875910649384095
2.876,-0.04550003100762784
2.88,-0.024717362985115243
2.884,0.012449758617367112
2.888,-0.004896797947694888
2.892,-0.009986309754775324
2.896,-0.021964895323365926
2.9,-0.012466914503571597
2.904,-0.0014369708364484462
2.908,-0.0061162190056552376
2.912,-0.024811807666784952
2.916,-0.02229836169852682
2.92,-0.01894839214505289
2.924,-0.009902734892440595
2.928,-0.01298054833820819
2.932,-0.00759515047827534
2.936,-0.004391406416188053
2.94,-0.022585659906269033
2.944,0.0046845487931670895
2.948,-0.012837386346377353
2.952,-0.008095014415275536
2.956,-0.01839907157356245
2.96,-0.015324411557412331
2.964,0.002496185563145602
2.968,-0.0029924949214399595
2.972,-0.028867001854032417
2.976,-0.01108999874283264
2.98,0.006170918375437852
2.984,0.010416452894546614
2.988,0.008971558170367905
2.992,-0.025378469654803455
2.996,-0.00039596283473153013
3.0,-0.01472020097247899
3.004,0.003659092642188197
3.008,-0.008838961361454454
3.012,-0.007481924843277929
3.016,-0.020063385440136427
3.02,-0.010279265903343196
3.024,-0.005367475849738553
3.028,-0.0039027983880570165
3.032,-0.024861310678528523
3.036,0.002680951195147399
3.04,-0.016245324571612943
3.044,0.014926368838986528
3.048,0.010509522460239071
3.052,-0.009977437296708563
3.056,-0.03033014206403229
3.06,-0.0011976455326160717
3.064,0.002474085943113396
3.068,-0.019092458515952614
3.072,0.000726570183451786
3.076,-0.02718261238221379
3.08,-0.02021714809906265
3.084,-0.004147021099948674
3.088,0.008540197783615295
3.092,-0.004196725077116787
3.096,-0.0347109544988511
3.1,-0.001252302120064555
3.104,0.0031874633013894258
3.108,0.000879486827697533
3.112,-0.02315609451635427
3.116,-0.02250066318503363
3.12,0.0003134380445874007
3.124,0.005610516498461198
3.128,-0.006943105241397147
3.132,-0.017265556803267704
3.136,-0.01627434130877532
3.14,-0.005615248656656135
3.144,0.003026296847989304
3.148,0.012198190941100235
3.152,-0.023449790495255307
3.156,-0.008067532987885328
3.16,-0.02819859301684001
3.164,-0.0012594423135886728
3.168,0.009127690794760742
3.172,-0.0019284973006463545
3.176,-0.02200245829895838
3.18,-0.0020691835464005117
3.184,0.001231386809830304
3.188,0.002293167337294971
3.192,-0.01217512451624045
3.196,-0.021332364329320286
3.2,-0.012878860677094733
3.204,0.008892568989242873
3.208,-0.0005827159430952925
3.212,-0.0016394452613147873
3.216,-0.018265225167601002
3.22,-0.0013934087239800752
3.224,0.003531477660971729
3.228,0.012680576165862514
3.232,0.0040684493047347895
3.236,-0.004117334924974422
3.24,0.019495818297558597
3.244,-0.0013289043129546983
3.248,-0.01176178321514714
3.252,0.010864165043352586
3.256,-0.01304177211349631
3.26,0.01060693791283869
3.264,0.0012940133161728588
3.268,0.008419281167973915
3.272,-0.020043601651868123
3.276,-0.0013958437885703643
3.28,-0.00898624384458822
3.284,0.01773034348542122
3.288,-0.0009336470094546932
3.292,-0.020197007464464678
3.296,-0.01312437877218305
3.3,-0.005240109297813688
3.304,0.006784427969563524
3.308,-0.002730957862961447
3.312,-0.005469577354766917
3.316,-0.015247565024594541
3.32,-0.0016204837120781443
3.324,0.0025502747414881677
3.328,0.005691813481790315
3.332,-0.0223165214110042
3.336,0.0019054580573309617
3.34,-0.009295922013971426
3.344,0.03700560852181846
3.348,0.030499303108748363
3.352,-0.007062961592002911
3.356,-0.010004083286760427
3.36,0.01908066745378087
3.364,0.015877852165805437
3.368,-0.0036681440943210726
3.372,-0.0018030033658467067
3.376,0.0001357567935831184
3.38,-0.005290356763859544
3.384,0.0017827190234313024
3.388,0.0037174687172210836
3.392,-0.012471186497053588
3.396,-0.02022603171203774
3.4,0.013549033595499103
3.404,0.0021968879765579367
3.408,0.015337941560506357
3.412,-0.007809688164747499
3.416,-0.0018315129732087718
3.42,-0.004104140047959318
3.424,0.006022735737057625
3.428,0.010388875614241943
3.432,0.00047574146033616373
3.436,-0.003696272354107073
3.44,0.010947266459136597
3.444,0.022555457427595488
3.448,0.02025239799648102
3.452,3.648538526831047e-05
3.456,-0.0020535737973215056
3.46,0.014755020669131296
3.464,0.012602523413409936
3.468,0.000822157049985792
3.472,-0.00951232753500127
3.476,-0.0051467550343485755
3.48,0.01460176647802905
3.484,0.02778320070328979
3.488,0.019008116465759915
3.492,0.0006173445890336986
3.496,-0.013406397623651018
3.5,-0.004243935402696416
3.504,0.02118587848271125
3.508,0.008024145080096183
3.512,-0.005491774811175208
3.516,-0.02032758565525264
3.52,0.021727732382910044
3.524,0.00934101998975799
3.528,0.02372196493836385
3.532,0.014043826817960233
3.536,-0.012891950121742608
3.54,0.01796206282472723
3.544,0.008201287155377218
3.548,0.022056907782755333
3.552,-0.00604465988386192
3.556,0.0036046293854092564
3.56,0.00491532321333596
3.564,-4.593295398069852e-05
3.568,-0.014413804602792894
3.572,0.00975660085418128
3.576,0.003459478374800088
3.58,0.01346830616467307
3.584,0.01393253319172797
3.588,0.00947771085242799
3.592,0.009166276930460179
3.596,-0.0038228196527666054
3.6,0.006165680198406723
3.604,0.025378223164541514
3.608,0.01245945689075156
3.612,0.02017992424795126
3.616,-0.02595300415844863
3.62,0.010972686290085994
3.624,0.026529705984780546
3.628,0.02614998061679704
3.632,-0.012480503302746495
3.636,-0.001615008252700468
3.64,0.008698347455622897
3.644,0.009751797575795404
3.648,0.013042702191040832
3.652,0.006242672916703229
3.656,0.018042449460458028
3.66,-0.0018778309952034201
3.664,0.03566426314493216
3.668,0.022719965576920603
3.672,0.0029998723922882767
3.676,0.00981312052457169
3.68,0.006712651095696091
3.684,0.03475463611264216
3.688,0.04874021496817353
3.692,-0.0027435915148181587
3.696,-0.015208319142194027
3.7,0.005475785292865336
3.704,0.011425628977846039
3.708,0.02490442413669741
3.712,0.03103347229118416
3.716,-0.0010674279421724704
3.72,0.013235796574974064
3.724,0.031754844457820605
3.728,0.021291915735949882
3.732,0.006480422541804217
3.736,0.005072539684883192
3.74,0.004075029373460557
3.744,0.022317154003729862
3.748,0.002371883692805308
3.752,0.014818493850998067
3.756,-0.006643926297901524
3.76,0.017738733502379613
3.764,0.020574604859262893
3.768,0.0077754506620278906
3.772,0.017436636259465427
3.776,0.01688555023274281
3.78,-0.00556575589170822
3.784,0.024176265441782106
3.788,0.02775749345536921
3.792,0.021280108955949034
3.796,-0.004860969763990423
3.8,0.005381655682847441
3.804,0.015994690266793732
3.808,0.01234204584749784
3.812,0.029958150188025157
3.816,-0.002444243343789114
3.82,-0.007198666579677656
3.824,0.01971912525906786
3.828,0.02174289249848436
3.832,0.003623320085415634
3.836,0.005585660037875331
3.84,0.005161755689237532
3.844,0.012652997978622831
3.848,0.03416424194376151
3.852,0.019439758723657725
3.856,0.019466492050903655
3.86,0.014713744862346239
3.864,0.023957732642777754
3.868,0.01729768300288245
3.872,0.021028528445605134
3.876,-0.019619197082307735
3.88,0.03535331123086131
3.884,0.027892931762145377
3.888,0.029576219967457518
3.892,0.003579966349269976
3.896,0.014274191950461241
3.9,0.012625057039350986
3.904,0.025219103171683913
3.908,0.0219957125847818
3.912,0.009334020958798844
3.916,0.004341044905206344
3.92,0.013174750638259054
3.924,0.020208967170091595
3.928,0.013694596388348499
3.932,0.02670552275224903
3.936,0.01691999726394912
3.94,0.004562984957716291
3.944,0.01781738846845583
3.948,0.034698872562333435
3.952,0.027127242392777872
3.956,-0.014556304429430636
3.96,0.03915201656419959
3.964,0.0349527253310572
3.968,0.03340168083250549
3.972,0.006994703207237353
3.976,0.023491236214870384
3.98,0.02647100907321163
3.984,0.028928011486830444
3.988,0.04602531737330051
3.992,0.010012009245342226
3.996,0.0072130130911784995
4.0,0.021461736980564153
4.004,0.0342091632484732
4.008,0.03964538865192551
4.012,0.01752443225964294
4.016,0.01671528509836024
4.02,0.01672607977181317
4.024,0.03871632472147337
4.028,0.05800923303281787
4.032,0.04584077666093174
4.036,0.04876151548268165
4.04,0.11185381054336715
4.044,0.14900909797494252
4.048,0.1948123571176336
4.052,0.15710223540426
4.056,0.12895360558407534
4.06,0.12404196988980841
4.064,0.10751951760451983
4.068,0.04445713005935319
4.072,0.017217845638555794
4.076,0.0060210773872409196
4.08,0.033767158774847664
4.084,0.027566380656091703
4.088,0.0439599874305445
4.092,0.008783574186391304
4.096,0.0054176505847216274
4.1,0.036681157769676745
4.104,0.034740394387657844
4.108,0.01720743442977013
4.112,0.0009336467045827045
4.116,0.01106196386100316
4.12,0.013693645627470077
4.124,0.030628839163028866
4.128,0.011308635894722176
4.132,0.02660536264315653
4.136,-0.015941265614352856
4.14,0.016472405167188994
4.144,0.02899877165038453
4.148,0.023593049760379486
4.152,0.010610293929011874
4.156,-0.004336575606165115
4.16,0.018109849393035095
4.164,0.0407755949832707
4.168,0.0294869278685852
4.172,0.01169807246943863
4.176,0.005573365211846413
4.18,0.016454727413883097
4.184,0.03888890591831767
4.188,0.014135965859530836
4.192,0.012498329991063026
4.196,0.004786238347131825
4.2,0.018096564567771627
4.204,0.04251125131403421
4.208,0.033735566777158325
4.212,0.016815960215047224
4.216,0.011671375086140339
4.22,0.025359967299195842
4.224,0.01057425423761714
4.228,0.031063248848854443
4.232,0.021252437217298945
4.236,0.0023449822131841273
4.24,0.01766426437649806
4.244,0.00617970337359312
4.248,0.010004768363734404
4.252,0.03485340766791814
4.256,0.004251546867674722
4.26,0.0270654173377348
4.264,0.06022800321187441
4.268,0.009847999249855657
4.272,0.03191259500082612
4.276,-0.0005539221231651344
4.28,0.01378794281558681
4.284,0.0393294097596559
4.288,0.02541486436397354
4.292,0.033938044903610194
4.296,0.009111221964424187
4.3,0.007981299304906847
4.304,0.02718896339157107
4.308,0.005970770660104485
4.312,0.005958167915574108
4.316,0.03137119216307521
4.32,0.009404454958828218
4.324,0.01978828275252225
4.328,0.03325682891450738
4.332,0.00413098180196516
4.336,0.014307908168541699
4.34,0.01727639581337509
4.344,0.02933600616699994
4.348,0.034453091756171374
4.352,0.02925970742215829
4.356,-0.001992703209102626
4.36,0.013889373020058953
4.364,0.01887343142985926
4.368,0.018104900990538773
4.372,0.017020277892191116
4.376,0.009188276321110326
4.38,0.013348071249223135
4.384,0.03742980290734601
4.388,0.015853982174231687
4.392,-0.015159101042506272
4.396,-0.0008497241710249091
4.4,0.013824162972559957
4.404,0.02915353196885019
4.408,0.018653596846147556
4.412,0.006034565242113535
4.416,0.005106687024276907
4.42,0.015297682230803184
4.424,0.03341219548018693
4.428,0.01738932851621651
4.432,0.02235001589390458
4.436,0.0025498622953832586
4.44,0.004664411407426225
4.444,0.028462183144772116
4.448,0.03279244360398489
4.452,0.020323910211854757
4.456,0.01129134188275236
4.46,0.012653398413918993
4.464,0.03259041222524822
4.468,0.029408236608620877
4.472,0.0006082634295078698
4.476,-0.003407838943096963
4.48,0.018138962112490536
4.484,0.011500176210542905
4.488,0.02746918102115371
4.492,0.003977907669917153
4.496,0.0021498212935350805
4.5,0.018499234788985856
4.504,0.024054973452619654
4.508,0.030809097804891224
4.512,0.012680607805651696
4.516,0.0008614325392907489
4.52,0.037323387651677226
4.524,0.0187140835447476
4.528,0.009209725008118017
4.532,0.02796338708060731
4.536,0.0141249638764561
4.54,0.01843126701913482
4.544,0.013396361596569078
4.548,0.022107891138909423
4.552,0.025898021221541417
4.556,0.005998174395358499
4.56,0.023972964908932092
4.564,0.04001209666481277
4.568,0.026130690359414517
4.572,0.004568009156906289
4.576,0.012579936472498915
4.58,0.004722814196600259
4.584,0.03873562568650982
4.588,0.01319386174966319
4.592,0.00937594629651652
4.596,0.012312009961691954
4.6,0.00839803910893964
4.604,0.0034688435821276405
4.608,0.028360094817355932
4.612,0.027251307592663414
4.616,0.018003010482074713
4.62,0.013171126111491996
4.624,0.02747279117328071
4.628,0.03669947292726338
4.632,-0.02261892805915307
4.636,0.004795937411927701
4.64,0.012087091332402876
4.644,0.02708663820419857
4.648,0.01622255973764329
4.652,0.013319102024110296
4.656,-0.007161189781260768
4.66,0.019342695875303934
4.664,0.025317669149746987
4.668,0.01868381871525135
4.672,0.005666851197063495
4.676,0.011438912374745444
4.68,0.009329257492630062
4.684,0.02252081985320073
4.688,0.017882178569375067
4.692,-0.0018789122704580682
4.696,0.012961678911775956
4.7,-0.00018430379847152872
4.704,0.029956649695340884
4.708,0.015160905759235326
4.712,0.013595296200904612
4.716,0.0051869481781179
4.72,-0.0020559577645003057
4.724,0.026417101183026676
4.728,0.013482396817986013
4.732,-0.024651977140251403
4.736,0.0018884942279451644
4.74,0.00794483722885753
4.744,0.02852846937410678
4.748,0.005440573548897012
4.752,-0.006749014441779636
4.756,0.002880544677189179
4.76,-0.003771481601198763
4.764,0.033161116548587256
4.768,0.011561350194636057
4.772,-0.009171768590052653
4.776,-0.019774721846627548
4.78,-0.005615420216364455
4.784,0.023523167759875452
4.788,0.032666537880596584
4.792,0.009136856313205332
4.796,-0.018026220827329232
4.8,0.0227835531445907
4.804,0.028503953731604848
4.808,0.007216651529059042
4.812,0.004755792173355863
4.816,0.015954964235092045
4.82,0.024536211257220213
4.824,0.005132227441116247
4.828,0.015493587600639689
4.832,0.024124462214016096
4.836,0.0005248581986741383
4.84,0.00478330142968859
4.844,0.012801573389027869
4.848,0.015798624036029774
4.852,-0.021443821877900938
4.856,-0.006220459246644376
4.86,0.006377967767200546
4.864,0.02559200287761695
4.868,0.022262315655433504
4.872,-0.007317749387261148
4.876,-0.02274567332283072
4.88,0.006256021983080351
4.884,0.01916771660423389
4.888,-0.005794698225296425
4.892,-0.0011783571658867784
4.896,0.0016919361499824273
4.9,-0.002872695943472889
4.904,-0.0029071643785590854
4.908,0.00389549769181324
4.912,0.0027290150931268495
4.916,-0.018212684829219665
4.92,-0.011963396029052224
4.924,0.002401820213590833
4.928,0.02019745668317765
4.932,0.011641232343549518
4.936,-0.022421311407277416
4.94,-0.006167920289659787
4.944,0.011766510921956389
4.948,-0.0006506647309328269
4.952,-0.01143437955532127
4.956,-0.012436150601443062
4.96,-0.002987343833273196
4.964,0.001973419215745939
4.968,0.005969706128323005
4.972,-0.0072081603342832815
4.976,-0.006257221111297333
4.98,0.0050283772589715114
4.984,0.03312060370260005
4.988,-0.003410499871039599
4.992,-0.023701605910290368
4.996,-0.02834058007248999
5.0,-0.03585290159410163
5.004,0.014143926720636229
5.008,0.013570297416834083
5.012,0.002005521694831971
5.016,-0.012309170934046595
5.02,0.012522698126285326
5.024,-0.0023085038743528505
5.028,0.011072290396214438
5.032,-0.002440908429902096
5.036,-0.007374810813352216
5.04,-0.007038979615232624
5.044,-0.0054900970446415225
5.048,-0.007677885001275128
5.052,-0.01728989448668084
5.056,-0.015222549373642768
5.06,0.017115403945217676
5.064,-0.0003529568182816887
5.068,0.003050464306504604
5.072,-0.008231854112326981
5.076,-0.015350175499999277
5.08,0.009111907712403012
5.084,0.025260143685732345
5.088,0.004278115939819867
5.092,-0.013225093584536992
5.096,0.015207640696887965
5.1,-0.005531310806375549
5.104,0.015057892059047484
5.108,-0.013292502129246934
5.112,-0.012389534948375244
5.116,-0.01617951053329898
5.12,-0.011922510137979804
5.124,0.006792807336548379
5.128,0.0022957819675159296
5.132,-0.011501941824920545
5.136,-0.026316052621432207
5.14,-0.006527980859155507
5.144,-0.00039695986854443137
5.148,-0.005084763434037271
5.152,-0.00746944237829863
5.156,-0.01750135884116864
5.16,-0.0077753155651473504
5.164,0.006301259048380255
5.168,-0.005529226743684837
5.172,-0.018495804925552597
5.176,-0.013035540405191977
5.18,0.005661934444185159
5.184,-0.01007881799179798
5.188,-0.0022339252343782172
5.192,-0.0033226285665250207
5.196,-0.020032483758250366
5.2,0.006198936773177659
5.204,0.022020367599272415
5.208,0.0020819484382966773
5.212,-0.025016226323121747
5.216,-0.025525888817809324
5.22,-0.003526001097377591
5.224,-0.0018111644662798126
5.228,0.010349852030271799
5.232,-0.0031038937171321505
5.236,-0.016081289867005476
5.24,0.005540950876830715
5.244,0.0015152617921676513
5.248,-0.009246957305923459
5.252,-0.015345574464290296
5.256,-0.021446142439360612
5.26,-0.0327376058915669
5.264,0.01946412754075534
5.268,-0.0029514030019436397
5.272,-0.027012282714576875
5.276,-0.022398412138467008
5.28,0.001940641957503193
5.284,0.006159832117965378
5.288,-0.004414053824705912
5.292,0.009083948900210498
5.296,-0.018935396255611157
5.3,-0.008233784729049273
5.304,-0.0021572392607313085
5.308,0.007553377311358847
5.312,-0.013395214062175885
5.316,-0.023543799037919186
5.32,-0.001129458939583338
5.324,0.008235409043598773
5.328,0.01940573504913877
5.332,0.01547268032476572
5.336,0.04830158958860907
5.34,0.06345438509366733
5.344,0.1073398467477322
5.348,0.1602816261366551
5.352,0.12877885681686252
5.356,0.10292829780297945
5.36,0.09779122042164108
5.364,0.0343835091206193
5.368,0.021840931751809622
5.372,-0.0062961807002712665
5.376,-0.012744462152052782
5.38,-0.03297121323638462
5.384,0.01253606765740545
5.388,-0.007955901385079473
5.392,-0.013777577560699968
5.396,-0.01762464708396907
5.4,-0.00767934080000133
5.404,-0.013646767787841982
5.408,-0.016140596175913527
5.412,-0.019531465705924903
5.416,-0.03996592083831361
5.42,-0.011234122570775313
5.424,-0.006345161199594212
5.428,-0.010440416046564371
5.432,-0.033210871641807534
5.436,-0.007879414418738517
5.44,-0.00843440094609707
5.444,0.00681727375206225
5.448,-0.003840583306581551
5.452,-0.004175762481979831
5.456,-0.012636191294050133
5.46,-0.014139644586811941
5.464,-0.000723572283619983
5.468,-0.010544162946810083
5.472,-0.0022979898237888777
5.476,-0.03716168960164509
5.48,-0.022359075781408045
5.484,0.01341082957511933
5.488,-0.00517223109831776
5.492,-0.01853799705930389
5.496,-0.02400351285599391
5.5,-0.00770351812643701
5.504,-0.007741730048000957
5.508,-0.022458798468670847
5.512,-0.018117571060403504
5.516,-0.046565540633478564
5.52,-0.02186330202895746
5.524,-0.010573680477344338
5.528,-0.006452440201743783
5.532,-0.022966088343867354
5.536,-0.016659277056423012
5.54,0.0019814258569757284
5.544,-0.007716817228197363
5.548,-0.0034779855269141003
5.552,-0.044565403415478655
5.556,-0.02869394634758947
5.56,-0.019783462505950138
5.564,-0.01729617890836014
5.568,-0.020984008454636334
5.572,-0.02440115520464277
5.576,-0.01876915084236761
5.58,-0.019843906499498142
5.584,-0.013825747084288928
5.588,-0.0075476672441237855
5.592,-0.013865713198458517
5.596,-0.03143519797839853
5.6,-0.020705920592913738
5.604,0.014859726562413732
5.608,0.008015105270401774
5.612,-0.012921695845956248
5.616,-0.03007037865470183
5.62,-0.005986107633473729
5.624,-0.015422489394832326
5.628,-0.023734441133179247
5.632,-0.026589417719156985
5.636,-0.024361625831336692
5.64,0.009077079624140571
5.644,-0.010669719640096964
5.648,-0.02532884948400598
5.652,-0.016577583116742484
5.656,-0.03832405826812188
5.66,-0.025259765704750203
5.664,-0.0023174639582692735
5.668,-0.020933002435550265
5.672,-0.012784923251580779
5.676,-0.022608782867554057
5.68,-0.04450512844870944
5.684,0.006685701977568537
5.688,0.008894968110892354
5.692,-0.020124432165247785
5.696,-0.01716385208163463
5.7,-0.033179116933677685
5.704,-0.01688228799010593
5.708,-0.014967129672762864
5.712,-0.03791087087859716
5.716,-0.028888488326838817
5.72,-0.02242362435413563
5.724,-0.018508571985067508
5.728,-0.015272360610307284
5.732,-0.04222303376230882
5.736,-0.022281941973652446
5.74,-0.01746256304215156
5.744,-0.03228912069672192
5.748,-0.00936318017073249
5.752,-0.016839332347628404
5.756,-0.0040734763312152145
5.76,-0.03207199496203777
5.764,-0.0011282462031944416
5.768,-0.010324929596834603
5.772,-0.02014816849394062
5.776,-0.04251837547599665
5.78,-0.03304874582571751
5.784,-0.0223723121529133
5.788,-0.022800336610207972
5.792,-0.025970939777363585
5.796,-0.014737597724331291
5.8,0.0034933600505870875
5.804,-0.019812811298024362
5.808,0.002535688357333629
5.812,-0.029323853911869
5.816,-0.05058062248098007
5.82,-0.028060538468140207
5.824,-0.015621200617245415
5.828,-0.026404686827181258
5.832,-0.012838591337135087
5.836,-0.02508124147297492
5.84,-0.022418273496557145
5.844,-0.006492188644747075
5.848,-0.0015815505091031426
5.852,-0.0495549089656782
5.856,-0.04123989891306431
5.86,-0.020443639467712913
5.864,-0.01040108308478341
5.868,-0.011915008296530015
5.872,-0.025077692661262415
5.876,-0.020677117621558196
5.88,-0.010586165699701479
5.884,-0.019918411778172915
5.888,-0.011573744110834915
5.892,-0.02937961531426922
5.896,-0.031199680906650425
5.9,-0.03475442568297772
5.904,-0.004065286808573319
5.908,-0.0087277103418206
5.912,-0.017937918946263877
5.916,-0.035460451368629464
5.92,-0.00619578570308732
5.924,-0.01559801763465122
5.928,0.00848726630900078
5.932,-0.01633224690575189
5.936,-0.025354742967374687
5.94,-0.026327240228328455
5.944,-0.013220146767743739
5.948,-0.006251679763448432
5.952,-0.021468081673413353
5.956,-0.012858250921716247
5.96,-0.01807919167349585
5.964,-0.009615079814256116
5.968,-0.010423294313415835
5.972,-0.03886223395816376
5.976,-0.009714980924473506
5.98,0.0064294062469806915
5.984,-0.01385867050001275
5.988,-0.01158584098791136
5.992,-0.03280100942449472
5.996,-0.02766536612639318
6.0,-0.005250780041235364
6.004,-0.030789679438169952
6.008,-0.01609003824836264
6.012,-0.013065159790758932
6.016,-0.029188322648520847
6.02,-0.026086548410472903
6.024,-0.025949379657402065
6.028,-0.005955873052453535
6.032,-0.02638226737617024
6.036,-0.03933739643530741
6.04,-0.018937136746940503
6.044,0.004166709107281041
6.048,-0.027613703852926497
6.052,-0.035111572113758066
6.056,-0.028738005848971775
6.06,-0.01960830274491066
6.064,-0.0065847374983791325
6.068,-0.008818222437801476
6.072,-0.02161495710211191
6.076,-0.027389559544091155
6.08,-0.01022925725614977
6.084,-0.010372101602410876
6.088,-0.005556141013247573
6.092,-0.0006155086969276587
6.096,-0.038096979397239245
6.1,-0.014814581811120785
6.104,-0.009591315846692844
6.108,-0.013642072512690926
6.112,-0.009193616499218535
6.116,-0.021048392952330804
6.12,-0.021240529455374607
6.124,-0.02812436661074521
6.128,-0.0023353150364142337
6.132,-0.015134339025439418
6.136,-0.0360945220078422
6.14,3.538451112016297e-05
6.144,-0.005133279490943918
6.148,-0.0009590530744926409
6.152,-0.019034834627612247
6.156,-0.015979131705431613
6.16,-0.010761756657663425
6.164,0.0173591474832671
6.168,-0.01438981261919148
6.172,-0.025522434130680637
6.176,-0.025056542111248917
6.18,-0.02220582027364594
6.184,-0.01603669186436953
6.188,-0.01292701782058124
6.192,-0.006671613262988613
6.196,-0.019580995127514655
6.2,-0.0018716936080316604
6.204,-0.00935796995578266
6.208,-0.012089419607034451
6.212,-0.01962607477458324
6.216,-0.03444995461811216
6.22,-0.007443020720913399
6.224,-0.012393973330215507
6.228,-0.017661873748012986
6.232,-0.02286516739388654
6.236,-0.030979875163929624
6.24,-0.03544195848231217
6.244,-0.01254656724509026
6.248,-0.007715532458691334
6.252,-0.03146346135644825
6.256,-0.02960217373610346
6.26,-0.006920958294217304
6.264,0.0020662574733187724
6.268,-0.015344672053437813
6.272,-0.013258683127535871
6.276,-0.02631048037350421
6.28,-0.012391187460462597
6.284,0.00016871965377391294
6.288,-0.007793319744921972
6.292,-0.011952220226810278
6.296,-0.022238502030170137
6.3,-0.007449658846664163
6.304,0.011727671343300274
6.308,0.00408152968830548
6.312,-0.01594600991792136
6.316,-0.025214085654596406
6.32,-0.004510366429141825
6.324,-0.002745474757549728
6.328,-0.006811833143312453
6.332,-0.02557574480563207
6.336,-0.018196323484626298
6.34,-0.012361087502185397
6.344,-0.010566990844493496
6.348,-0.006173914238241202
6.352,-0.028600436677564317
6.356,-0.011537150671997974
6.36,-0.028578602716812396
6.364,-0.017866750414614177
6.368,-0.01360549871385826
6.372,-0.013719439931922687
6.376,-0.025753916083958647
6.38,-0.01422054654138007
6.384,0.007985694561367317
6.388,0.012486330569764274
6.392,-0.018457421023571115
6.396,-0.0022189256026832367
6.4,-0.001651703745246676
6.404,0.0098615273601628
6.408,-0.0007845517421329897
6.412,-0.004607236535817164
6.416,-0.019869822253914354
6.42,-0.011959556851857508
6.424,0.013014137266384283
6.428,0.0029347184356627656
6.432,-0.03077576694779912
6.436,-0.008535413445153992
6.44,-0.0010556272114900815
6.444,0.015445876813397385
6.448,0.005528449641544912
6.452,-0.020565232820203283
6.456,-0.012094816358174627
6.46,-0.01484456527800666
6.464,-0.025054072077945022
6.468,0.013132723699915132
6.472,-0.025685520563324096
6.476,-0.014191098301145833
6.48,-0.01583337339005653
6.484,0.003656774767809274
6.488,0.020046137486382235
6.492,-0.00928737616781758
6.496,-0.02276881878503686
6.5,-0.007026284838911582
6.504,0.009069050364497247
6.508,0.0037902342221151873
6.512,0.004057969853463855
6.516,-0.01008709543522543
6.52,-0.0034031681797975434
6.524,0.02170525697512091
6.528,-0.03387280194769309
6.532,-0.010990385016763686
6.536,-0.016807435086670364
6.54,-0.004335873402253651
6.544,0.0032907538623166855
6.548,-0.026772422543917013
6.552,-0.013465091428915625
6.556,-0.013453124660008047
6.56,-0.003951625202405494
6.564,0.005796754418190047
6.568,-0.00950503905115047
6.572,-0.024959057696309118
6.576,-0.017318740307592128
6.58,0.009781528227484152
6.584,0.009178185539336711
6.588,0.016329945441519955
6.592,-0.016733105122464655
6.596,-0.011260762410280647
6.6,-0.0017618182513431792
6.604,0.016877855539768057
6.608,0.011058102739749043
6.612,-0.01985430992513291
6.616,0.006503411186626498
6.62,0.014250834804806016
6.624,0.012220448341355947
6.628,0.009251440077176348
6.632,0.024460451736943126
6.636,0.059918084232960585
6.64,0.10332796872932805
6.644,0.13468730104239132
6.648,0.15224862390386815
6.652,0.1362693650085925
6.656,0.1054571344557973
6.66,0.08895540561085549
6.664,0.07019294721989018
6.668,0.032591531117999145
6.672,-0.006218592210510841
6.676,0.010762960923744257
6.68,-0.003591506167860227
6.684,-0.011999924046294134
6.688,0.018734281974084884
6.692,0.0018217164935492572
6.696,0.008151169851676146
6.7,-0.017592510173511787
6.704,0.0073637546579386395
6.708,0.017861164315522798
6.712,-0.029045028748639096
6.716,-0.010379982291573431
6.72,-0.0028136314178897758
6.724,0.012825969990204992
6.728,0.02782942334608609
6.732,0.007425440379690992
6.736,-0.015532208830670647
6.74,-0.005758398129919271
6.744,0.022801069777236553
6.748,0.00464590886435633
6.752,-0.009765322693361219
6.756,-0.010232711968997023
6.76,0.01287371723787667
6.764,0.0023330625236649416
6.768,0.024529017141747843
6.772,-0.011993466012233615
6.776,0.016918201431174566
6.78,-0.008940136769516348
6.784,0.016886859090122674
6.788,0.023776983173470517
6.792,-0.00553956725605322
6.796,0.004818722655882101
6.8,0.01894698900118165
6.804,0.020096953023828575
6.808,0.007584263775273551
6.812,-0.001394504141083393
6.816,0.0044110563232410945
6.82,0.012073371699219607
6.824,-0.00799501283189602
6.828,0.01468531698284286
6.832,0.0015668585753496023
6.836,-0.0021945049825642937
6.84,0.0028675250032778633
6.844,0.006487243346713793
6.848,0.027049400272545886
6.852,0.0085318828021186
6.856,-0.02627678810011886
6.86,0.0060006791030209755
6.864,0.010181464345388393
6.868,0.005559466827995021
6.872,0.006345346847695525
6.876,-0.01127838971332612
6.88,0.006348061209992377
6.884,0.025929262480196537
6.888,0.021248109370659976
6.892,0.021778290542840667
6.896,-0.006225960887176181
6.9,0.02006215487788849
6.904,0.014785090656021616
6.908,0.013622985414060897
6.912,0.01131010326368153
6.916,0.012742086378638034
6.92,0.0066159784084830284
6.924,0.02728361928050892
6.928,0.008794435330580226
6.932,-0.024341990194005073
6.936,0.00389258528236638
6.94,0.03284069134513361
6.944,0.01764336623632822
6.948,0.015288352300710472
6.952,0.006329794643540607
6.956,-0.011223303331722482
6.96,0.026090307276963296
6.964,0.00755032405157895
6.968,0.008584450890381417
6.972,-0.001234538712808317
6.976,-0.014716358849580674
6.98,0.01343520109024483
6.984,0.03104019636296831
6.988,0.021434642771690195
6.992,-0.0029226143106339418
6.996,0.0033093756876329114
7.0,0.025749936597975264
7.004,0.022748241927552086
7.008,0.0298086208592759
7.012,0.01981927997331285
7.016,-0.004406570836891376
7.02,0.009760937961439033
7.024,0.032506339017236346
7.028,0.014908590503386426
7.032,0.006311335111622395
7.036,0.002011656665084755
7.04,-0.002354279373580976
7.044,0.03770547420616939
7.048,0.02704904407909354
7.052,0.02648965233898095
7.056,0.010156227732179049
7.06,0.004618597618612158
7.064,0.0370567691749058
7.068,0.023303164207006403
7.072,0.03310237844394738
7.076,0.003014392517635511
7.08,0.016807721592043908
7.084,0.021654214249366255
7.088,0.01779180387917935
7.092,-0.0008231742319116629
7.096,0.008396725631733862
7.1,0.019235950130153202
7.104,0.020676770786985925
7.108,-0.004707734281937399
7.112,0.027102286376720366
7.116,0.009580644635265825
7.12,0.015847264398968747
7.124,0.021735243796922883
7.128,0.013638955306816799
7.132,0.013870274454697875
7.136,0.02413666228065317
7.14,0.03918774245267827
7.144,0.026699405078111055
7.148,0.02957241911019811
7.152,0.007611676151835305
7.156,0.0049179336909980385
7.16,0.024084297863784902
7.164,0.011371775365461533
7.168,0.03353609611790082
7.172,0.009423625153317908
7.176,0.009323473350715289
7.18,0.009082043891036624
7.184,0.019862150856409494
7.188,0.015097189085081732
7.192,0.009252589966260553
7.196,0.006642947975936629
7.2,0.013042576847882651
7.204,0.010416820757013542
7.208,0.009075897418585124
7.212,0.018894049610650453
7.216,-0.010853959475599872
7.22,0.00887826904848139
7.224,0.02878994211999116
7.228,0.029766925496155845
7.232,0.027785616264604976
7.236,-0.0010080320482583546
7.24,0.022312897681491327
7.244,0.018466201584730918
7.248,0.02106902121857576
7.252,0.029431500537250344
7.256,-0.0012291351738981694
7.26,0.022559003969918515
7.264,0.021059779665551503
7.268,0.014968960576128164
7.272,0.02445431676561861
7.276,0.026683243448323686
7.28,0.023941300402018122
7.284,0.014791707472856123
7.288,0.017930427916081702
7.292,0.022350330583325015
7.296,0.004779667499396082
7.3,0.018512042583182984
7.304,0.020270673028508063
7.308,0.03956303879937706
7.312,-0.0034222666784712898
7.316,0.02133539170833806
7.32,0.01945181919414092
7.324,0.03775760453597614
7.328,0.04932465390795737
7.332,0.020792713453311622
7.336,0.01752177989823124
7.34,0.025565977739939627
7.344,0.040206150572177884
7.348,0.019698995815438256
7.352,0.015470956508288985
7.356,0.031838233379695734
7.36,0.029511836782730637
7.364,0.03667375575185583
7.368,0.037120139448827305
7.372,0.008747488300656898
7.376,0.00863431007586255
7.38,0.018751506713541054
7.384,-0.001920978220187438
7.388,0.03298650983000094
7.392,0.002350356393440698
7.396,0.011326105443181888
7.4,0.03942930965279473
7.404,0.03546492460205854
7.408,0.020018422426183805
7.412,0.011043092144312795
7.416,-0.0016151219689393755
7.42,0.039026575644561357
7.424,0.016007460631361933
7.428,0.016499593478554585
7.432,0.012327669169296784
7.436,-0.0029957716054968588
7.44,0.01492913318582738
7.444,0.034522109400258405
7.448,0.03398068093550835
7.452,0.017865715279257982
7.456,0.00804650094135785
7.46,0.013799048610749574
7.464,0.045625407510123714
7.468,0.020884453226681223
7.472,0.034158089987686456
7.476,0.004270341009389286
7.48,0.020489378377428875
7.484,0.02532628689325454
7.488,0.03559996224181333
7.492,0.021810629855973578
7.496,0.020516348339815298
7.5,0.018582758361905018
7.504,0.029709384639760538
7.508,0.04800858012370558
7.512,0.013581327843392037
7.516,0.011678070759217197
7.52,0.028807471933212248
7.524,0.03200585461104259
7.528,0.028338418007921376
7.532,0.014803223815302574
7.536,0.020534130750717264
7.54,0.0301612794018176
7.544,0.04659215126230881
7.548,0.024534260922463576
7.552,0.01863995207483527
7.556,0.014842654422154534
7.56,0.033873719682110975
7.564,0.018355101783388852
7.568,0.04301610710269822
7.572,0.016603665906281442
7.576,0.010240012532538156
7.58,0.022154131983628072
7.584,0.02712371875295473
7.588,0.02685041471243776
7.592,0.012326473734011025
7.596,0.019198237406044337
7.6,0.03952526606478063
7.604,0.025468421454613227
7.608,0.03300281483270912
7.612,0.006803886817847989
7.616,0.0195145763938106
7.62,0.013999648138815386
7.624,0.028628641284890014
7.628,0.028443180568261384
7.632,0.018970677767212417
7.636,0.01652745090212519
7.64,0.005137257125518215
7.644,0.02165039023339822
7.648,0.023569158516725565
7.652,0.021511424076123054
7.656,0.01483631592452456
7.66,0.022329146084911232
7.664,0.02970850923201556
7.668,0.028760982444938684
7.672,0.023229487030190767
7.676,0.023074274429806252
7.68,0.01055682667497075
7.684,0.02275587708030864
7.688,0.020965021569491513
7.692,-0.01017932503757515
7.696,0.018177067196347346
7.7,-0.0006672979232686706
7.704,0.02779404140756085
7.708,0.04119175224872988
7.712,0.019224752398772957
7.716,0.023072810098115397
7.72,0.015101215728524145
7.724,0.030648671572608123
7.728,0.020349914553841886
7.732,0.015629522145011666
7.736,0.005087838528339405
7.74,0.03572966804822464
7.744,0.03097127987229837
7.748,0.024908082584676215
7.752,0.01111825762239837
7.756,0.011426858607960484
7.76,0.007394453678206438
7.764,0.018310693093250435
7.768,0.024760393970394402
7.772,0.0024617667267440926
7.776,0.01047629280334596
7.78,0.02358002792569374
7.784,0.006905969727459171
7.788,0.024850993820295826
7.792,0.002955785597285829
7.796,0.02213381928729955
7.8,0.02085585253324434
7.804,0.016789974118864757
7.808,0.025424077121763772
7.812,0.008726974303704232
7.816,0.019412172647995857
7.82,0.030509696918372204
7.824,0.019931597021277725
7.828,0.03355526007697578
7.832,0.008272694237906716
7.836,0.006533152258467016
7.84,-0.0061818089646207275
7.844,0.034983503189935844
7.848,0.04276690436683994
7.852,0.01498404593279053
7.856,-0.004597156525358694
7.86,0.017250356590885366
7.864,0.03590564164151165
7.868,0.01655904071101111
7.872,0.005229544484395244
7.876,-0.001005620553867109
7.88,0.01435598979416919
7.884,0.03977679782094955
7.888,0.018545299348596937
7.892,0.0008774976049184292
7.896,-0.016020332601649784
7.9,0.021435630284629595
7.904,0.02665979134032997
7.908,0.02554428800704008
7.912,0.02091167858133714
7.916,0.00706283851093654
7.92,-0.0007656221559913697
7.924,0.03562324385884608
7.928,0.053651389683387896
7.932,0.03288135735712339
7.936,0.06537050134512772
7.94,0.119450207803235
7.944,0.1539624415022803
7.948,0.16996861837381344
7.952,0.1656140267723188
7.956,0.15064271650057223
7.96,0.09936503252937867
7.964,0.08067587396237254
7.968,0.03669408250848812
7.972,0.015812815182497664
7.976,0.027390555029671384
7.98,0.017518261373554004
7.984,0.016643385622955878
7.988,0.014027007070978967
7.992,0.01691169714146077
7.996,0.006734003132406809
8.0,0.025390776726395062
8.004,0.03056744796810734
8.008,0.023783797670856817
8.012,0.012146492327503276
8.016,0.0073670669408765046
8.02,0.014944998194380409
8.024,0.0005261732766917819
8.028,0.020748394610791872
8.032,0.019005611614297955
8.036,0.018887517402032546
8.04,0.007662636218912261
8.044,0.026659469288383843
8.048,0.003961324621991403
8.052,0.01023199112227563
8.056,0.014749479009845136
8.06,0.007249542662189695
8.064,0.016379876913246966
8.068,0.012803155278501083
8.072,0.009159428341831047
8.076,0.0022659895431437096
8.08,-0.003465754674505493
8.084,0.014898265396692473
8.088,0.008091142399404566
8.092,-0.011891426936503982
8.096,0.005019444003944002
8.1,-0.013091765852166917
8.104,0.014972752196896387
8.108,0.00893797042815282
8.112,0.011564139189117275
8.116,0.003756571925560296
8.12,0.011045369800197725
8.124,0.025790163621527175
8.128,0.015688252494594362
8.132,0.0033452988451633074
8.136,-0.002313560396688852
8.14,-0.0029632704611727715
8.144,0.028826079441933584
8.148,0.0036822117772864274
8.152,0.008800310350255434
8.156,-0.015996960568303246
8.16,-0.00015397210235378565
8.164,0.03576453984026995
8.168,0.009689031529498408
8.172,0.004603447597585719
8.176,0.015429191517134969
8.18,0.012555642619668406
8.184,-0.002197681492746937
8.188,0.020170835755852393
8.192,0.004948142732503013
8.196,-0.014360346593188727
8.2,0.0010109325981912977
8.204,0.024456579786606113
8.208,0.03271747103527844
8.212,0.0006735325140089384
8.216,0.010753118519214067
8.22,-0.00042318566199057647
8.224,0.00515964333373937
8.228,0.006171707377405562
8.232,-0.00553309281471022
8.236,0.0016628339788163837
8.24,-0.0027616065042239558
8.244,0.025106839537471698
8.248,0.017769238462487146
8.252,0.009746083372094108
8.256,-0.007349170187754186
8.26,0.009773368980658895
8.264,0.014795854907703283
8.268,0.013594939228456695
8.272,0.004559511433285546
8.276,-0.025482200682453774
8.28,-0.00411065631937982
8.284,0.003838414468343556
8.288,0.0029152189911541247
8.292,-0.0015173529991303995
8.296,-0.012132829826731127
8.3,-0.007084050850846249
8.304,-0.005488433235037612
8.308,0.015874976600017004
8.312,-0.007341149220351546
8.316,0.002418485338600484
8.32,0.004172529851079722
8.324,0.012378096544943658
8.328,-0.0012488937876287062
8.332,-0.008125078096066206
8.336,-0.013806326226428337
8.34,-0.0110799062153423
8.344,0.0022935701837708197
8.348,0.008747590438067006
8.352,0.0007467296977023445
8.356,-0.02743682490082991
8.36,-0.010866867675538499
8.364,0.020650449317721337
8.368,-0.005033446245094743
8.372,-0.032850599292174744
8.376,-0.031039767872402695
8.38,-0.024007541379076708
8.384,-0.0018646218089529128
8.388,0.008620246885132866
8.392,0.0005512007758046184
8.396,-0.010099097907332325
8.4,-0.0038694362785219316
8.404,0.02232943288126555
8.408,0.0005625389108607588
8.412,-0.029820297825420332
8.416,-0.016861496465668806
8.42,0.01101937021577894
8.424,0.016188308471279774
8.428,0.004989801935140974
8.432,-0.006755967681394125
8.436,-0.022672274563919605
8.44,0.016923889864452063
8.444,0.011344806712761831
8.448,-0.0049223073579851544
8.452,-0.021762058372525667
8.456,-0.015465171444491839
8.46,-0.013575099093520074
8.464,-0.006311020222769798
8.468,-0.015060215400205475
8.472,-0.013168987607207045
8.476,-0.01327572602469053
8.48,-0.014769716674968
8.484,0.024753878392792313
8.488,0.001721235909021264
8.492,-0.01138706571101351
8.496,-0.014117933048738516
8.5,-0.009932371603477725
8.504,-0.003284211967579653
8.508,0.00989260239124536
8.512,-0.019104756833605834
8.516,-0.019822122651621213
8.52,-0.014522751685388307
8.524,0.008576167182321806
8.528,0.0051104145127807464
8.532,-0.01896202024267532
8.536,-0.01372963874096593
8.54,-0.00947913659760375
8.544,-0.014358877431952632
8.548,-0.009697894996537244
8.552,-0.00426894334122738
8.556,-0.03018216386774593
8.56,0.005248461079888215
8.564,-0.007772439162431149
8.568,0.005954972806755817
8.572,-0.02364798543810925
8.576,-0.02265374872597956
8.58,0.004104992277204943
8.584,0.032941576460443475
8.588,-0.005601171758225854
8.592,-0.0013270869940469002
8.596,-0.018492917478234627
8.6,-0.01794406318544886
8.604,0.011887048434595555
8.608,-0.0007742573991504566
8.612,-0.019478770206154204
8.616,-0.03458441969242368
8.62,-0.02729186650878316
8.624,0.007971133280450793
8.628,-0.005534036326885717
8.632,-0.02380884049093074
8.636,-0.024795538499813356
8.64,-0.0005208758376973443
8.644,-0.009443495427743299
8.648,-0.015927753901646895
8.652,-0.018955337312549576
8.656,-0.028187766232291325
8.66,-0.00199981850746918
8.664,-0.00522816895195837
8.668,-0.003420051314480364
8.672,-0.033792853684829455
8.676,-0.018869341990736255
8.68,-0.02013334453851967
8.684,-0.03655804336358828
8.688,-0.0032413205749977267
8.692,-0.027400442144035805
8.696,-0.03025129494034216
8.7,-0.029677432902300658
8.704,0.006892823983718996
8.708,-0.01255288590386281
8.712,-0.015834339908020592
8.716,-0.030408969304904686
8.72,-0.02354916726827047
8.724,0.00030370643150305805
8.728,-0.012173876397168597
8.732,-0.021876538438667673
8.736,-0.018546483331743944
8.74,-0.016245643853329328
8.744,0.007341235074768205
8.748,-0.004668542228008525
8.752,-0.0030538292526619236
8.756,-0.016828098767368356
8.76,-0.007229865164178283
8.764,0.00678685089777953
8.768,0.009674106686372317
8.772,-0.024473659008410427
8.776,-0.04010769793916301
8.78,-0.026874336005766476
8.784,-0.012890893042683284
8.788,0.00285352841573119
8.792,-0.033332935204406736
8.796,-0.033694043121632045
8.8,-0.018375425659287008
8.804,-0.007192861747444807
8.808,-0.010566104692933075
8.812,-0.03996662174705712
8.816,-0.010271127237903728
8.82,-0.01875793307988178
8.824,-0.009657433169260049
8.828,-0.005926240303142451
8.832,-0.03185627966824292
8.836,-0.038030582781970676
8.84,-0.017168144800900318
8.844,-0.014059785535051437
8.848,-0.001016842637581266
8.852,-0.02722434335381253
8.856,-0.023087777982110185
8.86,-0.02296306150344457
8.864,-0.006837090332458301
8.868,-0.029155776243487662
8.872,-0.02934345056815655
8.876,-0.038104692060358096
8.88,-0.009230876477839153
8.884,-0.000406712056250709
8.888,-0.011722131868749139
8.892,-0.016062350771058907
8.896,-0.035877084897402454
8.9,-0.03681051507076919
8.904,-0.015745019661734548
8.908,0.0007506728282222555
8.912,-0.03448280013958653
8.916,-0.02088826850952185
8.92,-0.00467355549549933
8.924,-0.010544754474817975
8.928,-0.018646111606607924
8.932,-0.00850712017437892
8.936,-0.02886039602495865
8.94,-0.04169159540044982
8.944,-0.009517822930429604
8.948,-0.018045205554547934
8.952,-0.013333405861117252
8.956,-0.034381565322927264
8.96,-0.02136350127744546
8.964,0.0001757219019407185
8.968,-0.007987282554480692
8.972,-0.028147925109298023
8.976,-0.030022866593504182
8.98,-0.024202537130868142
8.984,-0.017553593086952764
8.988,-0.0010385404233999723
8.992,-0.011776620276858834
8.996,-0.0217787807964536
9.0,-0.00891820346046589
9.004,-0.01209667153953159
9.008,-0.02569047174541857
9.012,-0.02340334833458598
9.016,-0.02059310034966421
9.02,-0.028181429720985265
9.024,-0.006626319724642534
9.028,-0.00789598014455812
9.032,-0.025360263077041076
9.036,-0.01861586246382367
9.04,-0.029495545514786697
9.044,-0.013434528271145248
9.048,-0.029600832359079444
9.052,-0.02416759184392431
9.056,-0.03825766029956055
9.06,-0.019432378286419846
9.064,-0.013770464303724238
9.068,0.0010821796910991978
9.072,-0.040134644858775624
9.076,-0.02230826497279223
9.08,-0.02049547166003751
9.084,-0.009076961942260481
9.088,-0.014865079941359048
9.092,-0.017611234020791726
9.096,-0.018845969239212973
9.1,-0.03203925874342468
9.104,-0.017863241840032698
9.108,-0.003905555137386975
9.112,-0.04118337597032753
9.116,-0.04089945668122175
9.12,-0.032334959636180736
9.124,-0.00805134440660647
9.128,-0.0074535607226027195
9.132,-0.028593514884502028
9.136,-0.02444155760325257
9.14,-0.009757159516505106
9.144,-0.01106752797921983
9.148,-0.020330385528960576
9.152,-0.01698751483663201
9.156,-0.046607496662999834
9.16,-0.03253249684350584
9.164,0.00045765271347839205
9.168,-0.0215555920908984
9.172,-0.017657222342713864
9.176,-0.047528670234772516
9.18,-0.009841318066440804
9.184,-0.006470276850885727
9.188,-0.010084627183579983
9.192,-0.016213413900771696
9.196,-0.03873501348859292
9.2,-0.014606606549933046
9.204,-0.012979387965289824
9.208,-0.019204852167116156
9.212,-0.02845975625142307
9.216,-0.02219347132095432
9.22,-0.018689752320532202
9.224,-0.008325195239689947
9.228,0.005897507586555889
9.232,0.002263703234867387
9.236,0.04019589709129078
9.24,0.076951768651092
9.244,0.12939065963018026
9.248,0.13270250690232024
9.252,0.12134754140640505
9.256,0.09778749685011132
9.26,0.07600610304645652
9.264,0.04971860714015596
9.268,0.023147846677687635
9.272,-0.015058946576978935
9.276,-0.009788797122755944
9.28,-0.017079765876356345
9.284,-0.009586605947992521
9.288,-0.013464733171714838
9.292,-0.009415810802148372
9.296,-0.02981267384421577
9.3,-0.011751151725934205
9.304,0.007534703857447735
9.308,-0.023339557542496656
9.312,-0.03305551071354562
9.316,-0.014503654898241545
9.32,-0.014461333405284688
9.324,-0.010035131157376734
9.328,-0.009478295694077647
9.332,-0.03508787100146725
9.336,-0.029613950541578983
9.34,-0.013398648895542585
9.344,-0.015603034707396709
9.348,-0.01733574529915891
9.352,-0.022899368659608312
9.356,-0.02579406066426235
9.36,-2.1818316952994937e-05
9.364,-0.0248327678815332
9.368,-0.025636502524430206
9.372,-0.021623653655853958
9.376,-0.014119831395965546
9.38,-0.020230970114140323
9.384,-0.004197460770277982
9.388,-0.009917008813814993
9.392,-0.01870890422221433
9.396,-0.02273277201853411
9.4,-0.014171420923332899
9.404,-0.0032146683101095296
9.408,-0.025511229101413055
9.412,-0.024115425950197573
9.416,-0.030652843867015226
9.42,-0.02706506064731351
9.424,-0.012629930368639547
9.428,-0.025931694187924834
9.432,-0.03676935402141709
9.436,-0.02584911936466649
9.44,-0.023110627658840612
9.444,-0.018439979511258038
9.448,-0.009071183431250702
9.452,-0.028860892806006944
9.456,-0.01780481810586057
9.46,-0.009177615523899025
9.464,-0.009518412620123332
9.468,-0.005443618427399528
9.472,-0.03105464119300092
9.476,-0.004507380162297736
9.48,-0.01926045292456901
9.484,-0.016053843371214366
9.488,0.0016189809755082375
9.492,-0.0389914099077105
9.496,-0.035349046819317984
9.5,-0.030678298268206727
9.504,-0.005357084945452789
9.508,-0.002769478105762852
9.512,-0.025098393957594195
9.516,-0.03322176745721355
9.52,-0.021584264586828137
9.524,0.008855651184598634
9.528,-0.014988016588600706
9.532,-0.007412087051950461
9.536,-0.032120996952932954
9.54,-0.009443609317128152
9.544,-0.01490522977826138
9.548,-0.006475364831032265
9.552,-0.011482749393339983
9.556,-0.02544505562659908
9.56,-0.0081199603399226
9.564,0.0038463054939114234
9.568,-0.0015565209286232022
9.572,-0.016007141046704122
9.576,-0.010626105371300584
9.58,-0.02214601039157052
9.584,-0.009018898390593338
9.588,-0.005910224148497265
9.592,-0.006916747321621595
9.596,-0.04123464010669449
9.6,-0.020510327246919317
9.604,-0.0016386812874610596
9.608,-0.028136861039239444
9.612,-0.0365943431895519
9.616,-0.013975118564836445
9.62,0.0032683840599781
9.624,-0.016885732617679634
9.628,0.00801161833433868
9.632,-0.035629510066349415
9.636,-0.018993574597035115
9.64,-0.020149349426372733
9.644,-0.005441403929662494
9.648,-0.021669238601434763
9.652,-0.013274607739536993
9.656,-0.021945976308217707
9.66,-0.01033522985707358
9.664,0.006976672451186414
9.668,0.0018852481353130602
9.672,-0.007645522834440236
9.676,-0.017105910689745613
9.68,-0.006682312407411427
9.684,0.013842914028559798
9.688,0.010745356989171099
9.692,-0.03059620213986134
9.696,-0.021679370495931632
9.7,-0.004339329849894499
9.704,-0.008855974295153675
9.708,-0.006492686438492235
9.712,-0.01326928468461393
9.716,-0.010600235171233324
9.72,-0.003624045455192762
9.724,-0.010973575472712245
9.728,-0.012190698498396442
9.732,-0.012268383417318493
9.736,-0.021362927212531142
9.74,-0.015641709259564745
9.744,0.0014964155849507678
9.748,-0.01515683687635101
9.752,-0.020671389870015128
9.756,-0.03920952287952707
9.76,-0.0034771279667941673
9.764,-0.0004744684703306232
9.768,-0.008193755982448805
9.772,-0.015207225572904938
9.776,-0.016270201259054057
9.78,-0.008749513791779056
9.784,0.0029253561292118344
9.788,0.01993132119791481
9.792,0.0037030609142722683
9.796,-0.016502812579497126
9.8,-0.002158060444445594
9.804,0.01749826833329647
9.808,0.0017504268970054073
9.812,-0.0033308369366904754
9.816,-0.027716419353214984
9.82,-0.013882971186135237
9.824,-0.001967246997067314
9.828,0.00427052941772278
9.832,-0.0051418768611232795
9.836,-0.010562829357399356
9.84,-0.014238554795664398
9.844,0.0031893104358888947
9.848,-0.009804233026437025
9.852,-0.01645821995282187
9.856,-0.04065789239742568
9.86,-0.011886438345520896
9.864,-0.008059136624108378
9.868,-0.010883866048629143
9.872,-0.011669567948915775
9.876,-0.009096493778685367
9.88,0.004476933949614492
9.884,0.01783100396069145
9.888,0.00167013997158912
9.892,-0.013654749214960247
9.896,-0.023078043601693514
9.9,-0.007423223203340839
9.904,0.007581844433088198
9.908,0.008948276472971679
9.912,0.0005013981647318966
9.916,-0.007628674376798641
9.92,-0.018006757148611035
9.924,0.013859996854565869
9.928,0.009122714003715546
9.932,-0.007735078613861527
9.936,-0.007213506295858776
9.94,-0.019986922147498094
9.944,0.024423200607579895
9.948,0.012194381077265375
9.952,-0.006203717180523046
9.956,-0.008857561532734521
9.96,-0.00848799658249477
9.964,0.009564103939703658
9.968,0.0005571048768565007
9.972,-0.004758413860893819
9.976,-0.012673061161890473
9.98,0.0117979919362474
9.984,0.014485986907313442
9.988,-0.010895038270118623
9.992,-0.02781300586403458
9.996,-0.01849680193906037
10.0,0.0023793812859692585
10.004,0.01102290350080274
10.008,0.007999526088299291
10.012,-0.009863143513630348
10.016,-0.007679862283101834
10.02,0.003521743915452171
10.024,0.021746768184777873
10.028,0.00880106769653684
10.032,-0.00627056835660352
10.036,-0.024372004833104657
10.04,0.011784269540322594
10.044,0.0280331787240393
10.048,0.02597813270949282
10.052,0.004356394735083622
10.056,0.019783142409246487
10.06,-0.00750327817439304
10.064,-0.007100599889213346
10.068,0.01855589252830873
10.072,-0.008824019949341923
10.076,-0.008820001586614706
10.08,-0.005693213726009991
10.084,0.009928842450720742
10.088,0.00928134804078722
10.092,-0.01603397751025797
10.096,0.008771630800330861
10.1,-0.005249841737612058
10.104,0.007216212096575499
10.108,0.019042036936345985
10.112,0.005263620561386128
10.116,0.010635315873622684
10.12,0.0009613462764384391
10.124,0.007092822214237985
10.128,0.024471890330926255
10.132,0.016486943320751974
10.136,0.003827515749631108
10.14,-0.004025300929677055
10.144,0.011343462254996961
10.148,0.0037714887142535304
10.152,0.006461840228335379
10.156,-0.009116825307494318
10.16,-0.015298031831125521
10.164,0.015219882860603651
10.168,0.004242300869889569
10.172,0.01322634121493485
10.176,-0.002092455589248687
10.18,0.00606585557714954
10.184,0.006955259482597445
10.188,0.020473548683164776
10.192,0.014291479106066332
10.196,-0.016717967743776735
10.2,0.011580968840941154
10.204,0.03216253289542676
10.208,0.020754331729494306
10.212,-0.01232952335313235
10.216,-0.024526138093690364
10.22,0.0032077788959451745
10.224,0.00572964331140172
10.228,0.017041568369395115
10.232,0.005732998048717864
10.236,-0.00956964213320476
10.24,0.0008173996280221793
10.244,0.023006352109784495
10.248,0.0010691618208366043
10.252,0.01830541315837942
10.256,0.007029691331188928
10.26,0.012063089429248348
10.264,0.02285515180580891
10.268,0.01856053142158422
10.272,-0.007056289532502181
10.276,0.0025671877515066137
10.28,0.019096363157928495
10.284,0.020110365520746222
10.288,0.021493933052658423
10.292,0.0015690914467507526
10.296,-0.0007394875228250849
10.3,-0.00456020993516976
10.304,0.01890285058628667
10.308,0.011634822769758572
10.312,0.010418476995150906
10.316,-0.00043226280865899447
10.32,0.009597798944699561
10.324,0.023129362425265736
10.328,0.01650683810094936
10.332,0.024528672358394916
10.336,0.02660361284807568
10.34,0.01241616704952433
10.344,0.026793031806739524
10.348,0.03236258045797588
10.352,0.0022102535315470205
10.356,0.010950232377786698
10.36,0.02936289663974885
10.364,0.019345538839510124
10.368,0.008571211055837734
10.372,0.012061941284228883
10.376,0.003940028354390223
10.38,-0.0009789921549466004
10.384,0.04041706457452069
10.388,0.021151292673992097
10.392,0.015642567493339938
10.396,0.017442032374415616
10.4,0.01795197936894906
10.404,0.01737621394677428
10.408,0.010621997612416317
10.412,0.017795659461938514
10.416,0.002749361637216444
10.42,0.011481045088571198
10.424,0.021056851987281473
10.428,0.00674522110607218
10.432,0.005119753265550446
10.436,-0.007162434407993046
10.44,0.013822284266145724
10.444,0.006827055481585142
10.448,0.039389824602026655
10.452,-0.011707401044930362
10.456,-0.000326191390275927
10.46,0.00807615893396363
10.464,0.04299320905118732
10.468,0.03929774066699536
10.472,0.017324469893543613
10.476,0.02272737342316624
10.48,0.002400068755900587
10.484,0.024504946015370947
10.488,0.026750379135520242
10.492,0.007267423936665539
10.496,0.002273817820209246
10.5,0.021054411021892754
10.504,0.03541951120759716
10.508,0.014468078128773116
10.512,0.01463503632299418
10.516,0.019210880558252735
10.52,0.01285965160104467
10.524,0.03813083940624852
10.528,0.037876827601893245
10.532,0.04744820044448107
10.536,0.06245822194142259
10.54,0.12084490735092075
10.544,0.14872387331807568
10.548,0.20100483383981585
10.552,0.1666005201592751
10.556,0.13365473602161762
10.56,0.09651234383470778
10.564,0.06183780013354562
10.568,0.052782232089996536
10.572,0.022890140253360176
10.576,0.0007108593050113264
10.58,0.036654325857905706
10.584,0.033847012659011945
10.588,0.013436009169818838
10.592,0.00826464436101581
10.596,0.009611005214978822
10.6,0.01371734851280293
10.604,0.020861885630041568
10.608,0.033767271859560535
10.612,0.01225504650482243
10.616,0.0010737078669225972
10.62,0.0035253957080263413
10.624,0.020117829775813632
10.628,0.025298845831344473
10.632,0.004096497631586848
10.636,0.010404916372055146
10.64,0.016732828743156434
10.644,0.030686792649600055
10.648,0.017919178965094817
10.652,0.021946071103035383
10.656,-0.00040927758952864074
10.66,0.015764965581505357
10.664,0.039545965861992896
10.668,0.01803117683124216
10.672,0.016624597111679542
10.676,0.007897033136812602
10.68,0.02876563904702803
10.684,0.03228018186869225
10.688,0.021152548648764244
10.692,-0.0007828994179475794
10.696,0.01320538456427948
10.7,0.015193610015748472
10.704,0.015372143328859987
10.708,0.032917382263136064
10.712,-0.007647152342739626
10.716,0.024444403462176252
10.72,0.01941912334697134
10.724,0.03945184401522558
10.728,0.017344281314285084
10.732,0.005402338997165253
10.736,0.017878691835508338
10.74,0.028246836134907652
10.744,0.032634061613797435
10.748,-0.006595551324808217
10.752,0.017972833238943157
10.756,0.020696394376101976
10.76,0.027573605256553908
10.764,0.016622419394315777
10.768,0.01372207531662196
10.772,0.0011224746524670735
10.776,0.007919204097233434
10.78,0.020845838026341677
10.784,0.033568899231698326
10.788,0.033317062948558664
10.792,0.006338452080203855
10.796,0.03823001245942643
10.8,0.026867634981275663
10.804,0.028608307709505273
10.808,0.02583495595993376
10.812,0.016342837823269826
10.816,0.020408864961679138
10.82,0.017802371658484813
10.824,0.015413668239743897
10.828,0.03193665430548037
10.832,0.03050661726093945
10.836,0.01560218347921193
10.84,0.03370217021556364
10.844,0.004395111961463513
10.848,0.025793804212780116
10.852,0.020165297102413948
10.856,0.0033270586693402403
10.86,0.014165758094122165
10.864,0.034488727231808396
10.868,0.035549508916006896
10.872,0.013109510787817727
10.876,0.02037800860349101
10.88,0.02004200301173676
10.884,0.031101582137149954
10.888,0.03311690135415234
10.892,0.021595743397918282
10.896,0.026068794168542235
10.9,0.021075873155764528
10.904,0.02421124207847923
10.908,0.023518335731481075
10.912,0.014441193193975542
10.916,0.026921554260866853
10.92,0.015956648452224706
10.924,0.035340816202350966
10.928,0.013833258462038743
10.932,0.02331291962416928
10.936,0.003856167978792625
10.94,0.03402222965799455
10.944,0.03887755566568992
10.948,0.021885659593215874
10.952,0.014987964194908682
10.956,0.005435597048136573
10.96,0.012923256807435075
10.964,0.020357007588910285
10.968,0.02431457866820788
10.972,0.005791250607741899
10.976,-0.009486809538684648
10.98,0.02394328783419146
10.984,0.026209015397571932
10.988,0.03274759407706476
10.992,0.007784881600209865
10.996,0.011791037727479487
11.0,0.029332016479526615
11.004,0.0379534012918093
11.008,0.024397334834100674
11.012,-0.0028721470142936065
11.016,0.016761498387754977
11.02,0.015882005657475367
11.024,0.035851130992314226
11.028,0.031191319361002737
11.032,-0.0022096204477516646
11.036,0.00287682398474843
11.04,0.002673881370678869
11.044,-0.001477817941684171
11.048,0.03451326139988025
11.052,0.004401440627871256
11.056,-0.00900937297936311
11.06,0.038244925205128094
11.064,0.0146371407249632
11.068,0.02188547202821804
11.072,0.009920604602893877
11.076,0.013129911837562475
11.08,0.011611662743018437
11.084,0.023864201733356807
11.088,0.03229966372764211
11.092,0.015163758542538694
11.096,-0.00039577143220443506
11.1,0.018507007619063712
11.104,0.020823478949751312
11.108,0.022698428335223373
11.112,0.0005449090703304078
11.116,0.004953203146338913
11.12,0.018338727582988972
11.124,0.012053644887509426
11.128,0.018603226594148727
11.132,0.024585611943358204
11.136,-0.0014860067961441556
11.14,0.027261647898351084
11.144,0.020323676605688658
11.148,0.028571375211382484
11.152,0.020436022557378496
11.156,-0.011228644147768222
11.16,0.01583686260979625
11.164,0.023074612053050957
11.168,0.02851704480416604
11.172,0.009680103171525052
11.176,-0.014336453027098319
11.18,0.03111356007957454
11.184,0.015885037934489327
11.188,0.02315188066067619
11.192,0.019134019490756812
11.196,0.009514278187142858
11.2,-0.00451622668903289
11.204,0.0244126448338043
11.208,0.028310015759840892
11.212,0.00970201734873636
11.216,-0.004041578788856142
11.22,0.006755581609847846
11.224,0.004622588352895814
11.228,0.020711172593202293
11.232,0.01434110197263258
11.236,0.016639712321499925
11.24,0.01320760513012694
11.244,0.029813299989658197
11.248,0.031625375697483665
11.252,0.01912405470190818
11.256,-0.000432536424313186
11.26,0.011296482155358294
11.264,0.01930848405087721
11.268,0.02300078842485971
11.272,-0.008799039644041912
11.276,0.0075382520274325775
11.28,0.01076809512026199
11.284,0.019619461221935877
11.288,0.02230757899797676
11.292,0.010373888109862481
11.296,-0.0070310798262234655
11.3,0.007057068014582492
11.304,0.019472641106694118
11.308,0.02314655987606075
11.312,0.008371179202462862
11.316,0.008280231498042002
11.32,0.00491499282566031
11.324,0.009055690093328206
11.328,0.0183643670203951
11.332,0.0013403676384925803
11.336,-0.014342959842573215
11.34,0.014251086017939597
11.344,0.029884211589955655
11.348,0.026523900152946665
11.352,0.01692168670068741
11.356,0.000991353955030762
11.36,0.0027430728994122505
11.364,0.0375603521385587
11.368,0.008287872616635179
11.372,0.0018659100527258711
11.376,-0.00515701413272677
11.38,0.010201641032004225
11.384,0.02027660781955345
11.388,0.0071946138827907475
11.392,-0.0018553226831108617
11.396,-0.007445887024513728
11.4,0.006750452311922875
11.404,0.013108674170423221
11.408,-0.0004868367264797696
11.412,0.008151631662088588
11.416,-0.0035249911160493163
11.42,0.014329092891564253
11.424,0.025602847422131723
11.428,0.008708602901478148
11.432,0.0010538597658384418
11.436,0.0057537037187255936
11.44,0.007708492774746344
11.444,0.018920691906321483
11.448,0.011046746385536904
11.452,-0.004563009569898205
11.456,-0.013114690499370838
11.46,0.021050670386517315
11.464,0.029014570609652554
11.468,0.01178867616611058
11.472,-0.0001797944682690126
11.476,-0.01109471351110795
11.48,0.012647455223054816
11.484,0.018121102752166773
11.488,0.012988349551949004
11.492,0.009375870594004139
11.496,0.008767724547203693
11.5,0.009660958783057724
11.504,0.011169874249576637
11.508,0.014107215520052833
11.512,-0.0017602568613529755
11.516,-0.00655114916328828
11.52,-0.00494349227314364
11.524,0.011161369786651864
11.528,-0.006989721509513611
11.532,-0.008266341438518886
11.536,0.011297676550918356
11.54,0.0036347915541133416
11.544,0.02081044121202201
11.548,-0.0022027041095258656
11.552,-0.012277581602198474
11.556,0.003830964218530568
11.56,-0.0005905970496028843
11.564,0.006823865061166459
11.568,0.025495714155541235
11.572,0.0010394240456849898
11.576,0.00147144785309545
11.58,-0.005473966810110226
11.584,0.012643527992966875
11.588,-0.008012322303042278
11.592,-0.00913617887631276
11.596,-0.0037616784904358808
11.6,-0.006741146588189952
11.604,0.0032818968820943397
11.608,0.012578921867607333
11.612,-0.007162751024056113
11.616,-0.011174292294657918
11.62,0.011562516809380837
11.624,0.01283306853472954
11.628,0.007233161944074238
11.632,-0.021824791834677327
11.636,-0.010896997819780253
11.64,0.006613434914009602
11.644,0.019063057251716895
11.648,0.0004754987356114281
11.652,-0.004876841183230864
11.656,-0.011092865392134835
11.66,-0.0005896434789123338
11.664,0.006298399496385781
11.668,0.015248145588669486
11.672,-0.023072572411464192
11.676,-0.01640853378760851
11.68,0.015403969806060161
11.684,0.01711389403057141
11.688,0.008963948262119844
11.692,-0.010992861982895345
11.696,-0.005814510876941859
11.7,0.0023646317540694474
11.704,0.005647111225983593
11.708,0.010058997741085218
11.712,-0.009351263113415137
11.716,-0.013477293108949866
11.72,-0.007055566208665282
11.724,0.007100327750990433
11.728,0.020545541261716482
11.732,-0.0026393902367808832
11.736,-0.013986984256918786
11.74,-0.00414729558441696
11.744,0.02045915280051521
11.748,0.02665407858791099
11.752,-0.004449415560559554
11.756,-0.003805902912359148
11.76,0.0064135992758542655
11.764,0.009484982190612619
11.768,-0.011531679979399544
11.772,-0.022044404403884867
11.776,-0.012396303155816654
11.78,-0.004694859942825538
11.784,-0.00730043935959623
11.788,-0.009295030556051584
11.792,-0.01810446783950169
11.796,-0.015602050224649465
11.8,0.015224673919860862
11.804,0.003526496514463376
11.808,0.014209242303115141
11.812,-0.012988726039429068
11.816,-0.02214601186011915
11.82,0.01582997969889254
11.824,-0.001490769647221224
11.828,0.016220455446574352
11.832,0.013956948976531292
11.836,0.04643298809418362
11.84,0.09052306213563378
11.844,0.11703963441220355
11.848,0.14965507706464523
11.852,0.10344712545231208
11.856,0.10005143463199567
11.86,0.07406698798314741
11.864,0.06447008938329529
11.868,0.017903150882945043
11.872,0.0007547493425810867
11.876,-0.010236261380817405
11.88,-0.0035535991570161806
11.884,-0.005145100405891576
11.888,-0.006486388865377151
11.892,-0.011044438394374637
11.896,-0.020711027537820424
11.9,-0.0010580773223373176
11.904,-0.005725155537941875
11.908,0.007616675616543589
11.912,-0.020002360595845176
11.916,-0.008371203444646255
11.92,-0.0024575349030740937
11.924,-0.018869389926722817
11.928,0.0009150509332263908
11.932,-0.00961881117793328
11.936,-0.014078738542122615
11.94,-0.014566955341400456
11.944,-0.009078985482550324
11.948,0.00040092353526445263
11.952,-0.020158574995751233
11.956,-0.013654192773807038
11.96,-0.014107415013873807
11.964,-0.013141180271672211
11.968,-0.005963223742463476
11.972,-0.005829266904726998
11.976,-0.03127877964992568
11.98,-0.009135358278296132
11.984,-0.007896715147054667
11.988,-0.016758890704084168
11.992,-0.015782825873539567
11.996,-0.020134357033416043
12.0,-0.00800787726411138
12.004,0.012325830416731425
12.008,0.007628277161077568
12.012,-0.009726449213295055
12.016,-0.0259757347217577
12.02,0.005721335460107144
12.024,-0.011705871029492759
12.028,0.0017834810919625929
12.032,-0.019196668013102353
12.036,-0.032735164948919405
12.04,-0.006779204174621381
12.044,-0.013370258314430245
12.048,0.0014888591443388043
12.052,-0.02763558712715395
12.056,-0.029607523053443763
12.06,-0.011904222791408986
12.064,0.004967949945580783
12.068,-0.0002774299367846898
12.072,-0.01107885382081276
12.076,-0.03933616415383853
12.08,-0.027629383820593427
12.084,0.007428051081637842
12.088,-0.003212291617083576
12.092,-0.008460286333409246
12.096,-1.094104604837734e-05
12.1,-0.016835794585673768
12.104,-0.014215070233503789
12.108,-0.00326634177238114
12.112,-0.011793343644659407
12.116,-0.030546124781895924
12.12,-0.025306190618813958
12.124,-0.0018630201214858912
12.128,-0.0071348750596197524
12.132,-0.029778432995762653
12.136,-0.026841916349993514
12.14,-0.010044156381601603
12.144,-0.010800289705124306
12.148,-0.022438977785673705
12.152,-0.013677559134534112
12.156,-0.031649510103897105
12.16,-0.0031354286321459996
12.164,-0.007488910332953115
12.168,-0.002968258694595636
12.172,-0.01063650367822829
12.176,-0.045719322279174496
12.18,-0.02321227466166088
12.184,0.0034372230162683197
12.188,-0.022738931111230164
12.192,-0.02638056604694658
12.196,-0.024910631927570738
12.2,-0.005980367567816242
12.204,-0.008960460657855563
12.208,-0.012383774639132338
12.212,-0.03545773347535203
12.216,-0.029229169099331084
12.22,-0.032000564927559864
12.224,0.0005020197163488407
12.228,-0.019385672835847755
12.232,-0.04271518646605906
12.236,-0.030609674529454317
12.24,-0.012939752734008606
12.244,-0.00665329611866304
12.248,0.0035427211239766714
12.252,-0.03525170228161497
12.256,-0.027238697061177358
12.26,-0.026811506199379262
12.264,-0.011408876912614704
12.268,-0.015659227465707797
12.272,-0.016640790083322712
12.276,-0.003463737362131583
12.28,-0.018556488541427635
12.284,-0.00502405053495986
12.288,-0.008683365783898108
12.292,-0.023522971894107667
12.296,-0.032322578400767854
12.3,-0.02098001339228678
12.304,-0.021295834880905057
12.308,-0.024165875265373803
12.312,-0.012495633018658046
12.316,-0.020859913016938514
12.32,-0.005450123050274343
12.324,-0.01819736937387003
12.328,0.0008670773229927653
12.332,-0.017983824791341016
12.336,-0.02834926842189648
12.34,0.006305135904199247
12.344,-0.011727427308652977
12.348,-0.009779684085517758
12.352,-0.028736002259992198
12.356,-0.022310167594917416
12.36,-0.03447759394348499
12.364,-0.009718374205690215
12.368,0.0025900353024571887
12.372,-0.017480304852408604
12.376,-0.02784015841611702
12.38,-0.03622325202898514
12.384,-0.0006509289030971841
12.388,-0.015365851060556364
12.392,-0.021238860818916256
12.396,-0.04889667188509003
12.4,-0.015767697516678284
12.404,-0.0006538165224011794
12.408,-0.01550689614970251
12.412,-0.03837776367351647
12.416,-0.034928708200863606
12.42,-0.016342705874036408
12.424,-0.02203090533370567
12.428,-0.025298704969095413
12.432,-0.025005501916558148
12.436,-0.032456377223692885
12.44,-0.04327342531102975
12.444,-0.00946880767632904
12.448,-0.013238886893607785
12.452,-0.03474984221426391
12.456,-0.04324183884671877
12.46,-0.014635988888896119
12.464,-0.018630740667599545
12.468,0.0008814582593902817
12.472,-0.02925227703753845
12.476,-0.026560596722556024
12.48,-0.021303291208043567
12.484,-0.011650335235963045
12.488,-0.022965738728892016
12.492,-0.026528268744097534
12.496,-0.028036576128929423
12.5,-0.005610492199538594
12.504,-0.01323040784992792
12.508,-0.012237360942394682
12.512,-0.02739161641182812
12.516,-0.03172952350400089
12.52,-0.01726982961223958
12.524,-0.014556465843253721
12.528,-0.035915320940894384
12.532,-0.041710753010790816
12.536,-0.035222092497111675
12.54,-0.022680417984756836
12.544,-0.017888730595747908
12.548,0.0015618877215870137
12.552,-0.021442086626101618
12.556,-0.019049176744637877
12.56,-0.02292371852551614
12.564,-0.007338931874997762
12.568,-0.03088404011658502
12.572,-0.03762264373354967
12.576,-0.017701364349822415
12.58,-0.019318280651844
12.584,-0.008296668481395469
12.588,-0.012223220368094279
12.592,-0.0469417785301025
12.596,-0.05474872526503865
12.6,-0.018171390499283124
12.604,-0.014074619846895842
12.608,-0.015227221695132267
12.612,-0.013075412613821046
12.616,-0.025873048010551434
12.62,-0.017828487031816442
12.624,-0.009147857378972949
12.628,-0.010754126815284423
12.632,-0.019183960428294858
12.636,-0.0049173178426674055
12.64,-0.0021179740223425635
12.644,-0.015254884471802566
12.648,-0.027757955406248112
12.652,-0.011236412216700003
12.656,-0.03873016917135955
12.66,-0.019942043193111506
12.664,0.0017790211086241119
12.668,-0.01570903077363948
12.672,-0.01661828844737706
12.676,-0.015929997010438186
12.68,-0.026974314988096326
12.684,-0.025847136242205623
12.688,-0.01523124842813196
12.692,-0.033122316628106996
12.696,-0.027154108661218975
12.7,-0.023800452791249496
12.704,-0.01443140651466537
12.708,-0.015197353370269596
12.712,-0.021941562825137102
12.716,-0.021281656803281833
12.72,-0.018324831311678707
12.724,-0.015071704937334156
12.728,-0.009572064196660835
12.732,-0.016429436257922217
12.736,-0.022926167980247304
12.74,-0.02155536955826563
12.744,-0.023225054208886015
12.748,-0.008972696057760243
12.752,-0.005652765720483396
12.756,-0.04707429167030355
12.76,-0.017955015984445256
12.764,-0.0009273240350651342
12.768,0.000563160130275785
12.772,-0.024014084139607365
12.776,-0.03999424158958852
12.78,-0.004715442062027212
12.784,-0.003942718237115715
12.788,-0.013160308663056838
12.792,-0.040731617320318034
12.796,-0.03361699531792166
12.8,-0.015702388467456106
12.804,-0.02538510702046328
12.808,-0.004622437459867493
12.812,-0.022877797898227078
12.816,-0.027007242862651337
12.82,0.0010034315958302904
12.824,-0.009302916546304937
12.828,0.0030619545550564474
12.832,-0.022017383349038105
12.836,-0.01961164172960409
12.84,-0.02848217947037859
12.844,-0.0038623810974630396
12.848,-0.013651067377505337
12.852,-0.010730031611113924
12.856,-0.011303136592330018
12.86,-0.005184495257324487
12.864,-0.032031656439731826
12.868,0.0021691412901432613
12.872,-0.006325527589735782
12.876,-0.016267152297185818
12.88,-0.006928719870400011
12.884,-0.009848582574302128
12.888,-0.019235721427231206
12.892,-0.03567484863178943
12.896,-0.036817015246161704
12.9,-0.011457116257299298
12.904,-0.007236075055155469
12.908,-0.014200399179754975
12.912,-0.023419819113802517
12.916,-0.030726586173610966
12.92,-0.011122853961494955
12.924,-0.0094639144607854
12.928,-0.012980164820565916
12.932,-0.029257258441565674
12.936,0.0018519842155417417
12.94,-0.018596166902623664
12.944,0.009939529357301203
12.948,-0.011716677284457402
12.952,-0.04185516032410814
12.956,-0.020928270144062542
12.96,-0.018143189844800994
12.964,-0.012852585075244333
12.968,-0.019624162642845257
12.972,-0.025718736555487415
12.976,-0.01866375195980438
12.98,-0.026602255424606074
12.984,-0.012295226424705869
12.988,0.009560969739849615
12.992,-0.005314157641584523
12.996,-0.01169019824763151
13.0,-0.005652613596165956
13.004,0.006567369780706418
13.008,-0.006369592350819462
13.012,-0.021185031614994715
13.016,-0.013509306278169111
13.02,-0.0004955226440409612
13.024,0.002341885110596831
13.028,-0.0029793865434250533
13.032,-0.03258203489222041
13.036,-0.030502535234419703
13.04,-0.0065383497890374905
13.044,-0.0016712602459592408
13.048,-0.024737792245499594
13.052,-0.025958807343346796
13.056,-0.01609910692622754
13.06,-0.014549779408230597
13.064,0.0005437690963618625
13.068,-0.014895258451362888
13.072,-0.018351058007076572
13.076,-0.020581645473964183
13.08,-0.01813866911000824
13.084,-0.005010984886589476
13.088,0.021661891993202034
13.092,-0.006773250461824405
13.096,-0.02391795053973817
13.1,-0.0036201723545145944
13.104,0.008641365123076838
13.108,0.004835836707150759
13.112,-0.020038652712501187
13.116,-0.019197274882964847
13.12,-0.002000636680013917
13.124,0.013247436589132182
13.128,0.013984094794318126
13.132,0.0064842328352472094
13.136,0.036608203565176266
13.14,0.0922764688350076
13.144,0.14295599140233203
13.148,0.1512891549699915
13.152,0.11111184642540253
13.156,0.11835641289596964
13.16,0.07897848968239109
13.164,0.07489172672826325
13.168,0.03223758029431433
13.172,-0.005556523533915185
13.176,-0.011585650975968557
13.18,0.00457010021087593
13.184,-0.0019382548242060527
13.188,0.010225831038412224
13.192,-0.01923254662541844
13.196,-0.019976374182327686
13.2,-0.00861891380693133
13.204,0.0020698360738395367
13.208,-0.0045498659381453775
13.212,-0.02469684170081734
13.216,-0.018860583461746523
13.22,0.008138464391051405
13.224,0.013850872297983575
13.228,0.009652961747965542
13.232,-0.010193589037112049
13.236,-0.021066268611203566
13.24,-0.0031554241851435875
13.244,0.008446921345704034
13.248,0.010181381943648073
13.252,-0.016103863502714075
13.256,0.0031863770796218167
13.26,-0.0075959919546236265
13.264,0.014135614617090909
13.268,0.004052378268488004
13.272,-0.019532346902353382
13.276,-0.015235046358070686
13.28,-0.012224016490610062
13.284,0.0001851403048840029
13.288,0.015738878633218083
13.292,0.0037624401232894122
13.296,-0.02792758962949689
13.3,-0.013372494057189668
13.304,0.013282871719182101
13.308,0.017503184007058983
13.312,-0.012207586075318601
13.316,-0.01701426737674384
13.32,-0.008362620872851403
13.324,0.009673475253070152
13.328,0.0014050807981943383
13.332,0.011041198393920194
13.336,-0.00941296532221957
13.34,-0.0013269590518607108
13.344,0.015946046748361226
13.348,0.01996285545112765
13.352,0.012142176872798387
13.356,-0.004945702143457064
13.36,0.009501643824382129
13.364,0.00968325579676851
13.368,0.006616717421655841
13.372,-0.009098761278999109
13.376,0.004795731379283984
13.38,-0.008912067514788412
13.384,0.012211278546119116
13.388,0.01232411700482294
13.392,-0.007365996661862636
13.396,-0.00944036306758337
13.4,0.01666635791199171
13.404,0.005004721905090567
13.408,0.02975373751096294
13.412,0.003596505376038931
13.416,0.006887929989323619
13.42,-0.007182729815205138
13.424,0.018602997696982794
13.428,-0.0007916803887010465
13.432,-0.006394907635446711
13.436,-0.004249721508584708
13.44,0.008290321989909576
13.444,0.0018140832988474478
13.448,0.004001621932096347
13.452,0.01007802634239166
13.456,-0.00808390644313946
13.46,0.016336933877080462
13.464,0.01512731899860702
13.468,0.021998731655411937
13.472,-0.007327214411310907
13.476,-0.00822413117350703
13.48,0.009512961790993176
13.484,0.014383875541230171
13.488,0.00911559481115614
13.492,-0.004310357187965877
13.496,-0.004048642465127622
13.5,-0.0028090609369782558
13.504,-0.0018797292812131813
13.508,0.00438064062183449
13.512,-0.004104665280243455
13.516,0.002040699683699223
13.52,0.01955495032346623
13.524,0.022195138715994205
13.528,0.0006527176359887778
13.532,-0.0027981797902347757
13.536,-0.017606327429961245
13.54,-0.007650115962921188
13.544,0.025769897839116818
13.548,0.023410105260401277
13.552,-0.011667435722330905
13.556,-0.003144201674720048
13.56,-0.0024060537697374006
13.564,0.01916576647018704
13.568,0.01865957776091751
13.572,-0.00021153404750849517
13.576,-0.0012259849443612973
13.58,0.011144167548779895
13.584,0.01774402535148542
13.588,0.02866291133069654
13.592,0.01904514086031247
13.596,0.0034009253438820964
13.6,0.026857155200909907
13.604,0.003930997992058722
13.608,0.03125855692527175
13.612,0.011282608213059892
13.616,0.00040891600143685573
13.62,0.010671707238876612
13.624,-0.0018377860663441395
13.628,0.00798820014698544
13.632,0.01572335404144934
13.636,0.003817278782346579
13.64,0.0016983397549545191
13.644,0.030340175026790966
13.648,0.026058228032707638
13.652,0.015095477403902779
13.656,-0.004500570938686774
13.66,0.026239846065900747
13.664,0.015982979603050992
13.668,0.02145493318217201
13.672,-0.00689525483638378
13.676,-0.00835525151909837
13.68,0.022249484176787255
13.684,0.015651555283200634
13.688,0.017621012020785486
13.692,-0.0035142575047476914
13.696,0.02032360787830131
13.7,0.03205659540735303
13.704,0.02233908385474381
13.708,0.017465707561823526
13.712,-0.006014308029943277
13.716,-0.002180374489000652
13.72,0.011585277537844038
13.724,0.01714512940930815
13.728,0.03968601144492155
13.732,0.0016954519238411032
13.736,-0.019350734590299817
13.74,0.024104903995243055
13.744,0.018113351759797516
13.748,0.02956543684359249
13.752,0.009062105317218804
13.756,0.005845366072676887
13.76,-0.0053868910865002995
13.764,0.032672545572201735
13.768,0.01474305630904357
13.772,0.007264497917558244
13.776,-0.001362415682300843
13.78,0.017979040832615405
13.784,0.02659220929794817
13.788,0.0267498531089443
13.792,0.016706501387221597
13.796,0.015761145171614907
13.8,0.0023105769562732775
13.804,0.008685785565331686
13.808,0.008225216864447429
13.812,0.010909498640995463
13.816,0.014749353622533691
13.82,0.02710168533818458
13.824,0.02456950103031246
13.828,0.009780083933481268
13.832,0.02564912560086678
13.836,0.012873655126324681
13.84,0.008942551447484178
13.844,0.022328281399010615
13.848,0.024312235848444178
13.852,0.006335629510405732
13.856,0.016539828865429203
13.86,0.009489437308929757
13.864,0.022034405193271264
13.868,0.02999541813571504
13.872,0.014687642957810592
13.876,0.017322146867800904
13.88,0.016972318961147544
13.884,0.039427970217980834
13.888,0.01269320683820417
13.892,0.01577018951165523
13.896,0.012854359831303203
13.9,0.03311607328701915
13.904,0.01321866566778912
13.908,0.031169660742060384
13.912,0.022574726545663625
13.916,0.0032830223066188735
13.92,0.015182463376965155
13.924,0.021746206731384395
13.928,0.02669324031748007
13.932,0.011407362678885098
13.936,0.015587232145290338
13.94,0.025794063157663624
13.944,0.020333978608982263
13.948,0.02782342204062551
13.952,0.031391284746604235
13.956,0.010333898360642677
13.96,0.008460858401587074
13.964,0.04244901979098033
13.968,0.03861847791475201
13.972,-0.007202280349599429
13.976,0.01592303976948755
13.98,0.012471813310116545
13.984,0.025064821955107498
13.988,0.018758241982836037
13.992,0.013052391639434474
13.996,0.010619787869636063
14.0,0.021607933971011115
14.004,0.03261146391892583
14.008,0.059751674196488316
14.012,0.013030693243438892
14.016,0.01626188033053932
14.02,0.015801320223441544
14.024,0.03256253831518955
14.028,0.02019889784308051
14.032,0.0239435503547454
14.036,0.006927375373700619
14.04,0.029681440153471322
14.044,0.0322819560832221
14.048,0.01337644437391468
14.052,0.0016960232887755673
14.056,-0.0011094779379976234
14.06,0.014644974432238219
14.064,0.018711656861464747
14.068,0.02881392754028928
14.072,0.00588897428498715
14.076,-0.022720495082212463
14.08,0.013260712140554238
14.084,0.022933098347165268
14.088,0.026949795090614764
14.092,-0.0009771203713827004
14.096,0.022797851709839403
14.1,0.025015333020526904
14.104,0.016738352347341914
14.108,0.03317681826110301
14.112,0.014934753082586159
14.116,0.015298828817177984
14.12,0.019595669451665836
14.124,0.02003227814029871
14.128,0.01423646982425426
14.132,0.028065095565920333
14.136,0.005407968475961535
14.14,0.028697772106902594
14.144,0.03851748950780352
14.148,0.03826670625717905
14.152,0.0037553596986738304
14.156,0.0253585913392961
14.16,0.03067922677610037
14.164,0.027802306874044985
14.168,0.016602574566819437
14.172,-0.007669034093873515
14.176,0.032094720713475494
14.18,0.036974201427712905
14.184,0.030324613555349097
14.188,0.021855263488842785
14.192,0.017493744544320386
14.196,0.012343708131105389
14.2,0.019654497967537946
14.204,0.030900364099797614
14.208,0.024667936212332917
14.212,0.010110040740859062
14.216,0.007984948785295867
14.22,0.03734944805356402
14.224,0.030550676055685313
14.228,0.026294177074445795
14.232,0.022093540956890416
14.236,0.014503213377856521
14.24,0.024057837293498755
14.244,0.022287240124343875
14.248,0.034269469452591655
14.252,0.016889607619216214
14.256,0.012552759422434988
14.26,0.02932734535754335
14.264,0.031045370126215884
14.268,0.014078773258713385
14.272,-0.0012236735883135851
14.276,0.009630804904251283
14.28,0.012244946394475192
14.284,0.02433354197302264
14.288,0.021812847080554462
14.292,0.03449023775595725
14.296,0.0063059265737165655
14.3,0.020977962803741066
14.304,0.026088587012884308
14.308,0.009441065077102143
14.312,0.007830695959664976
14.316,0.0074396392965326765
14.32,0.0006593651020580064
14.324,0.03038840496232319
14.328,0.022094249325007427
14.332,0.01759505512611767
14.336,0.0053313535915267395
14.34,0.011671676225617194
14.344,0.03254191237172804
14.348,0.009682180003501831
14.352,0.014882487434000646
14.356,0.014092841650861419
14.36,0.021912978345862626
14.364,0.04329537792937581
14.368,0.031647550764731594
14.372,0.01693286389322602
14.376,0.016204262374653354
14.38,-0.00013504074101532496
14.384,0.04409875084924844
14.388,0.020290902207579103
14.392,0.021924284389965312
14.396,-0.00562671981000259
14.4,0.04347551867344795
14.404,0.031672800653881394
14.408,0.018704421334413232
14.412,0.01158408894740558
14.416,0.020614041261848303
14.42,0.01057920997689211
14.424,0.04161671847077284
14.428,0.027305886382806507
14.432,0.04813078175529985
14.436,0.0722080289160479
14.44,0.10768408093768375
14.444,0.15453285796398714
14.448,0.1736848102338052
14.452,0.1595482145970606
14.456,0.1462266577230308
14.46,0.10627474622009973
14.464,0.07787772785243387
14.468,0.056244844991040086
14.472,0.0223946003037062
14.476,0.0158397915016192
14.48,0.02410439248456874
14.484,0.027002272294780697
14.488,0.012342956892125776
14.492,0.008019797328782649
14.496,-0.0009718196108615415
14.5,0.015940171635338486
14.504,0.023527727892356198
14.508,0.0320497721519911
14.512,-0.00895687241657071
14.516,-0.013585163620181842
14.52,0.010101211243838353
14.524,0.032762303081088275
14.528,0.023430750269960134
14.532,0.022039477052259317
14.536,0.019006802792867546
14.54,0.01852170195209322
14.544,0.024374489729139467
14.548,0.01806585108022427
14.552,0.015876494062059834
14.556,-0.0012921579485035911
14.56,0.00964945310899959
14.564,0.020207546316343323
14.568,0.028231721978538203
14.572,0.007664885086344181
14.576,0.020850877985233954
14.58,0.016538124038134757
14.584,0.03448360149369313
14.588,0.022452249498513877
14.592,-0.007662386759660401
14.596,0.005477740129800969
14.6,0.016350814836269115
14.604,0.018458269103121292
14.608,0.008384863011596152
14.612,0.02297799008580123
14.616,0.003422420876757474
14.62,0.008219496479640518
14.624,0.01983909042106418
14.628,0.02474653740448119
14.632,0.005912196126280897
14.636,-0.002527401748795095
14.64,0.01985959005739828
14.644,0.011480401230155727
14.648,0.022886656713237703
14.652,-0.001305274204713873
14.656,0.0055052630585453715
14.66,0.0014981418907819132
14.664,0.016430267069166206
14.668,0.007854794150551361
14.672,-0.006919070386820859
14.676,0.014049598917741593
14.68,0.018390790959036292
14.684,0.008071099823086469
14.688,0.019608694555980997
14.692,0.012621871991136504
14.696,0.002678815615675738
14.7,0.00463990350409794
14.704,0.02229910767476502
14.708,-0.008981480588170328
14.712,0.017093802370497756
14.716,0.011311313137799811
14.72,0.012822801116256728
14.724,0.006998804951968928
14.728,0.007674790021734183
14.732,0.008685318597783511
14.736,0.015600740303868592
14.74,0.007032170887164703
14.744,0.007988218541102666
14.748,0.010260838918837945
14.752,0.0007412865744857284
14.756,-0.0016926918863343248
14.76,0.0061981657181166576
14.764,0.028370143224523862
14.768,0.009981968300941795
14.772,-0.01401658990847316
14.776,0.0018753079782803466
14.78,0.020562250263204088
14.784,0.010652205586054335
14.788,8.778631516332888e-05
14.792,-0.013563612368867575
14.796,-0.0032853472753725677
14.8,0.01595175341683519
14.804,0.017935722929532667
14.808,0.025592039952129032
14.812,0.005793627923628916
14.816,0.005246610781422574
14.82,0.01309569823794669
14.824,0.022815212290967907
14.828,0.018009094015072384
14.832,0.012927798934803097
14.836,0.005606953958963307
14.84,0.012000287581930252
14.844,-0.0022493323400997155
14.848,0.0065220479573073736
14.852,0.00916288153854887
14.856,-0.0032927475555599227
14.86,0.01833655447490323
14.864,0.040681975573323245
14.868,0.016808184852056426
14.872,0.010680806516002214
14.876,0.0019512260398790206
14.88,0.005947258150142356
14.884,0.015887606631727603
14.888,0.019096335255319535
14.892,-0.010096310360363334
14.896,-0.007782430601401359
14.9,0.008912997026603755
14.904,0.0011145475285025078
14.908,0.012280491136772924
14.912,-0.012902394318587692
14.916,-0.00324784764147684
14.92,-0.004029681409747611
14.924,0.02635848680629499
14.928,-0.01321457758938278
14.932,0.002119442259581358
14.936,0.01536425622259531
14.94,-0.003239444703067332
14.944,0.004223803150529427
14.948,0.022555072705952375
14.952,-0.009483984197475561
14.956,-0.021000205593462246
14.96,-0.02527371067491622
14.964,0.008661012780413757
14.968,0.027082540001129838
14.972,-0.00016989238008790347
14.976,-0.010406833058493306
14.98,0.0027921488988934444
14.984,0.015505978699260393
14.988,0.0060883012225537705
14.992,-0.010586125869565316
14.996,0.007083373062427466
15.0,-0.018905820486016845
15.004,0.005646816294357855
15.008,0.00922610170781758
15.012,-0.011212125604053977
15.016,-0.007598176091134983
15.02,-0.004693568852765919
15.024,0.015927741857509684
15.028,-0.00993163606961322
15.032,0.011692440491203972
15.036,-0.014161317766926916
15.04,-0.0003929361689332159
15.044,0.002522259348760882
15.048,0.01974566802498341
15.052,0.002454039686483351
15.056,-0.022427877906092658
15.06,0.00503260740590416
15.064,0.015987878734122468
15.068,0.01750930965952119
15.072,0.004439804600673159
15.076,-0.022353953470892626
15.08,-0.006408193794539865
15.084,0.0033034376900080197
15.088,0.011988794983595542
15.092,-0.0084087857266768
15.096,-0.0192185842251518
15.1,0.002477329525053117
15.104,0.010033473522810601
15.108,0.006738039466334966
15.112,-0.022856351254213415
15.116,-0.012602566304103117
15.12,0.0011391513213352454
15.124,-0.008953677968202272
15.128,-0.002550025133127781
15.132,-0.017496988500829803
15.136,-0.00815111363425361
15.14,-0.015347457589957798
15.144,0.016285654503994034
15.148,-0.018876348316065234
15.152,-0.012528748811886292
15.156,-0.0044831728052763045
15.16,-0.01086256201627454
15.164,-0.007223774689024555
15.168,0.012757400917877158
15.172,-0.016846020339855355
15.176,-0.014640248927781097
15.18,0.0007403044935588837
15.184,0.0028972055229044623
15.188,0.020736955922138464
15.192,-0.004243935247890211
15.196,-0.0010553551474323172
15.2,-0.009043132119980415
15.204,0.022424156035586156
15.208,0.005037030599134882
15.212,-0.028169437055014557
15.216,-0.034635144613084715
15.22,-0.022363165595881866
15.224,-0.008079257678633989
15.228,-0.00396347494383292
15.232,-0.0038011853096113126
15.236,-0.007762878224406725
15.24,-0.015364041465012888
15.244,-0.00013520509562108094
15.248,0.009042466222005668
15.252,-0.03301552039917334
15.256,-0.014409658447015965
15.26,-0.0027834552379471834
15.264,0.003806164458824513
15.268,-0.007046455256288785
15.272,-0.029756503817705577
15.276,-0.016749414225486616
15.28,-0.023584473813489992
15.284,-0.012869692912598213
15.288,-0.003009752674447831
15.292,-0.007588934305125415
15.296,-0.010078004748558116
15.3,-0.009807731013978733
15.304,-0.006781993815394051
15.308,-0.004046267527446101
15.312,-0.006812291835798829
15.316,-0.003546803628336471
15.32,-0.01388225403619718
15.324,-0.015249698863598653
15.328,0.0036619230287683064
15.332,-0.010156197224482764
15.336,-0.037474179233563
15.34,0.0008949181546730554
15.344,-0.0029562871293837877
15.348,-0.011437499466544956
15.352,-0.018308600906949857
15.356,-0.021646060337559427
15.36,0.009566018394872802
15.364,-0.015503014557197901
15.368,-0.007444071264130779
15.372,-0.028289021853333825
15.376,-0.025111819965476616
15.38,-0.004503995937007899
15.384,0.0006421031520172241
15.388,-0.025793962322578183
15.392,-0.01757089483765207
15.396,-0.03141006134742896
15.4,-0.0017598414842525823
15.404,0.004447198018160433
15.408,-0.004544756009863224
15.412,-0.03046656562914258
15.416,-0.026978382712873537
15.42,-0.010346902756693244
15.424,-0.02353295125137901
15.428,-0.012433668248050846
15.432,-0.03384871027853128
15.436,-0.006985638337976177
15.44,-0.028644296639568887
15.444,-0.007908211788266136
15.448,-0.020385399644356178
15.452,-0.02241210377078822
15.456,-0.031027795225106066
15.46,-0.020271963151165202
15.464,0.0023687555919088936
15.468,-0.020571768429416194
15.472,-0.015572291148355339
15.476,-0.025805788913299935
15.48,0.011853291620699716
15.484,0.008996524126865395
15.488,-0.017636661476708504
15.492,-0.032949143996068755
15.496,-0.03228406987988262
15.5,-0.022422101500545664
15.504,-0.010831972788863047
15.508,-0.010302042906360727
15.512,-0.01666762114641281
15.516,-0.023603122626759232
15.52,0.001026221124654808
15.524,0.0039043478047144885
15.528,-0.009352457315591325
15.532,-0.015194407741959976
15.536,-0.023358902983337423
15.54,-0.024669461520465417
15.544,0.0016653127999110545
15.548,-0.006720483685810246
15.552,-0.030998463361391615
15.556,-0.02644210522089525
15.56,-0.004745120693207353
15.564,0.009454781734864266
15.568,-0.008507289285920715
15.572,-0.014639820024696947
15.576,-0.02850174440302438
15.58,-0.028691090262863123
15.584,-0.018000339425691333
15.588,-0.0020533386922271957
15.592,-0.024626420349068298
15.596,-0.019853757162049856
15.6,-0.005934824739763903
15.604,-0.016621460791325066
15.608,-0.008243878036492285
15.612,-0.01801640043035872
15.616,-0.031201345671343406
15.62,-0.03158611596180957
15.624,0.0019662924222551108
15.628,-0.004991443673023806
15.632,-0.029092666677566978
15.636,-0.008845804837997937
15.64,-0.01789151519221716
15.644,-0.017239400245926136
15.648,-0.0010113437042922231
15.652,-0.02165161584327469
15.656,-0.015912419512427986
15.66,-0.01222553513038893
15.664,-0.030667104124956192
15.668,-0.019993097940336782
15.672,-0.018179431269656564
15.676,-0.03042165898539297
15.68,-0.02071249690662375
15.684,-0.020091302148351524
15.688,-0.010125890611274365
15.692,-0.0368106647763524
15.696,-0.03971446776786338
15.7,-0.017652245972341003
15.704,0.004172024668946877
15.708,0.006348239717277351
15.712,-0.017954575023701652
15.716,-0.03356799796182259
15.72,-0.01836991950184444
15.724,-0.017446202024015797
15.728,0.016268731088366826
15.732,0.007258028707374811
15.736,0.02308235806943644
15.74,0.09142947333312242
15.744,0.1199150460725123
15.748,0.1390874990747315
15.752,0.11060090171705603
15.756,0.07795934572124509
15.76,0.060284439741557644
15.764,0.052793486263962755
15.768,0.02118069476991409
15.772,-0.00961110007154357
15.776,-0.029066287612518893
15.78,-0.004759698129303592
15.784,-0.02188991048373513
15.788,-0.02253594396345789
15.792,-0.029390679956543053
15.796,-0.023668125426324405
15.8,-0.021527376414562826
15.804,-0.017656377062019862
15.808,-0.0005105918781299172
15.812,-0.01741276744636245
15.816,-0.00830760261372768
15.82,-0.019294129028673473
15.824,-0.003375442064818294
15.828,-0.021184721857882734
15.832,-0.018543423063856944
15.836,-0.044747356443733594
15.84,-0.03512438522332806
15.844,-0.007887140117086897
15.848,-0.01653360893371432
15.852,-0.030841244180509406
15.856,-0.02442489392766476
15.86,-0.010814973718942357
15.864,-0.0035770620783097014
15.868,-0.015212780090692032
15.872,-0.029963676311673754
15.876,-0.01695356425769686
15.88,-0.006022136549666537
15.884,0.006226570952776331
15.888,-0.020263807839157155
15.892,-0.017281724700694348
15.896,-0.017010308990300708
15.9,-0.006886355976360533
15.904,0.013660895759090373
15.908,-0.005363714916318738
15.912,-0.030579966624123857
15.916,-0.03254172564420425
15.92,-0.028571420816273237
15.924,-0.002806062026060021
15.928,-0.022144008450085236
15.932,-0.03137697210429413
15.936,-0.030634948782093333
15.94,-0.014749229170021989
15.944,-0.009931318360264984
15.948,-0.009111916526506978
15.952,-0.02442080163807558
15.956,-0.04107664863954069
15.96,-0.02672513984589349
15.964,-0.006081195641371984
15.968,-0.0016621219183945175
15.972,-0.020989806248276136
15.976,-0.02477228582492445
15.98,-0.02569227428908648
15.984,0.006399855743228596
15.988,0.0018356403410519345
15.992,-0.030758095718028778
15.996,-0.030575330182904467
16.0,-0.013181141076652015
16.004,-4.116453917758778e-05
16.008,-0.02191121024411809
16.012,-0.018185194976350582
16.016,-0.037815095011929284
16.02,-0.01524673063123383
16.024,-0.0006296248616585749
16.028,-0.02642358856587443
16.032,-0.022535929441434892
16.036,-0.016079056700818713
16.04,-0.011477377822281202
16.044,-0.006333520544436006
16.048,-0.0065608583241406615
16.052,-0.01880925631526206
16.056,-0.01568335038561403
16.06,-0.02374471658570409
16.064,0.008566310550776704
16.068,-0.010274257869877358
16.072,-0.012142645259833487
16.076,-0.04899357531635555
16.08,-0.022118631733100823
16.084,-0.0030868464525467864
16.088,-0.038401366985553034
16.092,-0.014779557134875818
16.096,-0.03108859288355315
16.1,-0.02070168478731662
16.104,-0.008752074998614193
16.108,-0.005251874895330422
16.112,-0.025570010352199246
16.116,-0.04026897426839543
16.12,-0.011884351125056926
16.124,-0.006194124754533904
16.128,-0.015589704030189697
16.132,-0.04742838069108034
16.136,-0.007454142749889599
16.14,-0.016638314556173303
16.144,-0.015286101512010146
16.148,0.004696934347114877
16.152,-0.02599896516008635
16.156,-0.01990365777760083
16.16,-0.010554216346288042
16.164,-0.004517355237893208
16.168,-0.011663007945657285
16.172,-0.024147930507694756
16.176,-0.03370587164594034
16.18,-0.025722703360853576
16.184,-0.013997192445969643
16.188,-0.008850254033991332
16.192,-0.012584070076677282
16.196,-0.023813508766319314
16.2,-0.018656225460047478
16.204,0.0046254026944241855
16.208,-0.004648431067966482
16.212,-0.021169664176319464
16.216,-0.037621236602677015
16.22,-0.01967049057014778
16.224,-0.009757611295580398
16.228,-0.000525630978417322
16.232,-0.017203935953360432
16.236,-0.024894216621846446
16.24,-0.026445045664403685
16.244,-0.010064439741822192
16.248,-0.0005083736462020948
16.252,-0.0244867183001833
16.256,-0.007909996812024749
16.26,-0.010672457942865903
16.264,-0.008639041831978382
16.268,0.011272947117454184
16.272,-0.010481600684412022
16.276,-0.033643547679063385
16.28,-0.013877997067381161
16.284,-0.0036189378118709997
16.288,-0.02179701565446132
16.292,-0.0033687369445853568
16.296,-0.022448522734698405
16.3,-0.023192345493451394
16.304,-0.021341915967754158
16.308,0.001772861391521132
16.312,-0.019660029345725454
16.316,-0.0369978330686839
16.32,-0.002062342295025438
16.324,-0.01816590310077981
16.328,-0.00030959734667297244
16.332,-0.009721820046335023
16.336,-0.02399306034053311
16.34,0.012543886700360392
16.344,0.014989563832996228
16.348,0.007176296567935187
16.352,-0.017258565006028112
16.356,-0.0212675023734809
16.36,-0.005819477620944931
16.364,-0.010254748643546054
16.368,-0.0036080786303382033
16.372,-0.023665272294572784
16.376,-0.030619758747239136
16.38,-0.029553688061492056
16.384,0.009424832076894983
16.388,-0.006707720529125178
16.392,-0.0019919787629055323
16.396,-0.026396217348330857
16.4,0.0034387328031425055
16.404,0.006442360911865654
16.408,-0.011239704342061101
16.412,-0.02628982818288096
16.416,-0.01341189334954837
16.42,-0.007048466764732677
16.424,0.006868483229482365
16.428,-0.012197393784058763
16.432,-0.012115831089807141
16.436,-0.009704832132540399
16.44,-0.011749097018144625
16.444,0.01982945979223978
16.448,-0.002667957557849632
16.452,-0.01020769412173237
16.456,-0.014421139258835673
16.46,-0.019981329416048774
16.464,0.017854312296865123
16.468,0.016604805428207657
16.472,-0.03172191288296297
16.476,-0.0131254792634089
16.48,0.0027206426628724016
16.484,0.0010404203188387542
16.488,-0.004369699994241067
16.492,0.006793441947634964
16.496,-0.021699868556389293
16.5,0.004865618041978236
16.504,0.007446713132251351
16.508,0.008273400374404966
16.512,-0.011315669557727108
16.516,-0.023440925069416217
16.52,-0.0058251192336254394
16.524,0.0032594715135444196
16.528,-0.0026400911302305267
16.532,-0.02858863838868226
16.536,-0.02657849303438542
16.54,-0.023011030468175077
16.544,-0.001629629224618419
16.548,-0.009896594937464392
16.552,-0.007084587131371865
16.556,-0.012480786324161159
16.56,-0.006881731760441528
16.564,0.016955004066289615
16.568,0.011171204720849072
16.572,-0.005235083516334356
16.576,-0.021993572789279353
16.58,4.8666277874170015e-05
16.584,-0.008708443114691978
16.588,-0.010244455946564843
16.592,0.003265757020168212
16.596,-0.024011342416296953
16.6,0.009459359221535958
16.604,0.00789230365442801
16.608,0.028770850293744904
16.612,0.0012595869059519177
16.616,-0.009582395149000738
16.62,0.007966567522182515
16.624,-0.0006284735372886052
16.628,0.01815440647550045
16.632,-0.012332252361207354
16.636,0.0008609499031302838
16.64,-0.01595220358819934
16.644,0.008797806462426127
16.648,0.01019852251618088
16.652,-0.009386336369697667
16.656,0.003975196959310333
16.66,-0.005070383535830959
16.664,-0.004383679044785517
16.668,0.012016846028933385
16.672,-0.013821146796494304
16.676,-0.007922381467927864
16.68,0.0015787825380194163
16.684,0.009901532191659788
16.688,0.0029464665082550275
16.692,-0.000628483802550134
16.696,-0.006836728085108022
16.7,0.007626206091137356
16.704,0.003946718425882043
16.708,0.01057621746316162
16.712,0.0028147549169315464
16.716,-0.013849148726195866
16.72,0.001980265921643247
16.724,0.007700977923425592
16.728,0.016394211325058014
16.732,-0.0071331857306499505
16.736,0.0004932654366011213
16.74,-0.009197343014888485
16.744,0.016359278604664605
16.748,-0.0027146522754699764
16.752,0.0026201363224206617
16.756,0.008751963357028127
16.76,0.00486177612893219
16.764,0.012888995535338123
16.768,0.012053526006172969
16.772,-0.002913444446832625
16.776,0.026774538606173688
16.78,0.006798792818370461
16.784,0.010117070281111097
16.788,-0.004276913270377259
16.792,0.006651713814792358
16.796,-0.004693680173792246
16.8,-0.015153327359315832
16.804,0.01985922996999042
16.808,0.014007691992328675
16.812,-0.005416800192124853
16.816,0.004503263270498684
16.82,0.013416518389424564
16.824,0.03432419350723789
16.828,0.02469879184195873
16.832,0.0055075455752483125
16.836,0.0031437351885598283
16.84,-0.00831354958131595
16.844,0.022468369403315827
16.848,0.004737926426666652
16.852,0.03168768383010062
16.856,-0.007439455700822249
16.86,-0.0020745483146570633
16.864,0.017775840149865295
16.868,0.010254662204987702
16.872,0.0020790010454889677
16.876,-0.00578358449872468
16.88,0.02390940340559948
16.884,0.0010266343495929364
16.888,0.003213685741979791
16.892,-0.006243137843086528
16.896,0.01038798119544958
16.9,0.020313122611983956
16.904,0.022384318615247426
16.908,0.007559382714690443
16.912,-3.614618071968306e-05
16.916,0.00778633339601721
16.92,0.01160637649591813
16.924,0.014369543102902864
16.928,0.019180444099162336
16.932,-0.016480140264819518
16.936,-0.005099982986975542
16.94,0.0202264114823612
16.944,0.010740444079554804
16.948,0.037498383690271565
16.952,0.007892027443767217
16.956,0.0019545598328391985
16.96,0.014094089746223334
16.964,0.011643698539382945
16.968,0.04533804779308439
16.972,-0.0002574016494343223
16.976,-0.01572688014577285
16.98,0.003527566424085524
16.984,0.019140476030345265
16.988,0.016681269239367438
16.992,-0.002443253390648303
16.996,0.003433266602583738
17.0,0.019561470971418148
17.004,0.019231453261349344
17.008,0.018086388489930078
17.012,0.007714890172105825
17.016,-0.0006339140844421041
17.02,0.021802304761233043
17.024,0.024067750800006112
17.028,0.0472055609080102
17.032,0.04490624514503703
17.036,0.06984023935121801
17.04,0.07813893075373324
17.044,0.144024236078012
17.048,0.17663280267077
17.052,0.1671783035315395
17.056,0.1344320315055721
17.06,0.10063565576597083
17.064,0.0831413642574583
17.068,0.04978403421253198
17.072,0.014806288641636502
17.076,0.015147955843087165
17.08,0.015521674298446066
17.084,0.016987577003962397
17.088,0.031401404354379304
17.092,0.022587728991217294
17.096,-0.00011424102131310423
17.1,-0.01258665559996534
17.104,0.0072903292042461355
17.108,0.03208769683978177
17.112,0.0023435070172674755
17.116,0.01058211798781411
17.12,0.01592797605054312
17.124,0.014442302129201171
17.128,0.016071324818040415
17.132,0.008255537665425661
17.136,-0.0031470226602177756
17.14,0.04439676961925386
17.144,0.026971738621291905
17.148,0.015164870642533149
17.152,0.012690794338758311
17.156,4.269117182404379e-05
17.16,0.022773928517817604
17.164,0.022156500894463714
17.168,0.024589997723247242
17.172,0.021544135480863136
17.176,0.01150972988165273
17.18,0.0010134913729499158
17.184,0.011068968452269234
17.188,0.014124744945532437
17.192,0.013309622374295425
17.196,-0.0024198557232307603
17.2,0.024645671508046398
17.204,0.03203599732350387
17.208,0.015962628543044314
17.212,0.01304666812312869
17.216,0.0008759501292847031
17.22,0.023653565522567383
17.224,0.01922827446149616
17.228,0.02759022391004393
17.232,0.009588449503922188
17.236,0.004737035341333732
17.24,0.029850656902257883
17.244,0.026574516646103233
17.248,0.011023182463619278
17.252,0.0156059075431536
17.256,0.0034809471257495313
17.26,0.01825311240297495
17.264,0.020254630561816693
17.268,0.024055367659411183
17.272,-0.006165087876132196
17.276,0.011233459657102566
17.28,0.012926314017417534
17.284,0.050410868090247765
17.288,0.03569026073413379
17.292,0.002539235370813891
17.296,0.014270024726498529
17.3,0.03156966372203757
17.304,0.02437006480965592
17.308,0.03189935917680531
17.312,0.015826762060631543
17.316,0.010044587464491045
17.32,0.029148330179563274
17.324,0.023181235678467402
17.328,0.029305178580059633
17.332,0.007277027570904061
17.336,-0.0044724878487946845
17.34,0.012611152136113215
17.344,0.02975399937579608
17.348,0.011104777634184654
17.352,0.008598454810899343
17.356,-0.003411167978285933
17.36,0.023774940792863818
17.364,0.040024362298523505
17.368,0.016904851102027142
17.372,0.016056898709990032
17.376,0.008670188117891133
17.38,0.020267099065557174
17.384,0.039479017033127305
17.388,0.0211408944014266
17.392,0.004493093768913537
17.396,0.009845653125036978
17.4,0.03893190134533717
17.404,0.028517449756480455
17.408,0.018521557112005798
17.412,0.026825643749431256
17.416,-0.00387610127758415
17.42,0.01893104610117819
17.424,0.03850981540950108
17.428,0.033834921143559744
17.432,0.008360097882191646
17.436,0.025394146529034232
17.44,0.005143720376413963
17.444,0.014278127797822168
17.448,0.008211000931792532
17.452,0.014295312613602342
17.456,0.02215325305201768
17.46,0.016084582599200398
17.464,0.02996533547628679
17.468,0.03909699042260985
17.472,0.011475493595874922
17.476,0.007137976196665225
17.48,-0.0008082308912448696
17.484,0.0005593269062372334
17.488,0.014977055204827816
17.492,0.009501439576047876
17.496,-0.013157141334895301
17.5,0.008048460054053333
17.504,0.042926143394064836
17.508,0.0318339501468688
17.512,0.005362665647531082
17.516,-0.008174626402391139
17.52,0.006709201033591771
17.524,0.033324023564028
17.528,0.02693922940340221
17.532,0.009829392846644726
17.536,0.01434284066167958
17.54,0.033762929844006105
17.544,0.017688149787800193
17.548,0.015276787099264973
17.552,0.008630895664620188
17.556,0.005432382295280429
17.56,0.037459235777245026
17.564,0.026259599469461416
17.568,0.021927582977335082
17.572,0.026218154066298092
17.576,0.014495414769245624
17.58,0.017128327835198923
17.584,0.04346032191400797
17.588,0.023991164683859433
17.592,0.009305258859337796
17.596,-0.001858627145533285
17.6,0.011230230454603808
17.604,0.027529966074530187
17.608,0.046505672987775484
17.612,0.0027543122746596684
17.616,-0.016027381767842616
17.62,0.027598927200845197
17.624,0.04213433929868786
17.628,0.02874639894263526
17.632,0.0070442634532135555
17.636,0.010611875777863758
17.64,0.0037462162477926667
17.644,0.031249735661434064
17.648,0.02529650489536876
17.652,0.01851870089266419
17.656,0.011506770445808305
17.66,0.012735142707397427
17.664,0.021656818225861872
17.668,0.026618712613685726
17.672,0.007744201414642584
17.676,0.022409457718307803
17.68,0.011068654115499035
17.684,0.0434908619528217
17.688,0.03538279776387525
17.692,0.021450674100401385
17.696,0.03283034721925809
17.7,-0.001954097692453957
17.704,0.039607787420663135
17.708,0.03633562823574969
17.712,-0.0025482986195591462
17.716,0.01654704723935564
17.72,0.016934439667934134
17.724,0.015348406754523399
17.728,0.022280628779578766
17.732,0.027394507444375833
17.736,0.0017347334134205474
17.74,0.004393073838224381
17.744,0.03368552020000402
17.748,0.019740196518220576
17.752,-0.011135885789543509
17.756,0.0019851581971262527
17.76,0.018654349236998408
17.764,-0.0028140365787214343
17.768,0.03135749216893736
17.772,-0.0051487708343395215
17.776,0.014927069333112462
17.78,0.012966636042631456
17.784,0.021505768988520715
17.788,0.016108198392391363
17.792,0.017040887241843584
17.796,0.014805916053199206
17.8,-0.000156344292720937
17.804,0.028799695733515356
17.808,0.033619571013150405
17.812,0.0006255337277488292
17.816,-0.005428852845206734
17.82,0.021142635912555663
17.824,0.03568715758764727
17.828,0.05413831075123464
17.832,0.023462257524953255
17.836,0.023413390294197606
17.84,0.007844023916113208
17.844,0.022727708726171105
17.848,0.01802293903048847
17.852,0.01561837211662436
17.856,0.013461094301649955
17.86,0.009797970437732086
17.864,0.024492547336224867
17.868,0.020908283689503718
17.872,0.00025138063823468976
17.876,0.008239796048555936
17.88,0.00030376043743281754
17.884,0.036746598628501576
17.888,0.01771754822357202
17.892,0.007148406416895325
17.896,-0.008837648433159217
17.9,-0.016660551940927547
17.904,0.032393666691869244
17.908,0.02347794545650215
17.912,0.018825381305605147
17.916,0.006618118559696528
17.92,0.01492487714917599
17.924,0.03898930316309631
17.928,0.026400895177502715
17.932,-0.0003082349184891364
17.936,0.005010504574069012
17.94,0.019285106260173657
17.944,0.015757115822910426
17.948,0.03565112701730472
17.952,0.0013903750519008162
17.956,-0.02137690908137485
17.96,0.007977176842484635
17.964,0.026325325843440092
17.968,0.025036922823478795
17.972,0.015543523301261254
17.976,-0.005239695806012698
17.98,0.015105865637213035
17.984,0.01658642216041636
17.988,0.011244407751218894
17.992,-0.010376869548213995
17.996,-0.014300124396666648
18.0,0.004637980398336432
18.004,0.02967804598926002
18.008,0.02483508956464744
18.012,0.009003681814364946
18.016,0.006694451092831884
18.02,-0.003833981928128378
18.024,-0.0009973848290658408
18.028,0.015770330180114485
18.032,0.025498578269344832
18.036,-0.004051541083000715
18.04,0.010749921925779464
18.044,0.019395961543499058
18.048,0.03444402535347608
18.052,-0.010314665485606118
18.056,0.009192949685042157
18.06,-0.014105323899371903
18.064,0.014536150616472378
18.068,0.004188205694712715
18.072,-0.0016694350805410794
18.076,0.014538285518666778
18.08,0.022771705183606106
18.084,0.02082751125699726
18.088,0.0029460302158163393
18.092,-0.003883674706027413
18.096,-0.01109148608568075
18.1,0.01075963076654376
18.104,0.011932747867618516
18.108,0.017693825040371196
18.112,0.00847611341800929
18.116,-0.003746318679415829
18.12,0.00690858987919662
18.124,0.02051869104265397
18.128,0.008045337954143687
18.132,-0.0011930724084699544
18.136,-0.014960450116194486
18.14,-0.00018052654986964924
18.144,0.012361425011236793
18.148,0.028158136913942047
18.152,0.011494312596030683
18.156,0.0013413288462889514
18.16,0.0019254739256709856
18.164,0.03229234158065386
18.168,0.0017578818584466725
18.172,0.00509603448763529
18.176,-0.007756906128233923
18.18,0.013799324440915414
18.184,0.008531740576910144
18.188,0.006005353652683966
18.192,0.007010045148634611
18.196,-0.01354873320193508
18.2,-0.0061079262532358555
18.204,0.03010990045549571
18.208,-0.01781736060834454
18.212,-0.001780662263032397
18.216,0.010471743825666307
18.22,-0.005021556555149925
18.224,0.005844989564526911
18.228,-0.002451605154035896
18.232,-0.018046324138536945
18.236,0.0006507866650072138
18.24,-0.013099954799169962
18.244,0.025633807811519797
18.248,0.021052474660846515
18.252,0.009888320687394352
18.256,-0.006648824282914549
18.26,0.005145838871971236
18.264,0.008656220339063865
18.268,0.006442610778638752
18.272,4.630464552553325e-05
18.276,0.0024437557624601095
18.28,0.005735428579892747
18.284,0.02192156381626676
18.288,0.007842990787685907
18.292,-0.013303775676101652
18.296,-0.0012502003359710512
18.3,0.0010401046347206567
18.304,0.011983001837270536
18.308,0.013497309343895203
18.312,-0.012164727721364035
18.316,-0.018833551481143435
18.32,0.00820143063423369
18.324,0.004635132627004778
18.328,0.008763644910930684
18.332,0.028190477759418152
18.336,0.05244194077960226
18.34,0.08412218212746876
18.344,0.11477823601167596
18.348,0.16385285744920622
18.352,0.13365092708044884
18.356,0.1022203967712469
18.36,0.09506241622113709
18.364,0.054789099492099064
18.368,0.030940929962756006
18.372,0.010329057721927843
18.376,-0.003935158013090375
18.38,0.014990454824034485
18.384,0.005050159463483278
18.388,0.006083074396063856
18.392,-0.0074452924176807616
18.396,-0.02729765424489763
18.4,-0.0008755885632561809
18.404,0.002633084218769866
18.408,-0.008497468177422265
18.412,-0.03026690350576771
18.416,-0.008218198448008165
18.42,0.002514824770906541
18.424,0.01780997867295981
18.428,0.0015606569848559612
18.432,-0.011796591057170572
18.436,-0.016238341360976252
18.44,-0.006948031472339949
18.444,0.023536702252788703
18.448,-0.00026508810564868654
18.452,0.0038213492151223747
18.456,-0.022483563280027014
18.46,-0.0003193161942475738
18.464,0.0044938619178774555
18.468,-0.013006310259519274
18.472,-0.005492714060654302
18.476,-0.006179898254253354
18.48,0.009884541267448943
18.484,0.004171119945234752
18.488,0.005690350683646016
18.492,-0.013350802521524948
18.496,-0.013476233131950706
18.5,-0.003562867730489207
18.504,0.013308237774940166
18.508,0.007072771697428243
18.512,-0.003305896877750878
18.516,-0.03239984977976208
18.52,0.0005800943680542032
18.524,0.014939544194481005
18.528,-0.0025726739509331032
18.532,-0.012386270527761924
18.536,-0.008829629549000849
18.54,-0.0029739791513471526
18.544,-0.019452782167322116
18.548,-0.01618608475381295
18.552,-0.01367227009079095
18.556,-0.03477708750282121
18.56,-0.011863562488933391
18.564,0.009893582186301727
18.568,-0.00013893486317197168
18.572,-0.0295026402691285
18.576,-0.010641463498801317
18.58,-0.0006875165857453992
18.584,-0.000531501872728568
18.588,0.013052313652535712
18.592,-0.00750777302410935
18.596,-0.0069625051110343925
18.6,0.00289530694094969
18.604,0.0007924555467570106
18.608,0.0016330958253105154
18.612,-0.008075753924761498
18.616,-0.021331382292047046
18.62,-0.02672841788222835
18.624,-0.003556857093966057
18.628,0.0033171036533034834
18.632,0.0015842140463797928
18.636,-0.036171537819237175
18.64,-0.030953622944627286
18.644,0.001691307093298922
18.648,-0.015403551922423368
18.652,-0.024628584191294798
18.656,-0.010022597286261275
18.66,-0.008565781727252066
18.664,-0.0037817701985944836
18.668,-0.015055684946273285
18.672,-0.027346778919301283
18.676,-0.04336737035010669
18.68,-0.010307917054376739
18.684,0.017556398703739935
18.688,-0.002939742231510126
18.692,-0.025845673974493083
18.696,-0.02810786273026463
18.7,-0.004379232197297344
18.704,-0.0006746944587197575
18.708,-0.022379722319179094
18.712,-0.027291574189620547
18.716,-0.026134133567469665
18.72,-0.0208019781737329
18.724,-0.020006637807321044
18.728,-0.0030006761588178945
18.732,-0.004887067052039666
18.736,-0.035706500739409675
18.74,-0.0012346782914622496
18.744,0.0048203460970445335
18.748,-0.011553535423612689
18.752,-0.020623449674409135
18.756,-0.03139371989714174
18.76,-0.023019891962053333
18.764,-0.003974258361609013
18.768,-0.008401435219087537
18.772,-0.02075837976596298
18.776,-0.04117781001619929
18.78,-0.016253387201768565
18.784,-0.008066355532641812
18.788,-0.011146939610888548
18.792,-0.019854366066295703
18.796,-0.03230945680977681
18.8,-0.005161853828251385
18.804,-0.005590434167872462
18.808,-0.016536282806439203
18.812,-0.025643919635340958
18.816,-0.022565529276019618
18.82,-0.02851759187728701
18.824,-0.008629537734637083
18.828,0.006247281761816853
18.832,-0.03164792159170731
18.836,-0.014077722869009284
18.84,-0.014048092169988344
18.844,-0.011944071899420539
18.848,-0.01344922412669052
18.852,-0.02907066968347824
18.856,-0.038317497638741066
18.86,-0.03116444648117346
18.864,-0.0011441318333822899
18.868,-0.011013428210412925
18.872,-0.036592377965158615
18.876,-0.028906419455940312
18.88,0.0010035868803338344
18.884,-0.005748500122809692
18.888,0.0037482325256291155
18.892,-0.019470177868043316
18.896,-0.030504123215477703
18.9,-0.01835910956374452
18.904,-0.014097077442108806
18.908,-0.009622353031508171
18.912,-0.03726111851282506
18.916,-0.012318994225985052
18.92,-0.003912430425060131
18.924,-0.008750323275090443
18.928,-0.018617819957299
18.932,-0.0236551061331071
18.936,-0.028001027447757773
18.94,-0.02051932684001361
18.944,-0.00039534145067450337
18.948,-0.0021598178725561468
18.952,-0.01745831731781334
18.956,-0.0337370686387394
18.96,-0.011018862466477986
18.964,-0.0007407671677304682
18.968,-0.015670321700215838
18.972,-0.012171103543776495
18.976,-0.027340413193799467
18.98,-0.016419165877251212
18.984,-0.003989623192304391
18.988,-0.004434229704488929
18.992,-0.02565554765761471
18.996,-0.01868531387935321
19.0,-0.02018624882543116
19.004,-0.00014914656934396364
19.008,-0.01615988829181721
19.012,-0.03007635642035901
19.016,-0.02101632168148907
19.02,-0.011681618097193418
19.024,-0.0027356871531372074
19.028,-0.018154964824244058
19.032,-0.02328167737915148
19.036,-0.00943398902087933
19.04,-0.02259954706945355
19.044,0.00017672437964571207
19.048,-0.007561665156979144
19.052,-0.019434262452594706
19.056,-0.03627780332633054
19.06,-0.016602792404085156
19.064,-0.028126081539418615
19.068,-0.023778457628189392
19.072,-0.036755611705071654
19.076,-0.025003404887849322
19.08,-0.015519387278086324
19.084,0.010722866969844706
19.088,-0.019869171715549867
19.092,-0.023965806133450892
19.096,-0.014439984114488411
19.1,-0.03002910083459987
19.104,-0.008890279102523825
19.108,-0.019209677504876656
19.112,-0.012937342860958883
19.116,-0.026391354337440526
19.12,-0.02107375848569585
19.124,-0.018718403115125445
19.128,-0.006765739019727237
19.132,-0.02048964342641254
19.136,-0.036126183301008113
19.14,-0.017700640951290106
19.144,-0.014930140409430822
19.148,-0.018007410667061116
19.152,-0.027519127591946104
19.156,-0.021178917849978197
19.16,-0.010283739822892183
19.164,-0.0012732610761562232
19.168,-0.007656548422697091
19.172,-0.03291592142012208
19.176,-0.0464061555855592
19.18,-0.03289640566706738
19.184,-0.013779797237920378
19.188,-0.012100631731998124
19.192,-0.038049815122772765
19.196,-0.03620580469525818
19.2,-0.024097505146364814
19.204,-0.004961303655142597
19.208,-0.022499664595303025
19.212,-0.030290343400014588
19.216,-0.02917167957705528
19.22,-0.012015745714470543
19.224,-0.01954410163170236
19.228,-0.008901132898904035
19.232,-0.023622330631414005
19.236,-0.029381043730981594
19.24,-0.010298667821378312
19.244,-0.008381969240858626
19.248,-0.017854961766668016
19.252,-0.03358632582266584
19.256,-0.029115910122694814
19.26,-0.03963585279207843
19.264,-0.0021316898506870564
19.268,-0.023731378439493432
19.272,-0.021139762075282675
19.276,-0.020530080220091423
19.28,-0.02046517730315136
19.284,-0.0023569602791648023
19.288,-0.01466593640019309
19.292,-0.035869539231724534
19.296,-0.029617956533125073
19.3,-0.026311112778666802
19.304,-0.0016112982861896784
19.308,-0.020025685038509183
19.312,-0.02450723010709933
19.316,-0.0298927851817939
19.32,-0.007646548208038584
19.324,-0.01595953856590888
19.328,-0.01523392893349032
19.332,-0.043889974090432014
19.336,-0.05271501907279194
19.34,-0.018724017732772633
19.344,-0.011172293197913886
19.348,-0.011665950549380766
19.352,-0.03578313575854512
19.356,-0.03292679834121305
19.36,-0.022756504219691866
19.364,-0.00814836880832154
19.368,-0.021453090998346566
19.372,-0.01497443419315392
19.376,-0.01688267183580147
19.38,-0.029376065394109068
19.384,-0.0100630914641818
19.388,-0.01225141970019125
19.392,-0.03603839418898409
19.396,0.000358085840099949
19.4,-0.01736264341684273
19.404,-0.01685056072260912
19.408,-0.02827785087104828
19.412,-0.022308514530881812
19.416,-0.024549035977617054
19.42,-0.0061376885707399124
19.424,-0.004298280542725866
19.428,-0.009432938701957449
19.432,-0.022031850943542403
19.436,-0.0175687948145986
19.44,-0.01991243181323873
19.444,-0.006424805485924202
19.448,-0.016732514114047192
19.452,-0.021004471960670425
19.456,-0.0397748564112888
19.46,-0.009530681050490075
19.464,-0.0024005927712744245
19.468,-0.00798960938339761
19.472,-0.02700432224776536
19.476,-0.028618273445151006
19.48,-0.027323342063569865
19.484,-0.0016921420080141265
19.488,-0.008617146591422884
19.492,-0.00897128589390621
19.496,-0.038506643234061694
19.5,-0.007651635846667157
19.504,-0.0062526930678144495
19.508,-0.010245658807278034
19.512,-0.01839703896526143
19.516,-0.033569341607302385
19.52,-0.012239120739046934
19.524,-0.0006762025387279614
19.528,0.005776002271768778
19.532,-0.01656430341068193
19.536,-0.034945096119744126
19.54,-0.023897778050758982
19.544,-0.0021587206899340854
19.548,-0.018764299450818343
19.552,-0.026375762870593844
19.556,-0.03379947223100627
19.56,0.004823426337450778
19.564,0.0031350452109147973
19.568,-0.013911927761235426
19.572,-0.01678569182329915
19.576,-0.02577147056483521
19.58,-0.00018397487537706939
19.584,-0.004178316689620662
19.588,-0.03217379779150664
19.592,-0.026906959444438053
19.596,-0.020915067384031514
19.6,-0.0027141599207087426
19.604,0.007085539989035673
19.608,-0.005934326475336142
19.612,-0.02178852484930044
19.616,-0.027024067000962347
19.62,-0.0272573235314369
19.624,0.004686874239779775
19.628,0.001733655293211859
19.632,0.015574896895405782
19.636,0.02659115726946521
19.64,0.10222309064529589
19.644,0.13342694669804972
19.648,0.14903981426731341
19.652,0.12512754550869962
19.656,0.09129346605952575
19.66,0.07187603907565492
19.664,0.05153856068656242
19.668,0.022190228799091574
19.672,-0.006793063457701559
19.676,-0.01504232562779067
19.68,-0.006156960859233521
19.684,0.013527768290711334
19.688,-0.002485230757674878
19.692,-0.016997757578474628
19.696,-0.02146363712718376
19.7,-0.026825408199950683
19.704,-0.0017065509470396514
19.708,1.239851723629573e-05
19.712,-0.016703130230379396
19.716,-0.011380740073587633
19.72,0.0002659291854920365
19.724,0.00983774374967529
19.728,0.016847254041700423
19.732,-0.007697683760162747
19.736,-0.016772366436530194
19.74,-0.0151173961036318
19.744,-0.007236578217222707
19.748,0.010107056551147922
19.752,-0.0212567538315113
19.756,-0.007953332480746493
19.76,-0.011849730089672937
19.764,0.02930491585966809
19.768,0.01815988252432335
19.772,-0.020217721191152033
19.776,-0.03582728871947548
19.78,0.0024079461775309823
19.784,-0.012279020819453944
19.788,0.012857582046400171
19.792,-0.0176400489949746
19.796,-0.019113322479381467
19.8,-0.006890963969288375
19.804,0.013432954510782046
19.808,-0.013598492037718235
19.812,0.004193264313943887
19.816,-0.016637205981035352
19.82,-0.010950961355281133
19.824,0.0036292601038932773
19.828,0.003704936810530914
19.832,-0.007837212671799772
19.836,-0.007775335612062456
19.84,-0.0012619550144147406
19.844,0.014277190616532006
19.848,-0.001118760147199641
19.852,-0.029316644652477623
19.856,-0.0023363880857828964
19.86,-0.00348937213838853
19.864,-0.0032190962393250696
19.868,0.011964886480368407
19.872,-0.00893650763063937
19.876,-0.0010618536973557215
19.88,0.00027587187365346166
19.884,0.01602850204165995
19.888,-0.0027167217469035955
19.892,0.01211697114158544
19.896,-0.018388326735890734
19.9,-0.005219009072942494
19.904,0.008070245999295123
19.908,0.008013544630801379
19.912,-0.009280988802157381
19.916,-0.02625230496541424
19.92,-0.01886071406980996
19.924,-0.0005055081616284944
19.928,0.002529442831745953
19.932,-0.005830458824072864
19.936,-0.024680735667541177
19.94,0.0015475741123158167
19.944,0.001433317354636806
19.948,-0.00487089793524334
19.952,-0.02338858708560538
19.956,0.0026724856840084025
19.96,-0.02516131440787184
19.964,0.006811776731081662
19.968,0.007369957425890649
19.972,0.004966536791231102
19.976,-0.0045321062873175996
19.98,-0.01781453747839839
19.984,-0.0061447575686586296
19.988,0.004858321381154157
19.992,-0.013332651439019343
19.996,-0.009819187909067583
20.0,-0.014704729594238386
20.004,0.012995385711785327
20.008,0.020596422824206803
20.012,-0.005987139782898648
20.016,-0.027195148629974138
20.02,-0.011077999631787332
20.024,0.0001452465520022407
20.028,0.004469464808197177
20.032,-0.01167072900223624
20.036,-0.00521464598654558
20.04,0.008536895232560243
20.044,0.016068139759802553
20.048,-0.010448916864541873
20.052,-0.014698830880734023
20.056,-0.016679651125034792
20.06,-0.01248957029288145
20.064,0.011843771651100381
20.068,0.003983132979296036
20.072,-0.0018102320419266674
20.076,-0.01781524745478379
20.08,-0.014616134739726155
20.084,0.022919435860503788
20.088,0.010716574026568221
20.092,-0.0043022964039634145
20.096,0.003440062776582772
20.1,0.002040598718116991
20.104,0.006005796784001521
20.108,0.005572414194371042
20.112,-0.027969916972457435
20.116,-0.01280768691500173
20.12,0.016305005292227635
20.124,0.020094125911197747
20.128,0.007176740108040502
20.132,-0.024598667803377335
20.136,-0.002995109999674032
20.14,-0.011248462629385551
20.144,0.03311958861814074
20.148,0.010573689589723755
20.152,-0.008827391529202037
20.156,-0.003840255933750048
20.16,-0.00705512240093758
20.164,0.020940017857333043
20.168,0.011116233183072444
20.172,0.015466988443168673
20.176,-0.004477338088165941
20.18,0.008760652115842033
20.184,0.025601651382235472
20.188,0.01127027596876795
20.192,-0.0010160467025875602
20.196,0.008026621804805775
20.2,-0.0015458518990871034
20.204,0.013080280817809662
20.208,0.023205062245408116
20.212,-0.01302676705893027
20.216,0.002198758250574548
20.22,0.003739023909435907
20.224,0.0043955163752903165
20.228,0.020809699446664203
20.232,-0.0010234866824601163
20.236,-0.000991771871878926
20.24,0.014820515928232397
20.244,0.024950656115554304
20.248,-0.015525187532389675
20.252,0.0075525474545933185
20.256,-0.010023163995480628
20.26,0.00031092312117271884
20.264,0.0369162751560793
20.268,0.0184167502016377
20.272,0.0018923243922711092
20.276,-0.015300724562846084
20.28,0.006877733881946227
20.284,-0.008903511119402668
20.288,0.032070736194797174
20.292,0.0075790319448620965
20.296,0.00728003817181054
20.3,0.027265309830142973
20.304,0.023029122257300402
20.308,0.020650796962112937
20.312,0.0014242952880932115
20.316,0.0014280911670791836
20.32,0.0001620500021943718
20.324,0.02827697325592245
20.328,0.007476454658627497
20.332,0.006466769414539703
20.336,0.018995979080404696
20.34,0.02083087418413459
20.344,0.0167693114617109
20.348,0.024279986503906108
20.352,-0.003293242129508947
20.356,0.01930302328902046
20.36,-0.008182747160098612
20.364,0.04472028079515956
20.368,0.024326240634008522
20.372,0.0013873151454422902
20.376,-0.005782425832150995
20.38,0.0017439084634863176
20.384,0.02387551452703123
20.388,0.01029615368493657
20.392,0.01698047089605243
20.396,0.0008113663978130538
20.4,0.015322239013682269
20.404,0.026500947461242475
20.408,0.01402565305433539
20.412,-0.0011366535377393076
20.416,-0.007900042390579586
20.42,0.012975400876980984
20.424,0.03437788622630834
20.428,0.021148484206740974
20.432,0.004680390434447321
20.436,0.002555297068580411
20.44,0.014669700521167697
20.444,0.0374101666710613
20.448,0.025090014692757578
20.452,0.02247728267680122
20.456,-0.0007444248693681873
20.46,0.008022827847122837
20.464,0.038763713926929025
20.468,0.013893783385758807
20.472,0.011645138136241956
20.476,-0.011023230594454595
20.48,0.022543986212115896
20.484,0.02513054598924398
20.488,0.009624086967628454
20.492,0.00974486281865078
20.496,-0.005102132113899831
20.5,0.03084686375710706
20.504,0.02570564627537071
20.508,0.03188088867942359
20.512,0.009671538283100392
20.516,0.01077917469571797
20.52,0.013028933986070084
20.524,0.02233600687887199
20.528,0.029758157235836642
20.532,0.004376855194491889
20.536,-0.007959513505691062
20.54,-0.00021700152948277499
20.544,0.027338130086340038
20.548,0.020371718993551224
20.552,0.00367568257954706
20.556,-0.001604631831006037
20.56,0.014064849270494006
20.564,0.028576067468564077
20.568,0.018518394721501873
20.572,0.021177749629841387
20.576,-0.0029893868833500287
20.58,0.018277825986930965
20.584,0.03160095692714503
20.588,0.05140699384159089
20.592,0.010121637995154618
20.596,-0.002870902681789649
20.6,0.022357489770512884
20.604,0.019903703759667882
20.608,0.011358855955809212
20.612,0.013886211663575211
20.616,0.02785979080105345
20.62,0.012506254268183518
20.624,0.00699355109188346
20.628,0.036005809861210214
20.632,0.0021602577002127338
20.636,0.0016369444226137161
20.64,0.01675050549051717
20.644,0.041361467054851664
20.648,0.024691315696245456
20.652,0.0073540951709322585
20.656,0.012084211204780199
20.66,0.005760203414845486
20.664,0.02945139933883681
20.668,0.02111917808072411
20.672,-0.0020054892607135905
20.676,0.011934712345255142
20.68,0.03016599125577052
20.684,0.028524461440498028
20.688,0.020643248732279042
20.692,0.009024723204144148
20.696,0.00993394731301403
20.7,0.005810949437169076
20.704,0.04027927564736247
20.708,0.022219635074226324
20.712,-0.0005171957817106526
20.716,0.014272085476080283
20.72,0.02373593884887222
20.724,0.035342359495879404
20.728,0.026510222934944257
20.732,0.02853025504352926
20.736,0.005107636000893663
20.74,0.02491874605356304
20.744,0.02228467583239298
20.748,0.025703195559325445
20.752,0.011968371523565275
20.756,0.009358288823816173
20.76,0.023252371134280775
20.764,0.044470921154144576
20.768,0.030864916829420625
20.772,0.008510938646866875
20.776,0.029649336784797357
20.78,0.019146829438127188
20.784,0.02970421019426422
20.788,0.03188933167017585
20.792,0.01270934688740401
20.796,0.0007341590104267149
20.8,0.02927182536128103
20.804,0.01674472950039898
20.808,0.03378865917079421
20.812,0.016558223057115386
20.816,0.012818321281474962
20.82,0.023813021270539077
20.824,0.03943965579674989
20.828,0.023689821376982594
20.832,0.018669101147814546
20.836,0.000774666550279527
20.84,0.01185324811176463
20.844,0.018148107887368543
20.848,0.023504447570032717
20.852,0.017690288828137272
20.856,0.009837369291088855
20.86,0.03277733222140432
20.864,0.031883435638177623
20.868,0.03154428974471515
20.872,0.004956278188823807
20.876,0.03210349527078403
20.88,0.018310770535412926
20.884,0.018861639378704217
20.888,0.023198291225478916
20.892,0.004457900657422862
20.896,0.02618446344659764
20.9,-0.00304305212690786
20.904,0.006235320192496587
20.908,0.02031259102211563
20.912,0.004652431526269714
20.916,0.023504448632015555
20.92,0.026697774089270276
20.924,0.03226619933719995
20.928,0.0318841367939524
20.932,0.034700396621948154
20.936,0.06915550449945135
20.94,0.12160812429368884
20.944,0.13525356030220376
20.948,0.1653913586612729
20.952,0.16565044433863282
20.956,0.14431192209067473
20.96,0.10809291589460433
20.964,0.07304603726197967
20.968,0.05822775953447324
20.972,0.024429108769458634
20.976,0.01329224244835027
20.98,0.02215785911605028
20.984,0.009007092596627547
20.988,0.027129260373764737
20.992,0.006416939467339294
20.996,0.015578364912195924
21.0,0.027233451836750966
21.004,0.024713659359668693
21.008,0.03464114125493351
21.012,0.01701848537980838
21.016,0.024292832147388966
21.02,0.021297720021862535
21.024,0.0053380799923676905
21.028,0.04420404379485471
21.032,0.0010489188795059518
21.036,0.010111485820967941
21.04,0.007286868532060587
21.044,0.03931273836029586
21.048,0.04116439860205133
21.052,-0.00032604459229243835
21.056,0.010790763130675927
21.06,0.02053684617183718
21.064,0.03301862621444142
21.068,0.03024545714396742
21.072,-0.0018196919576692564
21.076,0.0038368793133028564
21.08,0.027844884744222923
21.084,0.033359266734239286
21.088,0.02782001648098894
21.092,0.014451754271240838
21.096,0.018464677693228456
21.1,-0.008873791150377841
21.104,0.015496571811622123
21.108,0.020953824416789894
21.112,0.0029227033364039364
21.116,-0.000628363817475254
21.12,0.01488027271177857
21.124,0.032982952147045524
21.128,0.015636928727471598
21.132,0.01903255637727068
21.136,0.0031318857219479433
21.14,0.023293881068410002
21.144,0.010460457429776547
21.148,0.02788525854209315
21.152,0.029764155339867756
21.156,0.011400628535700452
21.16,0.007041525451647192
21.164,0.022615404496569888
21.168,0.02553794163742624
21.172,0.005477221582276972
21.176,0.012904856836083493
21.18,0.02034084493926205
21.184,0.033751206521640716
21.188,0.03643976594179031
21.192,0.015326310131935788
21.196,0.0033121111798029806
21.2,0.02342219035493906
21.204,0.014863809244912533
21.208,0.018668083640953785
21.212,0.000873592673633591
21.216,-0.0035278905797277767
21.22,0.012867943185828602
21.224,0.033744503519255065
21.228,0.005677237266744782
21.232,0.016909591304708024
21.236,-0.020073614633290205
21.24,0.01588927007538668
21.244,0.03439171974342401
21.248,0.011627294654602086
21.252,0.003999965418885736
21.256,0.0049755055692675635
21.26,0.011241663298971808
21.264,0.033794138062246196
21.268,0.03918874356037027
21.272,-0.013357838191915172
21.276,-0.012905707837872666
21.28,0.019543055274563625
21.284,0.03586607026698737
21.288,0.012617215097472968
21.292,-0.007187395730103503
21.296,-0.0021728458552704687
21.3,0.02220390350034214
21.304,0.01842432410878898
21.308,0.006137052147956887
21.312,0.0008305587067633877
21.316,-0.006545269462709967
21.32,0.00379377896718611
21.324,0.012211433824982522
21.328,0.02275391239526765
21.332,0.01611933193058248
21.336,0.013442048100077859
21.34,0.007332011754124229
21.344,0.01943458308408245
21.348,0.028139785310332635
21.352,0.02522411150236783
21.356,0.007009430014843263
21.36,0.0030247262350271576
21.364,0.015384786767588012
21.368,0.014800385694236176
21.372,0.008434786036644581
21.376,-0.0177447424269498
21.38,0.019347704035604478
21.384,0.007774957983243973
21.388,0.0033421913637429208
21.392,-0.0017976692223951518
21.396,-0.009901154238216043
21.4,0.01777814786724778
21.404,0.012259256005839195
21.408,0.015336427754859973
21.412,0.004687568824653964
21.416,0.006257227186737241
21.42,0.009973592539199477
21.424,0.006139265024811467
21.428,0.024505793951795342
21.432,0.0011801969534944111
21.436,-0.00867941345876278
21.44,0.001998017045948276
21.444,0.02179385804317202
21.448,-8.519904966259456e-05
21.452,0.014279786268726863
21.456,0.0051038368054877065
21.46,0.007094846846758966
21.464,0.023509295302325733
21.468,-0.002466330542887099
21.472,0.010844237831487084
21.476,-0.00941980265776501
21.48,0.016775490419906246
21.484,0.019600840189944048
21.488,0.0070112598001296125
21.492,0.011108321768431444
21.496,-0.013396970387765056
21.5,-0.009271765130560824
21.504,0.015819705609586683
21.508,0.013880268886280628
21.512,0.007006324692789297
21.516,0.0037060015653783817
21.52,0.006708673020656801
21.524,0.013305769874801554
21.528,0.015600140947182383
21.532,0.0077485326554856656
21.536,-0.005145857794381316
21.54,0.021172420228152886
21.544,0.0028213796371571627
21.548,0.0021251064472356234
21.552,0.00725110982482709
21.556,-0.013199732970554065
21.56,2.93638991325524e-05
21.564,0.002482595519434274
21.568,0.01866135263925353
21.572,0.004212065387455763
21.576,0.006604813405111593
21.58,0.004600469849141009
21.584,0.016058141370510415
21.588,0.01743170743684857
21.592,-0.024047686328131274
21.596,0.012621113967126335
21.6,0.016945524028285256
21.604,0.021851499111454432
21.608,0.0108058377149555
21.612,-0.006736585789777312
21.616,-0.021610575201604212
21.62,-0.01225676613954187
21.624,0.003644915764912736
21.628,0.02928024288778049
21.632,0.0006845489980485961
21.636,-0.022779526366151104
21.64,0.0026286510428201793
21.644,0.011424040340148253
21.648,0.004454810393914109
21.652,0.004252073532337786
21.656,0.010273379433989994
21.66,0.013254741973122803
21.664,0.007953089492747893
21.668,-0.00216396197600843
21.672,-0.0005182534092873113
21.676,-0.004064448665783901
21.68,0.003556263188577881
21.684,-0.0013144611853284846
21.688,-0.00039316541949716965
21.692,-0.017531715009234276
21.696,0.0034179189018396644
21.7,-0.0017348467368627973
21.704,0.01064203108781418
21.708,-0.004698340008037233
21.712,-0.005012958572079292
21.716,-0.01883126186923876
21.72,-0.0033500604380875573
21.724,-0.005839075692049381
21.728,0.013623712080175421
21.732,-0.019002923948233774
21.736,-0.008359770291021754
21.74,0.007441913751963453
21.744,0.004058593002850162
21.748,-0.008222530047744845
21.752,0.00032058951916578635
21.756,-0.006203585594214682
21.76,-0.0033779104607881906
21.764,0.016484889982384274
21.768,0.00012026165174944779
21.772,-0.0036373054940089834
21.776,-0.01370773074210577
21.78,0.005555678619202932
21.784,-0.004636630477790655
21.788,0.002733702774027425
21.792,-0.017416958523266936
21.796,-0.03226462224658795
21.8,-0.012685739534803925
21.804,0.0012829898791428896
21.808,0.0011896320191756677
21.812,-0.0018931639576302527
21.816,-0.02206237819908779
21.82,-0.015361843490456084
21.824,-0.013640086974663915
21.828,-0.008559408931842177
21.832,-0.00877664103307894
21.836,-0.010439495679435631
21.84,0.0042706205475139215
21.844,0.003977454434982394
21.848,0.0012841606240169578
21.852,-0.010754490690249901
21.856,-0.025242974625639146
21.86,-0.005977464208275231
21.864,0.027650786851479828
21.868,-0.012616544952295885
21.872,-0.01717545093379904
21.876,-0.0006945839676496396
21.88,-0.006723402037178875
21.884,-0.01499227726795769
21.888,-0.014888412531053583
21.892,-0.023257394180959498
21.896,-0.02018989187775424
21.9,-0.017101587107791125
21.904,0.02056302181028772
21.908,-0.027308598008845743
21.912,-0.026812175531565115
21.916,-0.014720658397108462
21.92,-0.0063231363927656725
21.924,0.01538131584361442
21.928,0.004959052158162869
21.932,-0.012111955181242591
21.936,-0.017150772982645023
21.94,-0.012486454767140573
21.944,-0.009375021696008316
21.948,0.006205287299166963
21.952,-0.020909234763298857
21.956,-0.009658222971632595
21.96,-0.022890554128378735
21.964,-0.0033562847231415906
21.968,-0.010174102943695675
21.972,-0.027969849200709836
21.976,-0.0020522502029711766
21.98,-0.01812909795917028
21.984,0.024014964181314068
21.988,-0.0029258729827912272
21.992,-0.014749364131306408
21.996,-0.028928846912627933
22.0,-0.003734789916476206
22.004,-0.013085518907705936
22.008,-0.020738724220346786
22.012,-0.010625528316321076
22.016,-0.020637799105552808
22.02,-0.01639343683561864
22.024,0.006182898267841382
22.028,-0.005590480793325567
22.032,-0.023400388785478798
22.036,-0.017741832429565004
22.04,0.009551489365688877
22.044,-0.00024379794588328795
22.048,-0.0018992137123388887
22.052,-0.02507140995993357
22.056,-0.018272880697491264
22.06,-0.012522446255251167
22.064,-0.002111588550987296
22.068,-0.016547235670370173
22.072,-0.03051493810315398
22.076,-0.016291356720249624
22.08,-0.015296630206411746
22.084,0.002495629879293763
22.088,-0.01296288735220659
22.092,-0.020712949857860475
22.096,-0.03997231540787319
22.1,-0.013972285379569854
22.104,-0.007231673473975568
22.108,-0.005595224452872804
22.112,-9.313233490680292e-05
22.116,-0.03187648447358123
22.12,-0.0008558321188206208
22.124,-0.021003831055649572
22.128,-0.011529746077688745
22.132,-0.03401105842208445
22.136,-0.016770071068773332
22.14,-0.023380527620504354
22.144,-0.01974560893510969
22.148,-0.002993858608088866
22.152,-0.0250368897103474
22.156,-0.03379620229884611
22.16,-0.01653839910689798
22.164,0.0058865557551692396
22.168,-0.007195682020250912
22.172,-0.01401939731030645
22.176,-0.018263057363191986
22.18,-0.003214389790086831
22.184,-0.004819198776084126
22.188,-0.022784354845390035
22.192,-0.013749582282547065
22.196,-0.02211707012353624
22.2,-0.017500282353463965
22.204,-0.009457724839147367
22.208,-0.007733937180034744
22.212,-0.0207349367026894
22.216,-0.020523798748220204
22.22,-0.026615547113474504
22.224,-0.020164985281494168
22.228,0.0018203794549391161
22.232,0.01608056236183346
22.236,0.0009111875765444415
22.24,0.05705327111011751
22.244,0.10781832925859067
22.248,0.1404506938721763
22.252,0.12432352902869752
22.256,0.08823707194120069
22.26,0.07184404762857045
22.264,0.05678941391644752
22.268,0.025024387542351104
22.272,-0.010843570230612333
22.276,-0.006470741971353847
22.28,-0.033992270460292434
22.284,-0.012526554158552252
22.288,-0.01923631295249766
22.292,-0.01732235272769175
22.296,-0.041313964689595736
22.3,-0.018323930398725596
22.304,-0.006905016317525785
22.308,-0.02305125636409191
22.312,-0.022949978167570367
22.316,-0.031969460359525526
22.32,-0.017912837010882723
22.324,-0.011261916066014326
22.328,-0.016203357050193802
22.332,-0.01471619571672322
22.336,-0.034566660970989094
22.34,-0.02864614592484361
22.344,-0.021990083829891545
22.348,-0.01020932933358061
22.352,-0.04057887490781367
22.356,-0.03798982144813763
22.36,-0.026452194050709733
22.364,-0.002838473976216496
22.368,-0.017860329526926746
22.372,-0.030188302760881584
22.376,-0.03640697204739126
22.38,-0.031858735127534364
22.384,-0.01109132259520001
22.388,-0.01262318859119297
22.392,-0.023097329555901436
22.396,-0.023539475677670993
22.4,-0.009481003648367655
22.404,-0.014647268117720852
22.408,-0.010332252440855366
22.412,-0.01254779781283884
22.416,-0.02619463740066728
22.42,-0.016778175150189558
22.424,-0.005787132953917463
22.428,-0.0033492155859458396
22.432,-0.029671528329428667
22.436,-0.02992181698795156
22.44,-0.03363220934996121
22.444,-0.013959306686173574
22.448,-0.01779732860153361
22.452,-0.017184538455819014
22.456,-0.03365215101585174
22.46,-0.0001392662156304257
22.464,-0.003920757931033369
22.468,-0.008628689549600872
22.472,-0.02129518397790418
22.476,-0.037638496649570946
22.48,-0.027845773722658604
22.484,0.0030193681514717637
22.488,-0.005061124300641949
22.492,-0.019399897668635993
22.496,-0.04406385226708787
22.5,-0.02504691782015403
22.504,-0.020355031324880576
22.508,-0.013717006379552614
22.512,-0.04233368583070858
22.516,-0.0331006068803907
22.52,-0.018569573406965287
22.524,-0.013688219088397523
22.528,-0.004201165053799288
22.532,-0.024743284429548464
22.536,-0.024873620304568207
22.54,-0.0323997841779846
22.544,-0.01804961338891467
22.548,-0.01869789113241551
22.552,-0.02279520928977084
22.556,-0.03674689997296424
22.56,-0.031117145657370372
22.564,-0.005234922197632513
22.568,-0.007138647886266404
22.572,-0.022162673717470525
22.576,-0.010392113288459695
22.58,-0.01783037429979489
22.584,5.539898094983689e-05
22.588,-0.025782562078596055
22.592,-0.02621100166965424
22.596,-0.03403949075387631
22.6,-0.0249431875986645
22.604,-0.011603693143646237
22.608,-0.008258459184032622
22.612,-0.011883082708971695
22.616,-0.02365686023808782
22.62,-0.009845178206611134
22.624,-0.0016990542726992748
22.628,-0.03372833864491463
22.632,-0.011804908360885037
22.636,-0.043394570001841326
22.64,-0.035481780869265206
22.644,-0.0146478316919929
22.648,-0.0015637884667954651
22.652,-0.02194292759003006
22.656,-0.038998437007709254
22.66,-0.009399514752816541
22.664,-0.009078052104115825
22.668,0.0012085997334520433
22.672,-0.011263438850606607
22.676,-0.013966564400568753
22.68,-0.02861946665942886
22.684,-0.003543318500136671
22.688,-0.027612900295278377
22.692,-0.019733528490960675
22.696,-0.03343052881181537
22.7,-0.021164373056876226
22.704,-0.0022391819239193766
22.708,-0.006311627869425389
22.712,-0.030156272425977636
22.716,-0.024001519265600214
22.72,-0.015413750720555505
22.724,-0.0044559454137355105
22.728,-0.015384636426178584
22.732,-0.006666070679151894
22.736,-0.0199456718674932
22.74,-0.006207029601104417
22.744,0.005642860193554844
22.748,-0.008232836391583127
22.752,-0.01916487761925029
22.756,-0.01635390939624303
22.76,-0.029049976510389222
22.764,-0.012978195327313187
22.768,-0.023156106481206966
22.772,-0.03658249070821297
22.776,-0.035561744792487866
22.78,-0.02250278791077153
22.784,0.007776472443809744
22.788,-0.020046386388612634
22.792,-0.029418623346786216
22.796,-0.02523980133844397
22.8,-0.01117100317868032
22.804,-0.021144621815544273
22.808,0.0023450935007218697
22.812,-0.02741830729141451
22.816,-0.022385405478996753
22.82,-0.022439969452385956
22.824,-0.010314879575968949
22.828,0.004095944438041996
22.832,-0.01845548157176173
22.836,-0.022913072343901643
22.84,-0.025471963272208024
22.844,-0.0035760818616611236
22.848,-0.02076485413138158
22.852,-0.011344847985839726
22.856,-0.013507746863804763
22.86,-0.01311001528765045
22.864,0.006307311582167007
22.868,-0.02424145273265313
22.872,-0.013130117183998357
22.876,-0.010043213409485127
22.88,-0.016907974959098147
22.884,-0.00032275331388725674
22.888,-0.005986937637444855
22.892,-0.021691812334834325
22.896,-0.007906337367866605
22.9,-0.003969462786599204
22.904,-0.008094198751637156
22.908,-0.005392878790544881
22.912,-0.01869632972790168
22.916,-0.030180183204108237
22.92,0.013564138305408691
22.924,-0.008340153885140192
22.928,0.0031233564024340556
22.932,-0.02840988749490324
22.936,-0.026744765772725852
22.94,-0.01954039034890276
22.944,-0.0053449697198696714
22.948,-0.011164207039143488
22.952,-0.02064284001729862
22.956,-0.021998948782074087
22.96,-0.01364064265424936
22.964,-0.009055479255808485
22.968,0.004525854522912764
22.972,-0.018283137816103343
22.976,-0.03359715999695989
22.98,-0.008446559415092637
22.984,-0.011325785157141749
22.988,-0.0038319151762672937
22.992,-0.02432820562283379
22.996,-0.026452054444056933
23.0,0.01111964598558899
23.004,0.007542860299391054
23.008,-0.009018298411542018
23.012,-0.0248410708919989
23.016,-0.01720778957516748
23.02,-0.013733476871587783
23.024,0.013076389508366648
23.028,-0.01674265392585396
23.032,-0.017754675424454282
23.036,-0.024277307765823684
23.04,-0.024918790399303045
23.044,-0.006400883686604699
23.048,-0.014149992115624904
23.052,-0.010613557748682282
23.056,-0.011106932693393603
23.06,-0.008613139808467497
23.064,0.003454570524539092
23.068,-0.010150792994573474
23.072,-0.0022771626656456125
23.076,-0.007922203235854372
23.08,-0.017012882395221834
23.084,-0.008261339243164965
23.088,-0.001606694185351861
23.092,-0.025873781647026955
23.096,-0.030512262952782827
23.1,-0.014124771675358014
23.104,-0.006087414982560774
23.108,-0.007832232046993737
23.112,-0.029753844828284658
23.116,-0.002178109495873
23.12,-0.011194107818706585
23.124,0.0007174107147973037
23.128,0.002002858832265939
23.132,-0.0034087195038961463
23.136,-0.04215984323628402
23.14,0.012353322394575143
23.144,-0.007062200004418806
23.148,0.0012662786962184835
23.152,-0.018352071162205694
23.156,-0.018786790003194005
23.16,-0.010624993366097667
23.164,0.011566395553662519
23.168,-0.001598701029215611
23.172,-0.011452991541308643
23.176,-0.031970482157041596
23.18,-0.033136889508703776
23.184,0.005773871296443392
23.188,-0.009669002667232793
23.192,-0.02922419714435143
23.196,-0.01472513074268629
23.2,-0.003343722476032627
23.204,0.02267609263017819
23.208,-5.176906337020547e-05
23.212,-0.02322675468994862
23.216,-0.005787646721777876
23.22,0.010391458016150653
23.224,-0.00023159228581983403
23.228,0.024263287114823357
23.232,0.004988210912374464
23.236,-0.014366488509281395
23.24,-0.0025518028711503955
23.244,-0.00013399420717796935
23.248,-0.007582420506014557
23.252,0.007004149492019707
23.256,-0.007075394342351077
23.26,-0.008062688208414687
23.264,0.0006639262858210235
23.268,-0.007635603355393709
23.272,-0.01691242917819165
23.276,-0.011090615126953984
23.28,0.011010317698751323
23.284,0.006003127265353854
23.288,-0.005855464909404749
23.292,-0.014161722291292977
23.296,-0.019128163179493306
23.3,-0.004986211230814464
23.304,0.02799525722182337
23.308,0.015816879853712218
23.312,-0.010693396831562067
23.316,-0.01686280361136775
23.32,0.008273554747031524
23.324,0.003893853529906217
23.328,0.003562451554550149
23.332,-0.007623163070402655
23.336,-0.009884942217753887
23.34,0.011298607489953568
23.344,0.019066539452611744
23.348,0.023791497070397898
23.352,-0.0024984180046215554
23.356,-0.009607030932688455
23.36,0.0019244454779341871
23.364,0.018952287576914008
23.368,0.009200402307902466
23.372,0.009262956758560132
23.376,-0.02438963934116741
23.38,0.014532090967972177
23.384,0.007383028689356793
23.388,0.00975610733822658
23.392,0.010511254849785162
23.396,-0.005154916671100753
23.4,-0.018762921446052728
23.404,0.027044141692946402
23.408,-0.0054236707924418814
23.412,0.014048610210463365
23.416,0.00014940677035816044
23.42,0.0017491801085599066
23.424,0.020109968676094558
23.428,0.01202396336320466
23.432,-0.006715875500389365
23.436,-0.0052902290114765806
23.44,0.004968246744873658
23.444,0.013191665520771109
23.448,0.001415664724284239
23.452,0.007540408718361961
23.456,0.005478590546060559
23.46,0.008444921934639192
23.464,-0.006047027541657247
23.468,0.02000191572800173
23.472,-0.004195110810591693
23.476,-0.018088138819063133
23.48,0.00034135203991779006
23.484,0.019128321962233154
23.488,0.013615801657151235
23.492,0.006978612040343505
23.496,0.0036024349850667875
23.5,0.021895249839834617
23.504,-0.004318783737862018
23.508,0.02414818655480286
23.512,0.0132058422530642
23.516,0.01585655252844708
23.52,0.019989682348076868
23.524,0.016175237799764923
23.528,0.021436912560779176
23.532,0.031229964859559898
23.536,0.040135428965029744
23.54,0.08709522842712719
23.544,0.14912603155226137
23.548,0.17719218094409
23.552,0.1472024345748216
23.556,0.12185638181000352
23.56,0.11198995241753422
23.564,0.0620752165806015
23.568,0.04585672671944009
23.572,0.03265876091389728
23.576,0.010163830675500984
23.58,0.011597665870437654
23.584,0.00963983807784031
23.588,0.007447078206163231
23.592,-0.002236015711992236
23.596,0.009238562996903966
23.6,-0.01723556017991087
23.604,0.0199688305650066
23.608,0.015990005856656553
23.612,-0.003893677365372693
23.616,0.0196539408312159
23.62,0.027908221722967284
23.624,0.007506015297516416
23.628,0.009966406086277337
23.632,0.006884218804881903
23.636,-0.0021076893140006556
23.64,0.01581432372889878
23.644,0.01258677349492469
23.648,0.013470427705596203
23.652,0.004776627685873126
23.656,0.003689181690907598
23.66,0.014064951943921098
23.664,-0.0021343018050285698
23.668,0.026862060014493858
23.672,0.012283923351303802
23.676,0.008743667188570538
23.68,0.0342698834252293
23.684,0.011151412100539517
23.688,-0.0011419329553971
23.692,0.014662208640947354
23.696,-0.0039106145012538125
23.7,0.007984298753740356
23.704,0.030958168516138265
23.708,0.007288677130754097
23.712,0.008357994602233295
23.716,-0.012202549100134838
23.72,0.006282180198118402
23.724,0.015745102512168013
23.728,0.012593006868309366
23.732,0.019564104902224405
23.736,0.00631901547902708
23.74,0.02595276321056751
23.744,0.01906635166075306
23.748,0.001520174545945177
23.752,-0.00057363438645275
23.756,-0.01225002332493662
23.76,0.032608565601319466
23.764,0.024364116445079076
23.768,0.029931994395797138
23.772,0.008195101439843986
23.776,0.013574784713586351
23.78,0.022042423215615253
23.784,0.018265412667625564
23.788,0.018706126192547898
23.792,0.0029812470489782184
23.796,0.004905976985630483
23.8,0.017195242628714903
23.804,0.03629296970675675
23.808,0.00434276771059262
23.812,0.007731100158687764
23.816,0.01984566157056384
23.82,0.011141926920379507
23.824,0.015083067706356488
23.828,0.02792551290877958
23.832,0.017356014419760347
23.836,0.0054090544890426995
23.84,0.008206878088902239
23.844,0.012805055072799285
23.848,0.013301991404514067
23.852,0.008307021703495138
23.856,-0.005806984244620719
23.86,0.012217407235040369
23.864,0.027793151662767798
23.868,0.01978843908681034
23.872,0.01828224334864934
23.876,0.010061501607143723
23.88,0.005954300128358065
23.884,0.03374446976337289
23.888,0.024859392230392206
23.892,0.00630866540422396
23.896,0.008689732591810124
23.9,0.014874690606654565
23.904,0.003456530481972645
23.908,0.02686011900953389
23.912,0.0187989476493948
23.916,0.0006843263829404249
23.92,0.013356821059569654
23.924,0.02613806518584599
23.928,0.040290114239769914
23.932,0.0050982850327293055
23.936,0.018595329535114814
23.94,0.014328261314661372
23.944,0.026885229924670545
23.948,0.017378525589184318
23.952,0.005065724742190293
23.956,0.012548283425380575
23.96,-0.002754936015544166
23.964,0.0371439980071109
23.968,0.028632761817112554
23.972,0.027667533210944395
23.976,0.015678016915819947
23.98,0.007345909903381707
23.984,0.0339941153704741
23.988,0.025901990276511896
23.992,0.012837935253711739
23.996,0.014215087757085904
24.0,0.004920660706627942
24.004,0.03492651306790348
24.008,0.020827044028747056
24.012,0.015849351340375104
24.016,0.019447486532277136
24.02,0.02957949794908155
24.024,0.024790791403179763
24.028,0.03686988129200373
24.032,-0.002646238743835884
24.036,-0.006230426168995846
24.04,0.0022502740044274758
24.044,0.03489097145203566
24.048,0.01902801066578135
24.052,0.01869571882899145
24.056,0.0010335280812815602
24.06,0.022991481338133873
24.064,0.03464958874436235
24.068,0.026464262669053242
24.072,-0.0008977524303775547
24.076,-0.00046573896513567997
24.08,0.006857594902965794
24.084,0.0447479204073377
24.088,0.028053276894467367
24.092,0.010379121684443993
24.096,0.00952600235672938
24.1,0.009102972896169577
24.104,0.029799245974468355
24.108,0.039925348061562116
24.112,0.021999979838543765
24.116,0.01808760301736544
24.12,0.014859566265372753
24.124,0.04352593551283762
24.128,0.03924976307246526
24.132,0.014123018148382838
24.136,0.004079571230635441
24.14,0.00619399252331849
24.144,0.04012161765198943
24.148,0.03195042378608997
24.152,0.01302678855533926
24.156,0.004158900879171902
24.16,0.01749467281248079
24.164,0.012779133076106428
24.168,0.01256344077488549
24.172,-0.0018516652346305881
24.176,-0.004945309053358913
24.18,0.019109636655432808
24.184,0.01139109214666401
24.188,0.008504894562562058
24.192,0.016500266211332368
24.196,0.01348249451018205
24.2,0.04388279746330603
24.204,0.03888976069337287
24.208,0.02987716746385072
24.212,0.016329012305527725
24.216,0.016876790980654997
24.22,0.016089996024885353
24.224,0.012495387544309823
24.228,0.022131186283103343
24.232,0.02444537246623523
24.236,-0.001362111099196102
24.24,0.018881842557538924
24.244,0.018012338691973585
24.248,0.03346748498949298
24.252,-0.002289657191319662
24.256,0.021686600949947406
24.26,0.010792611334702927
24.264,0.054992370032934
24.268,0.026947214509719968
24.272,0.024583113243390388
24.276,0.022645569841422214
24.28,0.03691352963826555
24.284,0.04711927163380926
24.288,0.04126658367994227
24.292,0.01898654206035904
24.296,0.022199271814298836
24.3,0.019759143997869467
24.304,0.015303940155223617
24.308,0.027810472061325024
24.312,-0.0025198125669756294
24.316,-0.0012994478472428527
24.32,0.009890541623323552
24.324,0.01706890012601585
24.328,0.036090395755047536
24.332,0.030371469835893332
24.336,0.00019242126695291455
24.34,0.029035234335939436
24.344,0.027793040750462635
24.348,0.025094327423149855
24.352,0.024541711221568896
24.356,0.02094250575818002
24.36,0.02470987681432273
24.364,0.03268678822298004
24.368,0.03477281236109234
24.372,0.03125274365607011
24.376,0.021809900264798215
24.38,0.027174016011231046
24.384,0.02623358974411697
24.388,0.012071831019761918
24.392,0.010356557784455392
24.396,0.028090277139536567
24.4,0.014482496484547957
24.404,0.04696707570406723
24.408,0.020788155685503462
24.412,0.0005438030160340931
24.416,0.021259841993414075
24.42,0.03328902609615688
24.424,0.03147085407781376
24.428,0.013562583189062952
24.432,0.01607160967269182
24.436,0.0016202399473740376
24.44,-0.0014754658766747003
24.444,0.03073064490296501
24.448,0.015120252041976616
24.452,0.03056454092356454
24.456,0.005648706540650949
24.46,0.013063847615224779
24.464,0.02481392665632544
24.468,0.02132317719166487
24.472,0.014116602084153846
24.476,0.012857191333855808
24.48,0.0265695726628436
24.484,0.03056263071539146
24.488,0.018839544076232735
24.492,0.012462417755887726
24.496,0.013533690091815688
24.5,0.01483814205718437
24.504,0.029695488583305105
24.508,0.028680787369764114
24.512,0.0015539213023117813
24.516,0.004463026025832051
24.52,-0.0016287712781939655
24.524,0.005083639434069316
24.528,0.012253618783976081
24.532,0.014580054511003866
24.536,-0.00405804474706245
24.54,0.010588132513354572
24.544,0.03963297974161996
24.548,0.03984717487860376
24.552,-0.003397765090467202
24.556,-0.00600095831108112
24.56,0.009277723310485347
24.564,0.020171826428327662
24.568,0.01060045697942704
24.572,0.004704102379955206
24.576,0.0018891540209863954
24.58,0.04498198026219098
24.584,0.0098770803326594
24.588,0.021505366333645068
24.592,-0.00025772462543649857
24.596,0.018708390331214075
24.6,0.030839024875704415
24.604,0.01863633981579029
24.608,0.010241544160021267
24.612,0.00890033790995753
24.616,0.009788187637289426
24.62,0.02919818004657524
24.624,0.02591467968414937
24.628,0.03609099790458192
24.632,0.011700346518816799
24.636,0.008344346139944846
24.64,0.02297600324012098
24.644,0.03059690606345718
24.648,0.023460853637269383
24.652,-0.0053082786158065035
24.656,0.00172748671984031
24.66,0.016781474215409802
24.664,0.010905683704252081
24.668,0.02459370218335883
24.672,0.027474266812585985
24.676,0.00917989677701326
24.68,-0.0053048341796477876
24.684,0.01788846690679675
24.688,0.013875802447219983
24.692,0.002974982261790276
24.696,0.002086148192247491
24.7,0.022055173310190516
24.704,0.025168395577161613
24.708,0.01581785751801939
24.712,0.011234865147915482
24.716,0.018862877196522715
24.72,-0.008126912328457844
24.724,0.023214664143465975
24.728,0.01751514163018727
24.732,0.016419777738413577
24.736,-0.0016281151000146108
24.74,0.0006106334845181315
24.744,0.010397754497670232
24.748,0.0009684432926104127
24.752,0.0026739870552520504
24.756,-0.014186406062913645
24.76,-0.0010273244531462146
24.764,0.021481529956238667
24.768,0.012486255263418733
24.772,0.01727302695995678
24.776,0.00017493960414379688
24.78,0.008920915985496016
24.784,0.022441937924114808
24.788,0.01996774970717032
24.792,0.007361841181542501
24.796,-6.401565684511167e-05
24.8,-1.1736523989148984e-05
24.804,0.02501163124772101
24.808,0.0029258995569669734
24.812,0.014988312182441852
24.816,-0.006005792453608328
24.82,0.0226514781285507
24.824,0.03103956116598371
24.828,0.022422082755293216
24.832,0.034545229018277855
24.836,0.06995672526983708
24.84,0.10210874868605023
24.844,0.15614310687304625
24.848,0.1553645798959824
24.852,0.14252699213718995
24.856,0.11686033492767811
24.86,0.0942321290349587
24.864,0.05858266255809676
24.868,0.02453958285551014
24.872,0.013054585863933158
24.876,-0.0006311409557588588
24.88,0.009558454405142396
24.884,0.018322609827097033
24.888,0.013055902399027697
24.892,-0.0002710663108805274
24.896,-0.015014879805241976
24.9,0.018983021861466054
24.904,0.012284104382914636
24.908,0.008795602210886704
24.912,-0.026846614606415475
24.916,-0.009690704266209839
24.92,-0.009364716175094953
24.924,0.0032808145606577545
24.928,0.009711725762440275
24.932,-0.006360002631689803
24.936,-0.00011441771309503908
24.94,0.002235347599095782
24.944,0.018290423475873608
24.948,0.005105610533713413
24.952,-0.009023514138451061
24.956,-0.015552005217418136
24.96,0.006336651079537689
24.964,0.005879203813238325
24.968,0.018022195456702295
24.972,0.0017527750231048243
24.976,-0.0058541473035435
24.98,0.0037833458059839164
24.984,0.0034205628446141905
24.988,0.02206539864422258
24.992,-0.0023534821780611306
24.996,-0.03418465317664904
25.0,-0.02287442363289047
25.004,0.02040548457068301
25.008,0.020975337706646967
25.012,0.00410684255154818
25.016,-0.004518124486788621
25.02,-0.0006514047604278956
25.024,0.01669059962981331
25.028,0.013844542113923589
25.032,-0.001848682113110075
25.036,-0.014367757560475793
25.04,0.0038730873249877462
25.044,0.0036252097922770494
25.048,0.0017874121461757932
25.052,-0.009093883440799675
25.056,-0.0152371403150029
25.06,-0.004691821008026299
25.064,0.00462935501809372
25.068,-0.009584429565706524
25.072,-0.004137351645394372
25.076,-0.007835827413283978
25.08,-0.008121602517896523
25.084,0.01502063401627441
25.088,0.009927515960050549
25.092,-0.002084024712128366
25.096,-0.00992301530656776
25.1,-0.0072582342525543304
25.104,0.012198503758828062
25.108,-0.012393966809010275
25.112,-0.0004868368522452024
25.116,0.0038375346602449196
25.12,-0.011581766443896076
25.124,-0.026731970179407073
25.128,0.014371377742823276
25.132,-0.022581898941913967
25.136,-0.01584606610819861
25.14,0.021788363640314494
25.144,0.016505080625624554
25.148,0.017486352291102927
25.152,-0.0031994343447112952
25.156,-0.01614921245443842
25.16,0.0075716025190686945
25.164,-0.004921430500266951
25.168,0.004705320336927599
25.172,-0.018301285812445757
25.176,-0.019082848196036124
25.18,-0.020099551189163577
25.184,-0.0030203552952868286
25.188,0.0008307320849178007
25.192,-0.016819418593967968
25.196,-0.02220094857107872
25.2,0.003944748878964077
25.204,-0.016551452224634985
25.208,-0.011447516221227087
25.212,-0.009459501256105894
25.216,-0.02076751131880128
25.22,-0.0005649636440395065
25.224,0.013845356795564291
25.228,-0.009524611009599792
25.232,-0.015275348708140473
25.236,-0.013546855458106794
25.24,-0.004275893904460032
25.244,-0.0035025255880893674
25.248,-0.011178688375370437
25.252,-0.025067202904812572
25.256,-0.01580612586889197
25.26,-0.011322666476805198
25.264,-0.02565087230551874
25.268,0.0037701266459784118
25.272,-0.014702447853944603
25.276,-0.017514061719176605
25.28,-0.013859393467736385
25.284,0.013118183089246789
25.288,0.0005530202794401017
25.292,-0.015112689351713613
25.296,-0.01925236903356094
25.3,-0.017908372906519844
25.304,-0.01720660659713817
25.308,-0.019300518695707487
25.312,-0.02032008945298914
25.316,-0.006342242963681943
25.32,-0.03157977443349991
25.324,0.0011521358346638947
25.328,0.011675691971297027
25.332,-0.011899784237516597
25.336,-0.024810438181988054
25.34,-0.004353181653773106
25.344,0.006649187653985825
25.348,-0.00850806915623613
25.352,-0.02679171482372564
25.356,-0.015342389312848157
25.36,-0.008752364010859263
25.364,0.0058493725397319295
25.368,0.01077613606378592
25.372,-0.009833991122054296
25.376,-0.014447059771283919
25.38,-0.018447120910687544
25.384,-0.01405497667470039
25.388,-0.0176974963128289
25.392,-0.020303488035925698
25.396,-0.026069138705812275
25.4,-0.0065942919361145534
25.404,0.005794655686121912
25.408,0.004461463184744595
25.412,-0.015877075357077396
25.416,-0.004854717542176874
25.42,-0.018287927249374402
25.424,0.004279084458551416
25.428,-0.010558984829966943
25.432,-0.02967937913507878
25.436,0.0059776625758397525
25.44,-0.01534898420536633
25.444,0.005077860990457551
25.448,0.006865003612553697
25.452,-0.012619907016408603
25.456,-0.02621669543965846
25.46,-0.012392327823162698
25.464,-0.014225962019195584
25.468,-0.03105907040379513
25.472,-0.037078925442680044
25.476,-0.012516354605958605
25.48,-0.005723661088698274
25.484,-0.002495507379658118
25.488,-0.01763142834954294
25.492,-0.005805422615686045
25.496,-0.017955426585120733
25.5,-0.020604692473166993
25.504,-0.0020347844781233087
25.508,-0.00022556821647840702
25.512,-0.021639836928365793
25.516,-0.02015875850208658
25.52,-0.003017721447777663
25.524,-0.01680708396348557
25.528,-0.011579637791987365
25.532,-0.01686894183141176
25.536,-0.022502198077385675
25.54,-0.004133940652305374
25.544,-0.004489824464144043
25.548,-0.0036610684510129353
25.552,-0.03190152675376638
25.556,-0.027897519291303883
25.56,-0.007585800463997424
25.564,-0.0013450427059092385
25.568,-0.023674834646842963
25.572,-0.028170832770165487
25.576,-0.020038931611405658
25.58,-0.017239367663804385
25.584,-0.01872125304346438
25.588,-0.014980399918214442
25.592,-0.033047306298418316
25.596,-0.020960363744257755
25.6,-0.025140388807986237
25.604,-0.006737712636344744
25.608,0.004767388365868819
25.612,-0.01613373865232827
25.616,-0.01673694284047264
25.62,-0.019691021702388664
25.624,-0.008360883815072512
25.628,-0.024500498281665326
25.632,-0.022599772048239656
25.636,-0.01539375729905048
25.64,-0.021637600561504492
25.644,-0.009773123348630005
25.648,-0.011424223945656732
25.652,-0.030970942597156506
25.656,-0.029286986833596103
25.66,-0.012033716875396705
25.664,0.001921831670676109
25.668,-0.02003088285725147
25.672,-0.024618122505901903
25.676,-0.009755319005163889
25.68,-0.014055056849262086
25.684,-0.0221386032261231
25.688,-0.017243425196141842
25.692,-0.01756336457313404
25.696,-0.015804963171742042
25.7,-0.024864600940770663
25.704,-0.0002463617556920424
25.708,-0.024704057569870076
25.712,-0.024958507736860272
25.716,-0.018913606276597508
25.72,-0.02037305320828357
25.724,-0.008175673442589132
25.728,-0.0224794049891126
25.732,-0.034977479940482906
25.736,-0.03111600716160394
25.74,-0.015378846157002324
25.744,-0.002834846983007137
25.748,-0.03530593473610996
25.752,-0.029336527998187617
25.756,-0.019734583729610018
25.76,-0.03969673326782721
25.764,-0.008802843655679325
25.768,-0.0139714647856978
25.772,-0.04714896861709794
25.776,-0.03146513614631413
25.78,-0.0007624599667878929
25.784,-0.031484287601499315
25.788,-0.008397335513491455
25.792,-0.0075364647176910556
25.796,-0.020496755039830474
25.8,-0.023337791360888815
25.804,0.012396516561390783
25.808,-0.023644192806602
25.812,-0.039941750686906335
25.816,-0.0325058030602662
25.82,-0.030765268437831214
25.824,-0.010437529113223744
25.828,-0.016213625061751485
25.832,-0.027059159162259643
25.836,-0.017292899026869597
25.84,-0.01947144602541361
25.844,0.007699620342833505
25.848,-0.012587843328584553
25.852,-0.052524299057590255
25.856,-0.04112067789741013
25.86,-0.014193503320023847
25.864,-0.008981212606850723
25.868,-0.010886536674604779
25.872,-0.010446263224136033
25.876,-0.02436869660011199
25.88,-0.018703190665155335
25.884,-0.011921336008734127
25.888,-0.01764143361664037
25.892,-0.019529074695243613
25.896,-0.0179904591071385
25.9,-0.008317126122296091
25.904,-0.00986621948463333
25.908,-0.009139269010771566
25.912,-0.03655891047691678
25.916,-0.027803851765133787
25.92,-0.0413831386296552
25.924,-0.015629424580421457
25.928,-0.0025817733373737738
25.932,-0.04441200861139445
25.936,-0.027836890706194804
25.94,-0.020269100595724194
25.944,-0.011825370759910499
25.948,-0.0010763310295347946
25.952,-0.0399558934704372
25.956,-0.025177305706728593
25.96,-0.02002515656317517
25.964,-0.012497623803241521
25.968,-0.009139020160813435
25.972,-0.02495219613863584
25.976,-0.039885430277700085
25.98,-0.0037567802375469625
25.984,0.0056241209140132226
25.988,-0.00610743434718103
25.992,-0.02357900911873564
25.996,-0.03071738329413155
26.0,-0.016636163577874466
26.004,-0.004804356890904555
26.008,-0.0037402397923672077
26.012,-0.016586601583372287
26.016,-0.025244040650873635
26.02,-0.028213486762232724
26.024,-0.020897808847547432
26.028,0.0064971119269079496
26.032,-0.027015557147056283
26.036,-0.02555426001616785
26.04,-0.017009768677919382
26.044,0.0010489346889597014
26.048,-0.020754722684954492
26.052,-0.022072658643740545
26.056,-0.034166936550992885
26.06,-0.007358005772281916
26.064,0.007847885060992668
26.068,-0.017272114407915398
26.072,-0.01095423170476291
26.076,-0.03075418738120791
26.08,-0.016229119799052276
26.084,-0.007237777727321358
26.088,-0.02343646440380847
26.092,-0.04100641637616646
26.096,-0.03751638138744501
26.1,-0.03762749496531525
26.104,-0.016472894406951023
26.108,-0.03832734309266416
26.112,-0.01935580314741186
26.116,-0.04027822649033326
26.12,-0.0030072788557994473
26.124,0.030313221085323135
26.128,0.005122825229956987
26.132,0.013704989465311785
26.136,0.018649742208583106
26.14,0.07360219679242966
26.144,0.11115260493175629
26.148,0.13438159099444
26.152,0.1054605196289683
26.156,0.10718073608521547
26.16,0.07660164293183075
26.164,0.04964080188129546
26.168,0.010020358755574207
26.172,0.0038730187451201433
26.176,-0.013570557725849804
26.18,-0.009544143981888147
26.184,-0.0018268728221059087
26.188,-0.004292743082119193
26.192,-0.031254950889545455
26.196,-0.02830090186389233
26.2,-0.015804753216475766
26.204,0.010421265844115464
26.208,0.007647565463267888
26.212,-0.007164719913740349
26.216,-0.031281678660295145
26.22,-0.01132810190553661
26.224,-0.0070739229981673455
26.228,-0.0019354093747690863
26.232,-0.030145781701518885
26.236,-0.03161547927323428
26.24,-0.009866296626421774
26.244,-0.013262022506368399
26.248,-0.019078755801833356
26.252,-0.012215143213689151
26.256,-0.03436055965277885
26.26,-0.013753274487288972
26.264,-0.003809039332332012
26.268,-0.012569400050261935
26.272,-0.022977216409186343
26.276,-0.031865512345091995
26.28,-0.011947408550003747
26.284,-0.02314425631822883
26.288,0.002918494920990055
26.292,-0.01834419233948585
26.296,-0.01954024331086648
26.3,-0.009658535016293381
26.304,-0.008750665580938562
26.308,-0.019817241382447198
26.312,-0.02271533487069019
26.316,-0.014745091195892217
26.32,-0.011825873122137467
26.324,-0.015473108922491407
26.328,-0.011594977853147984
26.332,-0.016413229554996512
26.336,-0.027383760461588465
26.34,-0.01277899515145365
26.344,-0.008905094455926438
26.348,-0.000832919880416963
26.352,-0.014287114885675377
26.356,-0.015408183024088404
26.36,-0.013792773464795047
26.364,-0.0022437545609126927
26.368,-0.005177509742232542
26.372,-0.018306006605385394
26.376,-0.015469335037159627
26.38,-0.026392563707700403
26.384,-0.009327325588688392
26.388,-0.011960386483738192
26.392,-0.015271322075192726
26.396,-0.020149822015966747
26.4,0.0008934039851471801
26.404,-0.008307180225458339
26.408,-0.006432374304912567
26.412,-0.022131444608003648
26.416,-0.0187630970301092
26.42,-0.015657752285904915
26.424,0.004959593907773245
26.428,-0.008550270128957885
26.432,-0.006916165039994478
26.436,-0.0047974206529536375
26.44,-0.025070517692184907
26.444,0.004025826423703134
26.448,0.006936358020093217
26.452,-0.023843963208315257
26.456,-0.012593081306378654
26.46,-0.014531857884144466
26.464,-0.007073199032353501
26.468,0.0009607958735060058
26.472,-0.018988433326063984
26.476,-0.03396359963030384
26.48,-0.0017400196485216363
26.484,0.016505310534195163
26.488,-0.006421592636886542
26.492,-0.03449992968389666
26.496,-0.01444760395957555
26.5,-0.0042812773922254925
26.504,0.0022385119125371937
26.508,0.013007519867557892
26.512,-0.007812534441135627
26.516,-0.02403172406490979
26.52,-0.012907330180092338
26.524,-0.005900311455216135
26.528,0.004800981806038019
26.532,-0.01456533354813257
26.536,-0.007737056132125331
26.54,0.015223635728386269
26.544,0.001170956709539896
26.548,-0.0045107512713156005
26.552,-0.0009406573685624975
26.556,-0.01660435011414185
26.56,-0.009419442128036196
26.564,0.01766158788544777
26.568,-0.002371957380211662
26.572,-0.022226111740762434
26.576,0.0011838224880848236
26.58,0.014425507959883994
26.584,0.000712397831999825
26.588,-0.0007911822316223642
26.592,-0.02237501053936916
26.596,-0.008364742766590716
26.6,0.007855287942791363
26.604,0.013275269724722788
26.608,0.01511229054270678
26.612,-0.018652356019492156
26.616,-0.020359541718336354
26.62,-0.0042294151962679015
26.624,-0.00791500856828101
26.628,-0.01531566832334769
26.632,0.009848043828205293
26.636,-0.004864743167079151
26.64,0.014002523754169993
26.644,0.0021306459658968985
26.648,-0.008245531587129824
26.652,-0.010916117322801736
26.656,-0.024509426821581422
26.66,0.005350256681914812
26.664,0.0055322253148693806
26.668,0.006493748460293271
26.672,-0.017072579034222476
26.676,-0.011916020057709496
26.68,0.015073464717491821
26.684,0.0065306199776064
26.688,0.014741725796501369
26.692,-0.02616354507203103
26.696,-0.005573820127047788
26.7,-0.0009112554764269334
26.704,0.006150296245098061
26.708,-0.0009346655697488847
26.712,0.006611760845375612
26.716,0.007608496032009803
26.72,-0.004843627890173665
26.724,0.006166360099825337
26.728,0.022193173653239622
26.732,-0.01790770479135184
26.736,-0.001872530242204365
26.74,0.004489953035648951
26.744,-0.0010545691376808563
26.748,0.014632481330030407
26.752,-0.0026160597244820464
26.756,-0.005103741469375455
26.76,0.004256270581544669
26.764,0.027225322226541268
26.768,0.0052301991878855566
26.772,0.005821603257833812
26.776,-0.017587810388305918
26.78,0.012581267352111403
26.784,-0.006287220996502963
26.788,0.020547678484711448
26.792,-0.011519522633162731
26.796,-0.015979180058419584
26.8,-0.00956646590255698
26.804,0.019790376503364786
26.808,0.004953139550706512
26.812,-0.008227298410953394
26.816,-0.006439919342157877
26.82,0.005274157501597196
26.824,0.02717640684697851
26.828,0.003783863628927341
26.832,-0.004475561695410161
26.836,-0.018959637552994554
26.84,-0.0019195103973708091
26.844,0.025334129239137963
26.848,0.017434290354540985
26.852,-0.001534120244874398
26.856,0.001534849588964068
26.86,0.0017020217282821548
26.864,0.021141327502601285
26.868,0.01530244372817603
26.872,-0.0023295370044923835
26.876,0.016465001788834817
26.88,0.008275879090949663
26.884,0.02721868659062305
26.888,0.02997323164323674
26.892,0.009112601809244081
26.896,0.004614468398338459
26.9,0.004575384836082311
26.904,0.008162924950888372
26.908,0.014543938419762311
26.912,-0.0015028995805317982
26.916,-0.0038631831418091045
26.92,0.010551398510399858
26.924,0.017418765236371515
26.928,0.012541826764978939
26.932,-0.0011531628168394512
26.936,-0.009798364347296577
26.94,0.004498948118611507
26.944,0.03583875101223888
26.948,0.028429083288302508
26.952,0.004228745809746081
26.956,-0.008696454123917159
26.96,-0.0039006037027566696
26.964,0.006184352843390381
26.968,0.01593559597802246
26.972,-0.007727066983726544
26.976,0.012774500079432148
26.98,0.01646405393724989
26.984,0.004362804113125951
26.988,0.02089683933452133
26.992,0.010151086107346493
26.996,-0.015151602892436238
27.0,0.01912873057551579
27.004,0.0336162827508904
27.008,0.009342672744074352
27.012,0.01689612581774837
27.016,0.005212236615234441
27.02,0.022474954635778845
27.024,0.018983228334649393
27.028,0.015537894871509887
27.032,0.005340801826282476
27.036,0.0019260312562301447
27.04,0.01440416026075869
27.044,0.01917844104498706
27.048,0.0280433218977022
27.052,0.013381418221495503
27.056,0.0049033849082253346
27.06,-0.015259759108846709
27.064,0.012046776226482895
27.068,0.011085058295169287
27.072,0.031113261452556273
27.076,0.005264639474239654
27.08,0.014331280361451483
27.084,0.014047533785378838
27.088,0.0060617268522376935
27.092,0.007496066173987351
27.096,0.0035893390243636734
27.1,0.003488670914424839
27.104,0.021739906829546005
27.108,0.00812379638798983
27.112,-0.003129872698346905
27.116,-0.000177955267476374
27.12,0.009390530860584207
27.124,0.012055257991080008
27.128,0.013054875361593228
27.132,0.016397730490621362
27.136,-0.024608224008121293
27.14,0.022408525008591706
27.144,0.032358297825669416
27.148,0.022681857409539003
27.152,0.020939535952117762
27.156,-0.005932466078598946
27.16,0.020002432103748122
27.164,0.03949930985144972
27.168,0.030008737977304314
27.172,-0.0039709800481529615
27.176,-0.01059461818457851
27.18,0.025765643007538287
27.184,0.01943994112068509
27.188,0.03261619375804359
27.192,0.011964489640171513
27.196,0.00046201013485249603
27.2,0.016065553240522345
27.204,0.017437035534602616
27.208,0.013603680963848635
27.212,0.01375552414165057
27.216,0.00811819005952543
27.22,0.010280158770262286
27.224,0.01990163527142386
27.228,0.0029956059581763596
27.232,0.005881236026609755
27.236,0.010060083818230401
27.24,0.029797296687584074
27.244,0.029135253025293024
27.248,0.03411527135551539
27.252,0.027001487316704514
27.256,0.019500711560156737
27.26,0.013340255976101868
27.264,0.020078359321407238
27.268,0.012867064634549254
27.272,0.0018518917796102596
27.276,0.001057457922157448
27.28,0.013439440454189194
27.284,0.019460222194705785
27.288,0.032020239564511034
27.292,0.01463509780729339
27.296,0.006991690469667524
27.3,0.023350686531408427
27.304,0.028214508723415348
27.308,0.030308418880443045
27.312,0.03521264249297351
27.316,0.003121970311782859
27.32,0.011245193111317452
27.324,0.0520018122899622
27.328,0.04018185947333148
27.332,0.01172154493855725
27.336,0.010323304713001838
27.34,0.011351135894464074
27.344,0.012045352374734298
27.348,0.02145886145045013
27.352,0.005695682731980296
27.356,0.0015917244276878063
27.36,0.020295435873991956
27.364,0.02473192569782435
27.368,0.021608948487759592
27.372,0.018419904867818308
27.376,0.0203000019098828
27.38,0.011260349075423797
27.384,0.019939649403926004
27.388,0.014300624331132905
27.392,0.004759635319297229
27.396,0.022222037407430298
27.4,0.018501437249550876
27.404,0.03675332280897258
27.408,0.019181236457507155
27.412,0.006224976827432108
27.416,0.026887819634779327
27.42,0.023597622251488475
27.424,0.03302404503729677
27.428,0.04392967193696333
27.432,0.03989025462664477
27.436,0.06513319465049947
27.44,0.10514087043618266
27.444,0.14661145992707933
27.448,0.18204431214953462
27.452,0.15423434171155104
27.456,0.1331476006737926
27.46,0.12281960489150306
27.464,0.08649553683394713
27.468,0.05233724069737354
27.472,0.0204585713254097
27.476,0.010475385641153034
27.48,0.03636301007996746
27.484,0.03535154754294436
27.488,0.015655006828123617
27.492,0.015902589454746933
27.496,0.004706112927728962
27.5,0.038048591830749656
27.504,0.010682115119303295
27.508,0.025148055693696453
27.512,0.02571179859115652
27.516,0.02035623218968661
27.52,0.03836839604052014
27.524,0.041356178093106974
27.528,0.025922322315633937
27.532,0.014984476087609316
27.536,0.001428194366149306
27.54,0.016042779241878278
27.544,0.03245761896667074
27.548,0.030825533150438338
27.552,0.021232196418238737
27.556,0.010206471678745187
27.56,0.002017314387297235
27.564,0.033882909125614695
27.568,0.010966347400180793
27.572,0.011655919041996317
27.576,0.0002504713578771033
27.58,0.02119482125437083
27.584,0.018206958673621557
27.588,0.032061651655455395
27.592,0.012403502443396292
27.596,0.015020325953288845
27.6,0.03192166828677463
27.604,0.029047054129174237
27.608,0.04645709885029009
27.612,0.012549174680155073
27.616,0.015063230912532305
27.62,-0.0014007425331909046
27.624,0.05181258085168586
27.628,0.018478510337138997
27.632,0.009643822619000077
27.636,0.0366861018207523
27.64,0.012977181999374414
27.644,0.03679852297452978
27.648,0.03220887276101626
27.652,-0.006006609151036325
27.656,0.043326263205252465
27.66,0.03869373313800067
27.664,0.026306406562126884
27.668,0.026813097440849927
27.672,-0.005398192549067593
27.676,0.004325999362040218
27.68,0.014943493390155941
27.684,0.013722408485608803
27.688,0.02357927285001799
27.692,0.018330942550094237
27.696,-0.00027271445520507184
27.7,0.01580330555567726
27.704,0.0287124585631093
27.708,0.018561563154773725
27.712,0.023029748416344052
27.716,0.004833866451593159
27.72,0.0197410300350986
27.724,0.0387981966146118
27.728,0.03226479092409054
27.732,-0.00017851370328693904
27.736,-0.004938602670232103
27.74,0.013163571672271161
27.744,0.04087610177991575
27.748,0.013006594318821656
27.752,0.0238885316140463
27.756,0.0076858867271212515
27.76,0.011155459372598878
27.764,0.029551745034828436
27.768,0.020222599142349678
27.772,0.025830025028599393
27.776,-0.0035130899186173632
27.78,0.030020959774081517
27.784,0.03029995865949832
27.788,0.018945144181340707
27.792,0.000977958966828384
27.796,0.010475785711429653
27.8,0.018012511019437964
27.804,0.031841603107199606
27.808,0.017412405587822997
27.812,0.0019299719692008194
27.816,0.012717931116298719
27.82,0.007862931337253699
27.824,0.015068239598255512
27.828,0.00854149532682671
27.832,0.014934642660876057
27.836,-0.007852938460387586
27.84,0.02794174231627635
27.844,0.009925400426138238
27.848,0.015704688564172453
27.852,0.006765555410473078
27.856,-0.002601188834542075
27.86,0.026358973318098576
27.864,0.010994476388635701
27.868,0.020392937943358756
27.872,0.012035523555369663
27.876,0.0005585138882053583
27.88,0.011009257984792528
27.884,0.01644029918665823
27.888,0.009422743463289106
27.892,0.00891516601683898
27.896,0.0035355508232973207
27.9,0.008045336139131812
27.904,0.01535000906809734
27.908,0.027358644006921555
27.912,0.00874864969001474
27.916,0.0001722209059705224
27.92,-0.009665483550919752
27.924,0.03405520662174875
27.928,0.02873874861092618
27.932,-0.004932512826058605
27.936,-0.009523573934480212
27.94,0.026349074364762054
27.944,0.02427105198456443
27.948,0.018050287015536553
27.952,-0.003234511307104498
27.956,-0.0030669619383724457
27.96,0.0002523604552692564
27.964,0.027317423657686996
27.968,0.030727992488706477
27.972,-0.0090122624064841
27.976,0.008367004840982725
27.98,0.015773361896087922
27.984,0.021682649333062538
27.988,0.01835768526361734
27.992,-0.0071113185880267256
27.996,-0.004365457744602669
28.0,-0.001047591905451773
28.004,0.03465203528929332
28.008,0.030180057550626777
28.012,0.03616953217633875
28.016,0.004360214137278556
28.02,0.015974805134566072
28.024,0.008429698061790171
28.028,0.00897034019413413
28.032,0.006258114770052573
28.036,-0.004913562119702936
28.04,0.004443315473657019
28.044,0.018464831781882608
28.048,0.00022088108953846955
28.052,0.018591156683829466
28.056,-0.0016268641578793
28.06,0.017675497807186535
28.064,0.04829481745026211
28.068,0.01302643591321489
28.072,-0.004455364508620506
28.076,-0.010193491791435973
28.08,-0.005293270420904569
28.084,0.005160593936978602
28.088,-0.008200358432321165
28.092,-0.00476393669034286
28.096,-0.021234743013658037
28.1,0.008503302928363633
28.104,0.020325980810215215
28.108,0.0022246773506319935
28.112,0.00128300233954149
28.116,0.01055216969014003
28.12,0.01498237733298078
28.124,0.017640313332507995
28.128,0.01591996622054393
28.132,0.001795043967643666
28.136,-0.006543634511466548
28.14,0.0024219659595230997
28.144,0.013293962130585028
28.148,0.023572410053149633
28.152,-0.004466132602830533
28.156,-0.009157151476570657
28.16,0.02355042666014294
28.164,0.017542434760265964
28.168,0.013375849152036552
28.172,-0.02540553874114881
28.176,0.012466413131665624
28.18,0.01386165355171668
28.184,0.017778729987379692
28.188,-0.0046598975680565285
28.192,2.7935744142737755e-05
28.196,0.007394062594333777
28.2,-0.004797520784901767
28.204,0.021114041915738353
28.208,-0.009366276798415318
28.212,0.010854108320582569
28.216,-0.020066199577928084
28.22,0.01643224315400338
28.224,0.010123384862548301
28.228,0.007859735441827817
28.232,-0.020057685303454174
28.236,0.0021576523118120045
28.24,0.023731478732181392
28.244,0.026614623256260093
28.248,0.012138332979914717
28.252,-0.008621221024433504
28.256,0.00034163433097836836
28.26,0.014443438404537113
28.264,0.012056519755124687
28.268,0.0013482071261833482
28.272,0.006178492021855227
28.276,-0.016662657458479637
28.28,0.0007194061935929421
28.284,0.007879681245550073
28.288,0.023743899404458778
28.292,-0.008871484408804604
28.296,0.0029391125086603315
28.3,0.006718179257798059
28.304,0.00558691792075626
28.308,0.00837036166061925
28.312,-0.013631000960457046
28.316,-0.0008630236852033134
28.32,-0.0025500692660589946
28.324,0.029221699276499653
28.328,-0.016335691852621726
28.332,0.00525394262684277
28.336,-0.003560810689206483
28.34,0.000902258994968138
28.344,0.012233452674637688
28.348,-0.00010766527737410183
28.352,-0.003920197402821628
28.356,-0.01127794393811369
28.36,-0.00903139678625058
28.364,0.009491709211385395
28.368,0.00845749479684261
28.372,-0.013614292163857017
28.376,-0.019003108800636426
28.38,0.0030020660633366908
28.384,0.0043431833244118295
28.388,0.009032184045698527
28.392,-0.015868541396209426
28.396,-0.008244919580939758
28.4,-0.015224445701142205
28.404,0.006440126964378212
28.408,-0.02438631689589204
28.412,0.009884054866634257
28.416,-0.009122429274865621
28.42,-0.03142761996505585
28.424,-0.0004438881718209272
28.428,0.0019564622834048672
28.432,-0.0203282207438299
28.436,-0.014264498599371817
28.44,0.0035807505572026986
28.444,0.007891814203657806
28.448,0.007575080334213946
28.452,-0.03152897797556803
28.456,-0.029575266478361062
28.46,0.0066854923667194
28.464,-0.0031481407094102057
28.468,0.011206278679942961
28.472,-1.9613547115007735e-05
28.476,-0.021209995790949072
28.48,0.0036941150630757803
28.484,0.005764439814771238
28.488,-0.009806635242500654
28.492,-0.01268713159345948
28.496,-0.015779059245577015
28.5,-0.01870024738734095
28.504,-0.0003987147087229953
28.508,0.004976793664984695
28.512,-0.0007695174442656268
28.516,-0.0231622825768137
28.52,-0.02171725235779229
28.524,0.011374271555935622
28.528,-0.011919549215213477
28.532,-0.029232301117032216
28.536,-0.03032490257144811
28.54,-0.00806469244934439
28.544,-0.012680528536932887
28.548,0.0006754074021705376
28.552,0.005108506064405775
28.556,-0.015657672387182457
28.56,-0.004754386063226707
28.564,0.025116632359200988
28.568,-0.010464797001167847
28.572,-0.024341653641047213
28.576,-0.012563230692490083
28.58,-0.006553722588296818
28.584,-0.0004430595034356728
28.588,-0.0004636555295146022
28.592,-0.016499308600419337
28.596,-0.020310160665231263
28.6,-0.01261651702931987
28.604,0.009239370172154556
28.608,-0.001838551841239051
28.612,-0.021113592695121457
28.616,-0.02727538700709721
28.62,-0.012901795396278521
28.624,0.011580396358518161
28.628,-0.00012346208194967314
28.632,-0.012036753321517709
28.636,-0.016536082451064922
28.64,-0.036643602006009565
28.644,0.008557056376272758
28.648,-0.0002462301092712371
28.652,-0.0008415245264745547
28.656,-0.0380329549844758
28.66,-0.029394624166967052
28.664,-0.0030085868141163773
28.668,0.0016662778144610106
28.672,-0.019092071439098055
28.676,-0.029296121908502316
28.68,-0.014445798459901833
28.684,-0.003434651571896563
28.688,0.011188696649762181
28.692,-0.0072888252665433
28.696,-0.0230742874140099
28.7,-0.000752792893266279
28.704,-0.004785476526563975
28.708,-0.0018265765062614467
28.712,-0.024383399426466393
28.716,-0.005266175214805338
28.72,-0.004261457834202811
28.724,0.00027587488972069345
28.728,-0.002411687418200275
28.732,0.0161383358754002
28.736,0.028330954248557513
28.74,0.08068797582863005
28.744,0.10934021954911029
28.748,0.14337317797917637
28.752,0.13013060737249868
28.756,0.10321030787214357
28.76,0.06709329047581825
28.764,0.06349951107155903
28.768,0.019081452781749456
28.772,-0.023454155615692873
28.776,-0.003913112215743603
28.78,-0.020525928349507633
28.784,0.00880045604827748
28.788,0.028446063893919803
28.792,-0.01206685804198253
28.796,-0.017270544724734188
28.8,-0.011853168524222153
28.804,-0.0025904347996364738
28.808,0.010324058115808821
28.812,0.0010498526270578123
28.816,-0.00972982538116283
28.82,-0.019688248503299907
28.824,-0.0011014102143297308
28.828,0.0066210117179274185
28.832,-0.051460955717994174
28.836,-0.030335481183963696
28.84,-0.018814305900013383
28.844,0.006089011703807431
28.848,0.0008015237920253864
28.852,-0.023597546898765878
28.856,-0.04014374242996925
28.86,-0.012787187301763793
28.864,-0.003090102705589998
28.868,0.004196227467653817
28.872,-0.009692870139169914
28.876,-0.01582832581054923
28.88,-0.02975132256403628
28.884,0.0024580148962642275
28.888,0.006235121849113012
28.892,-0.05670877145806195
28.896,-0.026176232208192294
28.9,-0.0008441217448223529
28.904,-0.009723012925129261
28.908,-0.019961699923857996
28.912,-0.03787052000587621
28.916,-0.024929763402152364
28.92,-0.027821528419299697
28.924,-0.012750141912544213
28.928,0.023451382723021497
28.932,-0.027145430887129136
28.936,-0.027079694878879974
28.94,-0.024747469082180982
28.944,-0.004098118542633393
28.948,-0.012817512499301666
28.952,-0.013318805885919736
28.956,-0.028122240321313864
28.96,-0.013213979141583707
28.964,-0.00046205437645464344
28.968,-0.003560539318869396
28.972,-0.03280215734549183
28.976,-0.026386906114885634
28.98,-0.0015546804105912478
28.984,0.010689617673135724
28.988,-0.004698241755445028
28.992,-0.0313126096492906
28.996,-0.019263858026295044
29.0,0.0029678958475764863
29.004,-0.005515504050109069
29.008,-0.022789369450649334
29.012,-0.004779251914163243
29.016,-0.03211431542002117
29.02,-0.012916925860903355
29.024,-0.007349934106678125
29.028,-0.016444316791284892
29.032,-0.02158937829563619
29.036,-0.02182038758239236
29.04,-0.013667054096944634
29.044,0.0021175494697190586
29.048,-0.01624799842881682
29.052,-0.03537741042732529
29.056,-0.03792150043625274
29.06,-0.026546129684104948
29.064,-0.0026640198117224984
29.068,0.0006413284287218931
29.072,-0.03971986927436951
29.076,-0.02420208820090037
29.08,-0.02826496833088915
29.084,-0.023999313712943632
29.088,-0.01582317894088148
29.092,-0.018821564311903786
29.096,-0.02969787944166239
29.1,-0.02662616595577387
29.104,-0.009207423322626751
29.108,-0.004998710451119041
29.112,-0.0387757981593609
29.116,-0.0215150408730194
29.12,-0.027895627433243364
29.124,0.011860754341776239
29.128,-0.010721407005439262
29.132,-0.015391293092840102
29.136,-0.017674008622093035
29.14,-0.013564923206361799
29.144,-0.016836859324520167
29.148,-0.0095896317263111
29.152,-0.023493220628542665
29.156,-0.02063212565066204
29.16,-0.007599163012022349
29.164,-0.0074979240606281895
29.168,-0.0033599863261613624
29.172,-0.030834057999328306
29.176,-0.048955687823252464
29.18,-0.03457558981562642
29.184,-0.02728090417448644
29.188,0.003436293157397529
29.192,-0.006966585788610195
29.196,-0.023871423753525814
29.2,-0.015402731721974934
29.204,-0.013917889765185704
29.208,-0.006929985899615606
29.212,-0.01923639586924905
29.216,-0.026722746935962525
29.22,-0.01644314244412942
29.224,-0.013745458959170825
29.228,-0.007860870159205446
29.232,-0.03814449594004862
29.236,-0.031743397541684926
29.24,-0.03507147115406257
29.244,-0.012386181683680386
29.248,-0.019714714309744426
29.252,-0.0018185749797822205
29.256,-0.024892594070471154
29.26,-0.009359036730649785
29.264,-0.03159732484965878
29.268,-0.01653982176905409
29.272,-0.008983476581268739
29.276,-0.032801573998168944
29.28,-0.015336478631957556
29.284,-0.004423965981984242
29.288,-0.04308413000132471
29.292,-0.019995035260983028
29.296,-0.026813362553442452
29.3,-0.029184662093087604
29.304,-0.0032731380615937666
29.308,-0.015158376844278502
29.312,-0.019775658395710247
29.316,-0.03322042843788313
29.32,-0.016847398927421237
29.324,-0.01461154758652631
29.328,-0.005260750638899081
29.332,-0.018516540733645635
29.336,-0.026457651255247343
29.34,-0.01852649773568744
29.344,-0.023711043487173913
29.348,-0.015523378220675461
29.352,-0.049331375908273384
29.356,-0.027167346166261538
29.36,-0.019795422059769183
29.364,0.0022238457794721087
29.368,-0.02301849899942087
29.372,-0.033644722679223846
29.376,-0.01337462400572522
29.38,-0.005184024137729441
29.384,0.008346753280282724
29.388,-0.012853504605573982
29.392,-0.007624993424025544
29.396,-0.043000859473250115
29.4,-0.02513589878391153
29.404,-0.0057899395785211034
29.408,-0.010449736742859966
29.412,-0.024619740526570025
29.416,-0.02936554279935057
29.42,-0.014569101380153507
29.424,-0.011434497749832526
29.428,-0.030007709776636936
29.432,-0.012934011093899557
29.436,-0.03203692752413252
29.44,-0.020426872412570678
29.444,-0.04491041275615964
29.448,-0.026385288304606312
29.452,-0.026080318202237815
29.456,-0.022012044434378868
29.46,-0.009158889183555962
29.464,0.0049114160202946185
29.468,-0.0016833662568970197
29.472,-0.04426421275266526
29.476,-0.04445872086822823
29.48,-0.02121776377306784
29.484,-0.016869102560486834
29.488,-0.006830655392278553
29.492,-0.030055585876667158
29.496,-0.022317266045114713
29.5,-0.023648013707851724
29.504,-0.0010723235401942808
29.508,0.010845593361094669
29.512,-0.036279723365981446
29.516,-0.022386678776422825
29.52,-0.009037803836223005
29.524,-0.005700365904651875
29.528,-0.009148454652172873
29.532,-0.02186187311391087
29.536,-0.0404656638216489
29.54,-0.023726666754000418
29.544,-0.0017283578569894107
29.548,-0.003726886869614642
29.552,-0.012149459416285506
29.556,-0.02790488220092963
29.56,0.007745496717454491
29.564,-0.004834773493240848
29.568,-0.001938405315380711
29.572,-0.022118302846561983
29.576,-0.019351311831595483
29.58,-0.023841932455579
29.584,0.002617434287301622
29.588,-0.008783605165406664
29.592,-0.020495094749125538
29.596,-0.023238877765184802
29.6,-0.00751343713977359
29.604,-0.01055073195719388
29.608,-0.01060687855126761
29.612,-0.014129961688213313
29.616,-0.013327259888376837
29.62,-0.02078386148109597
29.624,-0.01151509029580578
29.628,-0.0003512025999992891
29.632,-0.03134451082856788
29.636,-0.010527131561330056
29.64,-0.024078934942346968
29.644,0.007583875661050886
29.648,-0.01593073096690378
29.652,-0.026811612669004954
29.656,-0.027347529180855774
29.66,-0.025139484221983734
29.664,-0.002821282488631432
29.668,-0.018978340423932802
29.672,-0.018082927520094702
29.676,-0.040907066882085376
29.68,-0.0033492395521993804
29.684,-0.000342898844383525
29.688,-0.004121035302353879
29.692,-0.021978578978183193
29.696,-0.05400944263353363
29.7,-0.005013766376565073
29.704,-0.010609555843687262
29.708,-0.014710503585596921
29.712,-0.0180041992785093
29.716,-0.03130446552069278
29.72,0.0028457828023744653
29.724,-0.002686615021699855
29.728,-0.004928507803547439
29.732,-0.03086633983555257
29.736,-0.01726349374105516
29.74,-0.026361015828962275
29.744,0.019390379457733052
29.748,0.0004538254679880122
29.752,-0.02887461532193454
29.756,-0.022802171532683213
29.76,0.006220954665411508
29.764,-0.006267257690720729
29.768,-0.008955780883068674
29.772,-0.013019227529511727
29.776,-0.011238501103303723
29.78,-0.002437358926376287
29.784,0.002808505294763612
29.788,-0.014521562400847416
29.792,-0.017897227759110883
29.796,-0.009665898688803319
29.8,-0.0027338871667904954
29.804,0.0047904287399519185
29.808,0.0021167253588624335
29.812,-0.020954605027465413
29.816,-0.02023952383265197
29.82,-0.006172698427746338
29.824,0.00010566560798177214
29.828,-0.006563514495471128
29.832,-0.011777156306896786
29.836,-0.02533107588621276
29.84,0.0038163923534589653
29.844,0.013925448460006007
29.848,0.0034737661089623223
29.852,-0.00915723797784309
29.856,-0.019891968398452135
29.86,-0.0004603715379120372
29.864,0.002153792343437612
29.868,-0.005177719044316919
29.872,-0.004685290171367004
29.876,-0.005123842494944733
29.88,-0.004976057136386987
29.884,0.013155713665536476
29.888,0.006581807919281475
29.892,-0.007845628577222772
29.896,-0.006241609109924687
29.9,0.00276842527662493
29.904,-0.0050253281563161665
29.908,-0.011322457250166352
29.912,-0.020680048494162766
29.916,-0.0309145349510929
29.92,0.004210107854823203
29.924,0.014388402216511591
29.928,-0.0019745881564020126
29.932,0.006433303759993599
29.936,-0.024223364718951385
29.94,0.02356522442669518
29.944,0.023254114495411506
29.948,0.00030332407706177384
29.952,-0.0019382035363476177
29.956,-0.0013500422595318622
29.96,-0.034830487769970324
29.964,0.0017413767715017308
29.968,0.004508897612866125
29.972,-0.0073615200613878235
29.976,-0.02960995047970002
29.98,-0.013370952340224031
29.984,0.011507203433560704
29.988,-0.006147226079967231
29.992,-0.011812920401302905
29.996,-0.011209580229920305
