timestamp_sec,voltage
0.0,0.006009287940813789
0.004,0.0034228632942983877
0.008,0.008457601448120848
0.012,-0.006716457890485203
0.016,-0.018509576114810196
0.02,-0.003929654644054893
0.024,0.004568560689313864
0.028,0.0058751890276407415
0.032,-0.007783560456734236
0.036,-1.4116167943289265e-06
0.04,0.0035060859140343724
0.044,0.017193589880369627
0.048,0.010007021141717575
0.052,-0.006720929654984421
0.056,-0.010416556299586412
0.06,-0.0037991266179314576
0.064,0.010028251662268036
0.068,0.02103919615453479
0.072,-0.007727288651937307
0.076,-0.0028022901246106957
0.08,-0.003762668540444966
0.084,0.007260311583573132
0.088,0.0007994481908717831
0.092,-0.004606755942504139
0.096,-0.0036725200598078348
0.1,0.0040384699872170965
0.104,0.01199648407905415
0.108,0.00769049363490747
0.112,0.0010691384381841472
0.116,-0.0026755476682229396
0.12,-0.0018475150387564105
0.124,0.012574675993004311
0.128,0.020141249689145047
0.132,0.003789014279286585
0.136,-0.001533505916430671
0.14,0.00733114924485964
0.144,0.017753974533708725
0.148,0.009596168749259762
0.152,-0.006621068411921523
0.156,0.004218158805044098
0.16,0.00710949491894361
0.164,0.010937748556778062
0.168,0.012093752925232388
0.172,-0.0011727885484978933
0.176,-0.005492831059461451
0.18,-0.0004687695077657348
0.184,0.021635850903911305
0.188,0.02026830692074536
0.192,-0.004786743925213695
0.196,-0.0073094570657452045
0.2,0.005266636605367839
0.204,0.020094166572236408
0.208,0.009642340459332707
0.212,0.01196563340656654
0.216,-0.00010610197815439596
0.22,0.004055724334441081
0.224,0.016631185802752812
0.228,0.02057279056529014
0.232,0.009700411772001361
0.236,0.006440191573604208
0.24,0.004490920809519961
0.244,0.019699507412066435
0.248,0.006264535604666688
0.252,-0.0028877666250433365
0.256,-0.007395290810807812
0.26,0.006168207784138683
0.264,0.02805816312681647
0.268,0.011095730439447686
0.272,0.0054593200321272975
0.276,-0.0009733774975480994
0.28,0.010028318058643768
0.284,0.010983730710690365
0.288,0.017030458221157282
0.292,-0.002535841888198084
0.296,0.0038383968759905154
0.3,0.009255035649950267
0.304,0.023566695591184808
0.308,0.011798236386627336
0.312,-0.0035991691022079367
0.316,-0.0019855427841762615
0.32,0.011299530841334548
0.324,0.019140092013121418
0.328,0.010498494668241102
0.332,0.007640076902351034
0.336,-0.003629553572532992
0.34,0.014053987687236383
0.344,0.016372919094239657
0.348,0.014850304817278032
0.352,-0.00028244585631291477
0.356,0.003686658461915079
0.36,0.010718552125628581
0.364,0.021053376104795317
0.368,0.017060044319497918
0.372,-0.004007810562191638
0.376,0.0015533944341538995
0.38,0.011321033074909729
0.384,0.022706817212217723
0.388,0.014162361077179563
0.392,0.008861146876658376
0.396,-0.0013365921201570641
0.4,0.016038878556026603
0.404,0.013557843236575232
0.408,0.01202750787254301
0.412,0.004948282172815813
0.416,0.007596607168374341
0.42,0.00566602576263959
0.424,0.017611471243268954
0.428,0.020424584348427123
0.432,0.0056193611638497305
0.436,0.002102298416410299
0.44,0.013128116782374973
0.444,0.024587007218432235
0.448,0.011584251986339732
0.452,0.006938349278071587
0.456,-0.0016953146585368976
0.46,0.000649579615508945
0.464,0.023798334951089777
0.468,0.011724420754245558
0.472,0.0030344999370156348
0.476,0.009222204135061904
0.48,0.011955513905803803
0.484,0.029650714937321604
0.488,0.025512908274070323
0.492,0.004993318159514986
0.496,0.011357560066360378
0.5,0.021085946660701068
0.504,0.023549426356595165
0.508,0.009234100400140732
0.512,0.00315543294102547
0.516,0.00405282468754979
0.52,0.014181482109238237
0.524,0.022486244124692082
0.528,0.01731714447738067
0.532,0.008578726543158617
0.536,0.002647579560425459
0.54,0.008006737742983362
0.544,0.03032883343997958
0.548,0.012467084111062477
0.552,0.018938014989675817
0.556,0.0014532073761979918
0.56,0.02003282978370328
0.564,0.0185539829367585
0.568,0.024022708371728676
0.572,0.0038162588025044677
0.576,0.009358433431012073
0.58,0.01903995308666378
0.584,0.02765815103323146
0.588,0.019630145951252755
0.592,0.012746523871924766
0.596,-0.0029601178351544213
0.6,0.016444973820757602
0.604,0.019333129269363977
0.608,0.02122030955828053
0.612,0.009344184070040697
0.616,-0.00065978937529447
0.62,0.0115256771102074
0.624,0.02478351433719173
0.628,0.02840791295296235
0.632,0.011152054182197514
0.636,0.00932380688071563
0.64,0.02302264172458075
0.644,0.030624718056139043
0.648,0.027117943402266337
0.652,0.008311633561554376
0.656,0.0042853797570242685
0.66,0.009988358116998254
0.664,0.023989477314977723
0.668,0.024816535707521674
0.672,0.01725747492887447
0.676,-0.002988951373339467
0.68,0.019838867586010125
0.684,0.029369076498454494
0.688,0.02325165633647061
0.692,0.015284238126311394
0.696,0.012837306330917193
0.7,0.020862330301606107
0.704,0.030795364512852554
0.708,0.020672631330336227
0.712,0.010849026955718901
0.716,0.01095703122205597
0.72,0.015877938187362276
0.724,0.03354724510629794
0.728,0.027277146033800093
0.732,0.013780793547628317
0.736,0.020600676764316178
0.74,0.011291573412114876
0.744,0.022495791790043556
0.748,0.019255884877046745
0.752,0.015948580960128512
0.756,0.006135354683854777
0.76,0.013524823138370414
0.764,0.025254818268566542
0.768,0.02327569789262134
0.772,0.017366523834320222
0.776,0.009720802480068746
0.78,0.013022131293236157
0.784,0.030958803581078387
0.788,0.028333138903500706
0.792,0.012048070508527653
0.796,0.011324101347374079
0.8,0.016787447295208195
0.804,0.03380242084447669
0.808,0.02771943044048513
0.812,0.016133080827222944
0.816,0.013294393960193128
0.82,0.006556415138375574
0.824,0.03886526987537947
0.828,0.023128976247402868
0.832,0.015173323681880362
0.836,0.002614447498012734
0.84,0.017432513029263876
0.844,0.03367108189252015
0.848,0.019552252764571093
0.852,0.016900651328529068
0.856,0.021049247156048376
0.86,0.016180386396189222
0.864,0.029566768350170528
0.868,0.02391199747653942
0.872,0.014311386220976666
0.876,0.0035488993345687055
0.88,0.015780735319346657
0.884,0.03155466352839824
0.888,0.024473568941009997
0.892,0.016137332783658732
0.896,0.013894830640702911
0.9,0.027268086949987325
0.904,0.028223741801556644
0.908,0.030303192397501465
0.912,0.013103236477253713
0.916,0.006184214324977256
0.92,0.01864453483267333
0.924,0.03013868529544858
0.928,0.03127038579815304
0.932,0.011371268691723963
0.936,0.018138047050186935
0.94,0.028171828247767337
0.944,0.03371289970116618
0.948,0.03013225928029669
0.952,0.0022258788465987864
0.956,0.012937988781481311
0.96,0.02129164992819723
0.964,0.02591471309487792
0.968,0.02705546776886904
0.972,0.014533020769841906
0.976,0.01021162599407812
0.98,0.021614028292089933
0.984,0.03414375901671522
0.988,0.035275111502154066
0.992,0.02012210010656877
0.996,0.0035694098584444518
1.0,0.022118255723085564
1.004,0.029521068289137142
1.008,0.029658829986508012
1.012,0.01880994573098318
1.016,0.0017208203797243644
1.02,0.030309797834793678
1.024,0.035835079645874575
1.028,0.032396883287167805
1.032,0.0211134587675275
1.036,0.010511178632046933
1.04,0.01719664095470531
1.044,0.03517630142849431
1.048,0.027978175757313914
1.052,0.024004060238124948
1.056,0.012978891600476406
1.06,0.021820928287497716
1.064,0.03519425552504439
1.068,0.02689658998319669
1.072,0.016092655008582115
1.076,0.015431749492763519
1.08,0.011518654108778956
1.084,0.03014713480010233
1.088,0.02088856668793858
1.092,0.016548191493889787
1.096,0.012063812651474989
1.1,0.02329032610483343
1.104,0.02692503575206088
1.108,0.025053847652399926
1.112,0.01821861966875686
1.116,0.02159609508300022
1.12,0.019196202506484634
1.124,0.0263763670569199
1.128,0.03567671622361879
1.132,0.015608582588061236
1.136,0.014961372580406935
1.14,0.02329744649210462
1.144,0.03582433506187484
1.148,0.030690836074670408
1.152,0.022242411314972323
1.156,0.014872012033447327
1.16,0.011568932798605892
1.164,0.0323143913445793
1.168,0.04017537994295241
1.172,0.021537806348804197
1.176,0.013494994373742622
1.18,0.01603530157586166
1.184,0.03028293229384726
1.188,0.03316848394009255
1.192,0.016889446736800845
1.196,0.016015319346050362
1.2,0.0170772368270669
1.204,0.03437653958441232
1.208,0.021266566283250844
1.212,0.017274447086550185
1.216,0.01701950961827852
1.22,0.03110583490324051
1.224,0.03291201270325855
1.228,0.027021290073529325
1.232,0.01482960509906872
1.236,0.01319695991666041
1.24,0.012921651748943863
1.244,0.027527698706877518
1.248,0.03027876758822117
1.252,0.01578261898463315
1.256,0.006448803857053022
1.26,0.023666534260605297
1.264,0.023430293860046095
1.268,0.02500797842380776
1.272,0.026275053636309838
1.276,0.01870856927183323
1.28,0.024951252152629465
1.284,0.035441643888181946
1.288,0.031895668285218295
1.292,0.010950282325281793
1.296,0.009365533757156232
1.3,0.02963732960838305
1.304,0.04326270662738865
1.308,0.02337607366517607
1.312,0.014305175652266213
1.316,0.015576321177921784
1.32,0.028484405404004355
1.324,0.02616719558983542
1.328,0.029752663222671658
1.332,0.02842453816634591
1.336,0.011127089035010604
1.34,0.014863851831921899
1.344,0.03280674188950198
1.348,0.03239618595802466
1.352,0.01850336188774548
1.356,0.021151707428503794
1.36,0.02495431902736391
1.364,0.027990140581029128
1.368,0.03795866278362646
1.372,0.010260984680837667
1.376,0.013563894368042582
1.38,0.025689918878392993
1.384,0.03514620333695437
1.388,0.02222458370477794
1.392,0.009389877656577502
1.396,0.019246873058769324
1.4,0.022366159581488618
1.404,0.0471509571013958
1.408,0.02771756765430374
1.412,0.019658842059355437
1.416,0.015989454284168505
1.42,0.027669823212974468
1.424,0.03352889049837299
1.428,0.02359237919119598
1.432,0.025125812785326235
1.436,0.013658860220086014
1.44,0.025236799721775817
1.444,0.034516324286772246
1.448,0.030824958316099254
1.452,0.02058058517513266
1.456,0.026019691560566743
1.46,0.019187354838684643
1.464,0.030577946605038927
1.468,0.03073480922366537
1.472,0.02014764917534046
1.476,0.005850189498571426
1.48,0.01910334714101979
1.484,0.03526170127722979
1.488,0.032066788247543665
1.492,0.019456496700032015
1.496,0.014285039576735279
1.5,0.03087499662965059
1.504,0.02710576527279129
1.508,0.03567105232962113
1.512,0.02214803096764873
1.516,0.012480898393520231
1.52,0.024832984174046092
1.524,0.026103410687679428
1.528,0.02787729005753054
1.532,0.01789051699408901
1.536,0.01845526191442482
1.54,0.032845071084752264
1.544,0.03415653042868305
1.548,0.017866655359732142
1.552,0.02448395951711494
1.556,0.02317616247471007
1.56,0.019095319907144716
1.564,0.034433116568002665
1.568,0.036435591627349995
1.572,0.012430699139971347
1.576,0.008455463046338128
1.58,0.03864902545291271
1.584,0.03346284357331062
1.588,0.023144946491287868
1.592,0.016862637485346388
1.596,0.01300453751920058
1.6,0.02250837555104108
1.604,0.03300926979838262
1.608,0.02627944005520065
1.612,0.014964000681644878
1.616,0.006056332375860686
1.62,0.021024463727173297
1.624,0.04035371392242833
1.628,0.0276066900652041
1.632,0.013699030661523285
1.636,0.01618292827607899
1.64,0.018537929490011953
1.644,0.026290652811582903
1.648,0.024561737440883507
1.652,0.021459480666027507
1.656,0.018911484095002318
1.66,0.023439413964742997
1.664,0.027068304035650588
1.668,0.021669737105217038
1.672,0.014337794251475048
1.676,0.005927333526426683
1.68,0.03201248556829784
1.684,0.03433300358649269
1.688,0.030218171223134714
1.692,0.01862935399435619
1.696,0.00809444298821933
1.7,0.012596800783547602
1.704,0.03407681716010935
1.708,0.024631723702144965
1.712,0.012580241916981209
1.716,0.01805181072043744
1.72,0.024769970463083827
1.724,0.028702520193699524
1.728,0.0286444450216837
1.732,0.023555536493150588
1.736,0.012038846271315516
1.74,0.02497500998817473
1.744,0.03424968325612747
1.748,0.02029509738717986
1.752,0.00815977583455798
1.756,0.013309490400363493
1.76,0.022789721560694493
1.764,0.02486319742076086
1.768,0.017659765547007787
1.772,0.01587701957283282
1.776,0.01633897163158413
1.78,0.0165688068139732
1.784,0.029012993556278115
1.788,0.024994248014351787
1.792,0.011424813550140606
1.796,0.0065315925592441945
1.8,0.024873762675374098
1.804,0.026976068505354917
1.808,0.014468700412036335
1.812,0.02025211731225799
1.816,0.008765373064755002
1.82,0.026250466950769873
1.824,0.028138676558379098
1.828,0.025529770265865722
1.832,0.02042081528326655
1.836,0.011095487084711746
1.84,0.018681487370247777
1.844,0.024534308496703724
1.848,0.027247092036345514
1.852,0.03210353417423494
1.856,0.016921677363245603
1.86,0.020966041065391485
1.864,0.0355954140733067
1.868,0.03724212238111471
1.872,0.013715929099975582
1.876,0.009419447629808812
1.88,0.01792268821846666
1.884,0.031001255481629453
1.888,0.027776332468090983
1.892,0.01028804052043662
1.896,0.00822221702316493
1.9,0.020879997286693246
1.904,0.0230227764505564
1.908,0.020617142261293454
1.912,0.0019851130688963627
1.916,0.005946572321312713
1.92,0.017395312083505855
1.924,0.03577259788793065
1.928,0.019206385827692733
1.932,0.022001118652282242
1.936,0.006579278634593815
1.94,0.025846389828613852
1.944,0.03243694473341567
1.948,0.036693736675307995
1.952,0.018277361279848168
1.956,0.01724399296837978
1.96,0.01923997347822781
1.964,0.025795396329802895
1.968,0.02695974069481335
1.972,0.01000702160127015
1.976,0.0051084373257886
1.98,0.024388165588229614
1.984,0.023287501415994692
1.988,0.014375503071250654
1.992,0.01315949796273673
1.996,0.011808291809352223
2.0,0.01541273601858054
2.004,0.027560041078971316
2.008,0.03397038723109554
2.012,0.014030438967966892
2.016,0.00842100039231509
2.02,0.01889018771715175
2.024,0.026256048876685086
2.028,0.02318371056450671
2.032,0.017301855252503433
2.036,0.004974482610563144
2.04,0.014448168265571326
2.044,0.03354235941875455
2.048,0.027383571232104106
2.052,0.020668692439495075
2.056,0.004229224444747965
2.06,0.013260468725517484
2.064,0.022786866800405786
2.068,0.023583078492354605
2.072,0.01642075724390479
2.076,0.01138004514865825
2.08,0.003586163809128254
2.084,0.02737071391489527
2.088,0.02325498457997458
2.092,0.011610640410848942
2.096,0.004638484516668032
2.1,0.02137040224389175
2.104,0.02576697451546684
2.108,0.015916332940180092
2.112,-0.001615317350501853
2.116,-4.120470211515289e-05
2.12,0.01346254441134511
2.124,0.027300867449870845
2.128,0.023246301062492567
2.132,0.007539127208294112
2.136,0.0022444002233940456
2.14,0.007097122821099004
2.144,0.018440146420720466
2.148,0.013263085611775718
2.152,0.01440528329366518
2.156,0.012476733822519265
2.16,0.022986174273801604
2.164,0.024361438164817992
2.168,0.015549910336883261
2.172,0.010806351751556371
2.176,0.004298610129569499
2.18,0.01903586564152632
2.184,0.020587489244773563
2.188,0.015491862071449616
2.192,0.00868528187716507
2.196,0.00263472128769925
2.2,0.015419761769784322
2.204,0.03316570751731265
2.208,0.02759065117956423
2.212,0.0021761665645080863
2.216,-0.0023454955800956967
2.22,0.014408711014906542
2.224,0.02495418363479176
2.228,0.017174360159748887
2.232,0.0038852131086278986
2.236,0.01041166931025609
2.24,0.010750531803583367
2.244,0.01778615956163034
2.248,0.023569909245935907
2.252,0.003527459582467382
2.256,-0.006286810334814794
2.26,-0.000610698979336544
2.264,0.014892283285174081
2.268,0.01996826957761518
2.272,0.009563021101922748
2.276,0.0011122212371923548
2.28,0.013525545820785695
2.284,0.02887953661853276
2.288,0.012993772906820782
2.292,0.011811835419320713
2.296,0.003590496458504705
2.3,0.012439231331835027
2.304,0.012521013536792844
2.308,0.02492057777690813
2.312,0.0028468749774174964
2.316,0.007735709580407136
2.32,0.011692591467529342
2.324,0.018624181161392358
2.328,0.012443808254169542
2.332,0.00856298788762253
2.336,0.0036277056643989314
2.34,0.007170963578782918
2.344,0.022026338735083736
2.348,0.01925934871790082
2.352,0.01144368035195252
2.356,0.0001936395713440578
2.36,0.01389924782221132
2.364,0.016093191629637467
2.368,0.019240439834574612
2.372,0.002469119732585605
2.376,0.0037746586259103715
2.38,0.016167562946842084
2.384,0.0025335248025868534
2.388,0.02892622497909807
2.392,0.007836561255348078
2.396,0.003430255667603968
2.4,0.013767674626833724
2.404,0.019592742057746207
2.408,0.014156661062688846
2.412,-0.0005019363147785835
2.416,-0.0022226263686549634
2.42,0.008693528717633629
2.424,0.013586204082108203
2.428,0.018597262954847208
2.432,0.006668215001567701
2.436,-0.0008452356506159487
2.44,0.01289848895992899
2.444,0.024378288468866596
2.448,0.012375714858096964
2.452,0.0001696465820166023
2.456,-0.0012198881880202334
2.46,0.007505300486914718
2.464,0.010659668357950118
2.468,0.014362094584498988
2.472,0.00871641775623677
2.476,-0.0008338963143101491
2.48,0.011851759799999095
2.484,0.019666962834743815
2.488,0.011455963190903013
2.492,0.0018702556748843332
2.496,-0.00030828409628659483
2.5,0.011057731896685312
2.504,0.02341101384712262
2.508,0.016040876519317716
2.512,0.008357973339607652
2.516,0.005263869303309513
2.52,0.006374244723034893
2.524,0.019571903497066768
2.528,0.012935181983248873
2.532,0.002902418382000977
2.536,-0.010284150106194365
2.54,0.007574062183027659
2.544,0.008429992499235529
2.548,0.016929009669810022
2.552,-0.0033677437937724916
2.556,-0.002869024768466348
2.56,0.005765191836628738
2.564,0.015147064390262442
2.568,0.007659601279543666
2.572,0.0036772951771709226
2.576,0.0017930429218091558
2.58,0.007938619427753545
2.584,0.012560434215982472
2.588,0.02492673213676116
2.592,-0.009057155232320318
2.596,-0.004743927860184876
2.6,0.006294288485462548
2.604,0.02863555946278432
2.608,0.014593726143800645
2.612,-0.0081751721092854
2.616,-0.00034586523393729564
2.62,0.009481901773306451
2.624,0.008908021019952871
2.628,0.0015088698169299034
2.632,0.0033063110625138276
2.636,-0.007476680721754384
2.64,0.001583820819677438
2.644,0.015536568834435096
2.648,0.00723313255398656
2.652,-0.01115249187302349
2.656,-0.006080477771934928
2.66,0.0008779207212114351
2.664,0.017295986729265952
2.668,0.006125695720552571
2.672,-0.009609661554621325
2.676,-0.00974217385420486
2.68,6.766710784875509e-05
2.684,0.007758114998604187
2.688,0.00930200672393768
2.692,-0.00876478448090611
2.696,-0.014401707364177237
2.7,0.002058341113380006
2.704,0.007415807730959548
2.708,0.01423127950208957
2.712,-0.002559062726819442
2.716,-0.0008621021473939105
2.72,-0.0022011129608368895
2.724,0.008655599563395663
2.728,-0.003816357438918493
2.732,-0.003565641971918612
2.736,0.0006005690354761372
2.74,0.00882663960997214
2.744,0.011037873009183399
2.748,0.009931030941576156
2.752,-0.0008786891662860633
2.756,-0.010164645273074056
2.76,0.0014278839627690741
2.764,0.019325390118376314
2.768,0.009962541967364113
2.772,-0.005800706647747745
2.776,0.004087806421036845
2.78,-0.002976520397399764
2.784,0.0034937684276811643
2.788,0.005628329632567481
2.792,0.00017059910076941062
2.796,-0.01348933557056974
2.8,-0.0034824312983414846
2.804,0.0116825651320537
2.808,-0.004932299343347031
2.812,-0.008426651871565844
2.816,-0.013787719296186352
2.82,-0.003815318819010607
2.824,0.00882057801170082
2.828,0.0025457206651816203
2.832,-0.0058334235350426715
2.836,-0.00047099011046423944
2.84,0.003593823689054774
2.844,0.0049064391040148
2.848,0.006893233176165712
2.852,-0.007200256117603701
2.856,-0.006051812028753596
2.86,-0.005667901217699843
2.864,0.014351743432155022
2.868,-0.005135396151833698
2.872,-0.006480460029236965
2.876,-0.002613368311008675
2.88,0.002224345029815832
2.884,0.008642730338144538
2.888,-0.0014036647160294248
2.892,-0.0070830542553152786
2.896,-0.011039190741767308
2.9,0.009890047770743466
2.904,0.00804055531019437
2.908,0.004225810929741098
2.912,-0.004189390855990505
2.916,-0.0076472039956364014
2.92,0.0009706124312977072
2.924,0.013618299264751776
2.928,0.006252199484393913
2.932,-0.00953339438037126
2.936,-0.013445639906203628
2.94,-0.005853709737722214
2.944,0.009532792029462228
2.948,0.010426507866691168
2.952,-0.013824651366508102
2.956,-0.012151601192970861
2.96,-0.0039281914144531725
2.964,0.006726909233441488
2.968,0.004448530710366971
2.972,-0.010901863511129498
2.976,-0.00868475227631076
2.98,-0.00804112650179008
2.984,-0.009736830491407835
2.988,0.003415062548179747
2.992,-0.011752391955878119
2.996,-0.016121155814274646
3.0,0.005872520829048348
3.004,0.005604298344031817
3.008,0.0013433685561406027
3.012,-0.016784733047009434
3.016,-0.02074334481773816
3.02,-0.004562374399068116
3.024,-0.0013837390525586798
3.028,-0.0033426128207914695
3.032,-0.00933087403460527
3.036,-0.010810955500444601
3.04,0.006889477532247315
3.044,0.0058221579974587195
3.048,0.00684757195022025
3.052,-0.007656190310577203
3.056,-0.016103032251764002
3.06,-0.004487937031987947
3.064,0.0008862669186163663
3.068,0.006590152828148948
3.072,-0.013100534591089265
3.076,-0.006393293376895396
3.08,-0.011043866753176318
3.084,0.0013741756063929914
3.088,0.009306387789745728
3.092,-0.015816032507259534
3.096,-0.012873593168795498
3.1,-0.008864860088927319
3.104,-0.0035138864501564086
3.108,0.002528145900157027
3.112,-0.007208016747755366
3.116,-0.01101639130181705
3.12,-0.0005088892978963987
3.124,0.0020197790539718706
3.128,-0.0026401655540262583
3.132,-0.0052631697060773475
3.136,-0.011673225629658775
3.14,-0.009038758204388207
3.144,-0.000710199058570486
3.148,0.002190142102191351
3.152,-0.013100651416009662
3.156,-0.016246101271912294
3.16,-0.009868999139289267
3.164,0.009272497052550167
3.168,-0.007861844745801011
3.172,-0.008527743178391153
3.176,-0.010806984390773185
3.18,-0.006160841999254783
3.184,0.0011212879546853266
3.188,0.0001237891559101186
3.192,-0.013977699035601575
3.196,-0.013630771514492306
3.2,-0.009324053827323504
3.204,0.0033675212582054176
3.208,-0.00925578311965015
3.212,-0.015866407731720874
3.216,-0.0173293006946037
3.22,-0.0018661989537814361
3.224,0.00032797489264488073
3.228,-0.010841302762847019
3.232,-0.005371488060411074
3.236,-0.024961515416814618
3.24,-0.005502824897399075
3.244,-0.010457838375815227
3.248,-0.00138894795032822
3.252,-0.00847127240257919
3.256,-0.021738563659046174
3.26,-0.012744084313118069
3.264,0.005111392973876968
3.268,0.010190981510457357
3.272,-0.023234402717578782
3.276,-0.014145421103921415
3.28,-0.01062668564518239
3.284,0.0018865845076327249
3.288,-0.008636926014359801
3.292,-0.011655986766467305
3.296,-0.016545596501940096
3.3,-0.013183817214119084
3.304,0.012717786233491553
3.308,0.005619116124338259
3.312,-0.013761155913710157
3.316,-0.01746471831173089
3.32,-0.004950835517447988
3.324,0.006383304570101492
3.328,-0.006687868793391278
3.332,-0.018570835811505253
3.336,-0.01352005889474554
3.34,-0.00501968129182262
3.344,-0.003672714481556311
3.348,0.009545540376891119
3.352,-0.011865020150254186
3.356,-0.024948426478453387
3.36,-0.004633893825133255
3.364,-0.007757139617968206
3.368,0.002567696918758679
3.372,-0.020521054300854057
3.376,-0.02480692851831496
3.38,-0.018940895236765197
3.384,0.0035648373330949457
3.388,-0.004548204405718042
3.392,-0.01672573220036945
3.396,-0.015245386690844494
3.4,-0.001006668057562457
3.404,-0.008110041194329072
3.408,-0.006850888087188811
3.412,-0.02114433682662723
3.416,-0.02569619349979171
3.42,-0.010065217303830675
3.424,0.0032955497642939567
3.428,0.0030164742731487084
3.432,-0.016051731707334396
3.436,-0.019189158406311375
3.44,-0.01176054342460453
3.444,0.014163645224177769
3.448,-0.00307267059431886
3.452,-0.009473695735674284
3.456,-0.015123295695998112
3.46,-0.014639553621902196
3.464,0.000614769287575084
3.468,-0.005403318022140747
3.472,-0.015948889952682555
3.476,-0.013555639897783177
3.48,-0.017014154880269076
3.484,-0.008921637527122559
3.488,-0.0074206742729152906
3.492,-0.023440774117096615
3.496,-0.020112317112681313
3.5,-0.01310794324618189
3.504,-0.003475147450658007
3.508,-0.010372700830634718
3.512,-0.015155271518343933
3.516,-0.02571290934470773
3.52,-0.02200953711204627
3.524,-0.0032294736609180604
3.528,-0.002629582806075729
3.532,-0.01271951256265468
3.536,-0.015208410844917013
3.54,-0.010676581255989574
3.544,-0.003563282361462643
3.548,-0.004561698450207013
3.552,-0.012179956311343814
3.556,-0.019127714182705053
3.56,-0.014664834332418417
3.564,0.005836613859714306
3.568,-0.0033457416167782797
3.572,-0.02222236977627176
3.576,-0.017484969277372864
3.58,-0.014793010089175544
3.584,-0.0026083668447297913
3.588,-0.006923146275017125
3.592,-0.016960369564205567
3.596,-0.020095269373588017
3.6,-0.014503514804290392
3.604,0.01125588769040355
3.608,0.004154332932042876
3.612,-0.017480574843588184
3.616,-0.015291438273668509
3.62,-0.01692135183125793
3.624,0.003961940184746343
3.628,-0.006508169894377051
3.632,-0.01273306606522253
3.636,-0.01607799825457809
3.64,0.00010808651352927322
3.644,-0.0010673752045689806
3.648,-0.009187933146678859
3.652,-0.011208323839843467
3.656,-0.01734091484573213
3.66,-0.017275431486760695
3.664,-0.0012112514520476478
3.668,-0.007161449370857624
3.672,-0.01994381377234902
3.676,-0.014241389952540017
3.68,-0.007069601569827744
3.684,-0.005854185942801527
3.688,-0.002022555168133724
3.692,-0.02453861656263199
3.696,-0.027539229425631855
3.7,-0.007746441428999636
3.704,-0.00438782305820887
3.708,0.003076329022373944
3.712,-0.028856959825604746
3.716,-0.02357341963490753
3.72,-0.010794080478539525
3.724,-0.006776300662720693
3.728,0.0010267970432528582
3.732,-0.00851030491604388
3.736,-0.02071268334853223
3.74,-0.008929272723123256
3.744,0.0071125478596125325
3.748,-0.005604472605713469
3.752,-0.014577538875391143
3.756,-0.025714632352365013
3.76,-0.013428874739829772
3.764,-0.007953520755007071
3.768,-0.009445151939051764
3.772,-0.02053565420436533
3.776,-0.011632937390938179
3.78,-0.01564247039705414
3.784,0.013011929352155893
3.788,-0.008513962119730562
3.792,-0.015286868937360008
3.796,-0.01763471923214659
3.8,-0.011418319812145424
3.804,-0.0011695413880396506
3.808,-0.003524077328739683
3.812,-0.012409161882097734
3.816,-0.025618829314789836
3.82,-0.005682370246420888
3.824,0.004797464127340488
3.828,-0.00437267896916246
3.832,-0.020814473830076202
3.836,-0.028191149796641425
3.84,-0.013884627754096492
3.844,0.0037146638971267193
3.848,0.0025450553930124646
3.852,-0.012671937705383843
3.856,-0.016132651417306076
3.86,-0.008896460394116238
3.864,-0.004729188546641577
3.868,-0.01074930472837387
3.872,-0.0196995149740908
3.876,-0.022666569013712612
3.88,-0.015363201389310775
3.884,-0.0025178856643186124
3.888,-0.009944144855528
3.892,-0.022491208089166586
3.896,-0.005540785732914267
3.9,-0.010824168197266231
3.904,-0.00176999585385445
3.908,-0.006012880761288143
3.912,-0.019211453260554644
3.916,-0.014836062771102158
3.92,-0.012100907222648775
3.924,-0.00026942147474452494
3.928,-0.0012606128476517625
3.932,-0.018172085185153276
3.936,-0.024909587030059698
3.94,-0.005758042872027907
3.944,-0.0006003732744653261
3.948,-8.155770068635996e-05
3.952,-0.013255228329403276
3.956,-0.02120053050610956
3.96,-0.014953459915021144
3.964,-0.006008009080138613
3.968,-0.0088437750182005
3.972,-0.016733883922101858
3.976,-0.0203972832745696
3.98,-0.0058059777500997925
3.984,0.0039399403089103065
3.988,-0.006546651426430268
3.992,-0.019407125654559987
3.996,-0.022256016159303886
4.0,-0.012038909330784598
4.004,-0.006230602030878044
4.008,0.0010110522352641633
4.012,-0.017173921607474767
4.016,-0.026448471937794864
4.02,-0.010466052802849563
4.024,0.0048313444026404345
4.028,0.001272243076644833
4.032,-0.014135084191908008
4.036,-0.01754139063806554
4.04,-0.007907033810775649
4.044,0.0018052507842942125
4.048,-0.010675870070546163
4.052,-0.01532313266734199
4.056,-0.018857077864535905
4.06,-0.007594056830181266
4.064,-0.00419937761329491
4.068,-0.013243850055948903
4.072,-0.017366970095744096
4.076,-0.019073059680049343
4.08,-0.010666331444726325
4.084,0.006646934617675428
4.088,0.0016581250089098484
4.092,-0.01430601520005071
4.096,-0.021960952220393713
4.1,-0.011614406393106763
4.104,0.00018823712239801843
4.108,0.0015311162339146922
4.112,-0.014881654305954773
4.116,-0.012890498444893143
4.12,-0.017145361550659675
4.124,0.00400431817118517
4.128,-0.0034853847024915044
4.132,-0.016161477965895715
4.136,-0.025430299398204625
4.14,-0.009856048338684495
4.144,0.00519702754368998
4.148,0.00532603902547897
4.152,-0.010716938407416297
4.156,-0.019085126701098288
4.16,-0.013743823458489308
4.164,-0.002921317062080415
4.168,0.009191559101433905
4.172,-0.010318613854408779
4.176,-0.010863231995003306
4.18,-0.015555621748776515
4.184,-0.006746148131767422
4.188,-0.002674751676661825
4.192,-0.010008256540260897
4.196,-0.020772562003899254
4.2,-0.004149687402477488
4.204,0.006029958306744078
4.208,0.0021693686597007273
4.212,-0.005167674693298869
4.216,-0.014050561774097678
4.22,-0.0074375017455337
4.224,0.0010240924795490065
4.228,-0.00013581773696294964
4.232,-0.0091709339965758
4.236,-0.016601663720687852
4.24,-0.014794463744729376
4.244,0.004479559771764387
4.248,0.004035801063088637
4.252,-0.016357704247005493
4.256,-0.017647622269441367
4.26,-0.013263289364545686
4.264,0.005227187067038416
4.268,-0.002131864617725487
4.272,-0.005226785001859611
4.276,-0.01076325831760942
4.28,-0.0019172558187824347
4.284,0.00765946931006114
4.288,-0.002100025512566945
4.292,-0.01570667078623255
4.296,-0.01969415999862646
4.3,-0.0034019747157831835
4.304,0.0077205520231870255
4.308,-0.0057862772327698835
4.312,-0.019621040446157204
4.316,-0.007794527606887097
4.32,-0.014238655441325401
4.324,0.006099618150139036
4.328,-0.0018685378646001289
4.332,-0.007926380736050967
4.336,-0.005264241702825698
4.34,-0.011865511251317757
4.344,0.007631062448374427
4.348,-0.0091450472777022
4.352,-0.008965881480517654
4.356,-0.02408868466950434
4.36,-0.007066860114721043
4.364,0.013135345274021212
4.368,0.004538910160375457
4.372,-0.009699717091745554
4.376,-0.007867915733240458
4.38,-0.007743379521508651
4.384,-0.005319273235227309
4.388,-0.0005021181425001226
4.392,-0.015355623296649898
4.396,-0.004294985981101044
4.4,-0.005902416230315392
4.404,-0.005691870766921597
4.408,0.004318215467124914
4.412,-0.0027316351205399414
4.416,-0.009509694036471977
4.42,0.002747366245350968
4.424,0.01472227674377804
4.428,-0.0022032025870533482
4.432,-0.017180846808302445
4.436,-0.01786541259626086
4.44,-0.00654276088829641
4.444,0.011006316002071609
4.448,0.004316262955379171
4.452,-0.0010418422795885427
4.456,-0.014760599106748424
4.46,-0.011412807950265585
4.464,0.003945802902197978
4.468,0.0017824441297963534
4.472,-0.01103656125592539
4.476,-0.0014514390326952117
4.48,-0.002701165544854429
4.484,0.0007708198794587791
4.488,0.005792725568644642
4.492,-0.009351652760976688
4.496,-0.008763565811316265
4.5,-0.0086575043740169
4.504,0.004583061129616776
4.508,0.008222678455533216
4.512,-0.00274218464280215
4.516,-0.012143882030417963
4.52,0.00040197407021928854
4.524,0.00600922685525014
4.528,0.003944455352359741
4.532,-0.00504277500333221
4.536,-0.01002893462355122
4.54,0.0029773337971678365
4.544,0.000722956264254759
4.548,0.0018667877682987987
4.552,-0.0181599550600531
4.556,-0.017221463236290067
4.56,0.007481615645867467
4.564,-0.004296526304663957
4.568,0.002296937964512066
4.572,-0.013545316800730785
4.576,-0.0012988613645459474
4.58,0.0012726859126920725
4.584,0.010253959967199569
4.588,0.009140689473664247
4.592,0.0009563116327451094
4.596,-0.006443233392256598
4.6,-0.0016882656128301336
4.604,0.016502118691644058
4.608,0.012131260995896944
4.612,0.0007682574359713845
4.616,-0.008670964862795888
4.62,0.0009376748818437319
4.624,0.012541816367897935
4.628,0.0024324746203710007
4.632,-0.006334554215986326
4.636,-0.006296536696693323
4.64,-0.002185284324862166
4.644,0.010964883385473682
4.648,0.010116451489425821
4.652,-0.010570344331541682
4.656,-0.011951879168665695
4.66,-0.0058151783128251745
4.664,0.007266845856002816
4.668,0.007361675127889422
4.672,-0.0027305906220018604
4.676,-0.0013025341758385461
4.68,0.0036538848172264476
4.684,0.01316178489389287
4.688,0.009336794395923253
4.692,-0.00036970282992036764
4.696,-0.002708705648573938
4.7,0.00667975416746938
4.704,0.01674698087808977
4.708,0.007201725380825924
4.712,0.012038783010642085
4.716,-0.007384970487739728
4.72,0.0031012541009147387
4.724,0.012807369806670556
4.728,-0.004221478044817057
4.732,-0.0007863099838893199
4.736,-0.0024493227759384024
4.74,0.004689116122510375
4.744,0.013115495903451412
4.748,-0.00028222332143163116
4.752,0.002122790586028168
4.756,-0.008832181139199612
4.76,0.007903741658164968
4.764,0.017534403412908156
4.768,0.011121823644144236
4.772,-0.0007386092457648652
4.776,-0.017031567706898527
4.78,-0.0002305372173662711
4.784,0.014456144120459216
4.788,0.008351721355760754
4.792,-0.005495120784194872
4.796,-0.008925314004597847
4.8,0.0025939825259026572
4.804,0.006311047159453038
4.808,0.004826550868363637
4.812,-0.0038870644773107187
4.816,-0.008980599644905935
4.82,0.010603380198667696
4.824,0.02116667356841662
4.828,0.007649646343112518
4.832,-7.217889428617272e-05
4.836,7.594257065756923e-05
4.84,-0.0003459974871077012
4.844,0.02017693879143767
4.848,0.012327159867824395
4.852,0.005413368667726354
4.856,-0.0007752344419267678
4.86,0.006128925240884833
4.864,0.01563728117148699
4.868,0.01846957980849969
4.872,0.0056432054410253596
4.876,0.00788388077392938
4.88,0.004787571316700087
4.884,0.019822411195050262
4.888,0.01631510855713629
4.892,-0.00583967541607084
4.896,0.0013256736017262802
4.9,0.00625231095880752
4.904,0.01909339452144309
4.908,0.01508988625193039
4.912,0.0011855097253014734
4.916,-0.004295926940747834
4.92,0.004248708696622054
4.924,0.01866686782965276
4.928,0.021002568882782624
4.932,-0.0027360056566688535
4.936,0.005846394028329855
4.94,0.009684172674747547
4.944,0.02116293213807043
4.948,0.02214016968031328
4.952,-0.002074404415830476
4.956,0.002759972243433237
4.96,0.010023349292895143
4.964,0.016998351247305653
4.968,0.024459417634960404
4.972,0.008580468732923435
4.976,0.004057592598505606
4.98,0.002592519306797673
4.984,0.017361512385270273
4.988,0.01877710974796333
4.992,0.0014831408179853838
4.996,-0.001986829713590981
5.0,0.006471399244586925
5.004,0.020437068526355382
5.008,0.009810362171167347
5.012,0.01810787103344497
5.016,0.003918026371981192
5.02,0.012287251042575775
5.024,0.026055967082033032
5.028,0.023449817270567858
5.032,-0.003713984077845231
5.036,-0.0002822064550579821
5.04,0.012674575170139927
5.044,0.016488734398004024
5.048,0.02502638366879328
5.052,0.0156865225527586
5.056,0.002581676181482781
5.06,0.018919450768015482
5.064,0.023170532266495743
5.068,0.016940937607270216
5.072,0.013245966189311006
5.076,0.0011595982970931935
5.08,0.01694007368870352
5.084,0.024551165905453736
5.088,0.014502121421239668
5.092,-0.00223012781142888
5.096,0.0019134039733428368
5.1,0.014379402298308907
5.104,0.034186065714516406
5.108,0.011412351873942034
5.112,0.017385954059995355
5.116,-0.0026637888215431983
5.12,0.010615968225607831
5.124,0.0239758926639574
5.128,0.01420975037229828
5.132,0.004931587816193456
5.136,-0.0015550457884032174
5.14,0.014170353701085433
5.144,0.025063943769618766
5.148,0.013921125322322814
5.152,0.006302438323864759
5.156,0.003961640679625372
5.16,0.008639726864488103
5.164,0.02240827956570203
5.168,0.01642461730413093
5.172,0.011999634265223841
5.176,0.0028405620601747246
5.18,0.018002450626240413
5.184,0.024628079826560734
5.188,0.025544198945607808
5.192,0.014580002198597987
5.196,0.004778282130814622
5.2,0.006697568921047349
5.204,0.020590705439248555
5.208,0.023188257062430172
5.212,0.02207063743127498
5.216,0.004386964018798644
5.22,0.016216469593785365
5.224,0.022464061514380906
5.228,0.0161422638950221
5.232,0.017976558782527595
5.236,0.00020225048772312942
5.24,0.011821422804293828
5.244,0.019155394716724082
5.248,0.021468319280876568
5.252,0.012077241501966611
5.256,-0.003294207506424009
5.26,0.01414573408615748
5.264,0.020447371841135854
5.268,0.019185658669127133
5.272,0.015003642713377927
5.276,0.006099288969002413
5.28,0.010792647435093877
5.284,0.029009327852595374
5.288,0.027979331527945104
5.292,0.019690942067282953
5.296,-0.0006562551358921809
5.3,0.01336538708789063
5.304,0.01598331710267389
5.308,0.02082959400366127
5.312,0.013803068885412852
5.316,0.007774620724879951
5.32,0.0146885354750383
5.324,0.03678692576585222
5.328,0.020277277502758543
5.332,0.01948060579326229
5.336,0.005773508733965328
5.34,0.004465244466589177
5.344,0.014700096907986597
5.348,0.024466994903608496
5.352,0.012445576538597583
5.356,0.01035110816432794
5.36,0.01681547749372911
5.364,0.02188430806059529
5.368,0.021929316589546378
5.372,0.015518420765478552
5.376,0.009541611911298733
5.38,0.008028874897828546
5.384,0.020854128236978894
5.388,0.024195641491222546
5.392,0.019707735668791783
5.396,0.01871158416424306
5.4,0.03243942363501914
5.404,0.025892559724067704
5.408,0.032102184794245925
5.412,0.01827529374117243
5.416,0.006628803171795353
5.42,0.021049779086029938
5.424,0.03127919359296561
5.428,0.027677068358398692
5.432,0.013042165820536585
5.436,0.011142505936485187
5.44,0.01797520066976298
5.444,0.025653654619218345
5.448,0.02881049608956611
5.452,0.011951352068087052
5.456,0.0074042738633222655
5.46,0.016897854612296988
5.464,0.024619453703491962
5.468,0.025438652335197355
5.472,0.012999514769089282
5.476,0.019999241096670266
5.48,0.019430941089580676
5.484,0.03202477097350568
5.488,0.02359699096365454
5.492,0.017315597207762098
5.496,0.0069843559634613995
5.5,0.02231045419211694
5.504,0.037286345282720526
5.508,0.019389963836345937
5.512,0.015706404093340638
5.516,0.006001108159368735
5.52,0.02032951676307198
5.524,0.038266884427648876
5.528,0.025589934967578942
5.532,0.0073189612396221005
5.536,0.016518715860359846
5.54,0.017297121256005535
5.544,0.02839559519130743
5.548,0.02557942529237607
5.552,0.015424818047421745
5.556,0.00895400697516335
5.56,0.023861943145965903
5.564,0.03671602865035986
5.568,0.028854626353657715
5.572,0.02430632286279273
5.576,0.008802550225999725
5.58,0.020285790713074965
5.584,0.032278832123338826
5.588,0.03539909321886878
5.592,0.009897439168152658
5.596,0.014988682286644791
5.6,0.024036456265966438
5.604,0.03841296672574966
5.608,0.025823406165561762
5.612,0.01395961973219371
5.616,0.02199014333771143
5.62,0.026074244542386257
5.624,0.033987270386181274
5.628,0.022320240787634286
5.632,0.021167465691054068
5.636,0.00437294097725196
5.64,0.020333087587809075
5.644,0.04475251328089169
5.648,0.025558259867728333
5.652,0.020775851101155738
5.656,0.013757125085019023
5.66,0.03181281458297303
5.664,0.04032031981879362
5.668,0.02481298894720474
5.672,0.029428267808646734
5.676,0.013659841265255
5.68,0.030658423054866928
5.684,0.0328784889066129
5.688,0.03861899493466655
5.692,0.022448165780973243
5.696,0.009652001676041501
5.7,0.022040846060218562
5.704,0.03963614898581112
5.708,0.028469558900242168
5.712,0.011241359738540348
5.716,0.008268495469068288
5.72,0.030849369293739107
5.724,0.028745391263158032
5.728,0.02816769862335807
5.732,0.023663118182199565
5.736,0.023774046188346436
5.74,0.020659355445966664
5.744,0.029735272919089423
5.748,0.03919187667861461
5.752,0.021147659083473422
5.756,0.02332454932676554
5.76,0.028747131540051755
5.764,0.04165463992180835
5.768,0.03417873067710745
5.772,0.018632107084266
5.776,0.01342892197849916
5.78,0.025824237940004595
5.784,0.02832220934600664
5.788,0.028726475793286497
5.792,0.015566262662588495
5.796,0.01815311302653298
5.8,0.02951488597518059
5.804,0.032778073910996075
5.808,0.03205078875513521
5.812,0.01682732232244887
5.816,0.01770380010623491
5.82,0.027222173111943356
5.824,0.035680328385079646
5.828,0.0344267268353483
5.832,0.025189680266447922
5.836,0.018811235010938638
5.84,0.017998685264471237
5.844,0.040853454471865315
5.848,0.02517746325076463
5.852,0.016539677522279098
5.856,0.011825116918957898
5.86,0.0330586040442203
5.864,0.02336525666386125
5.868,0.03072242183453501
5.872,0.023142450342843002
5.876,0.021338083975224322
5.88,0.02579063494514184
5.884,0.03697579024946436
5.888,0.02921612049048094
5.892,0.021658252454799607
5.896,0.020946854684081993
5.9,0.027301232161712957
5.904,0.03297631573022626
5.908,0.034768007496921514
5.912,0.02767792817030288
5.916,0.018900362423522016
5.92,0.022348305997376642
5.924,0.04312362719052886
5.928,0.02503419748053004
5.932,0.02496917829011199
5.936,0.012611432017106305
5.94,0.03041691057325227
5.944,0.04265629740495783
5.948,0.03194182174179675
5.952,0.023322661684239288
5.956,0.010545328188381092
5.96,0.027069836439691564
5.964,0.03899654382784666
5.968,0.0357041317268928
5.972,0.028729120137138287
5.976,0.0042668716744605
5.98,0.020701466981386765
5.984,0.04003004806763924
5.988,0.033572082234367945
5.992,0.028878017906119456
5.996,0.011619948193340248
6.0,0.03184624474611952
6.004,0.040101614986173
6.008,0.03164297538640792
6.012,0.02341165030855893
6.016,0.010910321114992507
6.02,0.031774788492584125
6.024,0.041418395108780016
6.028,0.03604242874142964
6.032,0.013761039825955099
6.036,0.0080502798989245
6.04,0.024562883712737116
6.044,0.0383946194006059
6.048,0.04611720483059645
6.052,0.014852312064857601
6.056,0.020070503671243217
6.06,0.027510632522500855
6.064,0.03965948711070216
6.068,0.03840148016570049
6.072,0.024973049887979694
6.076,0.012741254237765724
6.08,0.027072529792725578
6.084,0.034408928349517795
6.088,0.04065193793387908
6.092,0.017584902827780715
6.096,0.014296494033877356
6.1,0.029197143654871145
6.104,0.04049740474663495
6.108,0.029786275267349026
6.112,0.02352610160800425
6.116,0.024100673100298394
6.12,0.029719344759269815
6.124,0.033679772472878046
6.128,0.02793334968387621
6.132,0.02290801646438429
6.136,0.024965576020056297
6.14,0.024597304756879435
6.144,0.03987932991853669
6.148,0.026602719263882857
6.152,0.026635911972415438
6.156,0.008305001274314022
6.16,0.02529167313315097
6.164,0.03472370255512083
6.168,0.029618475301030196
6.172,0.02174458719043142
6.176,0.017187116637045585
6.18,0.03506826115854012
6.184,0.03959686117281768
6.188,0.033160038807268234
6.192,0.025997152403206145
6.196,0.02954450116381033
6.2,0.03452454611523491
6.204,0.03208360434468034
6.208,0.035541054735371884
6.212,0.021616265735904423
6.216,0.019996473073366428
6.22,0.023295754188380972
6.224,0.043352900063480734
6.228,0.03389714381168691
6.232,0.02160706456874692
6.236,0.02523977746842759
6.24,0.020308099850738375
6.244,0.03174649909634456
6.248,0.03437211914503808
6.252,0.016734168595462222
6.256,0.02897104455661355
6.26,0.024646559280731943
6.264,0.03694277645295825
6.268,0.034856014759832965
6.272,0.024388034845073295
6.276,0.014625218105516436
6.28,0.027390167103190793
6.284,0.03519031065231064
6.288,0.0343059062225627
6.292,0.024409231331142298
6.296,0.023699671817905422
6.3,0.02195890403282466
6.304,0.0513565259615979
6.308,0.03809618354099027
6.312,0.020328324479487726
6.316,0.014573374254113858
6.32,0.027284138569657546
6.324,0.04053312406816002
6.328,0.03878428437780709
6.332,0.018309613304769223
6.336,0.023766275170664923
6.34,0.02339814453150995
6.344,0.04097362263672968
6.348,0.042354127244213016
6.352,0.028281508497207022
6.356,0.024093293779278255
6.36,0.030678043091070598
6.364,0.0392927596277836
6.368,0.0394293288837784
6.372,0.024851695368031387
6.376,0.02101584406323919
6.38,0.02286685456331931
6.384,0.03589939309183192
6.388,0.03155585183697577
6.392,0.03412240132510136
6.396,0.013810355283595097
6.4,0.032795565306735774
6.404,0.04029547609725884
6.408,0.04382222960137383
6.412,0.01923219122330713
6.416,0.01450371608051508
6.42,0.03522135785691754
6.424,0.03931104117205712
6.428,0.0324101834016084
6.432,0.019093269966211815
6.436,0.020588960100635913
6.44,0.02634313037807058
6.444,0.028395809343911373
6.448,0.03650906942443143
6.452,0.020564599605330875
6.456,0.01934637214439676
6.46,0.03058246402864038
6.464,0.03326843662244465
6.468,0.03599266094513278
6.472,0.027342384327403026
6.476,0.018490365553938466
6.48,0.04050272185266251
6.484,0.032241515992001465
6.488,0.04516384252336031
6.492,0.023206351505728154
6.496,0.01862409692556219
6.5,0.024815087622930054
6.504,0.03583519104138581
6.508,0.03668790758577493
6.512,0.025398582564459232
6.516,0.013296407649619093
6.52,0.0396083041375577
6.524,0.03851001242347118
6.528,0.031853628527653007
6.532,0.020157531512753284
6.536,0.016925117307634165
6.54,0.027411006305438343
6.544,0.032110211737249046
6.548,0.03015231954361579
6.552,0.02252922632953446
6.556,0.02292546651871792
6.56,0.03138781838992989
6.564,0.028873259962648036
6.568,0.030749556599478832
6.572,0.020279711704660714
6.576,0.007363383227217088
6.58,0.017487712177966408
6.584,0.02601068233888306
6.588,0.03688221692326363
6.592,0.021413892533769813
6.596,0.015141168086841503
6.6,0.018443072751954188
6.604,0.03573200908485934
6.608,0.02956778035363034
6.612,0.02891129975007816
6.616,0.021347202541767484
6.62,0.024522203714838646
6.624,0.03440953818971233
6.628,0.03064092831127463
6.632,0.023773934297401506
6.636,0.008843116596768268
6.64,0.030766587564023652
6.644,0.035094908380949114
6.648,0.027740512526710035
6.652,0.01530890271367727
6.656,0.020345279721129244
6.66,0.02250549441179452
6.664,0.030854507386481506
6.668,0.029139047546841598
6.672,0.016655876557164134
6.676,0.008890833319018968
6.68,0.03258418013211574
6.684,0.03847317224219227
6.688,0.03374724226295199
6.692,0.015623789747368371
6.696,0.011216222935227893
6.7,0.02459751116157173
6.704,0.03286732470757735
6.708,0.02879731965337593
6.712,0.028001166679701227
6.716,0.018129798363933497
6.72,0.03198229780760934
6.724,0.035200976892002356
6.728,0.027814020525060056
6.732,0.014263885468413378
6.736,0.020631572799189323
6.74,0.023413121736527674
6.744,0.03524719143072092
6.748,0.03248776133716926
6.752,0.018995223388947106
6.756,0.011913913814314833
6.76,0.027979529213319185
6.764,0.037693584929152646
6.768,0.025461169924919796
6.772,0.02052885850845294
6.776,0.023651260833640917
6.78,0.026797705652869656
6.784,0.039866697163209244
6.788,0.03296736990699196
6.792,0.023066625916411267
6.796,0.012306043454390668
6.8,0.018627998847427413
6.804,0.036635440089957276
6.808,0.03167861970600628
6.812,0.015003856246899278
6.816,0.007650915076234142
6.82,0.032672894993171234
6.824,0.03361002254931241
6.828,0.020716371360830224
6.832,0.023147874329640564
6.836,0.012918776745892353
6.84,0.026876574411354104
6.844,0.0391999190759378
6.848,0.03081460338385484
6.852,0.017916612066807898
6.856,0.014829757207017711
6.86,0.028161920118171382
6.864,0.029783754130771993
6.868,0.027366024753075605
6.872,0.011332007354559616
6.876,0.01710344066893638
6.88,0.02655000042281451
6.884,0.02917562519231027
6.888,0.029187261799750758
6.892,0.015800142331106822
6.896,0.016141114282332655
6.9,0.021404381613180822
6.904,0.029250397418752926
6.908,0.029769690173819873
6.912,0.017880926964189803
6.916,0.01047651141146994
6.92,0.022151380267010207
6.924,0.03387160165020092
6.928,0.02860088556446762
6.932,0.02058119170763913
6.936,0.01818548834618402
6.94,0.02895026358262534
6.944,0.03334424397442422
6.948,0.023309723568294995
6.952,0.01882299012178792
6.956,0.010513265029496352
6.96,0.008499383215519608
6.964,0.024712362226040188
6.968,0.027123617492148908
6.972,0.0020240135169716233
6.976,0.01844632499510778
6.98,0.025465097139950005
6.984,0.02294312112821593
6.988,0.033744821826514206
6.992,0.014535944212277436
6.996,0.0067544769689716275
7.0,0.012831702393897084
7.004,0.04426411899918872
7.008,0.024865636644808845
7.012,0.014771966567669647
7.016,0.012354856391971647
7.02,0.02402809497402143
7.024,0.030810714961525546
7.028,0.02603637450469538
7.032,0.00669973424507677
7.036,0.009182095492610872
7.04,0.021192399706096814
7.044,0.029317555405227392
7.048,0.020991990892379155
7.052,0.005667535815712241
7.056,0.0006712459496633176
7.06,0.02443932468005679
7.064,0.03127918145885397
7.068,0.020745675563241434
7.072,0.009960585782806897
7.076,0.004113966262877924
7.08,0.013996691033573764
7.084,0.022128914094965653
7.088,0.027931564077427414
7.092,0.005971502622130606
7.096,0.002858639723047898
7.1,0.014655884519167339
7.104,0.026159250480705633
7.108,0.015883147388987242
7.112,0.014522802567226765
7.116,0.0038472133787741266
7.12,0.018875851848083904
7.124,0.024163761516726664
7.128,0.02543197623089528
7.132,0.01582180955086926
7.136,0.016344756426076183
7.14,0.01885791242646835
7.144,0.023080916246377862
7.148,0.02709195127339798
7.152,0.016904344031259507
7.156,0.011599655339177131
7.16,0.021199860129889926
7.164,0.030139869064331713
7.168,0.02739327480098599
7.172,0.006296113796005977
7.176,0.00267501460244192
7.18,0.018570930648466204
7.184,0.03380427933580727
7.188,0.015442397491346304
7.192,0.012314078221293897
7.196,0.0008651852062842216
7.2,0.01063817724043312
7.204,0.03204072848401633
7.208,0.03538258835903768
7.212,0.003355770517005208
7.216,-0.002000529188510688
7.22,0.01332036564646436
7.224,0.025670276817330032
7.228,0.007390422142401017
7.232,0.0045593810430854895
7.236,0.004468202521852848
7.24,0.025965598592218718
7.244,0.02168400698726845
7.248,0.021678993402230777
7.252,0.004089273206869014
7.256,-0.0027723990158185392
7.26,0.012092548913893433
7.264,0.03297062269357871
7.268,0.0238618843551534
7.272,0.00608666252696745
7.276,0.004630088018718665
7.28,0.015341850516784064
7.284,0.020095483854803968
7.288,0.02428061155420334
7.292,0.0076258234629208955
7.296,0.0069096250589470885
7.3,0.011397350013141305
7.304,0.02179974549225352
7.308,0.015893622153191223
7.312,0.005904570025341259
7.316,-0.002799519752764954
7.32,0.016623244109229815
7.324,0.027228283122405918
7.328,0.017170002251676256
7.332,0.005719217274458305
7.336,0.0031667436613471807
7.34,0.01807466340269423
7.344,0.01634614203169042
7.348,0.02253301995937259
7.352,0.010878431077661056
7.356,0.004191072833899226
7.36,0.014318905814634193
7.364,0.018196162802017746
7.368,0.017811198936778495
7.372,0.005274465198103608
7.376,0.0030789789473519534
7.38,0.010960313876164357
7.384,0.023220003762796704
7.388,0.01930774053629767
7.392,0.000560952687166287
7.396,0.0015170370162011805
7.4,0.012150907960987365
7.404,0.025459680540949527
7.408,0.021085232255057852
7.412,0.005002589223738752
7.416,-0.008899477594897804
7.42,0.006011818861642441
7.424,0.02158192214211777
7.428,0.010973712891326794
7.432,-0.0018380110882192623
7.436,0.00352095507084674
7.44,0.018754840851373827
7.444,0.027417334511815515
7.448,0.014061081108754682
7.452,-0.005436461686074635
7.456,0.0038702663747171677
7.46,0.005761841751262205
7.464,0.020517288744566622
7.468,0.019199992568117063
7.472,0.0005778627458272658
7.476,0.000904772465769197
7.48,0.008577233801434811
7.484,0.01523462370334763
7.488,0.01327890084884669
7.492,0.006216628444485271
7.496,0.0014499102965217347
7.5,0.013362401289383808
7.504,0.015736858174004636
7.508,0.013810012448292048
7.512,-0.0017462169447669345
7.516,-0.0008161807054114954
7.52,0.013445245553357372
7.524,0.01615486835121052
7.528,-0.0009727172095818342
7.532,0.006877128337771535
7.536,-0.0028283829805236223
7.54,0.016315830427935836
7.544,0.010370752439411275
7.548,0.016023525457980057
7.552,-0.00445486544866168
7.556,-0.015655729297714385
7.56,0.00914865043293409
7.564,0.01733639570597817
7.568,0.01024664622684324
7.572,0.0010422511895242237
7.576,-0.006036873927160147
7.58,0.005883429811189222
7.584,0.009235676418607397
7.588,0.016584306213815854
7.592,0.004871132627980237
7.596,-0.009449677486087518
7.6,0.0002220507375018249
7.604,0.01311942377002376
7.608,0.007953780388430212
7.612,-0.0032732532931930023
7.616,-0.014756446412937085
7.62,0.002297513517544098
7.624,0.015383718983036544
7.628,0.0022965901061316766
7.632,-0.004055141722019422
7.636,0.0001864145693052247
7.64,-0.006891874796569022
7.644,0.010523590629261458
7.648,0.0033742411640444612
7.652,0.00590814609677135
7.656,-0.003236783692595563
7.66,0.008959640539994764
7.664,0.01577764377317212
7.668,0.009030142383536137
7.672,-0.00393682279503431
7.676,-0.005270392462030194
7.68,0.010185266467473971
7.684,0.015390885419484654
7.688,0.004967331965293083
7.692,-0.0024489262113182725
7.696,-0.004477130680687742
7.7,0.007110832776987309
7.704,0.007126144605065458
7.708,0.007593865539898623
7.712,-0.012681155959817121
7.716,-0.00012136503344133132
7.72,0.009016177812438951
7.724,0.015332075926568343
7.728,0.0045305724991176344
7.732,-0.0055534781581565214
7.736,-0.007151370975469232
7.74,-0.00014648116702280787
7.744,0.013280666871246427
7.748,0.01557566374636133
7.752,-0.004420520114615708
7.756,-0.0044410458125419515
7.76,0.0016048200471490948
7.764,0.003981175822602278
7.768,0.009593767086808798
7.772,-0.0006909157088795508
7.776,-0.013053358825199202
7.78,-0.002681515867386874
7.784,0.007070518894376316
7.788,0.005712839533182528
7.792,-0.0076956421410525454
7.796,-0.015843844659492536
7.8,0.005562187965523455
7.804,0.017301503982543605
7.808,-0.005540476280584386
7.812,-0.01208085024481895
7.816,-0.015403608795870532
7.82,0.007868857327712309
7.824,0.002574417054581975
7.828,0.010824164171386687
7.832,-0.006930943741930953
7.836,-0.011052466175576656
7.84,-0.002628888836709952
7.844,0.00596606877411108
7.848,0.006427646382442573
7.852,-0.009030947994329044
7.856,-0.01002022469047074
7.86,-0.008250434809794718
7.864,0.006662702730598436
7.868,-0.0035719118985266607
7.872,-0.00011369581509321214
7.876,-0.016733487052777808
7.88,-0.008080302051422307
7.884,0.0025052011603665567
7.888,0.001695164887741408
7.892,-0.006053365164776976
7.896,-0.017569386166159343
7.9,-0.005897196193216983
7.904,0.007739411413369371
7.908,0.007412592369619882
7.912,-0.01057201253640895
7.916,-0.010250974272821439
7.92,-0.0032076667033886543
7.924,0.007260186817586786
7.928,0.012841845217276951
7.932,-0.006541416972350122
7.936,-0.01737841916858252
7.94,-0.007389853785750197
7.944,0.010923209734715462
7.948,0.003404575162447836
7.952,-0.007414101971175694
7.956,-0.019817536196269435
7.96,-0.00845153638903862
7.964,0.0031495775340417975
7.968,0.003941730797579411
7.972,-0.0190618184544058
7.976,-0.014956899724849823
7.98,0.002258100079945375
7.984,0.01255065793814339
7.988,-0.00959070749920559
7.992,-0.00689890783568986
7.996,-0.019582788455945195
8.0,-0.009908013992307806
8.004,0.011492180563024987
8.008,0.007739585662135037
8.012,-0.020280557204536667
8.016,-0.02164708172255306
8.02,-0.005924791572870085
8.024,0.003610773123337513
8.028,0.011472388276459734
8.032,-0.016279725241219765
8.036,-0.020384570177236754
8.04,-0.000578771155079174
8.044,0.00586118630792465
8.048,-0.001281986387189403
8.052,-0.005921827650836817
8.056,-0.020950058949703254
8.06,-0.002546208808671845
8.064,0.012329212896108492
8.068,0.003858505772690305
8.072,-0.010325878631935648
8.076,-0.023665469105408624
8.08,-0.009101231468275014
8.084,0.003965005125763618
8.088,-0.011782454088001153
8.092,-0.015239843830560547
8.096,-0.02370281526519618
8.1,-0.008581296502593264
8.104,0.009628994525060493
8.108,0.0008160982757499458
8.112,-0.007031529128267418
8.116,-0.01538438119482943
8.12,-0.01465000735742618
8.124,-0.003493864474161958
8.128,-0.006109863438864593
8.132,-0.01638326683791775
8.136,-0.014231088196842743
8.14,-0.01294951542259021
8.144,-0.00011551489818496167
8.148,0.0006716833416345468
8.152,-0.008485366726732783
8.156,-0.01822749722826493
8.16,-0.005526798772612534
8.164,0.0023312578100896323
8.168,0.003759886526117877
8.172,-0.006649116842465778
8.176,-0.01921470365954969
8.18,-0.016350379726268384
8.184,-0.0015832922004583438
8.188,0.0013253634051888135
8.192,-0.013549164300111178
8.196,-0.01888101400603259
8.2,-0.011301887882649604
8.204,-0.00700088913202126
8.208,-0.003291187477426893
8.212,-0.021408651911047294
8.216,-0.014089731156287266
8.22,-0.011679359224085232
8.224,0.003574822084027667
8.228,-0.0050396969758290154
8.232,-0.018621237904380736
8.236,-0.02094664437850262
8.24,-0.007318397575778441
8.244,-0.0026540993308674654
8.248,-0.009288905618065052
8.252,-0.01123889031581247
8.256,-0.020424001781765986
8.26,-0.005977839253258278
8.264,0.0004209880568234654
8.268,-0.00592443930297339
8.272,-0.024953879570452753
8.276,-0.018073721543602896
8.28,-0.0062890792548096685
8.284,-0.00029191992445925033
8.288,-0.012168841595338029
8.292,-0.01602298333329836
8.296,-0.014633640187198992
8.3,-0.005092064460384289
8.304,-4.49150113476667e-05
8.308,-0.00015194121386377223
8.312,-0.01508555918752702
8.316,-0.023337113863657482
8.32,-0.015838838085801443
8.324,-0.0036752241652538127
8.328,-0.0025355773035326537
8.332,-0.02208957791370411
8.336,-0.02035645961107219
8.34,-0.013314514515045364
8.344,-0.002329305607853875
8.348,0.0010443899704533893
8.352,-0.019210987229388108
8.356,-0.020590165525662844
8.36,-0.008148087960921434
8.364,-0.0008374416378694447
8.368,0.0019578526170275787
8.372,-0.019330704959111978
8.376,-0.0219501717929226
8.38,-0.014389328904959966
8.384,-0.003337488465827568
8.388,-0.014913500359870116
8.392,-0.01679674745053471
8.396,-0.023943169943098475
8.4,-0.0065688509081641795
8.404,-0.007228998683666348
8.408,-0.005955050616330487
8.412,-0.022531476039665464
8.416,-0.03164711825235288
8.42,-0.014850076936662068
8.424,-0.0034417701747187592
8.428,-0.006406745633749292
8.432,-0.024150428957796788
8.436,-0.026824096176356622
8.44,-0.012398004595431056
8.444,-0.004734889378980362
8.448,-0.008323521475122102
8.452,-0.01894849306751164
8.456,-0.021095449359521876
8.46,-0.023345453518399194
8.464,-0.0014467897290580036
8.468,-0.004245438995039409
8.472,-0.022599332789368147
8.476,-0.02952072427587801
8.48,-0.01653526211491275
8.484,-0.008386718872510551
8.488,-0.008830566822228502
8.492,-0.023147644697205972
8.496,-0.021064748223165123
8.5,-0.02013695227916737
8.504,0.00026823757324016644
8.508,-0.014975831538838344
8.512,-0.024218449856981166
8.516,-0.023234375995846362
8.52,-0.010951694839217178
8.524,0.003001053254154151
8.528,-0.008030007762836251
8.532,-0.0219465450918568
8.536,-0.015396488238372403
8.54,-0.012144737505720135
8.544,-0.0063586746003623995
8.548,-0.012531988130815384
8.552,-0.022719039744333543
8.556,-0.020609742591038243
8.56,-0.018731612612961326
8.564,-0.002585480456242
8.568,-0.007115689606712676
8.572,-0.024087559500283476
8.576,-0.018439115010029386
8.58,-0.017108172900861387
8.584,-0.0014679455693570069
8.588,-0.0054484083354103515
8.592,-0.020805447212602905
8.596,-0.03426576685945499
8.6,-0.010423310890800098
8.604,-0.0006123841241897935
8.608,-0.009613686856714923
8.612,-0.021304543378997978
8.616,-0.024363692986194074
8.62,-0.009526657597045367
8.624,-0.008505147602358426
8.628,-0.013630895668287773
8.632,-0.025393965166990624
8.636,-0.03172795836275195
8.64,-0.015665031642672
8.644,-0.009573955263217422
8.648,-0.01319758049497032
8.652,-0.011401833915757126
8.656,-0.027895071684907735
8.66,-0.014016765810407603
8.664,-0.005757179020941263
8.668,-0.007543293847640969
8.672,-0.017492138605917116
8.676,-0.02820568600260998
8.68,-0.0149129288665737
8.684,-0.009044753806021703
8.688,-0.009254297183314155
8.692,-0.021075919290742994
8.696,-0.021121678507256655
8.7,-0.012714997834186226
8.704,-0.00333392531777556
8.708,-0.02455654054206597
8.712,-0.02131256026099114
8.716,-0.02428681307670934
8.72,-0.009461407754122256
8.724,-0.0020475472751429183
8.728,-0.009659832500149325
8.732,-0.024870584871505612
8.736,-0.01448272079135772
8.74,-0.0128108854832545
8.744,-0.010212752380284624
8.748,-0.01229505970566958
8.752,-0.017780748880711753
8.756,-0.03424529392413107
8.76,-0.02407058287435298
8.764,-0.002310102195249606
8.768,-0.005707589444058453
8.772,-0.02282245230463115
8.776,-0.017909477710262627
8.78,-0.020735358086527173
8.784,-0.004349898745819466
8.788,-0.0055865535695374625
8.792,-0.016645702829263233
8.796,-0.025672320745146474
8.8,-0.007393267422955567
8.804,-0.009789298724586625
8.808,-0.0071187125165376695
8.812,-0.019322575313054806
8.816,-0.027094037275594663
8.82,-0.019045918188864523
8.824,0.0002940109672750499
8.828,-0.011457798522419209
8.832,-0.029358343705894394
8.836,-0.02091683534242381
8.84,-0.02202977224832859
8.844,-0.004214486822287698
8.848,-0.01711615141163351
8.852,-0.021039847130539895
8.856,-0.031876469106007256
8.86,-0.014777072126522088
8.864,-0.01095007443923289
8.868,-0.00829174868422951
8.872,-0.024184165608537624
8.876,-0.02982285418408713
8.88,-0.017435422213408255
8.884,-0.004491738428614231
8.888,-0.011859645814938776
8.892,-0.02417048091673873
8.896,-0.02850162051999602
8.9,-0.016156124763769344
8.904,-0.0015679350379003499
8.908,-0.004156710063242585
8.912,-0.030051184516101788
8.916,-0.011843860610354777
8.92,-0.013136036293547993
8.924,-0.007237502048869106
8.928,-0.008607281066328536
8.932,-0.01717502292363266
8.936,-0.03257289572255963
8.94,-0.019043155626091986
8.944,-0.008116793569070085
8.948,-0.00538887659115378
8.952,-0.016559789498425487
8.956,-0.02793798442798453
8.96,-0.009713565497063816
8.964,-0.00467460033936238
8.968,-0.004343056363155387
8.972,-0.019894568982087205
8.976,-0.02850046936548862
8.98,-0.0206553686800931
8.984,-0.008371836943250284
8.988,-0.008237807677363736
8.992,-0.024938516104447715
8.996,-0.019782888619075335
9.0,-0.01868118585360921
9.004,0.0025051999892121563
9.008,-0.006132560261764328
9.012,-0.010210671151216455
9.016,-0.026596575701912595
9.02,-0.011746968470276961
9.024,-0.009637930281028774
9.028,-0.012737920289965442
9.032,-0.020051534475659636
9.036,-0.01919390453510574
9.04,-0.01693237048696637
9.044,-0.00875748095630864
9.048,-0.00464496700988972
9.052,-0.024942922092985292
9.056,-0.022301222455123636
9.06,-0.021980371823205114
9.064,-0.007589162272249289
9.068,-0.006624643619494125
9.072,-0.016956145766394946
9.076,-0.031420345153638174
9.08,-0.023980169154867892
9.084,-0.01103434669906612
9.088,0.006583608831915026
9.092,-0.021254958979627942
9.096,-0.020878457770716168
9.1,-0.021062117642320688
9.104,-0.01156242852313976
9.108,-0.015437330141089844
9.112,-0.01818790943612861
9.116,-0.023636000232007546
9.12,-0.009384832956097162
9.124,-0.008904197370878037
9.128,-0.008499220954854227
9.132,-0.026781475204782655
9.136,-0.023130166962264793
9.14,-0.015130630867303974
9.144,-0.0004987516563376357
9.148,-0.016588547482761423
9.152,-0.01784468113883888
9.156,-0.022440973968253085
9.16,-0.013263800666569956
9.164,-0.0031001241745474465
9.168,-0.009426117652224642
9.172,-0.024525495438326498
9.176,-0.026947425816940318
9.18,-0.017055298905850308
9.184,-0.010090671386018
9.188,-0.01641477770809625
9.192,-0.018096122375378932
9.196,-0.020614275307727033
9.2,-0.005478480525428146
9.204,-0.0062669374065890205
9.208,-0.00754814611312624
9.212,-0.01726993720662747
9.216,-0.023343244550219487
9.22,-0.005055571875181089
9.224,0.005120867354811565
9.228,-0.013472561088167887
9.232,-0.013016361655338395
9.236,-0.017027590758356487
9.24,-0.014885817771419799
9.244,-0.00231136438965348
9.248,-0.01023548985143598
9.252,-0.020153520489333807
9.256,-0.02270356337956412
9.26,-0.020219281790745548
9.264,-0.013274880456347662
9.268,-0.007709057472592127
9.272,-0.020799389804455934
9.276,-0.030898774951031258
9.28,-0.016778089976711087
9.284,-0.0020875767971255607
9.288,-0.012321621617601235
9.292,-0.015533745932178255
9.296,-0.02506568674972101
9.3,-0.015417525427327772
9.304,-0.00039247309040784
9.308,-0.005624154096374159
9.312,-0.010678767679688537
9.316,-0.018073230591157168
9.32,-0.012850887131249959
9.324,0.0013307711483616907
9.328,-0.011531620850593938
9.332,-0.027822327727627966
9.336,-0.025226066394674077
9.34,-0.012580512800255688
9.344,-0.003229567246409096
9.348,-0.010597746656796901
9.352,-0.011558622365464136
9.356,-0.017244944562909953
9.36,-0.014260498612305059
9.364,-0.0032479440639299473
9.368,-0.00047875529572701143
9.372,-0.02170622849291136
9.376,-0.019666735033184782
9.38,-0.019585025145651806
9.384,-0.00844518138460733
9.388,0.0005682720094042004
9.392,-0.0144206605913013
9.396,-0.01009097058604785
9.4,-0.018890480091718856
9.404,-0.004510782005288256
9.408,-0.007986827917900105
9.412,-0.026150710491919135
9.416,-0.022321643961085866
9.42,-0.01327192596610883
9.424,-0.004201699280762345
9.428,0.004017304778609936
9.432,-0.021996402376030583
9.436,-0.02529752500099986
9.44,-0.013909947688248504
9.444,-0.005830190080414197
9.448,-0.0015402995170092845
9.452,-0.02174341022420041
9.456,-0.022562758498994695
9.46,0.0013101021110116136
9.464,0.0007531125045205666
9.468,-0.0015996785000211436
9.472,-0.02085566067565916
9.476,-0.01304416612853021
9.48,-0.011923982201166757
9.484,-0.001018664313741863
9.488,-0.018502316838447136
9.492,-0.017023364891207995
9.496,-0.025568403411353205
9.5,-0.01087780620465527
9.504,-0.006301037788253958
9.508,-0.003356613743259539
9.512,-0.010576762599826591
9.516,-0.014409947160575556
9.52,-0.0104873957735441
9.524,0.002833441034065136
9.528,-0.009427367942431425
9.532,-0.01587639167251812
9.536,-0.01798542755344063
9.54,-0.012029766091227875
9.544,-0.01616706444466064
9.548,0.006657072802372211
9.552,-0.024016496722389067
9.556,-0.010636439912825474
9.56,-0.010615405728124878
9.564,0.003592175537719514
9.568,-0.0072408304230937685
9.572,-0.010145569766797067
9.576,-0.017840242683501536
9.58,-0.004341478444085694
9.584,-0.004466174496010343
9.588,-0.011166012928888077
9.592,-0.010483220254585512
9.596,-0.021929843017997705
9.6,-0.011643548983443589
9.604,-0.001577625519036
9.608,-0.005862334693773371
9.612,-0.009831654680447182
9.616,-0.01650899422447746
9.62,-0.010380696370956066
9.624,0.003153434545294713
9.628,0.004285446208543358
9.632,-0.01753642682230808
9.636,-0.015130461008463762
9.64,-0.011443167196857491
9.644,0.0026761194322392186
9.648,0.0006881320372190804
9.652,-0.02232144023067341
9.656,-0.011553841970693047
9.66,-0.008699027093138767
9.664,-0.009626291274398123
9.668,0.001007731774559067
9.672,-0.013263435417490891
9.676,-0.014766808790995858
9.68,-0.012284081685113822
9.684,0.0041191943322453
9.688,-0.0029711526199262725
9.692,-0.016102256683345913
9.696,-0.016340048481040436
9.7,-0.009441976535965334
9.704,0.0005802449223341953
9.708,-0.002888274463652147
9.712,-0.019003620983602344
9.716,-0.018421350092309094
9.72,-0.01350140344878207
9.724,0.005350123700805647
9.728,0.0004585915926258107
9.732,-0.004448711876750429
9.736,-0.015439966344542439
9.74,-0.004641433862893607
9.744,0.009714850898671657
9.748,-0.006528431065225905
9.752,-0.006437489900914254
9.756,-0.009981092729622831
9.76,-0.007450112433509703
9.764,0.004370183721759613
9.768,0.011420051616746814
9.772,-0.02128974114788504
9.776,-0.014909199348130956
9.78,-0.01184747746770428
9.784,0.001067991838377988
9.788,0.00957856954520505
9.792,-0.011935474377486481
9.796,-0.007864636607888817
9.8,-0.012850622395390341
9.804,0.01124938671511001
9.808,-0.00975861223318877
9.812,-0.0009519532522537389
9.816,-0.011977292376512683
9.82,0.0007367656194364556
9.824,0.005178170269147674
9.828,0.002776283897226286
9.832,-0.0060429021511947435
9.836,-0.012031346851995518
9.84,-0.009717114657357884
9.844,-0.0007290910521953195
9.848,0.0025451386997000164
9.852,-0.006589100484279756
9.856,-0.008758445564001576
9.86,-0.008447398232281666
9.864,0.0019467294041532104
9.868,0.006760619119593132
9.872,-0.01253826155127028
9.876,-0.025147293699709763
9.88,-0.004114107554983768
9.884,-1.4041004145681421e-06
9.888,0.006837227675804197
9.892,-0.00936211555950004
9.896,-0.017323338204530067
9.9,0.0002467303558235049
9.904,-0.0008876375771088782
9.908,0.0021732445566184167
9.912,-0.004343894606309269
9.916,-0.011448237086514532
9.92,4.147071503237754e-05
9.924,0.004685438474547749
9.928,0.007089902358971958
9.932,-0.011064518905060267
9.936,-0.02326622503107216
9.94,-0.004645750048092748
9.944,0.00560375128108297
9.948,0.002553063271268399
9.952,0.0013071931930175706
9.956,-0.009816032783494718
9.96,-0.0009593741141377575
9.964,0.017006261845652043
9.968,0.002504596668998139
9.972,-0.00876978590375269
9.976,-0.013861533487645773
9.98,0.0014250715854803651
9.984,0.008911945814272374
9.988,0.0058736828128532976
9.992,-0.0004947289045055927
9.996,-0.017098409806541412
10.0,-0.007013128058763438
10.004,0.01352253172740172
10.008,0.007255220004811803
10.012,-0.007948568054369162
10.016,-0.011393873535130666
10.02,-0.0013003478278302157
10.024,0.010484609798693749
10.028,0.008001600407701731
10.032,-0.002813643363107557
10.036,-0.009801237319585236
10.04,-0.0016627704663191125
10.044,0.016330625067824872
10.048,0.011495660158569725
10.052,0.0012001091469583981
10.056,0.0017326538355256216
10.06,-0.004056685607433276
10.064,0.002095169424547523
10.068,0.014319300255915768
10.072,-0.0013307059181604285
10.076,-0.009154482961294435
10.08,0.003792418437612707
10.084,0.010329152283617058
10.088,0.006331069614122827
10.092,-0.004350024303959332
10.096,-0.011347518921955284
10.1,0.0009437321140148007
10.104,0.0080739373196203
10.108,0.008787116523052934
10.112,-0.0016356126416154236
10.116,0.0007389604786796284
10.12,0.005257016244162527
10.124,0.018714284800070036
10.128,0.01194703048175665
10.132,-0.005215951382593599
10.136,-0.006605022083332897
10.14,0.0009444802030191156
10.144,0.011297655369564456
10.148,0.00579677697200358
10.152,-0.003862411631868844
10.156,-0.007014690459439389
10.16,0.006864656091032047
10.164,0.008715663276200276
10.168,0.011422772763827091
10.172,-0.0014539244288750144
10.176,-0.01380165341644125
10.18,0.002749869457617335
10.184,0.013049878127842132
10.188,0.00943785398226795
10.192,0.004287470887927583
10.196,-0.006302474852712691
10.2,0.007360188379502596
10.204,0.009742643855206963
10.208,0.009425489593774029
10.212,0.0035944434611897124
10.216,-0.00746261263307662
10.22,0.009829216871796286
10.224,0.016123033638648226
10.228,0.0022695591642435016
10.232,-0.0019429475649647967
10.236,-0.010903451188148961
10.24,0.005863490511061959
10.244,0.018153332667145423
10.248,0.005392142022284449
10.252,-0.0007130305812433494
10.256,-0.006757931785995982
10.26,0.005670418700680496
10.264,0.007849982587661456
10.268,0.010810846347615883
10.272,-0.0009320143246051353
10.276,-0.004809144356063515
10.28,0.013933821459992855
10.284,0.015909801071999182
10.288,0.009329300021855879
10.292,0.00023383555273225534
10.296,0.004457080219704361
10.3,0.005747461868897375
10.304,0.009358813091768505
10.308,0.017138033293856388
10.312,0.0047036327983821045
10.316,-0.010875177920764666
10.32,0.007878494759560511
10.324,0.009067729748091457
10.328,0.008994297378479349
10.332,-0.0010462894779687064
10.336,-0.0016197404947672842
10.34,-0.0002441378100670891
10.344,0.024314072596203072
10.348,0.008338695408290454
10.352,-0.0064045392802461265
10.356,-0.005499545416372613
10.36,0.008082692660525215
10.364,0.014016380513180552
10.368,0.013613378244414264
10.372,0.010686873380648509
10.376,-0.007588634800086692
10.38,0.015372042746658748
10.384,0.015818889821005207
10.388,0.01121649648599514
10.392,0.010283171632337523
10.396,-0.009410656470969926
10.4,0.009613440260547121
10.404,0.007326567619454336
10.408,0.01715636711599068
10.412,0.002667427084157442
10.416,0.002819827257234865
10.42,0.007723197425688878
10.424,0.02139864653223277
10.428,0.021878105220204926
10.432,-0.00046942160560229165
10.436,0.00046502703074548257
10.44,0.007618437967725227
10.444,0.01292211395785195
10.448,0.011707978690759879
10.452,0.005301752857997996
10.456,0.008922663061378263
10.46,0.006027066857290897
10.464,0.013672703183547033
10.468,0.01465077025805936
10.472,-0.001854780117927425
10.476,-0.002661576800122937
10.48,0.006348152841623321
10.484,0.014237216722233187
10.488,0.015654730970848355
10.492,0.010685801740549901
10.496,0.011874778564496953
10.5,0.010135653472303068
10.504,0.0231255811780496
10.508,0.002124374849103319
10.512,0.0007042894094701894
10.516,0.006179048975451865
10.52,0.011150659183503987
10.524,0.026018195235522675
10.528,0.009194104654350672
10.532,-0.0029558430464210897
10.536,0.00909108989756548
10.54,0.005900136028880229
10.544,0.02755098448901764
10.548,0.027732214490592884
10.552,0.004831073117703478
10.556,-3.8914653741704136e-05
10.56,0.0180908366032594
10.564,0.021263601643144305
10.568,0.014767157633159318
10.572,0.00426958963324876
10.576,0.003115052230413828
10.58,0.017493187375536946
10.584,0.020141646445735854
10.588,0.02085543916932223
10.592,0.006495226733990199
10.596,0.005035352216499459
10.6,0.015356556620892657
10.604,0.026862188023425444
10.608,0.012083988308544052
10.612,0.00981940797737189
10.616,0.0030803318848792584
10.62,0.003037780393662313
10.624,0.01969297487549777
10.628,0.012736339262280783
10.632,0.009161333803132941
10.636,0.0083379286502409
10.64,0.010675097999428212
10.644,0.022482300813445762
10.648,0.015858961190838374
10.652,0.004637311318191491
10.656,-0.00323043554299103
10.66,0.012253768233572522
10.664,0.02924345113395952
10.668,0.01229610385847853
10.672,-0.0012634427334208284
10.676,-0.0022085315912336
10.68,0.011581015284605842
10.684,0.02110207684764156
10.688,0.021385321800903263
10.692,0.005892484958277561
10.696,0.005944125185552391
10.7,0.015378435569272906
10.704,0.0162953370328636
10.708,0.02134343533131608
10.712,0.004180848969559186
10.716,-0.00226145044503623
10.72,0.02587246922630644
10.724,0.025207663830241
10.728,0.018630863643894234
10.732,0.0036121636440409974
10.736,0.012544900107276729
10.74,0.009555176902344639
10.744,0.021943076038825827
10.748,0.019860852448310984
10.752,0.0013355704157736034
10.756,-0.0008343241332800615
10.76,0.006784939841073803
10.764,0.02408577947807571
10.768,0.024196834120115047
10.772,0.00788972033737199
10.776,0.008129006162623166
10.78,0.014226984910706045
10.784,0.01690168366841775
10.788,0.01869975400567779
10.792,0.011598676476312696
10.796,0.0086341326656086
10.8,0.0074606948094934206
10.804,0.03077315191351192
10.808,0.022309773569977077
10.812,0.0061734116934254275
10.816,0.0013534166154966203
10.82,0.015309143511347767
10.824,0.030998385070787563
10.828,0.01834335585770084
10.832,0.0023364043604870936
10.836,0.0073165687681917505
10.84,0.004420712452574371
10.844,0.023462109648132258
10.848,0.02628912423506258
10.852,0.01597352291569384
10.856,0.002706237677008928
10.86,0.014319161155870012
10.864,0.01570560803574178
10.868,0.01362761539298147
10.872,0.008607204758205313
10.876,0.0061323736006689495
10.88,0.009307875592331465
10.884,0.01729849374128114
10.888,0.020619174354732202
10.892,0.00711840500779499
10.896,0.015146148043196915
10.9,0.013021823384652183
10.904,0.02751278086650659
10.908,0.01656653300984784
10.912,0.011746914211267443
10.916,0.0024084481530525456
10.92,0.006353173033875259
10.924,0.018228397650908654
10.928,0.022640959506983957
10.932,0.011931366998234855
10.936,0.013502368217421862
10.94,0.02045831881799525
10.944,0.0123234157293262
10.948,0.020171476290453075
10.952,0.008383015450057636
10.956,0.01573382794716365
10.96,0.004022833315325335
10.964,0.031208511586963635
10.968,0.020312604753811928
10.972,0.008823734068184812
10.976,0.015417081053685382
10.98,0.016422389877053536
10.984,0.02089271060623883
10.988,0.02046357252887633
10.992,0.006014615770836267
10.996,0.008823167034354786
11.0,0.020507066996505303
11.004,0.025781262684969077
11.008,0.0268917824127138
11.012,-0.002044766243337411
11.016,0.004868965727542753
11.02,0.005892918926104138
11.024,0.024498696265450856
11.028,0.024343441888386656
11.032,0.015317125508860031
11.036,0.013491565124540347
11.04,0.01712171342862676
11.044,0.01962603669865351
11.048,0.021966753342221843
11.052,0.012480226234329294
11.056,0.007290255326305816
11.06,0.014677130813946372
11.064,0.025679331074461426
11.068,0.02265417709826661
11.072,0.01581346941793376
11.076,0.011698503393631189
11.08,0.02045795296278981
11.084,0.016944088144408204
11.088,0.020026293931305866
11.092,0.00393313460638789
11.096,0.006252258631685092
11.1,0.019699460803625536
11.104,0.02075357638583483
11.108,0.03254487707141067
11.112,0.01182868867353952
11.116,0.009903317797028986
11.12,0.020962115756039033
11.124,0.026251684382326054
11.128,0.02498795865687974
11.132,0.015875028205986737
11.136,0.012199645898926345
11.14,0.014401154273375408
11.144,0.030978835201306922
11.148,0.026199953303840548
11.152,0.01622939492650133
11.156,0.006339403856857989
11.16,0.01024146373386538
11.164,0.026536529701535274
11.168,0.01767669799224077
11.172,0.0028957093758855247
11.176,0.001874493512936574
11.18,0.017412166277436546
11.184,0.02780199894344178
11.188,0.017838639485330914
11.192,0.018553997554889304
11.196,0.006666151091046759
11.2,0.014196236630445511
11.204,0.02766597340615991
11.208,0.017518320918294396
11.212,0.006526204502334683
11.216,0.007930762882340646
11.22,0.011283363497570177
11.224,0.027567365836947154
11.228,0.02013442142172914
11.232,0.012086939998703007
11.236,0.013852965722326867
11.24,0.020173113382693557
11.244,0.026095882240643412
11.248,0.018658498314565494
11.252,0.009737603376823535
11.256,0.0006582630385573128
11.26,0.02009657533163082
11.264,0.027287679385578346
11.268,0.0161202392081269
11.272,0.01452546278835091
11.276,0.0065511010856445185
11.28,0.012641090210157874
11.284,0.024413944344527948
11.288,0.017543923929554513
11.292,0.008951323329866737
11.296,0.012200215243977372
11.3,0.016199436057240318
11.304,0.02670959578434583
11.308,0.02274412894062923
11.312,0.006540152690116154
11.316,0.0008248378580456225
11.32,0.013449236874705723
11.324,0.019746551631590833
11.328,0.021816975004141998
11.332,0.007162788866525447
11.336,0.008153179599246805
11.34,0.01704697756716987
11.344,0.025760841686166845
11.348,0.016364614340117937
11.352,0.012189360675243309
11.356,0.006669102990143792
11.36,0.026629137488575254
11.364,0.03136722462477857
11.368,0.02241875279050523
11.372,0.006154295812935251
11.376,0.013206460741725549
11.38,0.011795009110133628
11.384,0.026204131035018396
11.388,0.02095397379750242
11.392,0.01029933362517055
11.396,0.002801951804761093
11.4,0.016826570983417867
11.404,0.023625244339595643
11.408,0.025032611849221297
11.412,0.01713297518063387
11.416,0.007343871210859843
11.42,0.01642495933057054
11.424,0.029936155514814947
11.428,0.024196706972296214
11.432,0.0016647882437185284
11.436,0.006683953342857067
11.44,0.01099108138592578
11.444,0.02328663261466653
11.448,0.012534001636571084
11.452,0.013585378180470207
11.456,0.001064215979371408
11.46,0.009345783067835435
11.464,0.026829460205092612
11.468,0.020294998619414993
11.472,0.007245276653391799
11.476,0.005474403079218312
11.48,0.011447752435705021
11.484,0.026845190287202638
11.488,0.025664415465364052
11.492,-0.0015523101353558735
11.496,0.005527154793347602
11.5,0.02175066126221292
11.504,0.02747389839963434
11.508,0.022941843747668306
11.512,0.0069814548036558855
11.516,0.006733155414300486
11.52,0.011198029265251782
11.524,0.028069432992412924
11.528,0.01656548152856737
11.532,0.009319296483539909
11.536,0.002178246221991477
11.54,0.008513214194451429
11.544,0.02856911755189247
11.548,0.0132637924180919
11.552,0.007856621687022487
11.556,0.011443004102721907
11.56,0.015476431347156287
11.564,0.017074907403406895
11.568,0.019574283428439962
11.572,0.005621993747929184
11.576,0.007372399906121512
11.58,0.01808588970907227
11.584,0.02269447230463929
11.588,0.022381602290477722
11.592,-0.0018937824884787775
11.596,0.00202220543168211
11.6,0.014181334979766643
11.604,0.026880662584364036
11.608,0.019913428285470488
11.612,0.008187817396663454
11.616,0.004156812388935487
11.62,0.005133280600945974
11.624,0.03226490280124318
11.628,0.01868941557352708
11.632,-0.0023872032574163
11.636,0.004075212044402294
11.64,0.002330954867343086
11.644,0.010937384521053814
11.648,0.03037131148093422
11.652,0.007793948371112447
11.656,0.014113664576455714
11.66,0.013453586991070743
11.664,0.01640340561341727
11.668,0.021514274943690556
11.672,0.011353160313481206
11.676,0.012068234961785749
11.68,0.010138412540736157
11.684,0.01846171705949845
11.688,0.020705810711607348
11.692,0.003557763878416969
11.696,0.0011579922537794864
11.7,0.01340044303384701
11.704,0.020087858111244142
11.708,0.008899705896975429
11.712,0.004730401739750195
11.716,-0.0005894795121476311
11.72,0.023961894770355544
11.724,0.014676323656531397
11.728,0.02423986630361817
11.732,0.0023167936358230007
11.736,0.002684879262739967
11.74,0.00965773325374039
11.744,0.024038267890418658
11.748,0.022218711739778164
11.752,0.0063737003326172405
11.756,0.006654733497348347
11.76,0.015308574802177176
11.764,0.022925933133834467
11.768,0.015726741920886165
11.772,0.0015734545417243995
11.776,-0.0045316590708617994
11.78,0.006637307525749005
11.784,0.02535439655645646
11.788,0.013653278356828504
11.792,-0.0005553543539002703
11.796,-0.0039656830548220195
11.8,0.016435281999553443
11.804,0.027538308411673842
11.808,0.008248119322852037
11.812,0.0035061467075702462
11.816,0.00285669866041126
11.82,0.011462541565296072
11.824,0.025543382931332764
11.828,0.013544222581998604
11.832,0.002461117055473104
11.836,0.005850168572578565
11.84,0.006209032136941146
11.844,0.013788043530161363
11.848,0.017122054351210374
11.852,-0.005413621846242681
11.856,0.00046673784657712074
11.86,0.0035957303423991803
11.864,0.016477528823422752
11.868,0.010838822366192869
11.872,0.0027879637242854403
11.876,-0.00888023386439201
11.88,0.004750969821786188
11.884,0.007058648418981848
11.888,0.017437610122477628
11.892,-0.0028489017268452776
11.896,-0.007835117610079951
11.9,0.0051841902015182404
11.904,0.026749805130015705
11.908,0.018146917357821313
11.912,-0.0015377212037201455
11.916,0.007401090806141031
11.92,0.007625190839263369
11.924,0.009289829522671596
11.928,0.0053329476174186555
11.932,0.001975549133715488
11.936,-0.00033196090819660653
11.94,0.007235044353770588
11.944,0.018339466982729223
11.948,0.010352263387444865
11.952,-0.00061575114637975
11.956,-0.003003920421628137
11.96,-0.0024064363874913676
11.964,0.016989701223018423
11.968,0.01058104765854797
11.972,-0.004563626420133565
11.976,0.004366464602108363
11.98,0.009681856318450099
11.984,0.018310267521764
11.988,0.011425493798765481
11.992,-0.008688774176594988
11.996,-0.0002895125593447563
12.0,-0.00013797155784041858
12.004,0.01325093770793194
12.008,0.008502331966743073
12.012,0.003884498707285396
12.016,-0.003755062072672423
12.02,0.009438049295625764
12.024,0.018339868789569117
12.028,0.00957089218366326
12.032,-0.0009155152983351903
12.036,-0.009551841549966453
12.04,0.0052536637189676836
12.044,0.011411920468808477
12.048,0.014479830277468572
12.052,-0.00655727009121484
12.056,-0.0037170125545847466
12.06,-0.008173783401155836
12.064,0.013876905408703746
12.068,0.006230352823036106
12.072,0.005699919905523992
12.076,-0.00913797991402611
12.08,0.0003830969030931635
12.084,0.018779054502709325
12.088,0.00532602266066475
12.092,-0.003260989936442289
12.096,-0.013795073795425767
12.1,0.007376052879008711
12.104,0.012007925064041754
12.108,0.016244583458486242
12.112,-0.0031032530914145563
12.116,0.007081767220086511
12.12,-0.0010714653364115195
12.124,0.011678222620067203
12.128,0.006477121806561606
12.132,-0.005463631243354357
12.136,-0.003401024052947902
12.14,0.0009823501058633687
12.144,0.022475784855767733
12.148,0.007235977928427996
12.152,-0.007613130708297758
12.156,-0.010320942620321306
12.16,0.012569313405530679
12.164,0.019801175824297336
12.168,0.009082188256589782
12.172,-0.004881298815589384
12.176,-0.007252786051533707
12.18,0.0010452202582735127
12.184,0.013708565801990874
12.188,0.00513524252089684
12.192,0.0005371362492339101
12.196,-0.01672178701387058
12.2,0.0004305347907734364
12.204,0.009912640510348056
12.208,0.004710029518768916
12.212,-0.0053781343594454505
12.216,-0.007807900584573528
12.22,-0.005327786447603773
12.224,0.014186527419187873
12.228,0.0020047972510858813
12.232,-0.0010082058798310794
12.236,-0.007523353037588329
12.24,-0.0078033230804334785
12.244,0.004108885660934171
12.248,-0.005027971455831373
12.252,-0.010982932174644229
12.256,-0.014142518759019257
12.26,-0.0019556572320076787
12.264,0.013549356287014647
12.268,0.005612717907925209
12.272,-0.004988508863847419
12.276,-0.0118455225898508
12.28,-0.001984426639823838
12.284,0.00436329826313131
12.288,-0.0008301436317951615
12.292,-0.013455815386462552
12.296,-0.006495474652554345
12.3,-0.004141694091018169
12.304,0.006828270600163564
12.308,0.008913690559832124
12.312,-0.005618699224417821
12.316,-0.014100082023042526
12.32,0.003386140994175184
12.324,0.006911464883202463
12.328,0.004243690708771476
12.332,-0.002734926917286708
12.336,-0.008431439606194724
12.34,-0.0019150348311244279
12.344,0.006590302628138334
12.348,0.0006342016409019106
12.352,-0.011543536307514151
12.356,-0.005572436068842454
12.36,0.00022900903704819228
12.364,0.006928140217262949
12.368,-0.005490614256869546
12.372,-0.0013062838804697788
12.376,-0.015406224526431438
12.38,-0.006017443414486076
12.384,0.006441434923301074
12.388,-0.0030482451519949685
12.392,-0.016031274207802426
12.396,-0.010707446254090485
12.4,-0.007937922155478823
12.404,0.003393160452316475
12.408,-0.0004605138896491116
12.412,-0.014360476697115631
12.416,-0.009441137630302986
12.42,-0.010151684138811581
12.424,0.006555311460911541
12.428,0.002773398500127771
12.432,-0.012745344056792507
12.436,-0.008024577489171543
12.44,-0.007986854062898285
12.444,0.0035525136410990378
12.448,-0.0013912210719275785
12.452,-0.0174488148049905
12.456,-0.025461997843548412
12.46,-0.0033676721599020026
12.464,-0.008210231698488262
12.468,-0.0020405282331289205
12.472,-0.005367605517671808
12.476,-0.023655385355219438
12.48,-0.013197191451544573
12.484,0.0064415632863856495
12.488,0.0021014293429322175
12.492,-0.01678252713836474
12.496,-0.01403592137220062
12.5,-0.019845096388771313
12.504,0.0013052957889741433
12.508,0.0013057060099930656
12.512,-0.009927376009435008
12.516,-0.01885408330910522
12.52,-0.003211856527703897
12.524,0.003615023771964798
12.528,0.0025531879429717113
12.532,-0.017422976486774957
12.536,-0.023891111937612234
12.54,0.003533897180096569
12.544,-0.004838647552377906
12.548,0.006577898358338599
12.552,-0.011983012510473918
12.556,-0.028498548302744404
12.56,-0.011571637926584154
12.564,0.007887885571368764
12.568,-0.007769244381452242
12.572,-0.017658574094829994
12.576,-0.0254923146259216
12.58,-0.004727093543420211
12.584,-0.007280492620303482
12.588,-0.00024128177541902357
12.592,-0.02130548557742809
12.596,-0.02176502085696991
12.6,-0.003930825248236334
12.604,0.003785765593302194
12.608,-0.002327491593102576
12.612,-0.021949738423481524
12.616,-0.015333327263527721
12.62,-0.007201936867614688
12.624,0.015256779418076544
12.628,-0.007971482366814681
12.632,-0.016481072778211807
12.636,-0.016562265716729092
12.64,-0.014890387367668227
12.644,-0.0048416783496223435
12.648,-0.007761707891637822
12.652,-0.024048246315457655
12.656,-0.01826490046910345
12.66,-0.013838827801280262
12.664,-0.008353220663225577
12.668,-0.003085337608387121
12.672,-0.013683133412091342
12.676,-0.01678212763322676
12.68,-0.024582663771494057
12.684,-0.009220094764575953
12.688,-0.007035848787394012
12.692,-0.030702656811549094
12.696,-0.024289590743806808
12.7,-0.016682250653768195
12.704,0.0011984727904523918
12.708,-0.00961425801572987
12.712,-0.016604685316549423
12.716,-0.02617847418334582
12.72,-0.012891726988602347
12.724,0.004935278659867022
12.728,-0.008473573014847103
12.732,-0.01690352952085115
12.736,-0.020404570474783255
12.74,-0.009346795566412835
12.744,-0.002416061452127122
12.748,-0.01339754706232376
12.752,-0.02317950096588814
12.756,-0.014406308813412429
12.76,-0.012409825984353839
12.764,-0.0061035806190068405
12.768,-0.009802504129762787
12.772,-0.022487693516952244
12.776,-0.026757061080457126
12.78,-0.014366733529157932
12.784,-0.006911428526489741
12.788,-0.017160803221204744
12.792,-0.017708795695991604
12.796,-0.03082442643873275
12.8,-0.02150985692556617
12.804,-0.00020196187742079277
12.808,-0.008244828412821608
12.812,-0.01213981730309207
12.816,-0.02620648829936876
12.82,-0.015222681004673534
12.824,-0.0029009716285697497
12.828,-0.014362832595011131
12.832,-0.02611478905835281
12.836,-0.015886233613446623
12.84,-0.02228786800482511
12.844,-0.008651432797981598
12.848,-0.004590094162026595
12.852,-0.023159487221455055
12.856,-0.029365084264802426
12.86,-0.02306298198698827
12.864,-0.014715781665290213
12.868,-0.011611125033321549
12.872,-0.02443639047074645
12.876,-0.019993225205832327
12.88,-0.01629502632608017
12.884,-0.01216248661116091
12.888,-0.00889694798283579
12.892,-0.01917037703928233
12.896,-0.0226158284290073
12.9,-0.010395253125959358
12.904,-0.006171411066049441
12.908,-0.004728522740754056
12.912,-0.019999791936272802
12.916,-0.02887464112082146
12.92,-0.02128345385633148
12.924,-0.0120448177811414
12.928,-0.008250090641768938
12.932,-0.025637694040785176
12.936,-0.02558215328512196
12.94,-0.017301326942967196
12.944,-0.010650586709071805
12.948,-0.002642247798617891
12.952,-0.030007004053018826
12.956,-0.03290370469563614
12.96,-0.017579591376235076
12.964,-0.010936861118127915
12.968,-0.01658525304941252
12.972,-0.02527561676951073
12.976,-0.025084084023588384
12.98,-0.022454850103256183
12.984,-0.00250058617504204
12.988,-0.014116736806206787
12.992,-0.029204492626865544
12.996,-0.028582540049345042
13.0,-0.025242092499762663
13.004,-0.02110201774637837
13.008,-0.005033228168319331
13.012,-0.015443269952239522
13.016,-0.035837040511293515
13.02,-0.01891080996532044
13.024,-0.008978106702073859
13.028,-0.01284560090030373
13.032,-0.027935728948987198
13.036,-0.03468057074970264
13.04,-0.02212752205118914
13.044,-0.012646296345117507
13.048,-0.008737234617393001
13.052,-0.018946491068903473
13.056,-0.03464460734992396
13.06,-0.015854572453323598
13.064,-0.008863134885994328
13.068,-0.017040053735446117
13.072,-0.022377726306667966
13.076,-0.03382715707054499
13.08,-0.02657426619608829
13.084,-0.015627065929297045
13.088,-0.008112555021365778
13.092,-0.030630995360699957
13.096,-0.030056634341577584
13.1,-0.02745039211789562
13.104,-0.010223652139289007
13.108,-0.009787548467517193
13.112,-0.03655263598794854
13.116,-0.035460824040911255
13.12,-0.022689940631856514
13.124,-0.010086581192107119
13.128,-0.021339243165172654
13.132,-0.03568897355008658
13.136,-0.022848791247498668
13.14,-0.029734605018463763
13.144,-0.01390092168056307
13.148,-0.013222776166447556
13.152,-0.034227931638961887
13.156,-0.028896792943220798
13.16,-0.015654458650236912
13.164,-0.009357491711218316
13.168,-0.014377408403950097
13.172,-0.03303167814675698
13.176,-0.03141364214880921
13.18,-0.025520816328982423
13.184,-0.010545027022185528
13.188,-0.01717115164291618
13.192,-0.033973203188227205
13.196,-0.03010135779164045
13.2,-0.03125523281290558
13.204,-0.01347589833965268
13.208,-0.021282951577335413
13.212,-0.027987370741472735
13.216,-0.043964114176543286
13.22,-0.02744049708855465
13.224,-0.01578157228204132
13.228,-0.014261913840947667
13.232,-0.023620779220369953
13.236,-0.03801044970351446
13.24,-0.023602283052776476
13.244,-0.026009239132324655
13.248,-0.017689886233446094
13.252,-0.028820697740657247
13.256,-0.03323717184225905
13.26,-0.03027686097073076
13.264,-0.016755553762883072
13.268,-0.021601504598728456
13.272,-0.03204740827781863
13.276,-0.024036225932080962
13.28,-0.020455103024773057
13.284,-0.013636484629075712
13.288,-0.023249884259297735
13.292,-0.03329122836759121
13.296,-0.030287962452402988
13.3,-0.026230712827804144
13.304,-0.013997194614567169
13.308,-0.016873694033104538
13.312,-0.026653951340950142
13.316,-0.037074080018940386
13.32,-0.03209315517570534
13.324,-0.009785563525429978
13.328,-0.018729433990252904
13.332,-0.03306577598254437
13.336,-0.047532471074615
13.34,-0.03232836337662121
13.344,-0.016981917992437083
13.348,-0.01700723316376731
13.352,-0.025248639576560122
13.356,-0.0451059278785797
13.36,-0.031839569164869665
13.364,-0.013649038004050514
13.368,-0.019067281649281412
13.372,-0.03389839216330971
13.376,-0.0426202804960268
13.38,-0.023178092855205293
13.384,-0.019449748697695734
13.388,-0.007432295618237413
13.392,-0.035954673238377526
13.396,-0.0360266452103754
13.4,-0.021737668506291864
13.404,-0.01342424070119711
13.408,-0.012647110342572362
13.412,-0.031695588250525965
13.416,-0.04067184620447688
13.42,-0.028911629571254746
13.424,-0.021446883241694033
13.428,-0.029145827246055914
13.432,-0.037268223474572815
13.436,-0.04013558310452666
13.44,-0.026827241094301107
13.444,-0.01565842924795522
13.448,-0.022185253995747216
13.452,-0.026613408349624293
13.456,-0.033506703595917606
13.46,-0.02209812998558362
13.464,-0.022582429708438323
13.468,-0.017355417541503146
13.472,-0.029035097096035453
13.476,-0.0276822901091238
13.48,-0.01965823348546344
13.484,-0.014159866108264004
13.488,-0.021766070213666524
13.492,-0.029676435219233077
13.496,-0.0422702840740982
13.5,-0.03148608178321121
13.504,-0.01680166876745184
13.508,-0.021376305460494828
13.512,-0.036735289698142416
13.516,-0.03535945993688905
13.52,-0.029658188371614755
13.524,-0.014793777092825455
13.528,-0.02113121174017431
13.532,-0.03387226664372496
13.536,-0.03747386216043992
13.54,-0.023372648761290128
13.544,-0.02168448663640156
13.548,-0.0193583303625735
13.552,-0.035231745525337976
13.556,-0.03345269488585626
13.56,-0.02600685362495428
13.564,-0.02216403679528041
13.568,-0.012978173950960497
13.572,-0.037555607305135595
13.576,-0.03995370086894663
13.58,-0.029955482364301792
13.584,-0.01725584241213283
13.588,-0.018530144401575327
13.592,-0.031990904917283264
13.596,-0.03823550569191802
13.6,-0.0341256210848778
13.604,-0.02154535028221357
13.608,-0.024874534323887063
13.612,-0.03194004943367179
13.616,-0.03164229441337728
13.62,-0.0314407751099076
13.624,-0.016619457989874284
13.628,-0.018977470718922973
13.632,-0.027567869691688722
13.636,-0.0433883403778466
13.64,-0.022334385145109988
13.644,-0.022925081045096135
13.648,-0.029301271009300557
13.652,-0.04346981704136968
13.656,-0.03897624097335347
13.66,-0.014728671881863066
13.664,-0.015797316511610118
13.668,-0.03449144836899769
13.672,-0.04136452687417838
13.676,-0.030598365033139147
13.68,-0.026943834745758108
13.684,-0.017356895472296303
13.688,-0.026292730273342776
13.692,-0.04091152420449326
13.696,-0.03990283293977393
13.7,-0.02292405005945104
13.704,-0.02156499477282097
13.708,-0.01815443947016427
13.712,-0.03384521854122873
13.716,-0.03162080365514342
13.72,-0.030161273762394934
13.724,-0.018640760338188126
13.728,-0.014756546392414197
13.732,-0.04301587778787439
13.736,-0.03670225325652413
13.74,-0.029336005333041915
13.744,-0.018784049274184447
13.748,-0.014239477646917804
13.752,-0.03817299090582281
13.756,-0.041993915681671205
13.76,-0.027118895024226666
13.764,-0.02494744303127519
13.768,-0.020046849222842632
13.772,-0.03622612963738215
13.776,-0.04302097024204021
13.78,-0.026123921351944582
13.784,-0.018523787366290644
13.788,-0.029026273522145235
13.792,-0.0413841674392353
13.796,-0.038355201198403355
13.8,-0.032144422335745264
13.804,-0.023367884363007435
13.808,-0.024933361562077486
13.812,-0.035332380187305404
13.816,-0.04644506874689104
13.82,-0.03120491583649455
13.824,-0.029996626951526807
13.828,-0.021746474601262694
13.832,-0.03661563675367732
13.836,-0.03876327782235544
13.84,-0.02634609927300643
13.844,-0.017016003969869187
13.848,-0.020109723144606736
13.852,-0.04358738882365865
13.856,-0.04176313967121552
13.86,-0.0258270127689486
13.864,-0.017189302129182064
13.868,-0.01678380234661154
13.872,-0.03600637285821812
13.876,-0.04013414687330738
13.88,-0.0270645934235674
13.884,-0.021825814058305585
13.888,-0.030730834110497957
13.892,-0.035265442846697456
13.896,-0.030117627696043377
13.9,-0.028884065051343815
13.904,-0.013819266038322928
13.908,-0.017221964293412658
13.912,-0.03980013550140821
13.916,-0.04211097576860722
13.92,-0.026570468162697855
13.924,-0.02009758361183886
13.928,-0.02401157160489379
13.932,-0.0321133394053175
13.936,-0.036685917454542034
13.94,-0.01999661325621676
13.944,-0.015822936084639812
13.948,-0.028524639820908936
13.952,-0.02892902564146014
13.956,-0.043432321891142815
13.96,-0.031081474744861858
13.964,-0.008144104362431256
13.968,-0.015300114207036395
13.972,-0.03244950612901037
13.976,-0.03485610798447075
13.98,-0.0337835773461351
13.984,-0.02114854580621878
13.988,-0.021759936716822612
13.992,-0.031094442726573652
13.996,-0.03953071639413322
14.0,-0.029475296774621386
14.004,-0.023910593600106732
14.008,-0.020635468990290153
14.012,-0.032362551013980126
14.016,-0.03264844592243068
14.02,-0.03622290940342861
14.024,-0.01880490045851923
14.028,-0.01971837883819355
14.032,-0.03483660247761304
14.036,-0.044221341548222375
14.04,-0.03132231061416302
14.044,-0.017693540459284555
14.048,-0.02008566863006025
14.052,-0.03438683029039708
14.056,-0.04508808043819233
14.06,-0.03754177905600076
14.064,-0.019527761005577033
14.068,-0.027403103319877817
14.072,-0.035638427349844924
14.076,-0.03105468787676038
14.08,-0.027175352206402915
14.084,-0.025417778451737184
14.088,-0.018684671638826818
14.092,-0.02890636021840463
14.096,-0.03552251347876704
14.1,-0.036545820993008786
14.104,-0.018853710238727533
14.108,-0.022974648273427944
14.112,-0.03597560109621506
14.116,-0.040539224498348084
14.12,-0.031754098580491746
14.124,-0.021346483365609792
14.128,-0.022993144282954445
14.132,-0.026848526403497344
14.136,-0.02608697911378014
14.14,-0.030637016265421844
14.144,-0.02408157909488576
14.148,-0.02261077736849529
14.152,-0.04106414274289956
14.156,-0.034759596318698155
14.16,-0.030411567140695234
14.164,-0.0156503648532525
14.168,-0.019773141883815227
14.172,-0.03187412077089856
14.176,-0.04029809729840155
14.18,-0.02466790100393789
14.184,-0.020450515925730408
14.188,-0.01872819153092134
14.192,-0.027481541688001147
14.196,-0.03960698695954491
14.2,-0.0109154210022834
14.204,-0.020846450956283194
14.208,-0.018048370884606896
14.212,-0.03808101269179805
14.216,-0.036163173918568776
14.22,-0.023306424146421884
14.224,-0.014856802438920357
14.228,-0.021463598133755514
14.232,-0.026623663415178814
14.236,-0.03017758844258958
14.24,-0.030751338165561748
14.244,-0.01280752787972569
14.248,-0.025482386118882764
14.252,-0.028225365727603497
14.256,-0.04250747918395617
14.26,-0.02332590496485634
14.264,-0.020915926214332525
14.268,-0.011030866889568594
14.272,-0.0468014861566018
14.276,-0.03289873642313155
14.28,-0.03139689439068747
14.284,-0.02028566363487617
14.288,-0.031024158558411404
14.292,-0.03587577440931004
14.296,-0.03202402138984796
14.3,-0.023460327398636287
14.304,-0.021634869039195564
14.308,-0.022646255400408176
14.312,-0.034973935589319806
14.316,-0.036224758177269764
14.32,-0.026620945240840674
14.324,-0.018943834216308353
14.328,-0.01953572138426695
14.332,-0.028570775383072122
14.336,-0.031763324387222056
14.34,-0.024505208342192168
14.344,-0.008887768269484446
14.348,-0.012602494608467803
14.352,-0.02981963511163262
14.356,-0.0397656967620829
14.36,-0.0203560930852872
14.364,-0.01327733357255389
14.368,-0.024240247152734047
14.372,-0.027879862092539523
14.376,-0.033664470745817736
14.38,-0.02931955564124567
14.384,-0.004396238562126986
14.388,-0.02024951109223875
14.392,-0.023018649246201645
14.396,-0.036023066071198276
14.4,-0.013754532053634945
14.404,-0.019772086567119866
14.408,-0.013356961315884281
14.412,-0.03343126586447526
14.416,-0.03671703773182624
14.42,-0.02403870739973511
14.424,-0.01985666899325849
14.428,-0.01800217793676341
14.432,-0.02842467348600777
14.436,-0.03747631418841648
14.44,-0.01753672309655638
14.444,-0.015266270527904847
14.448,-0.02010710377942642
14.452,-0.02502173261023532
14.456,-0.02919135224364639
14.46,-0.026388742000681344
14.464,-0.0178418196864247
14.468,-0.016535382818240834
14.472,-0.0293767913541234
14.476,-0.033045367592228495
14.48,-0.01746572359051597
14.484,-0.014639866733407576
14.488,-0.018391897829602287
14.492,-0.025864578596062403
14.496,-0.027007627080711152
14.5,-0.015799697932194955
14.504,-0.008905584877064256
14.508,-0.016873978006989622
14.512,-0.02758805429614313
14.516,-0.028251756976396144
14.52,-0.030226333915285127
14.524,-0.018700434919638492
14.528,-0.011364301688377945
14.532,-0.030852333248619617
14.536,-0.03411166507791529
14.54,-0.01946030164547897
14.544,-0.013527320824203218
14.548,-0.019527130972793863
14.552,-0.024233484535185385
14.556,-0.0307425304119745
14.56,-0.02053897950683452
14.564,-0.006833876291830848
14.568,-0.02038035342405567
14.572,-0.02653631724495458
14.576,-0.013628219553961905
14.58,-0.028310518385363692
14.584,-0.013674168691196713
14.588,-0.01261773359916926
14.592,-0.024492688218943695
14.596,-0.03253806994522535
14.6,-0.025736725156680452
14.604,-0.01262198326266806
14.608,-0.007726063703108328
14.612,-0.02694954872440523
14.616,-0.029432216709685415
14.62,-0.025346343465565906
14.624,-0.002108196771005359
14.628,-0.010247968264615867
14.632,-0.024029520351264884
14.636,-0.04140380245344713
14.64,-0.014055190886214111
14.644,-0.007105453337899904
14.648,-0.007987374262693272
14.652,-0.023722609048387258
14.656,-0.027703798567028492
14.66,-0.021654512843035937
14.664,-0.005628515889047952
14.668,-0.011978216928259245
14.672,-0.017267447021779313
14.676,-0.02858736676488405
14.68,-0.018239523537575207
14.684,-0.00887800230610257
14.688,-0.013664187694817562
14.692,-0.023929219655719404
14.696,-0.02348151572773236
14.7,-0.028736855733943197
14.704,0.00031763995763964444
14.708,-0.00952419032809284
14.712,-0.02210464131040741
14.716,-0.031266902894650846
14.72,-0.02535433357035636
14.724,-0.008460872412759602
14.728,-0.009725582102591748
14.732,-0.031192185642092807
14.736,-0.016129538330399124
14.74,-0.01484332513227923
14.744,0.0006964833207608826
14.748,-0.010292614171714292
14.752,-0.02742213182639202
14.756,-0.04218446078017513
14.76,-0.025250270249149026
14.764,-0.005976288070471059
14.768,-0.007079190627587487
14.772,-0.019847181539468198
14.776,-0.022602033719406937
14.78,-0.01572824944579574
14.784,-0.007464555935273539
14.788,-0.017203582258404577
14.792,-0.023649835310772093
14.796,-0.021819582946099668
14.8,-0.016246725798681524
14.804,-0.002270078569512365
14.808,-0.013153491488713882
14.812,-0.028594167834431944
14.816,-0.016390911304554646
14.82,-0.017437984761271143
14.824,-0.00453985577955303
14.828,0.0005749962280106637
14.832,-0.024539799233985023
14.836,-0.02298763107022343
14.84,-0.022597624030957227
14.844,-0.0035472171531747464
14.848,-0.0039007020742172997
14.852,-0.01922721121775154
14.856,-0.025112702257957496
14.86,-0.009036742894138734
14.864,-0.004558180706398833
14.868,-0.0025353190968176063
14.872,-0.02046864032394408
14.876,-0.017216549202090918
14.88,-0.013657523155197268
14.884,0.0018592528526553643
14.888,-0.014527948219858436
14.892,-0.01507644897387934
14.896,-0.024717190909386733
14.9,-0.010793451552253707
14.904,0.0039037278887690922
14.908,-0.008822644264579847
14.912,-0.020078428926231264
14.916,-0.02055314766733419
14.92,-0.010131278891935805
14.924,0.003598914938325465
14.928,-0.007622217974752483
14.932,-0.014903067114037875
14.936,-0.017095636048413743
14.94,-0.004942327904735736
14.944,0.007023341841701983
14.948,-0.006118626573605784
14.952,-0.021683648673768943
14.956,-0.025289872896538137
14.96,-0.008712008401986252
14.964,-0.0044546997055135325
14.968,-0.014368594058095685
14.972,-0.012219224967464332
14.976,-0.011970703174546812
14.98,-0.025742403651601617
14.984,-0.008520392702331637
14.988,-0.007881501136994987
14.992,-0.0066135664853148035
14.996,-0.0181424126299527
15.0,-0.013423844694618995
15.004,0.002522087829862957
15.008,-0.006869588169422351
15.012,-0.019000430924499767
15.016,-0.01770851025539397
15.02,-0.016395335162362183
15.024,0.002744102439044197
15.028,-0.0009334204189943652
15.032,-0.01405489719254053
15.036,-0.017393703871018545
15.04,-0.016919911956053836
15.044,0.005124729210556856
15.048,0.0003417610686639646
15.052,-0.006959350217755596
15.056,-0.019303272832274117
15.06,-0.0038753207501815833
15.064,0.0009693828836801083
15.068,-0.00829203042732209
15.072,-0.018143517660250547
15.076,-0.012597794808693604
15.08,-0.007859306091261896
15.084,0.0005190832383524021
15.088,0.0033089709938014444
15.092,-0.009843307194884498
15.096,-0.01498850714395684
15.1,-0.0036915282751399125
15.104,-0.0013244904216540335
15.108,-0.005285443346746349
15.112,-0.010553594720357024
15.116,-0.01874477244892687
15.12,-0.010512532279710073
15.124,0.008424844898771915
15.128,0.0002891844869541563
15.132,-0.01552602307645406
15.136,-0.021801570351512926
15.14,-0.0067389749151051965
15.144,-0.003969736717990768
15.148,-0.003959078024417402
15.152,-0.009110414681389825
15.156,-0.02354691304369493
15.16,-0.002887403627377389
15.164,0.012543231548564519
15.168,-0.0022764414236439794
15.172,-0.01449164237721961
15.176,-0.008358874934206608
15.18,-0.008703060596136743
15.184,0.00452202549788471
15.188,-0.002852881182673984
15.192,-0.013073921574512357
15.196,-0.013860761456888073
15.2,-0.006989418465059522
15.204,0.00783370959111245
15.208,-0.0014630753720281976
15.212,-0.01103302634559413
15.216,-0.012510514401792544
15.22,-0.00800715423455468
15.224,0.0021540031696202218
15.228,-0.006418765205831067
15.232,-0.010758850123381722
15.236,-0.01973254887123937
15.24,-0.01103419260837599
15.244,1.844074302156419e-06
15.248,0.007038800533156215
15.252,-0.01984297517186593
15.256,-0.011487412884087583
15.26,-0.005169536565160064
15.264,0.009296780074876701
15.268,0.007242599002184696
15.272,-0.0036287590978318993
15.276,-0.01334381137844225
15.28,-0.007633879050303195
15.284,0.008644923000807062
15.288,-0.008704590253014895
15.292,-0.0065769159239544035
15.296,-0.019691721067436548
15.3,-0.0009622372919178299
15.304,0.0060708220548978745
15.308,0.0088129836850218
15.312,-0.015486833799121903
15.316,-0.002009144108266433
15.32,-0.007034768758845553
15.324,0.012327089909428754
15.328,0.004403196199662579
15.332,-0.00955130951596123
15.336,-0.018017429632488296
15.34,-0.008184893829775011
15.344,0.005045240696967513
15.348,-0.0017546824779266284
15.352,-0.006040635326483213
15.356,-0.01423879637415651
15.36,-0.004859893965926623
15.364,-0.003484955215629415
15.368,0.009227755465174212
15.372,-0.004181499766422212
15.376,-0.012213522203966772
15.38,0.005837153197355124
15.384,0.0024497559196011093
15.388,0.009061546701197555
15.392,-0.018377647490995644
15.396,-0.004030142585365542
15.4,-0.004533837513137067
15.404,0.0038877890248494498
15.408,-0.00020797252925479088
15.412,-0.01382309088605666
15.416,-0.01599349389161195
15.42,-0.010679973337403214
15.424,0.007295623813379287
15.428,0.0009622790362724251
15.432,-0.0015000327498535786
15.436,-0.0066838537618225426
15.44,-0.01054583913476367
15.444,0.009028746682703235
15.448,0.0010281718024009213
15.452,-0.01233614992979952
15.456,-0.0164411670655962
15.46,0.003739363196365566
15.464,0.008051936625730942
15.468,-9.701281012669451e-05
15.472,-0.017886386237116334
15.476,-7.547839375024977e-05
15.48,0.00030899511515878513
15.484,0.01100402605645917
15.488,0.001162467283985203
15.492,-0.0009118256460231072
15.496,-0.011386238188632523
15.5,-0.0009728661237418531
15.504,0.014439864210903635
15.508,0.0010043978978818164
15.512,-0.004005291262175746
15.516,-0.00017061702071955159
15.52,-0.00494236838259963
15.524,0.010980709598615327
15.528,0.013513367458537592
15.532,0.0015212581564864507
15.536,-0.0018907785640962394
15.54,0.005838456839953071
15.544,0.012491411611559727
15.548,0.004963393630883025
15.552,-0.0006587619977356861
15.556,-0.004434749846927992
15.56,0.004308094961653115
15.564,0.009700215638903185
15.568,0.00841326819370993
15.572,-0.0034034910078715955
15.576,-0.002835758757791316
15.58,0.007369393995152656
15.584,0.018790848170270418
15.588,0.01781913585542506
15.592,0.001017924613693935
15.596,0.005115171520610799
15.6,-0.006525852353738525
15.604,0.015863688888530552
15.608,0.001001623710669487
15.612,-0.0015319774644096003
15.616,-0.008719475409986011
15.62,0.013457475631454602
15.624,0.005362695883976313
15.628,0.014580835473034966
15.632,-0.0020272230747070213
15.636,-0.0013252447015713494
15.64,0.005153550310734252
15.644,0.01593235700451682
15.648,0.016895918115680305
15.652,-0.01276064054162238
15.656,0.0012392541538799942
15.66,0.006008987094317865
15.664,0.002906072330217009
15.668,0.011313293863779304
15.672,0.003890734997058668
15.676,-0.00863878968625571
15.68,0.0069679914661371104
15.684,0.019293100755153832
15.688,0.007154371667409265
15.692,0.008838666995458003
15.696,0.002301139014298891
15.7,0.004016893074246562
15.704,0.02300443656819198
15.708,0.015393342850337218
15.712,0.0038903747980743152
15.716,-0.0006480037903721287
15.72,0.00994005659631638
15.724,0.014104622925792766
15.728,0.008768416946736027
15.732,0.008064650268857682
15.736,-0.001614609324402162
15.74,0.01812617538981617
15.744,0.01739752269857975
15.748,0.021428875179028098
15.752,-0.009025674715029101
15.756,-0.009433694228258675
15.76,0.012772249228028526
15.764,0.018899020455910753
15.768,0.010796587998578553
15.772,-0.01074304195877522
15.776,-0.0044495510713036535
15.78,0.004100962158706466
15.784,0.01871713889523098
15.788,0.01403142412744968
15.792,0.004222306444638814
15.796,-0.008279100654291958
15.8,0.006640014216099564
15.804,0.019326910994338233
15.808,0.013416950407375929
15.812,0.004362711242028397
15.816,0.013720243780270876
15.82,0.010202062716753285
15.824,0.017090941952876738
15.828,0.006083885884959386
15.832,0.005203489107998738
15.836,0.0013205459663526904
15.84,0.013725013497354267
15.844,0.02071228694503051
15.848,0.012549463615226873
15.852,0.006385420965081921
15.856,0.0024336437410822807
15.86,0.0040579587331483055
15.864,0.017440781916489685
15.868,0.012118091356514166
15.872,0.009081685350830957
15.876,-0.005813604619239823
15.88,0.008606069967188618
15.884,0.014728863305545539
15.888,0.009328150190940174
15.892,0.010366068144690033
15.896,-0.002253126995569848
15.9,0.017326929056794373
15.904,0.003676079944451221
15.908,0.009705285726335009
15.912,0.0008845423620281604
15.916,0.0033925014275265073
15.92,0.009094681488994148
15.924,0.019474659357178275
15.928,0.01247050695786148
15.932,0.008950062275927147
15.936,-0.0065463767844140194
15.94,0.00933578069426347
15.944,0.01902408813140849
15.948,0.01876624772659565
15.952,0.006154540298284307
15.956,0.00010989416664660746
15.96,0.007945006911844058
15.964,0.025043733014024495
15.968,0.012868942385499318
15.972,0.006261442920352151
15.976,0.005997908758952143
15.98,0.00367315519069743
15.984,0.02109691109448498
15.988,0.011993740589567026
15.992,0.008694417493003795
15.996,0.0005841620286902533
16.0,0.009695579435765317
16.004,0.01892704304472809
16.008,0.014299319960593944
16.012,0.0029729712563400833
16.016,0.00283448334022482
16.02,0.008630146710418396
16.024,0.021911237636963832
16.028,0.012328666471958846
16.032,0.00254487776086047
16.036,-0.010650614679438968
16.04,0.009047875625798178
16.044,0.022167798495176826
16.048,0.014588586803623467
16.052,0.003502862244901684
16.056,-0.006437076602635901
16.06,0.01633879844570219
16.064,0.020009711502888668
16.068,0.02071145101593609
16.072,0.004553445642247807
16.076,0.004612847826580614
16.08,0.016951680995137556
16.084,0.017405407325453003
16.088,0.019013810829764163
16.092,-0.004913870692877012
16.096,0.005172918483829516
16.1,0.004480165656062784
16.104,0.02335939526724217
16.108,0.01717637664077207
16.112,0.006714251730329987
16.116,0.004451546016930423
16.12,0.0027310680806163475
16.124,0.01201341546546002
16.128,0.014674497840173219
16.132,-0.01041524004755837
16.136,-0.0007110856805767338
16.14,0.014295669270357723
16.144,0.0174138529290096
16.148,0.020823784549117774
16.152,0.006534775349096172
16.156,0.004238885907971021
16.16,0.011638235520731094
16.164,0.015244210217292033
16.168,0.015595371347105091
16.172,0.0013433495597608112
16.176,-0.002332783213789739
16.18,0.011134313441172038
16.184,0.027295506559191978
16.188,0.01878911706230005
16.192,0.00727625224443855
16.196,0.0029062243022219634
16.2,0.01003404155760965
16.204,0.013071495249670113
16.208,0.02554538069988863
16.212,0.01822003665575925
16.216,-0.004601723385077021
16.22,0.0025050072341872426
16.224,0.018733643506103983
16.228,0.018007342575310347
16.232,0.014211734166682508
16.236,-0.009148901023094338
16.24,0.01378889614752651
16.244,0.022642260677550416
16.248,0.024993458328701926
16.252,0.01077805007397771
16.256,0.008513338698995745
16.26,0.013055592947047166
16.264,0.02535707640554416
16.268,0.025178968893625364
16.272,0.003958457360715105
16.276,-0.004552283876875196
16.28,0.012465598713757391
16.284,0.024390828157026742
16.288,0.03151582623995204
16.292,0.011186892524396617
16.296,-0.002706079891968534
16.3,0.011029647811323807
16.304,0.031647661228348625
16.308,0.020468439269872997
16.312,0.0019062993297465094
16.316,-0.005341219469396229
16.32,0.011038830494425802
16.324,0.016067726377668394
16.328,0.013555345146861367
16.332,0.006048344948352841
16.336,-0.004881772089121264
16.34,0.009361890525274696
16.344,0.0060960132762269935
16.348,0.019850481718011972
16.352,-0.0020018204286773155
16.356,0.0010112487892966855
16.36,0.012697040293572165
16.364,0.01783387654985405
16.368,0.019873573206951163
16.372,0.0034309370835609023
16.376,-0.007482161469040955
16.38,0.017669817815818945
16.384,0.017087644594410045
16.388,0.023426410677993375
16.392,0.003141797150077608
16.396,0.003395146213530948
16.4,0.0019095094092244705
16.404,0.016684374327444074
16.408,0.013327309102846298
16.412,0.0008982503141960886
16.416,0.0016873160330128966
16.42,0.004601676929449778
16.424,0.02721544508598943
16.428,0.015492688887979802
16.432,-0.004144161353701692
16.436,0.0008920144663962584
16.44,0.004288571652626176
16.444,0.02545243706291892
16.448,0.018268345050202247
16.452,0.0031132461748934878
16.456,0.0047555081811475955
16.46,0.008508488544763547
16.464,0.021525865956803242
16.468,0.01985147363033707
16.472,0.015823189977548394
16.476,-0.0025640929568760693
16.48,0.00469979225667682
16.484,0.011342599285155587
16.488,0.01581801179801657
16.492,0.003603678056735433
16.496,-0.001338286353472255
16.5,0.017517057912289743
16.504,0.01892528452813661
16.508,0.011801727783810882
16.512,-0.003633833231784722
16.516,-0.007927410431076596
16.52,0.00726255433960186
16.524,0.022237496013090514
16.528,0.007273496983861167
16.532,0.005207054487710887
16.536,-0.002841448586796849
16.54,0.010552689483373758
16.544,0.022492739264832147
16.548,0.011879256048959917
16.552,0.0013704283087940007
16.556,0.0024387985125715952
16.56,0.016216908607928352
16.564,0.01650891898133368
16.568,0.012838288082843801
16.572,0.0034662867901526857
16.576,0.007103708540458642
16.58,0.011773052826863448
16.584,0.013661014942208616
16.588,0.019621113543696597
16.592,-0.00904296599147645
16.596,0.0012880353739886435
16.6,0.006252698401316608
16.604,0.014938656796082882
16.608,0.011748954114396748
16.612,0.008935036665431313
16.616,-7.227547022573016e-05
16.62,0.005992834408921498
16.624,0.017973866037000116
16.628,0.005595071626430165
16.632,-0.003198735308593697
16.636,0.005384859060404956
16.64,0.009813460370798152
16.644,0.01939653074653903
16.648,0.017622522297046354
16.652,0.016166989117414612
16.656,-0.0008038364405384118
16.66,0.013986189572608682
16.664,0.009153647895135314
16.668,0.014356981749192985
16.672,0.0033488358635085647
16.676,0.0009578099000604747
16.68,0.006599463274209386
16.684,0.023323300299883408
16.688,0.0191896093998306
16.692,-0.0005206955901114613
16.696,-0.00593329335346362
16.7,0.011857696295502995
16.704,0.013918468056098882
16.708,0.02869696917302409
16.712,-0.007454659415206608
16.716,-0.009157737138078785
16.72,0.0017355491007000406
16.724,0.028126425021781074
16.728,0.00844353545871705
16.732,0.005447997913681548
16.736,0.006230615086366213
16.74,0.010714049300547436
16.744,0.02135370367776434
16.748,0.010228356849329016
16.752,0.00619734988594542
16.756,-0.005682876060130972
16.76,0.005029995121417243
16.764,0.019459838486636717
16.768,0.014662417276057906
16.772,-0.005579974627180584
16.776,-0.007325326337786486
16.78,0.009983502636979417
16.784,0.019048269709307862
16.788,0.012595291890099914
16.792,0.007859049110862817
16.796,-0.0012073128004750802
16.8,-0.003671124711669656
16.804,0.011274335584066628
16.808,0.012211087422199812
16.812,-0.0044264025207328495
16.816,-0.0014859544178439195
16.82,0.011191526701134033
16.824,0.007941701992005092
16.828,0.007344342253386598
16.832,-0.00348174004308809
16.836,-0.004615528021420295
16.84,0.0013265172443875971
16.844,0.007492389031588649
16.848,0.019611808190736085
16.852,-0.00015708867217675528
16.856,-0.00171686808549362
16.86,0.000807794592770977
16.864,0.01093976242885722
16.868,0.017137319101239442
16.872,0.0013118848926237164
16.876,-0.004405029112924214
16.88,0.0019851398941280987
16.884,0.020146083076252704
16.888,0.013391436698708634
16.892,-0.0031937556919157456
16.896,-0.0034348084453332387
16.9,0.0008349255058626454
16.904,0.020823039668217247
16.908,0.004588195973555444
16.912,0.0007230558167346047
16.916,-0.010083319306902306
16.92,0.002569283482722558
16.924,0.007911460078821219
16.928,0.016805985622157377
16.932,0.0043490752251857424
16.936,-0.00614436011839873
16.94,0.007562097056886017
16.944,0.008415307987747232
16.948,0.004528329009463963
16.952,-0.004988960339321694
16.956,-0.0011289285039568593
16.96,0.009653301143276777
16.964,0.015186678301537896
16.968,0.0052379952272246875
16.972,-0.002947624178633354
16.976,0.0009038093754037205
16.98,0.0018102653551243363
16.984,0.010336357931435572
16.988,0.009725832305100586
16.992,-0.0007802026177145139
16.996,-0.0046626045418228
17.0,0.009160992815384668
17.004,0.009497295746379386
17.008,0.0068895834095362915
17.012,0.0009962389374617406
17.016,-0.009158897825551548
17.02,0.0065944801614322285
17.024,0.017279327178608278
17.028,0.008546667117302679
17.032,-0.0026396671014901054
17.036,-0.009139584124406004
17.04,-0.0023614769879286993
17.044,0.017145726324187087
17.048,0.019168228579534437
17.052,-0.005252058852194557
17.056,-0.012819323139782056
17.06,0.007818827990693816
17.064,0.013985443046931329
17.068,0.010739247838491896
17.072,-0.0011911977687785172
17.076,0.002194382160174556
17.08,0.005590432622755652
17.084,0.015071794168236176
17.088,0.009574414651283456
17.092,-0.0106618621723297
17.096,-0.00444425615203521
17.1,0.00659642420043571
17.104,0.01827522061630844
17.108,0.005346896450698574
17.112,-0.0017727378018811885
17.116,-0.008095466702731377
17.12,0.004389775000866842
17.124,0.013781298457628188
17.128,0.0035533683096094135
17.132,-0.0004571098249056679
17.136,-0.017219565194406095
17.14,0.005730884853057051
17.144,0.012516251445055445
17.148,0.019578430921811055
17.152,-0.006508935830244899
17.156,-0.007842556936533752
17.16,0.002289161810879293
17.164,-0.0037516026538916003
17.168,0.004178333004619566
17.172,-0.0003051751442827329
17.176,-0.007622657409615584
17.18,-0.00807060235965929
17.184,0.00778815917554307
17.188,0.012337769402478924
17.192,-0.0015001624932113756
17.196,-0.007461395874524473
17.2,-0.0038628652549941066
17.204,0.013608441849179967
17.208,-0.0004000118528539251
17.212,-0.019762163062651307
17.216,-0.013541706682802693
17.22,-0.006819132254574999
17.224,0.011491226743275016
17.228,0.0063223465593763755
17.232,-0.005585531365303499
17.236,-0.009622970644718528
17.24,0.0023268120500270365
17.244,0.01002802311198982
17.248,0.002870648361566369
17.252,-0.0016919648012055886
17.256,-0.02064354486799023
17.26,-0.006146217114191986
17.264,0.0036522604482430374
17.268,0.002431576225918783
17.272,-0.007661760349887507
17.276,-0.02180094510962695
17.28,-0.003122668186828284
17.284,0.0038416969091812528
17.288,0.00923304066307247
17.292,-0.013830104923856702
17.296,-0.009719992717595093
17.3,0.008168571694490827
17.304,0.0026745518576131756
17.308,0.005578532924523915
17.312,-0.009543920124718424
17.316,-0.012856732730491755
17.32,-0.00591922417232774
17.324,0.002274946888692654
17.328,-0.002985723492895673
17.332,-0.011626020849704247
17.336,-0.008895661769649045
17.34,-0.006682674751311003
17.344,0.006910969346112106
17.348,-0.0003241558858455692
17.352,-0.0110047210456574
17.356,-0.008968133747480608
17.36,-0.002922103391890515
17.364,0.006017940115549683
17.368,-0.007387833144075376
17.372,-0.012919368126756614
17.376,-0.008543845798530033
17.38,-0.007908385357859132
17.384,0.005473648859811781
17.388,-0.006087617964122717
17.392,-0.013466733202810019
17.396,-0.012979230018954582
17.4,-0.013010206482723868
17.404,0.01167312554950196
17.408,-0.0032416500899496124
17.412,-0.0066241447627067305
17.416,-0.01696966248448553
17.42,-0.008118185721289249
17.424,0.0002209218767730099
17.428,-0.006702095720007835
17.432,-0.008052254943252443
17.436,-0.006916586123522271
17.44,-0.002937045600264242
17.444,0.011984837321954775
17.448,0.002588189516673604
17.452,-0.020060168494062433
17.456,-0.01347593846258328
17.46,-0.010578400545588833
17.464,0.001367103215747984
17.468,0.0036057298497509513
17.472,-0.0060191921765515195
17.476,-0.014958302213461698
17.48,-0.0035723284197026824
17.484,-0.003546654862709566
17.488,0.0002966930934571101
17.492,-0.010437771838514
17.496,-0.02298014844346785
17.5,-0.004475985470776843
17.504,-0.0028749381608246345
17.508,0.0037864866440181447
17.512,-0.02015718355906415
17.516,-0.02872448375641509
17.52,-0.0026330448630204764
17.524,-0.002109119735527895
17.528,0.004246977310991317
17.532,-0.011693291099759334
17.536,-0.018319998744081946
17.54,-0.009909511717361583
17.544,0.005531189355642903
17.548,-0.004037848516853441
17.552,-0.02585055443430009
17.556,-0.014891108028374136
17.56,0.0022775363669297437
17.564,0.011670276419222983
17.568,-0.0031339770088570805
17.572,-0.012395343135729243
17.576,-0.0239425831075873
17.58,-0.012668179167079074
17.584,-0.0010560086191990312
17.588,-0.0007498437773449064
17.592,-0.008591291988017717
17.596,-0.02009989356376057
17.6,-0.013032259218284197
17.604,-0.0011739074765931682
17.608,0.004660350431297947
17.612,-0.012756390221374215
17.616,-0.014476531499809691
17.62,-0.019727176756464244
17.624,0.004005600527599777
17.628,0.001534817032743085
17.632,-0.015686871461993806
17.636,-0.01462496170284959
17.64,-0.004464350642199792
17.644,0.0006480648276095699
17.648,-0.006295916074831504
17.652,-0.023013813386468768
17.656,-0.016351968809360906
17.66,-0.01010566506407011
17.664,0.0005518598930899252
17.668,0.0007375361320529732
17.672,-0.01948589562047847
17.676,-0.01351067768091014
17.68,-0.009019735489975332
17.684,-0.007426214009710472
17.688,-0.01614897281969724
17.692,-0.014019498339861453
17.696,-0.01956008416573507
17.7,-0.006430824082385766
17.704,-0.009484026605208334
17.708,-0.0039628835792315156
17.712,-0.010379708895353255
17.716,-0.024663580145293414
17.72,-0.010555652951881043
17.724,0.000678261364641
17.728,0.005329020110300424
17.732,-0.02082570230729067
17.736,-0.022821399002674297
17.74,-0.0034070921006091395
17.744,-0.013489498737717869
17.748,-0.001986190394517383
17.752,-0.020979570019866396
17.756,-0.016910419953604126
17.76,-0.012803465251196492
17.764,0.001925840638641419
17.768,-0.002465172267120625
17.772,-0.016318343043877796
17.776,-0.02652505033087357
17.78,-0.010450510026167861
17.784,-0.01019339278789336
17.788,-0.006636369803339055
17.792,-0.026741915865507095
17.796,-0.02426571019418546
17.8,-0.015044464387264336
17.804,-0.01064730875124462
17.808,-0.004185315159794457
17.812,-0.011202145740816068
17.816,-0.01974428438838924
17.82,-0.015802451780732783
17.824,-0.0016900301428247081
17.828,0.0008996276355186985
17.832,-0.027868524431171538
17.836,-0.03037325578794769
17.84,-0.014750022552445525
17.844,0.0013856554832562071
17.848,-0.005461259375842899
17.852,-0.015735962733147934
17.856,-0.02932999976121414
17.86,-0.0015241996931225719
17.864,-0.0061581280632520405
17.868,-0.01619953727223595
17.872,-0.019152521272072995
17.876,-0.022012000585817357
17.88,-0.014612914880617655
17.884,-0.005894156880141576
17.888,-0.011446658406847842
17.892,-0.02698789414517273
17.896,-0.024720134928794806
17.9,-0.014441113740175709
17.904,-0.006654332982425761
17.908,-0.014416973860064814
17.912,-0.016758532385744974
17.916,-0.022588328188261408
17.92,-0.02185094212425464
17.924,-0.002429723903277307
17.928,-0.006998582172609158
17.932,-0.005368060970665046
17.936,-0.025633900429199982
17.94,-0.014742622827735788
17.944,-0.009125769313940327
17.948,-0.010115297886062108
17.952,-0.03014576561921572
17.956,-0.0310230230649242
17.96,-0.010648856556851646
17.964,-0.013362233370885629
17.968,-0.016206692850570234
17.972,-0.019767854128093683
17.976,-0.02484875774865215
17.98,-0.014334743666370674
17.984,-0.007247132587147758
17.988,-0.016758860015890834
17.992,-0.02136116510967693
17.996,-0.024943545519176002
18.0,-0.0194741258949756
18.004,-0.005690584553524425
18.008,-0.003923522715129316
18.012,-0.02500922626213317
18.016,-0.02682422463591797
18.02,-0.019871514874453988
18.024,-0.004200739535756031
18.028,-0.012727244660332404
18.032,-0.029268365457654936
18.036,-0.029378979774239138
18.04,-0.025935279717679935
18.044,-0.00923503197179231
18.048,-0.00564218087371846
18.052,-0.02806038159143684
18.056,-0.030893597294048402
18.06,-0.026328449873244005
18.064,-0.009740912231443202
18.068,-0.011175023896811888
18.072,-0.02617412963282435
18.076,-0.03320999313658929
18.08,-0.018940093887017215
18.084,-0.0012821862857236611
18.088,-0.02348106023440802
18.092,-0.015670120820687604
18.096,-0.03129678083671141
18.1,-0.020725214075899785
18.104,-0.01721596547807562
18.108,-0.012372146761347362
18.112,-0.03170856676859814
18.116,-0.03363044869668404
18.12,-0.020305528851755465
18.124,-0.002469023192821455
18.128,-0.012894287470226914
18.132,-0.034369897225562156
18.136,-0.03167988182269842
18.14,-0.019317669557453055
18.144,-0.01127181173478247
18.148,-0.013996177160318656
18.152,-0.027628265021903596
18.156,-0.03321897115588531
18.16,-0.01827696307197737
18.164,-0.009021924238236018
18.168,-0.013557358484930709
18.172,-0.02824575035239512
18.176,-0.03339161733153129
18.18,-0.03449716025446959
18.184,-0.012617359410104834
18.188,-0.01828421695112398
18.192,-0.026832905587729196
18.196,-0.03328156051048856
18.2,-0.022777785544415816
18.204,-0.007005229421434131
18.208,-0.012035275705014375
18.212,-0.024672575614334342
18.216,-0.03490515997123898
18.22,-0.028750395299162464
18.224,-0.01770690053803585
18.228,-0.014510706545889892
18.232,-0.03135687492110247
18.236,-0.035620065686152495
18.24,-0.024790673884162874
18.244,-0.0070065131400136905
18.248,-0.016752373678020044
18.252,-0.029809707358158754
18.256,-0.032772510099142546
18.26,-0.021791474935268805
18.264,-0.009835140027218492
18.268,-0.009472941534982902
18.272,-0.032873736933157066
18.276,-0.031677441929346725
18.28,-0.02753335332319497
18.284,-0.011431052790987559
18.288,-0.008728784890257343
18.292,-0.028130936915886418
18.296,-0.0362919454808914
18.3,-0.0182203148904101
18.304,-0.006465206199142557
18.308,-0.007454553200859641
18.312,-0.026861180073545102
18.316,-0.03695150491081316
18.32,-0.021583795661201312
18.324,-0.013931148508305864
18.328,-0.01652568258835804
18.332,-0.02859704926671757
18.336,-0.03181694887759765
18.34,-0.024451406125149337
18.344,-0.01603374505551094
18.348,-0.020227957866645732
18.352,-0.02709170256558686
18.356,-0.0281257874941668
18.36,-0.027530593130673513
18.364,-0.008064641869413556
18.368,-0.010790744507749752
18.372,-0.02423221152170956
18.376,-0.035855265918054394
18.38,-0.02363196114859736
18.384,-0.011077424201530914
18.388,-0.017413331132294537
18.392,-0.021118154086867486
18.396,-0.04220883166399013
18.4,-0.020392207139198187
18.404,-0.018277823690191285
18.408,-0.014986835572621876
18.412,-0.025533955268658492
18.416,-0.03375797398189063
18.42,-0.02104250855268348
18.424,-0.005454371205930021
18.428,-0.017933395347897913
18.432,-0.024754572575226758
18.436,-0.03245162020142675
18.44,-0.022956267074849355
18.444,-0.012961740438759773
18.448,-0.020031303294877744
18.452,-0.031789028638888404
18.456,-0.028955927279328903
18.46,-0.022590135351721358
18.464,-0.012340212046138494
18.468,-0.016627483883183282
18.472,-0.03660378768923157
18.476,-0.03644924782409417
18.48,-0.021324438116109627
18.484,-0.01648753089510563
18.488,-0.016443459943382907
18.492,-0.026918817780706608
18.496,-0.03264915565485926
18.5,-0.023020629842262687
18.504,-0.016923328756566446
18.508,-0.017735754779614477
18.512,-0.03627492237981862
18.516,-0.03214955068674602
18.52,-0.022562146161813956
18.524,-0.011041583819531674
18.528,-0.010300847173619374
18.532,-0.025234003170649253
18.536,-0.03410052781677943
18.54,-0.031662249814888924
18.544,-0.016894613090775945
18.548,-0.021148403268545876
18.552,-0.03900010931686889
18.556,-0.03976131058118045
18.56,-0.023959124540219097
18.564,-0.0062730504774152745
18.568,-0.02241746194295303
18.572,-0.025453772587108472
18.576,-0.03128881454156591
18.58,-0.03191812075511232
18.584,-0.015971612053908884
18.588,-0.021944759548374264
18.592,-0.03519703753187925
18.596,-0.033537176409393334
18.6,-0.026643706368772994
18.604,-0.015938745344692678
18.608,-0.018909783557417317
18.612,-0.03187998658085442
18.616,-0.035993724001258415
18.62,-0.025996916026235176
18.624,-0.01737688474159035
18.628,-0.010395600433781037
18.632,-0.0330869230260241
18.636,-0.02985700590243437
18.64,-0.030231898414154357
18.644,-0.007082299075948374
18.648,-0.019235992634227723
18.652,-0.0379452153467227
18.656,-0.03744686619667626
18.66,-0.03018216531110955
18.664,-0.010746777718916536
18.668,-0.020228109363279744
18.672,-0.028332811033889505
18.676,-0.025337652627521082
18.68,-0.026507804056260104
18.684,-0.018774358793469073
18.688,-0.018598816998917654
18.692,-0.024724798235617212
18.696,-0.03680382729284072
18.7,-0.03187232279250024
18.704,-0.016212311357700408
18.708,-0.011988586680904828
18.712,-0.02492721199466546
18.716,-0.026101204276014492
18.72,-0.027981975658383174
18.724,-0.01592019434740693
18.728,-0.023683248657983273
18.732,-0.0347193916977937
18.736,-0.030508365125464586
18.74,-0.019958352978436067
18.744,-0.011904168107188817
18.748,-0.024549520468935385
18.752,-0.030847081597113052
18.756,-0.021928534286492274
18.76,-0.028256618463961474
18.764,-0.016784049533219908
18.768,-0.020312400973915845
18.772,-0.025326319681824406
18.776,-0.030282016629368375
18.78,-0.016435244689671974
18.784,-0.007280546853989295
18.788,-0.02149627076391591
18.792,-0.02248632173179272
18.796,-0.03376216446968819
18.8,-0.021490098052326385
18.804,-0.022111780703601237
18.808,-0.013851469594834883
18.812,-0.023297515920767738
18.816,-0.025040378604036143
18.82,-0.015316610271379696
18.824,-0.008902810158144075
18.828,-0.011852611887888892
18.832,-0.03073201057564028
18.836,-0.025230763493754183
18.84,-0.015407117642215225
18.844,-0.01325403535790694
18.848,-0.015573918646838419
18.852,-0.035091460909858194
18.856,-0.031429187799969824
18.86,-0.03503623274482236
18.864,-0.01825469616589026
18.868,-0.026562323323238532
18.872,-0.03733855947862126
18.876,-0.03333356184989736
18.88,-0.03159826735270181
18.884,-0.018422505879854736
18.888,-0.011085314483477795
18.892,-0.03298522486841919
18.896,-0.044689021521572905
18.9,-0.029643626611691495
18.904,-0.009462523043598138
18.908,-0.024622346957030056
18.912,-0.03451522764557649
18.916,-0.03955272918941634
18.92,-0.034548726462615725
18.924,-0.011442885274709137
18.928,-0.010302074191423635
18.932,-0.02616003581108052
18.936,-0.030652078837431283
18.94,-0.023855960972012036
18.944,-0.014677030013690483
18.948,-0.006754702002081642
18.952,-0.02805101352919822
18.956,-0.0324034473091003
18.96,-0.025654579276171614
18.964,-0.014792204999555797
18.968,-0.021668285637608708
18.972,-0.030909181601222815
18.976,-0.030328605110550792
18.98,-0.014438240556669077
18.984,-0.014442550343201598
18.988,-0.014615931498415728
18.992,-0.025338017870379582
18.996,-0.033808759924722466
19.0,-0.0253504540309858
19.004,-0.005374584813873924
19.008,-0.007159380076294351
19.012,-0.030119252432438064
19.016,-0.032369060937492936
19.02,-0.027315314392352498
19.024,-0.02101875554550362
19.028,-0.01608275196247054
19.032,-0.024300995954682984
19.036,-0.042815007277373085
19.04,-0.02383728490723602
19.044,-0.020880236390622982
19.048,-0.015374957768342433
19.052,-0.03338411265644942
19.056,-0.028059471345819875
19.06,-0.016542602095408393
19.064,-0.01027453550918097
19.068,-0.02097188423839467
19.072,-0.027871321859546116
19.076,-0.035160531658969436
19.08,-0.02220589371853756
19.084,-0.01433842768363952
19.088,-0.01510654182845542
19.092,-0.02425009783328515
19.096,-0.023206543849685977
19.1,-0.014967906821121098
19.104,-0.008702002141196926
19.108,-0.012715480097745728
19.112,-0.031840496224152685
19.116,-0.018202624101225154
19.12,-0.016813090475950872
19.124,-0.008650838466549843
19.128,-0.016114688446097567
19.132,-0.025364491854538616
19.136,-0.026897198837945425
19.14,-0.025075135042150996
19.144,-0.012915617425588343
19.148,-0.011645251039877194
19.152,-0.02226459599283067
19.156,-0.028554978930861456
19.16,-0.032573528368282055
19.164,-0.0018734005531819177
19.168,-0.02330355435006977
19.172,-0.02758190583422687
19.176,-0.019540630174365192
19.18,-0.026324236356481606
19.184,-0.016434310431853852
19.188,-0.02005004559081833
19.192,-0.02200970869092322
19.196,-0.0380038783275716
19.2,-0.02784076000841751
19.204,-0.0007015311133913849
19.208,-0.015263456698117395
19.212,-0.01791499505567029
19.216,-0.032894713258753185
19.22,-0.01798106931673627
19.224,-0.010284959926164535
19.228,-0.01602686510434683
19.232,-0.016753451623170948
19.236,-0.028979031594817375
19.24,-0.01951500639999856
19.244,-0.010461170076096078
19.248,-0.00882751056672402
19.252,-0.017978532997253684
19.256,-0.023988174726550914
19.26,-0.01784597402085177
19.264,-0.006881081275988549
19.268,-0.00995667327244093
19.272,-0.017198071125255978
19.276,-0.020584186589443085
19.28,-0.017655218074612736
19.284,-0.007355419152334988
19.288,-0.016273949295382967
19.292,-0.029578867156664995
19.296,-0.02317119334785741
19.3,-0.02069618730013416
19.304,-0.014158565113313338
19.308,-0.01606136580632428
19.312,-0.020515292121487772
19.316,-0.031525448911272916
19.32,-0.018515909263747746
19.324,-0.010963823725338794
19.328,-0.000815135364810423
19.332,-0.02429490569288362
19.336,-0.02954829457192223
19.34,-0.022975080402935708
19.344,-0.013754143028983451
19.348,-0.009993013459869676
19.352,-0.02846559632555685
19.356,-0.03175996670084487
19.36,-0.014477033428699108
19.364,-0.008617082669276578
19.368,-0.006901098538692866
19.372,-0.02001818128499874
19.376,-0.027636805453520576
19.38,-0.026100632592526526
19.384,-0.0039590794906610716
19.388,-0.012457664100058692
19.392,-0.023477693813398558
19.396,-0.02471685753173163
19.4,-0.014742775138405835
19.404,0.00010560534567341691
19.408,-0.014993802165247858
19.412,-0.025701311514283925
19.416,-0.02534426619442108
19.42,-0.010906638309854447
19.424,-0.004908433114716059
19.428,-0.007577172790385122
19.432,-0.018261464201273343
19.436,-0.03544958403006303
19.44,-0.012837517849010015
19.444,0.0006931835283856321
19.448,-0.018161664143023365
19.452,-0.015313949437424916
19.456,-0.01862915972614128
19.46,-0.012310961567132241
19.464,5.099629265222644e-05
19.468,-0.006064110148976681
19.472,-0.01498563992527778
19.476,-0.028317004198949655
19.48,-0.026850970377401553
19.484,-0.015238823757236989
19.488,-0.006879661030762289
19.492,-0.012777722786876566
19.496,-0.0182205727087438
19.5,-0.00848766817615942
19.504,-0.01000752268308867
19.508,-0.01166583858484025
19.512,-0.021411910020488884
19.516,-0.029049500641984194
19.52,-0.015731573775382455
19.524,-0.0024197246886156023
19.528,-0.011668416253700537
19.532,-0.01597214733612186
19.536,-0.023611273067841575
19.54,-0.012964350944039423
19.544,-0.006305144367669492
19.548,-0.00877696184931995
19.552,-0.010353079104451206
19.556,-0.01012806419513563
19.56,-0.014778283527682142
19.564,-0.008749119241980094
19.568,0.004034837602682974
19.572,-0.017264592078209986
19.576,-0.029220121242495768
19.58,-0.013894811305804517
19.584,-0.0016294837799958435
19.588,-0.00038263441825810325
19.592,-0.012787277502164273
19.596,-0.022829811997812553
19.6,-0.010274082260619781
19.604,-0.010216185963053275
19.608,-0.01642240217410336
19.612,-0.013483036055246839
19.616,-0.024530048186621217
19.62,-0.009724987390264145
19.624,-0.0020580817043866265
19.628,-0.014912490017678805
19.632,-0.012213695973003601
19.636,-0.014385346119020904
19.64,-0.014408214210399312
19.644,0.004157663618470453
19.648,-0.009670191796557683
19.652,-0.015247652377537647
19.656,-0.019860744497045897
19.66,-0.0028379925494746248
19.664,0.012495643139473602
19.668,-0.0015719706820851236
19.672,-0.012000817189507025
19.676,-0.021235834289684535
19.68,-0.015261274028529859
19.684,-0.003790071099952729
19.688,0.011642492841383035
19.692,-0.01653363563521697
19.696,-0.01854907605766462
19.7,-0.007469049716658876
19.704,-0.0003818710761102086
19.708,-0.010884119305128458
19.712,0.003984517835489136
19.716,-0.014666690347608237
19.72,-0.006279627696640567
19.724,-0.00745245211278373
19.728,-0.009354130384639168
19.732,-0.009705191000316225
19.736,-0.019826246424205742
19.74,-0.0066071440510865175
19.744,0.006971363704465857
19.748,0.007589929974038053
19.752,-0.012803401618716391
19.756,-0.01460764028451459
19.76,-0.005649004884362636
19.764,0.00788767432436455
19.768,-0.00808063070186652
19.772,-0.016303742160382564
19.776,-0.01764317313790009
19.78,-0.01224290647629777
19.784,0.00757595996750413
19.788,-0.001218952766475329
19.792,-0.01711906645056953
19.796,-0.005470570594778103
19.8,-0.008352609894372243
19.804,-0.011128525607778772
19.808,0.0063362616001957275
19.812,-0.016586127509035452
19.816,-0.020329005979219064
19.82,0.005090760987237925
19.824,0.009282615384866905
19.828,0.006049301849581369
19.832,0.0016860293485491742
19.836,-0.00038383840157911985
19.84,-0.01618585737013553
19.844,0.012855562578775587
19.848,0.001135363138428964
19.852,-0.0010979992714651877
19.856,-0.005127344279205821
19.86,-0.003230906212175078
19.864,0.012004227416519946
19.868,0.0040784302581647535
19.872,-0.009205626920708834
19.876,-0.008329082913922379
19.88,-0.0016139426232620426
19.884,0.009446071603060085
19.888,-0.007299115595808214
19.892,-0.013305207411419658
19.896,-0.008527358864379057
19.9,-0.004875320025961151
19.904,0.01939743780927461
19.908,-0.0020951237476354153
19.912,-0.01920837492842319
19.916,-0.016790161327856153
19.92,0.004159909220098163
19.924,0.003802305648244972
19.928,0.001123380545561345
19.932,-0.007148498024812928
19.936,-0.00946576960937934
19.94,-0.001419919356306967
19.944,0.006997862790439748
19.948,0.002295525312486578
19.952,-0.0016350718918001104
19.956,-0.0116889702709732
19.96,0.0011894507869073313
19.964,0.004868734494718361
19.968,-0.0032742371649035944
19.972,-0.007552843414790593
19.976,-0.009313410349376746
19.98,0.0007432704151983153
19.984,0.0015441527172766964
19.988,-0.0017749418032725704
19.992,-0.0005673942415984805
19.996,-0.007291851139284664
20.0,-0.010744111795065408
20.004,-0.0005673606494503783
20.008,0.010036034032964257
20.012,-0.0041591545486239345
20.016,-0.004642435952001596
20.02,-0.006628932419354335
20.024,0.015862875973149667
20.028,-0.001295854992176394
20.032,-0.01887405315233085
20.036,-0.0073179724165727085
20.04,-0.01092449094907599
20.044,0.011313880677799832
20.048,0.0034433514416725474
20.052,-0.011537632124976055
20.056,-0.0023751103954799185
20.06,-0.006911021330237848
20.064,0.014094321641696805
20.068,0.002636424598686027
20.072,0.002230690427259982
20.076,-0.0032470270091316212
20.08,0.014058948194462552
20.084,0.006254643028524976
20.088,0.0033275396439587874
20.092,-0.0011575809741854086
20.096,-0.009293198350717761
20.1,0.007724843318486214
20.104,0.012721822720006491
20.108,-0.0013202435064849465
20.112,-0.0014314874472969594
20.116,0.0006065634210542748
20.12,0.00027983386266433466
20.124,0.008277275429919493
20.128,0.007518086973011219
20.132,-0.00445099445665313
20.136,-0.008983001293287381
20.14,-0.006944890085587933
20.144,0.01277949798842033
20.148,0.007032798109684433
20.152,0.001899524224016277
20.156,-0.014343940843400332
20.16,0.006182196645072962
20.164,0.015636724328362422
20.168,0.01209498696517639
20.172,0.005356442110326341
20.176,-0.002634610117815137
20.18,0.010450254114013279
20.184,0.008234361965858738
20.188,0.007818673370323371
20.192,0.0008961697714033815
20.196,-0.009408498431331479
20.2,0.0035515748323564967
20.204,0.018613390285669097
20.208,0.014347984098914031
20.212,-0.007313838391802745
20.216,0.0012184677710167686
20.22,0.005513219502026399
20.224,0.010356987836068577
20.228,0.014319213165923854
20.232,0.014051558021244253
20.236,-0.01128171145398754
20.24,0.012238601714713979
20.244,0.012344094713510261
20.248,0.021599812985149146
20.252,0.008374017813992336
20.256,-0.0009780567096914301
20.26,-0.0015781357852265527
20.264,0.02488405300757717
20.268,0.00028526346502290127
20.272,-0.0022296468896485875
20.276,0.0006651395114880749
20.28,0.004454037519729026
20.284,0.022127324465394824
20.288,0.02577140327563078
20.292,0.006060067043252418
20.296,0.0019877456431474662
20.3,0.002589899269977905
20.304,0.021322608520579954
20.308,0.017163122456955542
20.312,0.00925242024445623
20.316,-0.013626520578379951
20.32,0.01505656244338343
20.324,0.011765778203179922
20.328,0.014794024786824
20.332,0.002426896883762501
20.336,0.0003776669993442788
20.34,0.014124576479084595
20.344,0.023219615805405623
20.348,0.014897523089696474
20.352,0.005135801960573918
20.356,-0.00636311503856829
20.36,0.008588634098056823
20.364,0.02202989254043433
20.368,0.009456722294646147
20.372,0.0072406591306544785
20.376,-0.003986519848353577
20.38,0.008056341650757928
20.384,0.017934725633774823
20.388,0.008838564534321202
20.392,0.0038559351125827678
20.396,0.0026775773735002255
20.4,0.008788777174131259
20.404,0.02930508093531891
20.408,0.014035856093595502
20.412,0.00788137658189349
20.416,-0.0026664745309529034
20.42,0.020332693187667117
20.424,0.01632072969383531
20.428,0.018368775110946062
20.432,0.0004463913965864685
20.436,-0.004260372270755288
20.44,0.011169400370047823
20.444,0.014784121729891068
20.448,0.01941453114219421
20.452,0.0032968421388612683
20.456,0.002516675453650887
20.46,0.02719140539331817
20.464,0.0136676635169331
20.468,0.010143574411648664
20.472,0.01060758593181687
20.476,0.006655201329696582
20.48,0.012311835948301156
20.484,0.022351634005489743
20.488,0.023850989707144478
20.492,0.014871168480184
20.496,0.000766301327963599
20.5,0.009202985824943794
20.504,0.01797555772804369
20.508,0.017244036568769258
20.512,0.007863482186464557
20.516,-0.0013634437800643532
20.52,0.020159112451635465
20.524,0.029800608108040007
20.528,0.017852776470880634
20.532,-0.008618229486497327
20.536,0.005071921424413147
20.54,0.007648246591485152
20.544,0.023638808819776484
20.548,0.018012599864038845
20.552,0.007877545806078193
20.556,0.01246402356425156
20.56,0.0030612202110204267
20.564,0.022928121496989643
20.568,0.01911050720058366
20.572,0.02106147649825577
20.576,0.00283685070354588
20.58,0.01086268008514368
20.584,0.024163555477236694
20.588,0.010461887184289826
20.592,0.012195901665393513
20.596,0.013074061623430423
20.6,0.012198988599955008
20.604,0.027146797126521776
20.608,0.02270861847161655
20.612,0.010206085684264345
20.616,0.006526816466229614
20.62,0.0170617460758145
20.624,0.029034382541233854
20.628,0.01697285295033098
20.632,0.006959465056164979
20.636,0.005394275949622159
20.64,0.018983979430165207
20.644,0.029666111187115575
20.648,0.03181593190249022
20.652,0.015280744141322338
20.656,0.008320795141549545
20.66,0.013474949224314517
20.664,0.03153212295909001
20.668,0.02022069154983177
20.672,0.0037110564458081594
20.676,0.01282850252296678
20.68,0.01884943113289585
20.684,0.029140251685625267
20.688,0.02314257738787288
20.692,0.0071103162602520874
20.696,0.01367128549150243
20.7,0.0190747058677754
20.704,0.023483299121330955
20.708,0.019314835857875835
20.712,0.007993546567689788
20.716,0.004810379324197372
20.72,0.01776790661770233
20.724,0.019936432268029547
20.728,0.030107989590806974
20.732,0.01690509205646247
20.736,0.011505617995858697
20.74,0.006963118189465139
20.744,0.026625791520170142
20.748,0.02451090508698128
20.752,0.006438130136619535
20.756,0.011414151140649312
20.76,0.01836308459289887
20.764,0.03149117824109245
20.768,0.02964724738286647
20.772,0.01289512781086572
20.776,0.006026847140190332
20.78,0.022308260476313537
20.784,0.03138153660884623
20.788,0.03291831973678866
20.792,0.018198172010493716
20.796,0.012226948775767276
20.8,0.01840099366636644
20.804,0.02670278387889543
20.808,0.026703543715306487
20.812,0.015501495810485075
20.816,0.01547183541663194
20.82,0.021476016084499092
20.824,0.02449179098542887
20.828,0.023033677981768183
20.832,0.011983740447181288
20.836,0.01573061881551853
20.84,0.019228941367239013
20.844,0.028426602313008576
20.848,0.02830956757442909
20.852,0.024619803531476674
20.856,0.016421791268738956
20.86,0.023039678324215076
20.864,0.02473745288807867
20.868,0.030866788443909027
20.872,0.015133206880740198
20.876,0.008300594824841842
20.88,0.015531461254290618
20.884,0.03337680883276739
20.888,0.03004433677297621
20.892,0.016666882422776006
20.896,0.023521426975356415
20.9,0.017076550512336475
20.904,0.015954688045443966
20.908,0.028722068303006394
20.912,0.008354192557782372
20.916,0.0103126570368549
20.92,0.028775572145219523
20.924,0.027793959487883307
20.928,0.026248376621732433
20.932,0.02164641566367798
20.936,0.016321753028175286
20.94,0.024419126430641855
20.944,0.02810917423618562
20.948,0.023873898114832374
20.952,0.009717330741573788
20.956,0.007352538414248208
20.96,0.022374673208774478
20.964,0.031855470450845136
20.968,0.026597601773467414
20.972,0.01624330056796065
20.976,0.011275812836612512
20.98,0.017308417405823708
20.984,0.028054547288673383
20.988,0.02993287466109462
20.992,0.020288667931306247
20.996,0.015660585116641895
21.0,0.01564528384923481
21.004,0.029396266074633474
21.008,0.026585373346917303
21.012,0.012707059461368115
21.016,0.012533592851360693
21.02,0.01784471783391721
21.024,0.033997780871278444
21.028,0.02472949812912924
21.032,0.019517316124465507
21.036,0.016417002793440962
21.04,0.018113323061825917
21.044,0.027333811783962214
21.048,0.030684054221498808
21.052,0.020781930985334502
21.056,0.01416367679069597
21.06,0.012468450542711947
21.064,0.03487215619718566
21.068,0.02579302145092896
21.072,0.014813201520867018
21.076,0.00878777031517717
21.08,0.020005724750156925
21.084,0.039383595644238524
21.088,0.031907618537037635
21.092,0.021908849211212347
21.096,0.020444784069005913
21.1,0.021745099028268034
21.104,0.041076525650146856
21.108,0.02935333553810525
21.112,0.024892709915832638
21.116,0.01546535867547142
21.12,0.028946762261871255
21.124,0.03917643178339435
21.128,0.026431037157133845
21.132,0.022176523497156726
21.136,0.014350322013821212
21.14,0.02042205593662369
21.144,0.03652556970271359
21.148,0.026782064988016677
21.152,0.01592240533984179
21.156,0.00921468615648657
21.16,0.019951203138462097
21.164,0.03898151131894852
21.168,0.028510512246233456
21.172,0.01953573323835454
21.176,0.022888457181105354
21.18,0.01978608998951653
21.184,0.024566534997750338
21.188,0.02858784921281568
21.192,0.019885428639733374
21.196,0.0178494575890456
21.2,0.014322668217230909
21.204,0.03611422809394597
21.208,0.02697630285219033
21.212,0.008531321800366722
21.216,0.01750131261188529
21.22,0.011740791207234789
21.224,0.03323575620580386
21.228,0.03266591595463531
21.232,0.008727588251265394
21.236,0.01473310365123826
21.24,0.023443841529043382
21.244,0.04307258664750266
21.248,0.035240201978494236
21.252,0.016163849778339765
21.256,0.016392041840962733
21.26,0.02407513601969618
21.264,0.030611286597694836
21.268,0.030735184568718706
21.272,0.006606866814439869
21.276,0.011706609041978063
21.28,0.02446274899274474
21.284,0.03596577229902827
21.288,0.0334356843627084
21.292,0.010036729466709936
21.296,0.01451670161518986
21.3,0.022850961846603034
21.304,0.03445774880822017
21.308,0.027068913095008945
21.312,0.020122527829277648
21.316,0.015209685206653188
21.32,0.01938821289826422
21.324,0.02324022348405655
21.328,0.029957541230888517
21.332,0.012021547908063115
21.336,0.018395990240550417
21.34,0.026582322612080756
21.344,0.030070159762379155
21.348,0.03573659320804145
21.352,0.012713400791491282
21.356,0.0105774645900882
21.36,0.03823973746467889
21.364,0.027077452297842496
21.368,0.02874233048982517
21.372,0.025591124651987464
21.376,0.005102384384120152
21.38,0.02729947904185193
21.384,0.04094399182170608
21.388,0.03408073746404636
21.392,0.01831753570250427
21.396,0.012266963201657747
21.4,0.02028897004342407
21.404,0.029027093489157815
21.408,0.03485805662727967
21.412,0.01713084665254942
21.416,0.014175582494766352
21.42,0.03568407708049123
21.424,0.04841515402709545
21.428,0.029989593870735354
21.432,0.009250694416252814
21.436,0.018462880452834486
21.44,0.019850605230325842
21.444,0.029454950720747015
21.448,0.022257658196146
21.452,0.02560873678776554
21.456,0.012022144166929576
21.46,0.023186455539596054
21.464,0.030744101590675216
21.468,0.03495822463446965
21.472,0.013709146748994778
21.476,0.007972055089075454
21.48,0.010216563309806633
21.484,0.03744629484047041
21.488,0.03230775617920718
21.492,0.021244603330631225
21.496,0.015901436319509864
21.5,0.013180201531839941
21.504,0.038168399264681296
21.508,0.02925968164406571
21.512,0.02076529324302431
21.516,0.011469500006921055
21.52,0.014139685869511582
21.524,0.033075918437975436
21.528,0.034064640544843185
21.532,0.015512709559669262
21.536,0.020857237489174785
21.54,0.025476240508457
21.544,0.031736826006312016
21.548,0.019125745177814808
21.552,0.030744521512928988
21.556,0.01254125435545773
21.56,0.02636841069087712
21.564,0.028750948549064195
21.568,0.03414311047920018
21.572,0.019602932193886057
21.576,0.02051043095791314
21.58,0.036961726279628675
21.584,0.0281724310607874
21.588,0.030206189314791642
21.592,0.018002586403235852
21.596,0.010112626402810295
21.6,0.021857786647961442
21.604,0.03332303714118285
21.608,0.023510939789697975
21.612,0.017778154159854977
21.616,0.007632381964250102
21.62,0.022084572455963243
21.624,0.042837576336360816
21.628,0.029680981758755942
21.632,0.014946405207015588
21.636,0.013390300540263805
21.64,0.023735809283119903
21.644,0.026649739856110174
21.648,0.027068473299495004
21.652,0.018867169672587596
21.656,0.005655310345092736
21.66,0.02155384388261971
21.664,0.028135702161885098
21.668,0.027286142031907466
21.672,0.004873518748584962
21.676,0.0070551883025362265
21.68,0.02071668548183117
21.684,0.02854287755982892
21.688,0.027763688039068746
21.692,0.012828860743118287
21.696,0.009735429445210917
21.7,0.016863128933321776
21.704,0.0314500102558846
21.708,0.030096048612661883
21.712,0.010701793160177234
21.716,0.010839702429904154
21.72,0.02549829889091743
21.724,0.020917698300807187
21.728,0.024324945666081968
21.732,0.020384704842407984
21.736,0.011726167344848597
21.74,0.01924660877348347
21.744,0.03601192895785526
21.748,0.02053346310231183
21.752,0.023453946919958148
21.756,0.016099411733395273
21.76,0.027649958280649277
21.764,0.02228225509189999
21.768,0.027922199983868523
21.772,0.018650669784869716
21.776,0.013070677857124697
21.78,0.021357944117982787
21.784,0.025056444042286394
21.788,0.035112306915358625
21.792,0.020115021500211112
21.796,0.008083820001075593
21.8,0.017147401909444176
21.804,0.031418872189834586
21.808,0.028420665737817603
21.812,0.008466813331155162
21.816,0.015225495755447092
21.82,0.012795922163539978
21.824,0.028753893545073964
21.828,0.0227081984111806
21.832,0.01618241016242849
21.836,0.010438876374275586
21.84,0.01919667936143129
21.844,0.025920877281376428
21.848,0.031054875623557954
21.852,0.02111521213129934
21.856,0.003283229760081899
21.86,0.018936408614752147
21.864,0.035309635464216844
21.868,0.03463093531200859
21.872,0.013050548437668712
21.876,0.015511170947783549
21.88,0.01878065773154101
21.884,0.03533449043800646
21.888,0.02379001446386092
21.892,0.013044052507874876
21.896,0.009529226056891535
21.9,0.02221493922939438
21.904,0.030606155224150104
21.908,0.02500221472795564
21.912,0.005495215354107226
21.916,0.011239430930427455
21.92,0.016396630655042335
21.924,0.026882707432737622
21.928,0.02858553783065274
21.932,0.013859760049016276
21.936,0.017809044439182124
21.94,0.023487764652890746
21.944,0.022091987744176336
21.948,0.02266876310771647
21.952,0.009708297588900891
21.956,0.008508234548718694
21.96,0.017797398369068483
21.964,0.021870733295734086
21.968,0.03349792728064638
21.972,0.022210024432563404
21.976,0.008662426936094828
21.98,0.017077962778692578
21.984,0.025729914762327
21.988,0.030826658034708417
21.992,0.010426899250245435
21.996,0.003614213452375287
22.0,0.018717556372438597
22.004,0.026110052917749278
22.008,0.01699451255661714
22.012,0.009838231932068392
22.016,-0.0005472348222364549
22.02,0.01022328181645326
22.024,0.021347378837214416
22.028,0.027565142060327497
22.032,0.014617546525969529
22.036,0.009984132147127088
22.04,0.020065251509312824
22.044,0.03541008237937284
22.048,0.030258056853730442
22.052,0.011542277960285336
22.056,0.006970831616820057
22.06,0.016465568102437596
22.064,0.02679232759494054
22.068,0.02564357563533641
22.072,0.011656292694996354
22.076,0.007987343106373513
22.08,0.02080422101180372
22.084,0.01693195444253216
22.088,0.02311896310012388
22.092,0.017181641809759216
22.096,0.008808294819925011
22.1,0.016404169439043593
22.104,0.0238418839876765
22.108,0.020386213754224915
22.112,0.018634883400661252
22.116,0.004654130664797662
22.12,0.02005866760641961
22.124,0.021152039386987304
22.128,0.026467770995003217
22.132,0.012661929402408298
22.136,0.00345096736975219
22.14,0.022376764355691633
22.144,0.02814866798740033
22.148,0.015464286388548631
22.152,0.00828308342241977
22.156,0.003779462801912186
22.16,0.017038633888419148
22.164,0.01770963972057081
22.168,0.02318385043500893
22.172,0.011165895461015577
22.176,0.0075362519505897015
22.18,0.011217276682085364
22.184,0.01953514785339413
22.188,0.015991630079142012
22.192,0.005988878188264577
22.196,0.007436086028814558
22.2,0.00813500161843968
22.204,0.02072270119242801
22.208,0.024714274178344486
22.212,0.0128667588958144
22.216,0.007135401961877924
22.22,0.013359581579522503
22.224,0.02136608488320594
22.228,0.012427606654014257
22.232,0.011727117212485004
22.236,0.007012184373036894
22.24,0.014324024340117253
22.244,0.019458167644740995
22.248,0.011372403631484255
22.252,0.0006900829945534481
22.256,0.01248179003150376
22.26,0.014811267627002007
22.264,0.019893397203274592
22.268,0.02026454640702765
22.272,0.01137472997111688
22.276,-0.0022544119062566197
22.28,0.017859649192573993
22.284,0.022720420739214545
22.288,0.010341387669384042
22.292,0.002223842977646485
22.296,0.00040000894321520395
22.3,0.012540113835710262
22.304,0.02469615426380409
22.308,0.01962656443886539
22.312,0.006435247486422908
22.316,0.001295302155660563
22.32,0.014539453264464652
22.324,0.020308881716338427
22.328,0.012962362326626644
22.332,0.015275101942349425
22.336,0.0025145392192810504
22.34,0.01257691951062965
22.344,0.02048688911909956
22.348,0.01253150341367012
22.352,0.007786508134674439
22.356,0.0009323317357027041
22.36,0.0018114101883997032
22.364,0.022517622695869096
22.368,0.020869010740665613
22.372,0.0038523083386380243
22.376,0.0023518633570665326
22.38,0.005484486309977932
22.384,0.01682698289879441
22.388,0.022125053178350833
22.392,0.0028063445108467647
22.396,0.00271312378123576
22.4,0.010389741348642312
22.404,0.02298107701293902
22.408,0.015853075234022816
22.412,0.0006409129598272429
22.416,0.0072557746898147665
22.42,0.00987703379933444
22.424,0.025519618360341605
22.428,0.010398683988559546
22.432,-0.0030237455759246122
22.436,-0.0021054299227111525
22.44,0.01986683398094945
22.444,0.014046536153138185
22.448,0.01779878933208237
22.452,0.007740871128518734
22.456,-0.0003034723600133537
22.46,0.010450357888991804
22.464,0.009932653580724923
22.468,0.0052708942512956665
22.472,0.00952127694495715
22.476,0.0021217798011997635
22.48,0.014616330908867367
22.484,0.008921763510792173
22.488,0.0006825947289585271
22.492,-0.003606641612689118
22.496,-0.005617069000246076
22.5,0.008362119395176644
22.504,0.010282775008710703
22.508,0.0060287173574308595
22.512,0.0004490429843067139
22.516,-0.0053432734917570205
22.52,-0.0008610058650331959
22.524,0.011887942290185681
22.528,0.02220513963743769
22.532,0.007053519117841497
22.536,-0.003718394606879215
22.54,0.008651616364876907
22.544,0.011474851604980102
22.548,0.015789178707967606
22.552,-0.00461594164716217
22.556,-0.0011428685538922055
22.56,0.0008101980715026665
22.564,0.008923145573705504
22.568,0.008795808942642133
22.572,-0.002948870017057078
22.576,-0.0011002084905371566
22.58,0.004879882624310178
22.584,0.017506278490400515
22.588,0.003927040293192033
22.592,-0.0016887978236477222
22.596,-0.01144001955979922
22.6,0.006007084253943695
22.604,0.012425539365946908
22.608,0.009804367944614771
22.612,0.006527496319231097
22.616,-0.008033724623936301
22.62,0.012875168535975947
22.624,0.016849730297788978
22.628,0.012711855679702257
22.632,4.44287872259769e-05
22.636,0.0010818860794410256
22.64,0.008531758828579948
22.644,0.00943974973994549
22.648,0.0012386534267198792
22.652,-0.0032865475757815786
22.656,-0.0026084418600120216
22.66,0.014399458283899238
22.664,0.012613995808932238
22.668,0.007984234558867362
22.672,-0.002764745123735714
22.676,-0.0031904803098372824
22.68,-0.0008126753294281862
22.684,0.019319914023269817
22.688,0.007652198719495134
22.692,0.0037775666658229987
22.696,-0.013860248398345452
22.7,0.000207431470597208
22.704,0.004215292270594013
22.708,0.009292012011836846
22.712,-0.00032268721498451445
22.716,-0.0045297004092232545
22.72,0.0012639819724703277
22.724,0.004304978549807945
22.728,0.010810067074804718
22.732,-0.002172388927459687
22.736,-0.011501584557078223
22.74,-0.0038052268193093444
22.744,0.008727005807835985
22.748,0.008636583775140537
22.752,-0.004737257191765643
22.756,0.0005372903034574408
22.76,-0.002195797949920388
22.764,0.009726422163786386
22.768,-0.0011529217213511692
22.772,-0.008747580947623516
22.776,-0.00671341708976178
22.78,0.002670245121585806
22.784,0.013637478727286536
22.788,0.005229499086884007
22.792,0.003461539259164796
22.796,-0.0069880371230443585
22.8,0.0051978084041553844
22.804,0.0062365527970687975
22.808,0.008359650722035995
22.812,-0.005256716640214607
22.816,-0.009544671048105349
22.82,-0.0006962207970048549
22.824,0.010150403253934829
22.828,0.001042210796451207
22.832,0.002358655806729842
22.836,-0.0077200845681441015
22.84,-0.004943335934812248
22.844,0.004716692758079318
22.848,0.002187945650189881
22.852,-0.008320413542368335
22.856,-0.01713167187316919
22.86,0.0004818255845825695
22.864,0.00746612937829255
22.868,0.001104288552864385
22.872,-0.0153986615667369
22.876,-0.014962101219174188
22.88,-0.0012744390052095715
22.884,0.004268383334587383
22.888,0.007666541044827082
22.892,-0.0018954546730431208
22.896,-0.01087188026853548
22.9,-0.006605263071790041
22.904,0.008481000278274625
22.908,-0.0008574195956996692
22.912,-0.015017242954712007
22.916,-0.013516477768353973
22.92,-0.0019467646079357058
22.924,0.011324686217481889
22.928,0.004377694786696221
22.932,-0.002282073320854224
22.936,-0.01832097026463184
22.94,-0.004991477545035592
22.944,0.009166260772522179
22.948,0.003485632795511716
22.952,-0.0033502667517985325
22.956,-0.012984671879723492
22.96,-0.005781278587854634
22.964,0.010441550501158945
22.968,0.005250949002198208
22.972,-0.005623428502280233
22.976,-0.005229261671449581
22.98,-0.006349253199943741
22.984,0.0062877625191509225
22.988,0.0027471766703059063
22.992,-0.007310358803017298
22.996,-0.01352835899764674
23.0,-0.006116617038575473
23.004,0.002008573331496308
23.008,0.005561697032816273
23.012,-0.012370375498458756
23.016,-0.012671718419638784
23.02,-0.004278908465610533
23.024,0.009098738386978854
23.028,5.574986748036891e-05
23.032,-0.009405592393109358
23.036,-0.009662954396398835
23.04,-0.0076943682767333915
23.044,0.01235189805385249
23.048,0.0014028310226330634
23.052,-0.010086011058615528
23.056,-0.0111438609533775
23.06,-0.0029069122949211866
23.064,0.0020606441632144016
23.068,0.0021864444403628907
23.072,-0.0006763356061104953
23.076,-0.01253529412297896
23.08,-0.003898069570628743
23.084,-0.0025705473918173696
23.088,0.007059233664567606
23.092,-0.004147559668549723
23.096,-0.011832897141030745
23.1,0.004471895262016069
23.104,5.62951770308219e-05
23.108,0.004382413982920958
23.112,-0.014165800729647949
23.116,-0.02056396473613761
23.12,-0.012738965324486864
23.124,0.003949205185887285
23.128,0.0048850419209146845
23.132,-0.015509544939075314
23.136,-0.01530132208456626
23.14,-0.006832310707227125
23.144,-0.00016716872405398743
23.148,0.0027194062228776115
23.152,-0.010107541686880014
23.156,-0.016639582439111227
23.16,-0.007009304580316469
23.164,0.00900540751125913
23.168,-0.008792908009039015
23.172,-0.008239816395015895
23.176,-0.02032167386336714
23.18,-0.00809978077689148
23.184,0.00651626536997444
23.188,0.0038734351429291743
23.192,-0.005671163162208137
23.196,-0.011298903325918137
23.2,0.002337209514021903
23.204,0.006212606673040219
23.208,0.013731627965533653
23.212,-0.014033844576537124
23.216,-0.025428399153140588
23.22,0.001969255232449056
23.224,-0.0046263200694162164
23.228,-0.006433664515671903
23.232,-0.008422762904894614
23.236,-0.014238565759024201
23.24,-0.00243298532231029
23.244,-0.003942554944569523
23.248,-0.002810680857323833
23.252,-0.019514780135239024
23.256,-0.0207765505943291
23.26,-0.011205044421156676
23.264,0.0066487124901350855
23.268,-0.004300651423731294
23.272,-0.007573446144693163
23.276,-0.024039569768257503
23.28,-0.009583467884199212
23.284,0.009961172466155906
23.288,-0.0024207829513562228
23.292,-0.009814443409457443
23.296,-0.022232956742403595
23.3,-0.012658841953415894
23.304,-0.00842721582840623
23.308,-0.0018849707421167107
23.312,-0.01307339607622876
23.316,-0.014260863225593706
23.32,-0.010886902271508948
23.324,0.00044746530024552904
23.328,0.0118299072277031
23.332,-0.020076798900688204
23.336,-0.01723129732577148
23.34,-0.010323465129267583
23.344,-0.007448215338570936
23.348,0.0041033576420654045
23.352,-0.01603453932788314
23.356,-0.028120673030045486
23.36,-0.003452290900457273
23.364,0.005776501435415424
23.368,0.0011250149853496766
23.372,-0.02133152620103108
23.376,-0.021255809522602
23.38,-0.012058763693137256
23.384,0.006652528505590053
23.388,0.0016652949164660015
23.392,-0.022472239331558834
23.396,-0.006182285973101099
23.4,-0.012452272358167017
23.404,0.005518305723184043
23.408,0.0015284011531144243
23.412,-0.020012126088041402
23.416,-0.015963618759980883
23.42,-0.009043950214044692
23.424,0.006456105172401531
23.428,-0.0010880783937733617
23.432,-0.017532766557524705
23.436,-0.019235993325936146
23.44,-0.01711894405071178
23.444,-0.005426258142108968
23.448,0.0026534190821234666
23.452,-0.006694729753587984
23.456,-0.01010947749914474
23.46,-0.008826269162508574
23.464,-0.0018732157750162232
23.468,-0.003761895900654793
23.472,-0.0214991527915719
23.476,-0.02239965367548723
23.48,-0.008966935038379245
23.484,-0.010265680504292503
23.488,-0.0032162967731729753
23.492,-0.012618043736282862
23.496,-0.01843269150101221
23.5,-0.005409898507849885
23.504,0.0029269969528503024
23.508,-0.004749365941590264
23.512,-0.014755345111744839
23.516,-0.023578662212468734
23.52,-0.0032268229664075363
23.524,0.0010814191459946115
23.528,0.006165673844123791
23.532,-0.01999156415113494
23.536,-0.023019324630916476
23.54,-0.005815829029985431
23.544,-0.009125538694000495
23.548,-0.010335802402583309
23.552,-0.012443960395565851
23.556,-0.025097259402133594
23.56,0.00015401100155395392
23.564,-0.004527993030252305
23.568,-0.007798685293369219
23.572,-0.012097219676731476
23.576,-0.028011244790874273
23.58,-0.010590392433623037
23.584,0.006371804543853005
23.588,-0.006962033956953716
23.592,-0.009590071281625565
23.596,-0.024840661320111285
23.6,-0.0193935013682449
23.604,-0.005911649181832889
23.608,-0.017398439451265905
23.612,-0.018894128216024784
23.616,-0.018346466264216165
23.62,-0.002522909836509662
23.624,0.00629649741972731
23.628,-0.004009765996932428
23.632,-0.023286199314823362
23.636,-0.013847954707363613
23.64,-0.008047880364577275
23.644,4.931693304525758e-05
23.648,-0.012143074396305516
23.652,-0.021835853812807973
23.656,-0.02301242883477071
23.66,-0.012945005942284057
23.664,0.0032002531382040907
23.668,-0.00833599995557234
23.672,-0.012837183517437937
23.676,-0.018695032872458855
23.68,-0.005950172543965614
23.684,-0.0008016532086520063
23.688,-0.009440149496254178
23.692,-0.024023747449323864
23.696,-0.014068858881195662
23.7,-0.017194352550150137
23.704,0.002389439542081451
23.708,-0.007551822533721744
23.712,-0.012674481221052062
23.716,-0.022816310629420015
23.72,-0.010047632858722079
23.724,-0.004167600225536897
23.728,0.006175438980380879
23.732,-0.00638595794275822
23.736,-0.02244334377212992
23.74,-0.012650030157313794
23.744,-0.003449434119476392
23.748,0.0012507515308379557
23.752,-0.0141815700079941
23.756,-0.021407200769903323
23.76,-0.012857076993193032
23.764,0.004841147344913352
23.768,-0.004436130902628417
23.772,-0.003637609572914261
23.776,-0.020532618913639444
23.78,-0.014738088427722982
23.784,0.0001711820140303348
23.788,-0.009211142499190757
23.792,-0.022903478559709763
23.796,-0.020527261698252055
23.8,-0.023456173161049268
23.804,0.004492806028845032
23.808,-0.017886997441830966
23.812,-0.019701967666316218
23.816,-0.02084270512460539
23.82,-0.0030973465451319664
23.824,-0.0037624750515579944
23.828,-0.00679648073556802
23.832,-0.010462565583197627
23.836,-0.02082166880646535
23.84,-0.011366153403444327
23.844,-0.00782537846796252
23.848,-0.0020061500757230797
23.852,-0.012886588976575736
23.856,-0.0323121152027879
23.86,-0.011263492289022209
23.864,-0.006735235134831083
23.868,-0.0038443348044648216
23.872,-0.012632889408940383
23.876,-0.028762900152315155
23.88,-0.009952591502733102
23.884,-0.0036266508369273663
23.888,-0.007010799905905862
23.892,-0.01624667034945188
23.896,-0.019253495227991874
23.9,-0.010587104843246774
23.904,-0.00044026619436590854
23.908,0.0027223578137011784
23.912,-0.02777921874121994
23.916,-0.01951921828814328
23.92,-0.013489719005728297
23.924,-0.0006547172130318367
23.928,-0.0006644221055508285
23.932,-0.01577679392892515
23.936,-0.015450900174464044
23.94,-0.022781796760737282
23.944,0.0010235242956328585
23.948,-0.0031705585492395804
23.952,-0.01139174433082487
23.956,-0.01834758117983617
23.96,-0.005350298068434842
23.964,0.0037457099025794
23.968,-0.0032784501681678317
23.972,-0.015388196443411148
23.976,-0.01304413531164841
23.98,-0.006909823150744287
23.984,-0.0002586012652554356
23.988,-0.015942622991472567
23.992,-0.017789633299700694
23.996,-0.02766576890997635
24.0,-0.008923203184343005
24.004,-0.007544358658854327
24.008,-0.002833809242334575
24.012,-0.013764765366665209
24.016,-0.014264663059564812
24.02,-0.004214253827124929
24.024,0.00663859488828629
24.028,-0.006498015219252097
24.032,-0.0158685813584783
24.036,-0.011836163509330946
24.04,-0.00866419570317717
24.044,-0.0024839477026551426
24.048,-0.0049928894515035675
24.052,-0.019307073578810438
24.056,-0.01899476176353461
24.06,-0.007495301940808458
24.064,-0.008606376648248702
24.068,-0.00180457102783596
24.072,-0.01638570484098624
24.076,-0.018500971977207216
24.08,-0.0018705082575240254
24.084,0.0017136893760198195
24.088,-0.002445204304770007
24.092,-0.026226578267298045
24.096,-0.015249118412787824
24.1,-0.0094761329715299
24.104,-0.0004031595944588944
24.108,-0.005168370889880012
24.112,-0.0036664041694405014
24.116,-0.015803455907210634
24.12,-0.007309841522176202
24.124,-0.0007273487911294272
24.128,-0.012034407328236098
24.132,-0.015884885994697347
24.136,-0.013911753948679908
24.14,-0.005943892857987047
24.144,-0.003106448138126542
24.148,-0.004190806528392463
24.152,-0.012318373320757704
24.156,-0.0222632441190097
24.16,-0.010591718977090575
24.164,0.006570294283770845
24.168,-0.008875751566172553
24.172,-0.016732331902376905
24.176,-0.01980795461214591
24.18,-0.011363959327342594
24.184,0.006726092863603518
24.188,-0.0068178270970209315
24.192,-0.01322754528867415
24.196,-0.012403441688999092
24.2,0.0014882232176793488
24.204,-0.00017472201773690308
24.208,-0.00418778098719301
24.212,-0.01703873772324677
24.216,-0.011220800067348564
24.22,-0.01059420943320765
24.224,-0.004101678210627971
24.228,-0.001930605971116405
24.232,-0.011170898629871232
24.236,-0.013924093003198882
24.24,-0.010036913572016509
24.244,-0.00041335949767725127
24.248,-0.006991310925150914
24.252,-0.011394553406568756
24.256,-0.014574354297077876
24.26,-0.0050447594937954535
24.264,0.010319814306078482
24.268,0.003713119212192988
24.272,-0.005663583283594968
24.276,-0.012520055753173526
24.28,-0.00638119276347941
24.284,0.0038740749409712245
24.288,0.00411637530017053
24.292,-0.010965109996751305
24.296,-0.012278584682268102
24.3,-0.009045716327288764
24.304,0.0058036169555859465
24.308,0.0007290550936313254
24.312,-0.019709819207593866
24.316,-0.017834904016439158
24.32,-0.01278693595753242
24.324,0.00099641476527545
24.328,0.004686033591882792
24.332,-0.00857426406953952
24.336,-0.0048321357030390415
24.34,-0.0064736632827115835
24.344,0.005482296383428135
24.348,0.004729548977541518
24.352,-0.019103483699235806
24.356,-0.01623046739303319
24.36,-0.0018051163462356312
24.364,0.011403775877077527
24.368,0.008819914799774172
24.372,-0.007519788505200244
24.376,-0.006807797856575108
24.38,-0.0006780934645946694
24.384,-0.0007723830951640136
24.388,0.005983172503105447
24.392,-0.015403888857704103
24.396,-0.014457069103250572
24.4,-0.003505712682146942
24.404,-0.0009068059653564633
24.408,0.000307943741012693
24.412,-0.009822887850475748
24.416,-0.013923331608833446
24.42,0.002629041779076625
24.424,0.005378876013474975
24.428,0.005807138245306125
24.432,-0.005288741349682622
24.436,-0.015605741125282138
24.44,-0.004819005400592828
24.444,-0.0010311336583624193
24.448,0.0034682008576195755
24.452,-0.005870989401425818
24.456,-0.008182381782130856
24.46,-0.008209687688506264
24.464,0.0055438474351107
24.468,0.002723683696504703
24.472,-0.005964495892666214
24.476,-0.01808354078862672
24.48,-0.006046565698106366
24.484,0.011362253352731375
24.488,0.008195186778235934
24.492,-0.00783263527577818
24.496,-0.003092398843476757
24.5,-0.011131174256300972
24.504,0.008634979939479783
24.508,0.0035088180828181906
24.512,-0.004192824550016901
24.516,-0.008605718608726094
24.52,0.003799795119202226
24.524,0.0052638153722302915
24.528,0.009552320371089471
24.532,-0.01072600429464468
24.536,-0.011673906659085753
24.54,0.004103400120199777
24.544,0.01617587615575659
24.548,0.0009037190173528846
24.552,-0.012969445866514058
24.556,-0.009253778220834334
24.56,0.0036556745524942424
24.564,0.00853176952526704
24.568,0.005901407359742594
24.572,-0.004615315609462566
24.576,-0.009853040070054537
24.58,0.0006071750111331469
24.584,0.009946868245603502
24.588,0.0073503979137997414
24.592,0.0023410276223057276
24.596,-0.00659190318231071
24.6,-0.0037887128751531397
24.604,0.01279970673836611
24.608,-0.000487762798295357
24.612,-0.00167812664958307
24.616,-0.0030759107643002354
24.62,0.005866729403487414
24.624,0.020498504107268237
24.628,-0.007369505305817866
24.632,-0.007317314864345052
24.636,-0.018221560720950186
24.64,0.0019693635255324284
24.644,0.009963795552305182
24.648,0.008025042320732695
24.652,-0.013723182573101858
24.656,-0.0013306050922393103
24.66,0.009829227548009726
24.664,0.010955719091869674
24.668,0.009311100598523822
24.672,0.002213282435853269
24.676,-0.02066877689436431
24.68,-0.002501384617207165
24.684,0.0014067414897264152
24.688,0.01556882841692632
24.692,-0.00045943886067345823
24.696,-0.0025217257240351685
24.7,0.0076651807892123055
24.704,0.011897814094243
24.708,0.011222118834441802
24.712,0.0005872747336098079
24.716,0.0015608668442591948
24.72,0.0003557146945161742
24.724,0.014447736084060981
24.728,0.010835232029690993
24.732,0.005400939316875274
24.736,-0.0002825361919598099
24.74,0.009497014222599619
24.744,0.017339808560107577
24.748,0.004831979760027532
24.752,-0.0015801740547264009
24.756,-0.0017396702718310204
24.76,0.007221272593188955
24.764,0.009995556809628514
24.768,0.01644328852011162
24.772,-0.005438432868902504
24.776,-0.008846018594922928
24.78,0.002999581748669008
24.784,0.024638550096472575
24.788,0.008621459645337759
24.792,-0.010456618689024933
24.796,-0.007984803644628478
24.8,-0.001876776828657667
24.804,0.002044262881395415
24.808,0.014596738668719779
24.812,-0.002134757785886489
24.816,0.0025794864201825543
24.82,0.006745801433721342
24.824,0.02354734490340791
24.828,0.012371064844663052
24.832,-0.002668308104669574
24.836,-0.015809495557234647
24.84,0.008539684696703258
24.844,0.017763940211855997
24.848,0.010228494559086887
24.852,0.006163003730109904
24.856,-0.002199337225675319
24.86,0.006558824532059909
24.864,0.02867297683233927
24.868,0.007364924871893539
24.872,-0.0029377385488838243
24.876,-0.007762204830218876
24.88,0.00827520502748014
24.884,0.011075459977234827
24.888,0.006062367954936231
24.892,0.0018778013461428756
24.896,0.003899398138355899
24.9,0.004911379375524884
24.904,0.010703943088434703
24.908,0.014591806720419874
24.912,0.00962004565537294
24.916,0.0020800134949047057
24.92,0.005081430708123782
24.924,0.017297966850157127
24.928,0.012095958794639245
24.932,-2.1812309099091334e-05
24.936,-0.004398985553929244
24.94,0.011175503480872607
24.944,0.01831075130362476
24.948,0.02342834026190746
24.952,0.006761307957177472
24.956,0.005399273052046579
24.96,0.008357273235633053
24.964,0.02046880032765661
24.968,0.018344783179648452
24.972,0.012672816296942856
24.976,0.006856821829657811
24.98,0.007830422417135682
24.984,0.023694891792215556
24.988,0.012518456122098535
24.992,0.0075312485307258425
24.996,-0.004185505336121725
25.0,0.013320502602472273
25.004,0.020385276265032143
25.008,0.01839219816231663
25.012,0.010264857415726147
25.016,0.0020588273086673365
25.02,0.006553720902078055
25.024,0.01850540644258411
25.028,0.005233057235244877
25.032,0.005262592003747589
25.036,0.005653275108736984
25.04,0.01901798698691807
25.044,0.028399908826680784
25.048,0.017759565278484796
25.052,1.586932760375484e-05
25.056,0.0025792629791208666
25.06,0.011209790298527953
25.064,0.016598425796571857
25.068,0.023864348260325578
25.072,0.006179167909396894
25.076,0.002835342841107402
25.08,0.004471552986710246
25.084,0.019965079646643197
25.088,0.018713468411457056
25.092,0.005432774726879326
25.096,0.0022466212856497563
25.1,0.0045138280895428914
25.104,0.023390994403631814
25.108,0.013016084884593201
25.112,0.0006331037852384657
25.116,-0.003385511746812786
25.12,0.006500360844675417
25.124,0.02345414303936371
25.128,0.014344582007412954
25.132,0.017345109976711306
25.136,0.0013913849112585984
25.14,0.011089800553403919
25.144,0.02563912260198195
25.148,0.013417209905794019
25.152,0.005099934246887511
25.156,0.0038332675756255173
25.16,0.009853223269167875
25.164,0.02773864659312132
25.168,0.019096155116397468
25.172,0.008325931322361178
25.176,-0.00323553128994393
25.18,0.020985515925263595
25.184,0.026145683232442114
25.188,0.02384840000244905
25.192,0.012236157166025965
25.196,0.009552436516571176
25.2,0.01833410339064762
25.204,0.02096382463651214
25.208,0.022927135419515327
25.212,0.01614345023323349
25.216,0.004907489832777934
25.22,0.021451594556123894
25.224,0.03061635471223717
25.228,0.016360068988151743
25.232,0.01214298592770562
25.236,0.009477818363033293
25.24,0.014138334898989939
25.244,0.023041387380836102
25.248,0.02255183596142527
25.252,0.003935491778331843
25.256,0.002174847132537072
25.26,0.01279316132089564
25.264,0.014038855934379093
25.268,0.021245483802450962
25.272,0.01662550381832489
25.276,0.0049055644328760886
25.28,0.018735555804603503
25.284,0.02598222427495496
25.288,0.020625523817268062
25.292,0.010336837728895407
25.296,0.010922906548649457
25.3,0.012126744497989471
25.304,0.03295992317824723
25.308,0.023967676083735623
25.312,0.015182326489692853
25.316,0.014678329735382106
25.32,0.02532120339661558
25.324,0.024055435920537976
25.328,0.02439097615541725
25.332,0.013490322176254373
25.336,0.001608653461577781
25.34,0.015259860287136277
25.344,0.018837006061457058
25.348,0.0213461822061488
25.352,0.010491663893820115
25.356,0.012795514609235495
25.36,0.009403339629217775
25.364,0.026634931484795718
25.368,0.02184877054376876
25.372,0.012127637526816911
25.376,0.011648598863577973
25.38,0.025622835881569286
25.384,0.029749024265557953
25.388,0.017822104671237394
25.392,0.013993023302906632
25.396,0.012986740601302367
25.4,0.010348427062809072
25.404,0.025038200222298947
25.408,0.01646064405328171
25.412,0.024965981317618905
25.416,0.013598161537978881
25.42,0.022230192632488734
25.424,0.027797584029982364
25.428,0.02932598802763567
25.432,0.010043351254347493
25.436,0.0030292741464668874
25.44,0.025408353725522106
25.444,0.036657569495800776
25.448,0.024045865519731462
25.452,0.017763213811302338
25.456,0.004487987554018758
25.46,0.01221007243518456
25.464,0.02723442120836981
25.468,0.02946354779473767
25.472,0.01493736819271676
25.476,0.012487527288381393
25.48,0.017823255092090647
25.484,0.031078283097093786
25.488,0.033346450783918305
25.492,0.012514856162492953
25.496,0.012788633989680205
25.5,0.024545972438140332
25.504,0.02987124952157566
25.508,0.025862868403399252
25.512,0.011062413341714643
25.516,0.008520604741331345
25.52,0.01872981791712307
25.524,0.033485795747970316
25.528,0.029507672249707233
25.532,0.019098501820939202
25.536,0.006695008183826004
25.54,0.01970775445472167
25.544,0.03320537180147066
25.548,0.027322277274575986
25.552,0.010925073616721799
25.556,0.0018411419525872826
25.56,0.029982246685083116
25.564,0.03602008224284585
25.568,0.03434686466473749
25.572,0.01686795861798563
25.576,0.006874575586559203
25.58,0.027589425746156512
25.584,0.037528532052365886
25.588,0.03218821464502061
25.592,0.019327374189243046
25.596,0.016194111573320808
25.6,0.016623284924740522
25.604,0.03617209205235565
25.608,0.02933412132164929
25.612,0.01231659835891847
25.616,0.01436294448003772
25.62,0.012130437334031236
25.624,0.034823388315133284
25.628,0.036791901967259795
25.632,0.017801814929393804
25.636,0.006139251036301752
25.64,0.028535564164758588
25.644,0.03131110427946765
25.648,0.034506267214512464
25.652,0.018759271100483962
25.656,0.009602474576112727
25.66,0.0222757540324552
25.664,0.0335377181482994
25.668,0.026228467343493125
25.672,0.01858808796043485
25.676,0.02105896230280791
25.68,0.02408923327404441
25.684,0.03132305407469661
25.688,0.037967835267471634
25.692,0.01905085140744837
25.696,0.01198262140202918
25.7,0.01826911872144482
25.704,0.03187057000746715
25.708,0.033758863139130166
25.712,0.01795985047335692
25.716,0.01842901057845346
25.72,0.020322554861899298
25.724,0.0373826376928404
25.728,0.03327375572413893
25.732,0.01899191598888267
25.736,0.03128100029418355
25.74,0.023846159373246245
25.744,0.041612207849276425
25.748,0.02420933315320197
25.752,0.01866881472088426
25.756,0.016747915151184845
25.76,0.02429332597817004
25.764,0.040821537031442624
25.768,0.030976148938471924
25.772,0.021549588368961238
25.776,0.013611111870197909
25.78,0.0211063983302187
25.784,0.030662681928965718
25.788,0.03402109688531649
25.792,0.02625935194656953
25.796,0.015937513468540925
25.8,0.029401229343414766
25.804,0.04617028421047945
25.808,0.03421657699987847
25.812,0.034758644708860635
25.816,0.020760240449658678
25.82,0.03171658391599414
25.824,0.0339717083523121
25.828,0.03352632816580812
25.832,0.021876071546601775
25.836,0.020664678953882746
25.84,0.02578688673612047
25.844,0.04625067862838345
25.848,0.03661771233313819
25.852,0.017424099439972522
25.856,0.01308039617857407
25.86,0.021863404834454134
25.864,0.03236997839959236
25.868,0.03154591421708622
25.872,0.019205459646614634
25.876,0.022848815441874455
25.88,0.02239491826179108
25.884,0.02570638759737747
25.888,0.031174168034765994
25.892,0.019853917908006953
25.896,0.016614438317694585
25.9,0.020340979749132355
25.904,0.03577003779550188
25.908,0.03427741536175282
25.912,0.02559679965206293
25.916,0.017841417217781822
25.92,0.036610572478604345
25.924,0.03759391044841751
25.928,0.03296002802587229
25.932,0.015425746973023539
25.936,0.022086756035240723
25.94,0.02252211824260043
25.944,0.044393309665442
25.948,0.028808838042677903
25.952,0.025763806171601566
25.956,0.01800895974134307
25.96,0.027257142206695208
25.964,0.03281611249948171
25.968,0.030387967975654302
25.972,0.025263026463025428
25.976,0.020174357232926918
25.98,0.02708122679004803
25.984,0.032355450528292896
25.988,0.033272416949647825
25.992,0.025658599982959333
25.996,0.02835651086160633
26.0,0.023752291763143977
26.004,0.048209240581975385
26.008,0.026355658671731237
26.012,0.01778311146854872
26.016,0.014595901615794597
26.02,0.02724883652803324
26.024,0.0369388304920271
26.028,0.03659599466132737
26.032,0.021330731504033036
26.036,0.024203764567065068
26.04,0.03340852702799313
26.044,0.03801272053075465
26.048,0.0335172561855976
26.052,0.028242494152151926
26.056,0.013140561404123218
26.06,0.03446030196324574
26.064,0.03775084778289194
26.068,0.03933683079439708
26.072,0.020739107094851404
26.076,0.020983875810651982
26.08,0.02758748808172313
26.084,0.04042597364538626
26.088,0.04041958828570195
26.092,0.016746258156260865
26.096,0.019103264126526246
26.1,0.027474012881514638
26.104,0.042932841070129936
26.108,0.03702671953373528
26.112,0.01493260746507941
26.116,0.014635031360456295
26.12,0.02607856079747168
26.124,0.04433722115017855
26.128,0.04144368921425108
26.132,0.02438331765175223
26.136,0.016638810902166262
26.14,0.029273212704310533
26.144,0.03418845739277
26.148,0.033701390308212995
26.152,0.018717881644881248
26.156,0.015138587152766118
26.16,0.021774684469044132
26.164,0.03270855222224853
26.168,0.0426480975873352
26.172,0.01533113484874239
26.176,0.013926243346878878
26.18,0.02283643999356174
26.184,0.02790811632778306
26.188,0.028940274535544465
26.192,0.011099080942747717
26.196,0.014398637504626298
26.2,0.029510006771843313
26.204,0.032862713335785936
26.208,0.035808019063024096
26.212,0.012616497994186328
26.216,0.026282283147990346
26.22,0.024612592466817965
26.224,0.03345333360203699
26.228,0.030927643878028495
26.232,0.020593865853994364
26.236,0.023946007652388693
26.24,0.023810674272403676
26.244,0.04450066945917056
26.248,0.03777593997429828
26.252,0.02792200453868463
26.256,0.016779016313839146
26.26,0.01911823079911897
26.264,0.03340629772038125
26.268,0.028488006445927614
26.272,0.016207928713160256
26.276,0.015774826560356447
26.28,0.03061965021858002
26.284,0.04581785852487104
26.288,0.03341931040409346
26.292,0.020247716680335738
26.296,0.01383544535703772
26.3,0.02501942412734001
26.304,0.03680381575913161
26.308,0.03801268602375865
26.312,0.024081066671250685
26.316,0.02140656313825248
26.32,0.025312867517950182
26.324,0.04057899450687059
26.328,0.038578842879381056
26.332,0.02582649764780078
26.336,0.01745338592351602
26.34,0.021193679615983674
26.344,0.034773663227043686
26.348,0.04063039489230975
26.352,0.020735310333168985
26.356,0.01932889624805618
26.36,0.029504270412345907
26.364,0.03564560054628759
26.368,0.040967860405157305
26.372,0.02654851324322622
26.376,0.013024990975251564
26.38,0.026273157928809247
26.384,0.03372538012767101
26.388,0.03853118066323973
26.392,0.0240038339720118
26.396,0.01918541316147055
26.4,0.03422662493833312
26.404,0.03682625406525801
26.408,0.030197135904128397
26.412,0.024981184881358778
26.416,0.02041812907090111
26.42,0.03351277093978045
26.424,0.03412796485534837
26.428,0.034113612312756926
26.432,0.018543397544932134
26.436,0.020930593504503884
26.44,0.02091163560367849
26.444,0.039170808514332
26.448,0.034256491172127
26.452,0.021709987137914798
26.456,0.02084253816966689
26.46,0.023124679112626084
26.464,0.03959262075964172
26.468,0.03591131871444547
26.472,0.023370830509008372
26.476,0.011727871071409003
26.48,0.022545684898157288
26.484,0.03828476968740667
26.488,0.03739888975232239
26.492,0.01985246045837353
26.496,0.01269979069753228
26.5,0.02903147180928505
26.504,0.03334876588136752
26.508,0.02796881818255694
26.512,0.020021866251025852
26.516,0.017529969262994126
26.52,0.024640682579992582
26.524,0.029145634972747247
26.528,0.03448697000118984
26.532,0.020971749380548108
26.536,0.012768784991972135
26.54,0.026906438531851793
26.544,0.03390264041068914
26.548,0.026886098571765285
26.552,0.02056394770066437
26.556,0.01858836002997999
26.56,0.02525607189976597
26.564,0.03526886979854031
26.568,0.04444463904176443
26.572,0.016887572627401704
26.576,0.02000299433942491
26.58,0.026479579063205406
26.584,0.03172979340998294
26.588,0.03246408507957483
26.592,0.014844344910560317
26.596,0.019034472597078297
26.6,0.03658869896690726
26.604,0.037735769590728864
26.608,0.03743749513027199
26.612,0.023402541592539464
26.616,0.016587092871785777
26.62,0.0204251313014841
26.624,0.04108192988846592
26.628,0.028955322094101656
26.632,0.026795181440966202
26.636,0.01166795416157083
26.64,0.021018703836289912
26.644,0.03402452641923279
26.648,0.032452489645026346
26.652,0.023336241789590168
26.656,0.01575153724006157
26.66,0.029923961148340263
26.664,0.03587246834349714
26.668,0.03575400965447525
26.672,0.02135858973805456
26.676,0.0229187180496498
26.68,0.02516950253707305
26.684,0.039268968835957714
26.688,0.03008475207650661
26.692,0.013967987386743937
26.696,0.01976671083810743
26.7,0.02037612572659125
26.704,0.03380686159621481
26.708,0.030610950502870625
26.712,0.008710990587153269
26.716,0.010360008333003693
26.72,0.021634365735033603
26.724,0.04083014105209333
26.728,0.03288165484866404
26.732,0.01677919731377193
26.736,0.009829654229783519
26.74,0.02627869114318847
26.744,0.030261858466014754
26.748,0.032197467727908186
26.752,0.01789613845440028
26.756,0.019819323724373394
26.76,0.0299684744338256
26.764,0.03303661823577012
26.768,0.027833270435865618
26.772,0.02047560152325608
26.776,0.02445664834063985
26.78,0.030315466776855968
26.784,0.026661107660379935
26.788,0.02927419120771368
26.792,0.01904352901509746
26.796,0.010176845599179607
26.8,0.0296465553362066
26.804,0.030182336611768328
26.808,0.029715805616830293
26.812,0.021423306370756078
26.816,0.014369632925190546
26.82,0.02312905373875168
26.824,0.0331010342892844
26.828,0.03937624151251879
26.832,0.009745505300349979
26.836,0.016025581786645232
26.84,0.02318304706858712
26.844,0.042225423752317234
26.848,0.0321967784381079
26.852,0.02645045383702506
26.856,0.011511370461118112
26.86,0.020843691602333233
26.864,0.02696017807564184
26.868,0.0328262959265395
26.872,0.016436186652034047
26.876,0.010817671793365905
26.88,0.029012403528198775
26.884,0.030402720761661683
26.888,0.018690797749113773
26.892,0.020637438945312225
26.896,0.006020938615542012
26.9,0.02224828745547346
26.904,0.03613865799570386
26.908,0.028596812456793543
26.912,0.02320624257807694
26.916,0.02029926368742628
26.92,0.023035443917599152
26.924,0.01971211564756832
26.928,0.031484328577710885
26.932,0.011591603539041826
26.936,0.013551941740878424
26.94,0.022334999939202592
26.944,0.0224006609732214
26.948,0.030177768601373126
26.952,0.017794102494111716
26.956,0.007365071441423633
26.96,0.01403830337512535
26.964,0.02394718424136749
26.968,0.023871488727144317
26.972,0.01124174344554185
26.976,0.006926341216141043
26.98,0.024699898473145594
26.984,0.031003812231755322
26.988,0.022309937239024163
26.992,0.018182535836047786
26.996,0.014454758866065617
27.0,0.027681787876712376
27.004,0.028275281016005707
27.008,0.024477059172098952
27.012,0.01622502343371142
27.016,0.017049543509666802
27.02,0.020421244647771307
27.024,0.028831945810631695
27.028,0.017901705613776922
27.032,0.012353025844626317
27.036,0.014533850467376843
27.04,0.023630872893751917
27.044,0.033333602444172696
27.048,0.013890365213878604
27.052,0.010085630223642072
27.056,0.004417945872230485
27.06,0.02072331604395938
27.064,0.02620661312069577
27.068,0.021665208639839253
27.072,0.016017019757088677
27.076,0.0054800776643864416
27.08,0.019396019864018964
27.084,0.03315881849058364
27.088,0.025378476918388942
27.092,0.0172305382791172
27.096,0.01832960259085957
27.1,0.014778148633062111
27.104,0.02914452682020374
27.108,0.025671354799854367
27.112,0.015551313221739905
27.116,0.005241270075002101
27.12,0.0201572613437344
27.124,0.025875711902676644
27.128,0.026840331269003866
27.132,0.01444377502071661
27.136,0.00879773254542393
27.14,0.012992740926964372
27.144,0.026455033688985947
27.148,0.020604441957857364
27.152,0.011344633379649485
27.156,0.004747250543298865
27.16,0.024847669743676894
27.164,0.023201347598303678
27.168,0.017552728580549876
27.172,0.014722191141286294
27.176,0.007560481267196617
27.18,0.015251097012273371
27.184,0.02910011872515566
27.188,0.01826982787387113
27.192,0.012222291615204122
27.196,0.006455579410561258
27.2,0.008743363080725555
27.204,0.029186160550456475
27.208,0.021205768516181753
27.212,0.01320512113975468
27.216,0.007028932924502286
27.22,0.022473376995759468
27.224,0.021457239872716784
27.228,0.009622091499828378
27.232,0.007727534698328168
27.236,0.003267561229027047
27.24,0.0244645428105381
27.244,0.017889473772544528
27.248,0.020031624431990556
27.252,0.013382679350928982
27.256,0.007873990963970779
27.26,0.012787269715039658
27.264,0.015007584831291913
27.268,0.018504871753759488
27.272,0.006102282969512276
27.276,0.0024387357626900396
27.28,0.017372108990879778
27.284,0.017974170042484992
27.288,0.022723290729954913
27.292,0.012144099471371125
27.296,0.011887595341532508
27.3,0.016917620971832154
27.304,0.021003405780133662
27.308,0.020447646781678267
27.312,-0.0002136478163381715
27.316,0.0018208629039369521
27.32,0.011531945275954799
27.324,0.023805426729004195
27.328,0.010614592900823944
27.332,0.0066188781886868785
27.336,-1.7217162116570095e-05
27.34,0.0010282402707136613
27.344,0.029541065123384766
27.348,0.015049848187961856
27.352,0.011885484149415666
27.356,-0.0019788488248048248
27.36,0.009742623391233394
27.364,0.023607742676637268
27.368,0.01773109854700047
27.372,0.00985251695782582
27.376,0.008925599341665596
27.38,0.010439836369510453
27.384,0.01928923577988952
27.388,0.01890441201803538
27.392,0.007960294066656173
27.396,-0.003497624059765818
27.4,0.012572781888496181
27.404,0.010779658234870364
27.408,0.018640755021318955
27.412,0.005889381491233406
27.416,-0.00023594831955406933
27.42,0.015754976509687654
27.424,0.015115344773393555
27.428,0.018668140932036767
27.432,-0.004179997450938801
27.436,0.006681929822515807
27.44,0.007301246872088751
27.444,0.00677430468335573
27.448,0.018721537249787347
27.452,0.002490732263955794
27.456,-0.006392450914840353
27.46,0.014396877334120737
27.464,0.011295385793194298
27.468,0.009564665064913597
27.472,0.010690771749679966
27.476,0.0009165386220652541
27.48,0.015191689372221175
27.484,0.014966846910653208
27.488,0.014580761879301287
27.492,0.0023040526858744514
27.496,-0.0017676381464821387
27.5,0.0085215491136633
27.504,0.016882027973434792
27.508,0.007971942292578603
27.512,-0.0018317405377497528
27.516,-0.0028655569821915664
27.52,0.016886216985453624
27.524,0.01656469820255793
27.528,0.02291848046432227
27.532,0.0008371617875364841
27.536,-0.009509608533174181
27.54,0.010676559774460609
27.544,0.01054160747862216
27.548,0.009061772980327582
27.552,0.00041244420782577003
27.556,-0.011660664681973954
27.56,0.0007078450257398446
27.564,0.015750293484623798
27.568,0.014297646367618242
27.572,-0.00696603605993647
27.576,-0.005591640278109072
27.58,0.012699299823279327
27.584,0.007343862999176331
27.588,0.01248528984973718
27.592,-0.006755790642468471
27.596,-0.016034847244620502
27.6,0.008383737496992064
27.604,0.006950277621008014
27.608,0.00807630234892638
27.612,-0.003749938043580659
27.616,-0.001982373124026316
27.62,-0.0017091209720372469
27.624,0.007635877890826429
27.628,0.00889716498948854
27.632,-0.0005659147391873208
27.636,-0.001842323689641238
27.64,0.0070297898834600706
27.644,0.012891883303027466
27.648,0.010635690273617944
27.652,-0.005218795158024744
27.656,-0.0032528126721603065
27.66,0.0010694569466043668
27.664,0.010947014670399324
27.668,-0.004518006722118675
27.672,-0.013284886114409936
27.676,-0.007624740755966167
27.68,0.008981621157700063
27.684,0.008025415753240239
27.688,0.005464751832586771
27.692,-0.0019320426526467926
27.696,-0.014012018975301719
27.7,0.0006017846590970822
27.704,0.014463531115588053
27.708,0.01807138252663191
27.712,-0.0030687957055165025
27.716,-0.017170578971213206
27.72,-0.00024216913446474314
27.724,0.00919691780377577
27.728,0.01175080631080275
27.732,-0.014772756093939738
27.736,-0.012362868078768935
27.74,0.00923932770036171
27.744,0.002943579153419149
27.748,-0.004244193565106478
27.752,-0.003653303691451085
27.756,-0.019179370148502982
27.76,0.0006529875140596868
27.764,0.017734585196598027
27.768,0.0016310163969734106
27.772,-0.003777901382498385
27.776,-0.006841761658330029
27.78,-0.0011285213886588715
27.784,0.01171709971165539
27.788,0.005231658588044034
27.792,-0.012762165950880307
27.796,-0.01862632219862093
27.8,0.001194084995204471
27.804,-0.0009539108677267902
27.808,-0.0004797226405407213
27.812,-0.009739157919368571
27.816,-0.022739157372564413
27.82,-0.0034336167366038916
27.824,0.007569690726142627
27.828,0.0009692070851460358
27.832,-0.006122482211184184
27.836,-0.006279133992582899
27.84,-0.0010185579342417653
27.844,0.003468428314148373
27.848,0.0046678268212555695
27.852,-0.011529411653358784
27.856,-0.013274058860100354
27.86,0.0034037192537502508
27.864,-0.0013590176909746678
27.868,0.003765780135338935
27.872,-0.009634423048919127
27.876,-0.01720520736425247
27.88,-0.0063224399621988935
27.884,0.0068243963704857896
27.888,0.011195255461892886
27.892,-0.0034054163647101367
27.896,-0.01042278957406591
27.9,0.0023239498319183333
27.904,0.0004238934419287599
27.908,0.012417006090872791
27.912,-0.01127265837293699
27.916,-0.01872878746890504
27.92,-0.006377386045650664
27.924,0.007760986677422286
27.928,-0.004501827673895867
27.932,-0.010699296221505243
27.936,-0.007224113988141103
27.94,-0.003728520798422264
27.944,0.014562585229422472
27.948,0.0008073832390895102
27.952,-0.009737247016724028
27.956,-0.01663112954261015
27.96,-0.0018197199576676687
27.964,0.015305323957890655
27.968,0.009859878810725541
27.972,-0.0035072972822228566
27.976,-0.018409358199534525
27.98,-0.0121919973504208
27.984,0.0009169215510123566
27.988,0.0004986626607765678
27.992,-0.014123321081621518
27.996,-0.01613772541811345
28.0,-0.004200030538883337
28.004,0.007107750581325633
28.008,-0.000189767330459601
28.012,-0.008925845811251469
28.016,-0.021946866091391334
28.02,-0.004540557660566302
28.024,-0.0012419357446605429
28.028,0.006457463148721862
28.032,-0.01080383892700569
28.036,-0.018666591157170887
28.04,-0.011629971683021881
28.044,-0.0053709144941458346
28.048,-0.0027501102563512935
28.052,-0.01390927673398582
28.056,-0.017111591035659887
28.06,-0.0030790897495782676
28.064,-7.213419269646096e-05
28.068,0.0004704389916680325
28.072,-0.015019221204722953
28.076,-0.01957793166686224
28.08,-0.009251772644267265
28.084,0.004661108263361477
28.088,0.002750975860612663
28.092,-0.02288569866855735
28.096,-0.015506234693931396
28.1,-0.016284988713756478
28.104,0.0029977317518313446
28.108,-0.0026834006075237733
28.112,-0.01629371866245205
28.116,-0.019208912441437118
28.12,-0.005454851295007314
28.124,0.001750136940994586
28.128,-0.011618519195078676
28.132,-0.01990198307833153
28.136,-0.01853141853687904
28.14,-0.011942221970457046
28.144,0.003880650307316948
28.148,-0.00021958388339024136
28.152,-0.01893535357756966
28.156,-0.02546092145995399
28.16,-0.008696579411378766
28.164,0.006123001672551697
28.168,-0.0015528489629318292
28.172,-0.017384491224064887
28.176,-0.0169587841512747
28.18,-0.00975208586103162
28.184,-0.004517546801529043
28.188,-0.006590087111241327
28.192,-0.017430887183343832
28.196,-0.027057381930752984
28.2,-0.01979441346342571
28.204,0.0060314664217731365
28.208,-0.00969596743786205
28.212,-0.023187831657094992
28.216,-0.022237588355199452
28.22,-0.013429645762004604
28.224,0.003418328796836726
28.228,-0.0030598587785275774
28.232,-0.026330618694050404
28.236,-0.01790036946306001
28.24,-0.014601503542951023
28.244,0.0029601383207250257
28.248,0.007046174565928789
28.252,-0.01935965666757597
28.256,-0.013082401952324949
28.26,-0.019797584066412882
28.264,0.004437604721054724
28.268,-0.008419194488731564
28.272,-0.01788438494811597
28.276,-0.02857056488631681
28.28,-0.011171889324084066
28.284,0.0017752186183597786
28.288,-0.002671315451014201
28.292,-0.02342959769020717
28.296,-0.01830427477204595
28.3,-0.011689023290914057
28.304,-0.01128951245291203
28.308,-0.0039428462157808045
28.312,-0.01976393860511124
28.316,-0.019882378357773064
28.32,-0.01673427344843453
28.324,-0.006667833598430474
28.328,-0.006351568527130695
28.332,-0.019561362531581247
28.336,-0.02862453346907286
28.34,-0.01413175579236954
28.344,0.00223432759881295
28.348,-0.0024107377674068148
28.352,-0.02315008655870736
28.356,-0.026673832365413055
28.36,-0.012096219478361179
28.364,-0.0006002665204037317
28.368,-0.004630286892289567
28.372,-0.019478938156109515
28.376,-0.01776027782131656
28.38,-0.013585393011219977
28.384,-0.006560115717391968
28.388,0.0010388831670271968
28.392,-0.020448964032365402
28.396,-0.023223574976975275
28.4,-0.019156624426510945
28.404,-0.019218297607752927
28.408,-0.008864745622598622
28.412,-0.026621311740895715
28.416,-0.026232440891897787
28.42,-0.012722280893481899
28.424,-0.009486843064647466
28.428,-0.0022899631416543453
28.432,-0.020894619652653868
28.436,-0.031628728588217664
28.44,-0.011392090969207659
28.444,-0.009203335333679372
28.448,-0.007180227241427217
28.452,-0.01180845628526043
28.456,-0.02276776796622877
28.46,-0.013688099059091699
28.464,0.0007921657333912159
28.468,-3.6684914322220735e-05
28.472,-0.02772219673035209
28.476,-0.01663537959645541
28.48,-0.017813896509518243
28.484,-0.0009347016280353694
28.488,-0.014288561943205502
28.492,-0.014224428977900525
28.496,-0.022651104899766458
28.5,-0.013377015566684134
28.504,-0.006084473267384025
28.508,-0.0003326236997863944
28.512,-0.02905832116893444
28.516,-0.029808499528047257
28.52,-0.018970820024340466
28.524,-0.002976484838275952
28.528,-0.008415129212262321
28.532,-0.019408553189080163
28.536,-0.027880193970277887
28.54,-0.021486042209190103
28.544,0.00042714547408713964
28.548,-0.009142388297381794
28.552,-0.019371331318676983
28.556,-0.0251768481156941
28.56,-0.019230256975858975
28.564,0.002251957763050651
28.568,-0.009294371327359014
28.572,-0.02132288524215928
28.576,-0.027084541148521345
28.58,-0.011238942270687077
28.584,-0.01077597040157244
28.588,-0.011668976669363196
28.592,-0.018984431345786992
28.596,-0.0200334943506655
28.6,-0.01641737685988508
28.604,-0.00201434435212019
28.608,-0.003851086622630254
28.612,-0.025851537204768023
28.616,-0.028712982774060286
28.62,-0.016855128870918376
28.624,-0.017876383026605273
28.628,-0.009749870003583795
28.632,-0.007545165559753486
28.636,-0.027175083865101136
28.64,-0.01876873099514276
28.644,-0.004338669016841966
28.648,-0.02335517960111861
28.652,-0.01568050686883853
28.656,-0.023192526624813734
28.66,-0.01672276279410129
28.664,-0.0022976335199587222
28.668,-0.013269970052419786
28.672,-0.01596377481686312
28.676,-0.014287320288588028
28.68,-0.017019140727121775
28.684,-0.010893961639570376
28.688,-0.015199965260061074
28.692,-0.023855593553715897
28.696,-0.019325504468899805
28.7,-0.013788730024088263
28.704,-0.0009047159881221479
28.708,-0.008155130473081236
28.712,-0.022907253939026036
28.716,-0.034132033732535344
28.72,-0.014516978943233385
28.724,-0.004924806254485813
28.728,-0.016291821028700016
28.732,-0.02422256344544958
28.736,-0.025885744311271167
28.74,-0.019888550222710445
28.744,-0.013486320156752756
28.748,-0.018235381322931715
28.752,-0.023065557380901356
28.756,-0.0253664113948584
28.76,-0.021444874550540668
28.764,-0.0010969886844462212
28.768,-0.004328416530485221
28.772,-0.02231599624182596
28.776,-0.017149294593131865
28.78,-0.022754272633025787
28.784,-0.0020162269370077417
28.788,-0.009968785552969896
28.792,-0.027447350689592556
28.796,-0.02068444269628235
28.8,-0.012736556561915996
28.804,-0.004483581012046786
28.808,-0.016670465667900904
28.812,-0.018742292262179425
28.816,-0.027412693903731012
28.82,-0.023578991868825068
28.824,-0.01614161049894398
28.828,-0.006927190407529794
28.832,-0.0255234725562604
28.836,-0.020561330534060458
28.84,-0.013719805587126533
28.844,-0.0044398630514556475
28.848,-0.013501298711616268
28.852,-0.018857488445305538
28.856,-0.021195286847679132
28.86,-0.014283764346195557
28.864,-0.02188771773516313
28.868,-0.013642571751941395
28.872,-0.027034340074023583
28.876,-0.030790992592276547
28.88,-0.013308890643193027
28.884,0.0026866221576232214
28.888,-0.009984411902602682
28.892,-0.02263029081964765
28.896,-0.023313916109278167
28.9,-0.009784761160426834
28.904,-0.011826510504255677
28.908,-0.007507218769693946
28.912,-0.019247788724213365
28.916,-0.025400634919191565
28.92,-0.019349804096117744
28.924,-0.007452522571872861
28.928,-0.007823048487123912
28.932,-0.022765982052074966
28.936,-0.03144870510870739
28.94,-0.016515656373746447
28.944,-0.005463879503424569
28.948,-0.010291987626308712
28.952,-0.025570088343210503
28.956,-0.031573961864037145
28.96,-0.010759181813860912
28.964,-0.0038073243394874732
28.968,-0.02146353919159274
28.972,-0.019168528824476602
28.976,-0.02163385632266142
28.98,-0.014154146840182057
28.984,-0.010521235695048698
28.988,-0.01172131703649382
28.992,-0.027153271329737105
28.996,-0.021843422140711877
29.0,-0.016925847318898124
29.004,-0.0029226056895313123
29.008,-0.0055207912082581466
29.012,-0.01718659093478104
29.016,-0.025765108920788912
29.02,-0.013812760835318575
29.024,-0.009796380123369964
29.028,-0.00916458907799756
29.032,-0.028919344427683853
29.036,-0.023393869669759093
29.04,-0.012017387131506598
29.044,0.0011346138880942791
29.048,-0.011380235653741147
29.052,-0.016465978133608557
29.056,-0.024171767883820132
29.06,-0.009936323645937262
29.064,0.005298765279735176
29.068,-0.012297966526056803
29.072,-0.03131007548598115
29.076,-0.030376277957659098
29.08,-0.016639682197202677
29.084,-0.0105990665851803
29.088,-0.009934243793160274
29.092,-0.02483630538720141
29.096,-0.021823565816197505
29.1,-0.01732236553081659
29.104,-0.00029149096168406326
29.108,-0.01408645219498043
29.112,-0.02450144107531766
29.116,-0.023335953078486557
29.12,-0.018962066784599725
29.124,-0.0070694197531336244
29.128,-0.013134814818427865
29.132,-0.021200133546532156
29.136,-0.02422384031303054
29.14,-0.013214184867045177
29.144,-0.0101091089282703
29.148,-0.006636847139113049
29.152,-0.022734637462801202
29.156,-0.02436865988817946
29.16,-0.016751270818255632
29.164,-0.0036705376744704454
29.168,-0.001342406429032477
29.172,-0.02680555520685269
29.176,-0.02011328222991523
29.18,-0.014593625752517174
29.184,-0.0007234631555303886
29.188,-0.013538838643768281
29.192,-0.026096221049730393
29.196,-0.01839714842054145
29.2,-0.020270139225122025
29.204,-0.0031124420134438537
29.208,-0.011683355797752868
29.212,-0.02356724517128875
29.216,-0.020448992087178236
29.22,-0.009465388709480925
29.224,-0.00526912699648394
29.228,-0.01321216569955411
29.232,-0.023174224982021183
29.236,-0.0330258523887761
29.24,-0.010134880444580215
29.244,-0.015946004638239433
29.248,-0.0074447685607274905
29.252,-0.02105650662858531
29.256,-0.013230559262916086
29.26,-0.007747190315031733
29.264,-2.149858317886371e-05
29.268,-0.007781134693765543
29.272,-0.021654820109041937
29.276,-0.02638354884289314
29.28,-0.0069755938160409574
29.284,-0.0020944609580772072
29.288,-0.005255875032156644
29.292,-0.02199636846241273
29.296,-0.01997754857364269
29.3,-0.011221804917405438
29.304,-0.001749876993245272
29.308,-0.0017066727827608867
29.312,-0.023241847134490113
29.316,-0.017179734277328964
29.32,-0.011202661940460294
29.324,0.0035629310759893677
29.328,-0.007373135620006618
29.332,-0.017366485494697766
29.336,-0.03110501105455296
29.34,-0.010997268335341011
29.344,-0.003869390897182166
29.348,-0.005174943976784404
29.352,-0.01356979881063778
29.356,-0.01720934445393709
29.36,-0.011180169091870234
29.364,-0.004199129213988805
29.368,-0.008199484214431988
29.372,-0.014703361832690066
29.376,-0.02003572949504671
29.38,-0.008041771713379303
29.384,-0.006143895443135025
29.388,-0.015754589008433746
29.392,-0.014459244485451602
29.396,-0.024408287999060432
29.4,-0.012926300456184467
29.404,-0.0033047816935787445
29.408,-0.004338299918227651
29.412,-0.015890093834327337
29.416,-0.02902532602284249
29.42,-0.01582816992135997
29.424,-0.008285453456483299
29.428,-0.008268089014122675
29.432,-0.015002781527317679
29.436,-0.020876731560523592
29.44,-0.0027301055684543184
29.444,-0.0034185150807414764
29.448,-0.009013461069506923
29.452,-0.01982119304098938
29.456,-0.01614859453520992
29.46,-0.008095423422248688
29.464,0.001808597843563505
29.468,-0.0061861015561691084
29.472,-0.01343882363321526
29.476,-0.025990897435582392
29.48,-0.014672826436910417
29.484,0.00017696014043353534
29.488,-0.005492858597133002
29.492,-0.01467440245256155
29.496,-0.015283261026990456
29.5,-0.014521099056497887
29.504,0.001637578958621157
29.508,-0.013190109760869408
29.512,-0.009513863626308565
29.516,-0.018722743432727767
29.52,-0.014529977883286686
29.524,-0.0002582290432094814
29.528,-0.01100163762677805
29.532,-0.018251112363599838
29.536,-0.020908323130377597
29.54,-0.015383956756942353
29.544,0.00578315304984976
29.548,0.0005876051361322181
29.552,-0.021018559618779332
29.556,-0.01679633019902565
29.56,-0.00812080383543751
29.564,-0.005140864663833027
29.568,-0.0016716681318411884
29.572,-0.019658038225943093
29.576,-0.015136152468350336
29.58,-0.0021321306569539325
29.584,-0.002363574872102855
29.588,-0.0002755074828809361
29.592,-0.018343134397419664
29.596,-0.014873672192050947
29.6,-0.004808227865030772
29.604,0.0030987390964907456
29.608,0.001034676202330477
29.612,-0.011101117675793106
29.616,-0.017905848453924865
29.62,-0.008824885530369204
29.624,0.004491711626318462
29.628,-0.0051383046219136835
29.632,-0.016856503096456258
29.636,-0.02243091894526092
29.64,-0.009280814226629047
29.644,-0.005401554735975529
29.648,-0.00467207736016707
29.652,-0.015399641798823159
29.656,-0.020020832598779608
29.66,-0.004923993739861316
29.664,0.005839820928674912
29.668,-0.010186625145628998
29.672,-0.016255298282404646
29.676,-0.01856352084620262
29.68,-0.0020262764126222025
29.684,0.004850233597601818
29.688,-0.007845236253990147
29.692,-0.008263771464150658
29.696,-0.012878306456410278
29.7,-0.007977866777283902
29.704,0.0036403877114885223
29.708,0.00911834617761589
29.712,-0.012138769502549282
29.716,-0.012948419119599291
29.72,-0.008273732638851013
29.724,0.009599469080710177
29.728,-0.0027260562468416397
29.732,-0.018694065864154747
29.736,-0.014581858812347213
29.74,-0.0049320671279307875
29.744,0.0009353737524540186
29.748,0.006423851461463072
29.752,-0.009371888246508314
29.756,-0.021038728726861772
29.76,-0.0021333449068179954
29.764,0.012028712830632709
29.768,-0.00018091261574827168
29.772,-0.013436949299693302
29.776,-0.02042143603728211
29.78,-0.001536772830802924
29.784,0.004329031397518316
29.788,0.001662111587930281
29.792,-0.008634412236219333
29.796,-0.012137134936168088
29.8,-0.012957005926983399
29.804,0.008369406890398704
29.808,0.01335869526409611
29.812,-0.011147742368856083
29.816,-0.015548174264282167
29.82,0.0004735432827532365
29.824,0.00776921772752001
29.828,0.0039391624106723715
29.832,-0.014702005007265314
29.836,-0.016206610383875053
29.84,-0.0041733983071497276
29.844,0.0007166408256443985
29.848,0.003131767526446241
29.852,-0.010712049804636546
29.856,-0.01636050306363942
29.86,-0.0007106828231139657
29.864,0.0036435673782586036
29.868,0.0056669583848639234
29.872,-0.0026356066927461447
29.876,-0.01866500373500889
29.88,-0.0027417275063002515
29.884,0.005184347138946858
29.888,0.008003438110914555
29.892,-0.010081847691660283
29.896,-0.011074536819915751
29.9,0.003643995694456531
29.904,0.012297468718131874
29.908,0.0042761084777379835
29.912,-0.008635801795604565
29.916,-0.004813888252626934
29.92,-0.0035992802225324663
29.924,0.007761276510062652
29.928,0.003622954087501749
29.932,-0.0070874338818748585
29.936,-0.010204958754856103
29.94,-0.0041051249519971625
29.944,0.008755512606525365
29.948,0.009314448182965498
29.952,-0.0006847332568184275
29.956,-0.015927386687561308
29.96,-0.0018352818128922989
29.964,0.016671554264956766
29.968,0.014153607764518392
29.972,0.005519756502304847
29.976,-0.010251396842092787
29.98,0.0034431786159926114
29.984,0.009908002087150971
29.988,0.012101108056388442
29.992,-0.008651618713536166
29.996,-0.016931926339049774
